,num_words,num_unique_words,num_stopwords,num_links,num_unique_domains,num_email_addresses,num_spelling_errors,num_urgent_keywords,label
506799,102,75,39,2,2,0,4,0,1
506800,63,59,3,0,0,0,0,0,1
506803,1091,551,323,0,0,0,57,2,1
506804,91,74,32,0,0,0,5,1,1
506806,242,157,72,0,0,0,6,0,1
506817,38,36,4,0,0,0,2,0,1
506818,125,82,46,1,1,0,6,0,1
506824,169,104,46,0,0,0,0,1,1
506827,154,112,63,0,0,0,2,0,1
506830,178,41,57,0,0,0,12,0,1
506832,77,54,18,0,0,0,8,0,1
506835,74,64,9,0,0,0,16,0,1
506836,114,75,51,4,3,0,5,0,1
506837,165,110,65,0,0,0,5,0,1
506840,38,36,13,0,0,0,5,0,1
506843,33,30,5,0,0,0,1,0,1
506844,73,58,28,0,0,0,3,1,1
506846,48,41,17,0,0,0,1,0,1
506850,118,92,33,0,0,0,5,0,1
506852,468,269,172,0,0,0,59,3,1
506854,331,185,92,0,0,0,14,0,1
506855,48,43,15,0,0,0,0,0,1
506860,166,119,35,0,0,0,7,1,1
506861,51,49,8,0,0,0,2,0,1
506863,28,27,4,0,0,0,2,0,1
506870,156,105,60,0,0,0,0,0,1
506873,209,133,65,1,1,0,2,0,1
506874,498,226,211,0,0,0,17,3,1
506875,1038,465,358,0,0,0,95,2,1
506876,10,10,1,0,0,0,2,0,1
506884,65,57,21,0,0,0,5,0,1
506887,7,7,1,0,0,0,1,0,1
506888,254,137,96,0,0,0,7,0,1
506890,51,44,15,0,0,0,6,0,1
506891,494,284,162,0,0,1,23,1,1
506893,380,195,132,0,0,0,12,1,1
506894,24,23,5,0,0,0,1,1,1
506896,236,130,98,0,0,0,6,1,1
506897,263,135,76,0,0,0,6,0,1
506898,115,93,28,0,0,0,15,1,1
506899,172,106,6,0,0,0,53,0,1
506900,36,33,8,0,0,0,8,0,1
506902,142,101,35,0,0,0,7,0,1
506904,122,93,49,0,0,0,2,1,1
506909,109,72,40,0,0,0,7,0,1
506910,278,161,92,0,0,0,5,0,1
506913,52,31,20,0,0,0,8,0,1
506918,29,28,4,0,0,0,11,0,1
506920,131,80,46,4,2,0,8,0,1
506921,95,74,33,0,0,0,0,0,1
506923,140,127,21,0,0,0,37,0,1
506924,139,90,34,3,1,0,5,0,1
506925,61,51,22,0,0,0,9,0,1
506926,21,20,1,0,0,0,1,0,1
506927,131,80,46,4,2,0,8,0,1
506929,32,30,8,0,0,0,2,0,1
506930,10,10,4,0,0,0,1,0,1
506931,47,47,0,0,0,0,5,0,1
506934,195,121,13,0,0,0,58,0,1
506945,873,425,273,3,3,1,54,0,1
506948,113,70,52,0,0,0,1,1,1
506950,438,228,176,0,0,1,14,2,1
506952,51,46,10,0,0,0,13,0,1
506959,174,114,53,0,0,0,3,1,1
506963,40,40,0,0,0,0,2,0,1
506964,186,123,56,0,0,0,4,0,1
506967,276,149,111,0,0,0,9,4,1
506970,235,144,83,0,0,0,4,0,1
506971,407,234,140,1,1,3,39,2,1
506982,410,216,161,5,5,1,16,2,1
506983,715,294,224,0,0,0,6,1,1
506987,84,66,28,0,0,0,7,0,1
506989,110,92,24,0,0,0,26,0,1
506995,121,89,38,0,0,0,4,0,1
506999,11,11,1,0,0,0,5,0,1
507006,508,256,179,6,4,2,21,0,1
507007,96,66,27,0,0,0,13,0,1
507011,50,46,14,0,0,0,2,0,1
507013,88,68,32,0,0,0,14,0,1
507014,363,348,23,0,0,0,28,0,1
507015,114,88,37,0,0,0,4,0,1
507020,14,14,5,0,0,0,1,0,1
507024,465,264,131,0,0,0,26,0,1
507026,52,34,4,0,0,0,9,0,1
507027,147,96,52,0,0,0,2,1,1
507031,106,82,30,0,0,0,2,0,1
507032,120,77,49,0,0,0,5,0,1
507034,52,48,14,0,0,0,5,0,1
507037,141,91,61,0,0,0,7,0,1
507041,507,258,162,0,0,0,16,0,1
507046,74,55,16,2,1,0,13,1,1
507047,64,51,19,0,0,0,2,0,1
507049,149,106,49,0,0,0,16,0,1
507051,35,30,7,0,0,0,1,0,1
507052,15,15,2,0,0,0,1,0,1
507053,56,47,15,0,0,0,6,0,1
507056,174,102,64,0,0,0,8,0,1
507057,40,36,11,0,0,0,3,0,1
507058,274,273,9,0,0,0,243,0,1
507059,456,221,191,0,0,0,10,3,1
507061,203,127,75,0,0,0,1,0,1
507064,156,103,58,1,1,0,1,1,1
507065,8,8,3,0,0,0,0,0,1
507066,98,84,27,0,0,0,13,0,1
507067,134,92,51,2,1,0,3,0,1
507073,968,428,320,0,0,0,41,0,1
507074,50,46,9,0,0,0,10,0,1
507075,59,53,18,0,0,0,1,0,1
507078,74,58,26,0,0,0,3,0,1
507079,208,178,31,0,0,0,62,1,1
507082,105,83,40,1,1,0,3,0,1
507083,148,147,9,0,0,0,10,0,1
507084,226,125,56,0,0,0,8,1,1
507088,66,55,22,0,0,0,2,0,1
507090,60,55,16,0,0,0,4,0,1
507092,218,201,24,0,0,0,21,0,1
507093,74,67,25,0,0,0,14,0,1
507094,69,61,10,0,0,0,16,0,1
507096,49,40,12,2,2,1,10,0,1
507097,85,66,24,0,0,0,11,0,1
507100,8,8,3,0,0,0,1,0,1
507102,68,55,15,0,0,0,10,0,1
507103,39,30,12,0,0,0,2,0,1
507105,107,104,5,0,0,0,16,0,1
507106,30,26,7,0,0,0,0,0,1
507107,6,6,1,0,0,0,2,0,1
507108,117,80,40,0,0,0,11,0,1
507110,47,45,11,0,0,0,10,0,1
507113,573,302,184,0,0,0,20,2,1
507114,7,6,1,0,0,0,2,0,1
507115,170,119,38,0,0,0,4,1,1
507116,10,10,3,0,0,0,0,0,1
507117,175,106,56,4,3,2,16,1,1
507120,49,40,13,0,0,0,8,1,1
507122,94,90,7,0,0,0,2,0,1
507126,69,63,4,0,0,0,48,0,1
507127,313,150,119,5,2,0,13,2,1
507128,161,111,42,5,4,1,18,0,1
507129,1392,520,470,0,0,0,54,2,1
507133,190,115,57,0,0,0,1,1,1
507140,170,59,10,0,0,0,67,0,1
507146,146,96,49,0,0,0,4,0,1
507148,23,23,1,0,0,0,11,0,1
507154,79,69,14,0,0,0,15,0,1
507155,244,140,1,0,0,0,123,0,1
507157,213,113,95,0,0,0,3,1,1
507160,132,90,25,0,0,0,10,1,1
507163,251,165,96,0,0,0,6,0,1
507164,92,78,17,0,0,0,11,0,1
507165,57,47,18,2,2,1,4,0,1
507167,2430,838,681,0,0,0,157,1,1
507169,106,83,27,2,1,1,4,0,1
507170,245,150,64,0,0,0,9,1,1
507171,729,348,185,0,0,0,106,0,1
507174,91,78,21,0,0,0,14,1,1
507176,79,68,14,0,0,0,15,0,1
507179,17,17,0,0,0,0,4,0,1
507180,505,234,207,2,2,1,16,2,1
507181,236,216,4,0,0,0,150,0,1
507185,32,25,6,0,0,0,1,0,1
507186,176,97,73,0,0,1,7,0,1
507187,205,113,16,0,0,0,61,0,1
507189,12,12,2,0,0,0,1,0,1
507190,101,62,39,0,0,0,0,0,1
507192,21,21,0,0,0,0,9,0,1
507193,198,191,16,0,0,0,147,0,1
507196,79,69,14,0,0,0,16,0,1
507208,39,39,10,0,0,0,7,0,1
507210,57,50,22,0,0,0,5,2,1
507213,112,85,24,0,0,0,5,0,1
507221,79,69,14,0,0,0,15,0,1
507222,10,10,0,0,0,0,4,0,1
507224,95,79,23,0,0,0,8,2,1
507226,24,21,6,0,0,0,1,0,1
507230,1128,529,350,0,0,0,138,0,1
507231,61,42,10,0,0,0,6,0,1
507232,399,208,143,0,0,0,14,2,1
507233,296,167,118,0,0,0,10,1,1
507234,2730,815,981,2,2,0,18,0,1
507236,44,36,13,0,0,0,1,0,1
507239,122,118,9,0,0,0,15,0,1
507240,201,113,62,0,0,0,10,0,1
507244,37,29,8,0,0,0,4,0,1
507245,81,77,8,0,0,0,2,0,1
507246,115,95,10,0,0,0,40,0,1
507249,492,231,83,0,0,0,139,0,1
507253,436,222,174,1,1,0,20,0,1
507264,70,61,7,0,0,1,4,0,1
507265,402,216,171,0,0,0,5,2,1
507270,39,35,10,0,0,0,0,0,1
507274,109,71,39,0,0,0,10,0,1
507275,148,115,50,0,0,0,4,0,1
507281,11,11,2,0,0,1,2,0,1
507284,40,40,0,0,0,0,5,0,1
507285,159,114,49,0,0,0,2,0,1
507286,40,33,15,0,0,0,10,0,1
507287,320,193,113,3,3,1,24,1,1
507290,115,82,39,0,0,0,1,1,1
507291,293,181,109,1,1,0,16,1,1
507292,428,234,128,0,0,2,13,1,1
507293,1323,412,507,0,0,0,21,3,1
507294,307,187,113,0,0,0,7,1,1
507295,31,24,6,0,0,0,8,0,1
507296,359,197,148,0,0,0,19,1,1
507300,477,243,107,4,1,6,85,3,1
507306,61,49,18,0,0,0,19,0,1
507308,645,351,186,16,5,2,56,1,1
507310,80,65,33,0,0,0,7,0,1
507313,172,120,45,0,0,0,4,0,1
507316,62,53,1,0,0,0,44,0,1
507317,117,81,38,0,0,0,11,0,1
507321,114,75,45,0,0,0,1,1,1
507323,1512,493,599,5,5,1,4,1,1
507324,58,52,18,0,0,0,14,0,1
507326,68,63,8,0,0,0,15,0,1
507327,542,272,137,0,0,0,23,1,1
507330,61,51,22,0,0,0,7,0,1
507335,10,9,1,0,0,0,1,0,1
507338,560,236,261,2,2,2,4,0,1
507340,133,86,41,3,3,1,8,0,1
507349,77,61,22,1,1,0,3,0,1
507351,82,67,21,0,0,0,5,0,1
507366,40,40,1,0,0,0,4,0,1
507368,115,88,38,0,0,0,19,0,1
507369,118,81,21,0,0,0,34,0,1
507371,41,35,14,0,0,0,1,0,1
507374,117,88,29,0,0,0,9,0,1
507375,171,112,45,1,1,4,13,0,1
507379,119,87,29,1,1,0,9,1,1
507383,432,218,146,1,1,1,24,0,1
507384,124,101,20,0,0,0,8,0,1
507387,144,108,48,0,0,0,11,1,1
507389,8,8,1,0,0,0,0,0,1
507393,122,89,35,2,2,0,7,0,1
507396,99,66,19,0,0,0,15,0,1
507397,15,14,4,0,0,0,0,0,1
507401,1535,660,336,3,3,1,211,1,1
507402,58,49,14,0,0,0,6,2,1
507406,102,69,6,0,0,0,27,0,1
507411,605,325,189,0,0,0,30,1,1
507412,47,42,8,0,0,0,7,0,1
507414,38,38,0,0,0,0,2,0,1
507415,144,105,39,0,0,0,13,0,1
507426,902,111,74,0,0,0,382,0,1
507427,350,205,116,0,0,0,11,0,1
507428,73,63,8,0,0,0,18,0,1
507429,82,63,26,0,0,1,6,0,1
507430,64,63,8,0,0,0,0,0,1
507431,163,96,74,0,0,0,0,1,1
507433,16,15,6,0,0,0,2,0,1
507435,439,248,123,0,0,0,11,1,1
507436,1269,409,483,0,0,0,21,3,1
507439,48,46,13,0,0,0,10,0,1
507442,107,86,23,0,0,0,16,0,1
507444,573,101,87,0,0,0,202,0,1
507448,45,44,6,0,0,0,4,0,1
507452,110,72,38,0,0,0,6,0,1
507453,474,241,175,3,1,1,10,0,1
507457,84,66,28,0,0,0,11,0,1
507464,171,117,47,0,0,0,26,0,1
507466,39,38,13,0,0,0,3,0,1
507468,44,37,9,0,0,0,4,0,1
507472,806,323,330,0,0,0,10,0,1
507473,38,32,14,0,0,0,0,0,1
507477,154,113,42,1,1,0,5,1,1
507480,339,218,94,0,0,0,24,1,1
507481,413,196,126,0,0,0,10,3,1
507482,610,291,213,0,0,0,12,3,1
507484,366,183,51,0,0,0,17,0,1
507485,77,57,31,1,1,0,4,1,1
507494,74,65,10,0,0,0,19,0,1
507495,42,38,11,0,0,0,5,0,1
507501,7,7,1,0,0,0,1,0,1
507504,108,78,14,0,0,0,29,0,1
507505,119,79,38,0,0,0,12,0,1
507506,52,42,24,0,0,0,0,0,1
507509,186,128,64,0,0,0,14,1,1
507511,70,56,29,0,0,0,5,0,1
507512,23,22,5,0,0,0,1,1,1
507513,110,75,37,0,0,0,12,0,1
507514,15,13,1,0,0,0,1,0,1
507517,304,189,77,0,0,0,23,0,1
507519,498,273,164,4,4,2,26,2,1
507520,316,165,97,6,5,0,17,0,1
507521,226,129,77,0,0,0,15,1,1
507524,93,84,6,0,0,0,9,0,1
507525,46,42,15,0,0,0,1,0,1
507529,452,256,153,0,0,0,11,1,1
507530,2561,956,236,0,0,0,561,1,1
507532,73,57,19,2,1,0,4,0,1
507536,67,64,7,0,0,0,16,0,1
507543,38,36,4,0,0,0,2,0,1
507549,49,45,4,0,0,0,1,0,1
507550,476,243,198,1,1,2,26,2,1
507554,921,373,322,0,0,0,20,2,1
507555,93,75,33,0,0,0,6,1,1
507557,133,108,27,0,0,0,8,0,1
507560,314,174,128,1,1,3,16,0,1
507562,82,68,25,0,0,0,14,0,1
507566,102,68,6,0,0,0,24,0,1
507567,69,58,22,0,0,0,6,0,1
507568,643,344,207,0,0,0,77,0,1
507570,12,11,4,0,0,0,0,0,1
507572,102,68,6,0,0,0,24,0,1
507576,255,134,94,1,1,1,9,2,1
507577,498,212,190,0,0,0,15,1,1
507578,124,88,28,0,0,0,10,1,1
507579,53,46,14,0,0,0,6,0,1
507582,83,64,26,1,1,1,6,0,1
507583,52,49,11,0,0,0,14,1,1
507585,30,27,8,0,0,0,5,0,1
507586,43,42,5,0,0,0,0,0,1
507588,328,201,97,0,0,0,10,0,1
507596,10,10,1,0,0,0,3,0,1
507598,1482,489,602,5,5,1,13,2,1
507600,78,62,27,0,0,0,2,0,1
507601,128,84,35,3,2,3,14,0,1
507606,850,461,280,0,0,0,145,2,1
507607,107,81,34,0,0,0,2,0,1
507609,208,135,68,0,0,0,6,0,1
507615,445,242,135,0,0,0,13,0,1
507620,93,75,23,0,0,0,4,0,1
507622,10,10,3,0,0,0,0,0,1
507623,410,228,8,0,0,0,223,0,1
507625,221,138,61,0,0,0,23,0,1
507626,56,44,2,0,0,0,31,0,1
507629,382,217,114,0,0,0,19,0,1
507633,504,284,155,0,0,0,67,0,1
507635,73,53,21,0,0,0,0,0,1
507638,69,60,14,2,1,0,2,0,1
507640,231,230,1,0,0,0,209,0,1
507641,187,127,62,0,0,0,15,1,1
507648,108,82,37,0,0,0,11,0,1
507650,7,7,1,0,0,0,0,0,1
507652,106,97,18,0,0,0,9,0,1
507654,33,30,8,0,0,0,1,0,1
507655,608,275,203,0,0,1,3,1,1
507657,341,190,90,0,0,0,33,0,1
507664,44,35,20,0,0,0,0,0,1
507666,10,10,1,0,0,0,0,0,1
507669,1066,444,329,0,0,0,65,0,1
507670,1243,537,415,0,0,0,101,1,1
507675,71,62,11,0,0,0,14,0,1
507676,65,55,10,0,0,0,14,0,1
507678,700,295,256,0,0,0,33,1,1
507679,57,49,18,0,0,0,2,0,1
507681,71,59,24,0,0,0,2,0,1
507683,79,69,14,0,0,0,16,0,1
507687,58,45,24,0,0,0,1,0,1
507688,134,117,23,0,0,0,10,0,1
507693,119,90,37,0,0,0,10,0,1
507694,174,118,45,0,0,0,26,0,1
507695,114,31,14,0,0,0,12,0,1
507697,199,145,64,0,0,0,15,0,1
507699,97,76,28,0,0,0,6,0,1
507701,15,15,0,0,0,0,10,0,1
507702,32,27,13,0,0,0,0,1,1
507703,311,171,121,0,0,0,1,1,1
507705,115,82,45,0,0,0,4,0,1
507707,38,34,8,0,0,0,12,0,1
507712,89,66,33,0,0,0,4,0,1
507715,99,80,21,0,0,0,19,0,1
507717,203,143,69,0,0,0,3,0,1
507720,8,8,3,0,0,0,0,0,1
507721,18,9,0,0,0,0,8,0,1
507723,13,12,4,0,0,0,1,0,1
507724,358,356,2,0,0,0,30,0,1
507727,487,242,140,5,1,1,24,1,1
507730,187,125,53,3,3,1,14,0,1
507734,8,7,2,0,0,0,1,0,1
507735,41,34,17,0,0,0,0,0,1
507736,115,96,10,0,0,0,38,0,1
507740,160,108,37,6,3,0,21,0,1
507741,549,294,154,0,0,0,21,0,1
507744,282,163,7,0,0,0,168,0,1
507745,121,89,36,1,1,0,6,0,1
507747,5,5,0,0,0,0,3,0,1
507748,34,15,0,2,1,2,11,0,1
507750,36,31,5,0,0,0,8,0,1
507754,55,41,9,0,0,0,6,0,1
507759,119,90,37,0,0,0,10,0,1
507760,39,37,8,0,0,0,0,0,1
507764,162,108,63,0,0,0,8,1,1
507768,24,24,8,0,0,0,3,0,1
507770,32,21,9,0,0,0,1,0,1
507775,40,34,10,0,0,0,3,0,1
507777,30,28,10,0,0,0,2,0,1
507778,64,52,13,0,0,0,5,0,1
507779,169,154,31,0,0,0,11,0,1
507784,52,47,15,0,0,0,3,0,1
507787,251,143,95,0,0,0,3,0,1
507792,54,49,20,0,0,0,8,0,1
507793,68,61,8,0,0,0,13,0,1
507796,68,60,23,0,0,0,2,0,1
507797,127,80,40,0,0,0,9,0,1
507799,69,61,23,0,0,0,2,0,1
507802,24,24,1,0,0,0,10,0,1
507803,114,88,18,0,0,0,2,0,1
507804,163,121,54,0,0,0,6,0,1
507811,25,24,6,0,0,0,1,1,1
507812,86,62,24,3,2,0,8,0,1
507816,65,59,6,0,0,0,17,0,1
507817,73,61,12,0,0,0,22,0,1
507824,279,75,37,0,0,0,31,0,1
507828,7,7,2,0,0,0,0,0,1
507829,247,144,81,3,2,1,18,1,1
507830,334,201,67,0,0,0,68,1,1
507833,154,93,46,7,5,1,20,0,1
507835,52,50,3,0,0,0,7,0,1
507838,88,65,17,0,0,0,14,0,1
507839,163,86,6,0,0,0,63,0,1
507841,138,82,42,0,0,0,15,2,1
507842,543,310,171,0,0,0,97,0,1
507848,12,12,2,0,0,0,2,0,1
507849,149,109,46,0,0,0,4,0,1
507850,205,127,54,0,0,0,28,0,1
507855,881,361,288,0,0,1,29,1,1
507859,469,214,194,2,2,1,12,0,1
507860,410,210,127,3,3,2,22,1,1
507862,82,68,23,0,0,0,11,1,1
507866,172,124,51,0,0,0,10,0,1
507867,52,44,6,0,0,0,5,0,1
507870,105,71,37,0,0,0,9,0,1
507871,521,247,189,1,1,1,23,0,1
507872,80,65,33,0,0,0,9,0,1
507873,234,140,92,0,0,0,6,1,1
507874,63,46,14,3,3,1,11,0,1
507877,170,104,48,6,2,1,3,0,1
507882,544,176,53,65,3,1,195,1,1
507884,61,51,18,0,0,0,7,2,1
507885,34,34,1,0,0,0,6,0,1
507886,911,346,268,0,0,0,27,0,1
507887,87,66,25,0,0,0,1,0,1
507891,368,178,134,0,0,0,5,4,1
507892,396,221,127,0,0,0,16,1,1
507894,102,68,6,0,0,0,27,0,1
507896,109,92,18,0,0,0,30,0,1
507898,195,146,64,0,0,2,8,0,1
507899,531,285,183,2,2,0,21,2,1
507900,82,73,19,0,0,0,2,0,1
507905,112,87,28,0,0,0,8,0,1
507907,50,48,5,0,0,0,1,0,1
507908,233,168,45,0,0,0,32,0,1
507911,1723,673,587,0,0,0,44,2,1
507913,343,168,112,0,0,0,10,1,1
507914,34,32,12,0,0,0,1,0,1
507917,421,199,156,0,0,2,4,0,1
507919,134,83,51,0,0,0,5,0,1
507923,287,181,117,0,0,0,6,1,1
507925,14,13,0,0,0,0,4,0,1
507931,65,48,28,0,0,0,2,0,1
507934,552,265,219,0,0,0,19,2,1
507936,148,146,3,0,0,0,23,0,1
507938,191,139,62,0,0,0,20,0,1
507943,34,15,0,2,1,2,11,0,1
507946,124,92,49,1,1,1,3,0,1
507951,98,75,36,0,0,0,9,0,1
507960,72,38,6,0,0,0,14,0,1
507968,79,79,0,0,0,0,8,0,1
507969,62,54,10,0,0,0,11,0,1
507971,45,37,14,0,0,0,2,0,1
507973,57,44,0,0,0,0,33,0,1
507976,8,8,1,0,0,0,1,0,1
507977,52,50,5,0,0,0,0,0,1
507979,534,278,154,0,0,0,68,2,1
507983,219,139,77,0,0,0,8,0,1
507984,179,114,61,0,0,0,3,0,1
507986,616,303,95,0,0,0,121,1,1
507987,472,254,137,0,0,0,70,0,1
507991,34,29,9,0,0,0,2,0,1
507992,66,52,15,0,0,0,2,0,1
507993,25,25,2,0,0,0,9,0,1
507994,54,47,9,0,0,0,12,0,1
507995,345,187,127,0,0,0,4,1,1
507997,66,52,25,0,0,0,3,0,1
508002,49,40,13,0,0,0,8,1,1
508003,39,32,11,0,0,0,4,0,1
508008,15,15,2,0,0,0,3,0,1
508009,24,24,0,0,0,0,10,0,1
508011,86,67,32,0,0,0,13,0,1
508012,898,435,304,0,0,0,102,1,1
508013,399,212,150,0,0,1,8,1,1
508014,99,70,29,3,1,0,1,0,1
508017,56,52,10,0,0,0,12,0,1
508019,199,141,66,0,0,0,3,0,1
508025,665,273,260,0,0,0,25,0,1
508026,77,63,25,0,0,0,3,0,1
508027,49,38,9,0,0,0,3,0,1
508029,137,103,45,0,0,0,6,0,1
508035,109,83,37,0,0,0,8,0,1
508039,70,64,14,0,0,0,9,0,1
508040,66,62,9,0,0,0,14,0,1
508042,183,132,46,0,0,0,50,0,1
508046,212,133,75,4,3,1,12,1,1
508051,269,225,56,0,0,0,9,0,1
508053,12,12,1,0,0,0,2,0,1
508054,165,91,58,1,1,3,13,0,1
508057,391,233,100,0,0,0,39,1,1
508058,78,57,30,0,0,0,5,0,1
508059,62,53,23,0,0,0,3,0,1
508060,155,106,58,0,0,0,4,0,1
508062,43,37,14,0,0,0,2,0,1
508063,337,208,94,0,0,0,27,0,1
508064,63,44,7,2,1,1,22,0,1
508065,730,356,225,0,0,0,35,0,1
508066,85,66,25,0,0,0,10,0,1
508067,43,32,12,0,0,0,5,0,1
508070,156,102,59,1,1,0,9,0,1
508072,7,7,1,0,0,0,2,0,1
508073,393,191,128,6,1,1,11,1,1
508074,148,109,55,0,0,0,15,0,1
508075,44,42,12,0,0,0,6,0,1
508078,38,35,3,0,0,0,12,0,1
508080,76,64,24,0,0,0,6,1,1
508083,112,90,29,0,0,0,8,1,1
508086,114,75,45,0,0,0,1,1,1
508087,605,281,188,0,0,0,7,1,1
508089,104,81,24,0,0,0,10,1,1
508091,44,42,10,0,0,0,5,0,1
508093,19,15,4,0,0,0,1,0,1
508097,668,268,288,0,0,0,15,1,1
508098,264,135,118,0,0,0,5,1,1
508099,296,165,104,0,0,0,9,0,1
508106,46,41,9,0,0,0,2,0,1
508110,877,397,281,0,0,0,34,2,1
508112,40,36,6,0,0,0,11,0,1
508114,53,53,5,0,0,0,3,0,1
508116,596,96,91,0,0,0,222,0,1
508117,25,21,3,1,1,0,2,0,1
508118,255,136,108,0,0,0,4,2,1
508121,125,92,41,0,0,0,5,0,1
508126,121,79,38,0,0,0,10,0,1
508129,292,146,118,2,1,0,16,1,1
508130,40,38,5,0,0,0,5,0,1
508131,51,47,10,0,0,0,6,1,1
508134,284,165,91,0,0,0,6,0,1
508136,76,59,23,0,0,0,2,1,1
508140,66,55,22,0,0,0,2,0,1
508145,179,130,69,0,0,0,23,0,1
508150,40,36,12,0,0,1,3,0,1
508152,78,50,19,3,3,1,12,0,1
508153,294,158,105,0,0,0,35,1,1
508154,188,117,59,0,0,0,2,0,1
508156,34,31,11,0,0,0,1,0,1
508158,85,67,27,0,0,0,14,0,1
508159,262,137,76,0,0,0,8,0,1
508160,113,68,44,0,0,0,4,1,1
508163,44,37,7,0,0,0,1,0,1
508164,105,79,25,0,0,0,10,0,1
508165,144,87,48,1,1,3,12,0,1
508166,27,24,9,0,0,0,2,0,1
508174,59,44,8,0,0,0,13,0,1
508175,138,96,38,2,1,0,6,0,1
508177,116,92,32,0,0,0,9,0,1
508179,129,106,36,0,0,0,8,0,1
508183,838,410,284,0,0,0,74,0,1
508184,39,35,4,0,0,0,3,0,1
508185,156,106,64,2,2,0,3,0,1
508187,46,41,8,0,0,0,3,0,1
508193,46,39,19,0,0,0,0,0,1
508194,307,178,71,1,1,1,17,1,1
508196,4,4,0,0,0,0,1,0,1
508197,117,81,38,0,0,0,9,0,1
508198,113,65,34,0,0,0,4,0,1
508203,61,51,22,0,0,0,10,0,1
508206,221,143,68,0,0,0,11,1,1
508209,103,73,35,0,0,0,3,0,1
508211,65,51,15,3,3,1,14,0,1
508216,40,36,8,0,0,0,2,0,1
508217,249,175,61,0,0,0,14,0,1
508220,80,65,33,0,0,0,7,0,1
508222,253,139,96,0,0,0,9,4,1
508224,182,136,63,0,0,0,25,0,1
508225,47,36,9,0,0,0,1,0,1
508231,57,50,21,0,0,0,6,0,1
508233,163,93,63,2,1,0,7,0,1
508237,79,69,14,0,0,0,17,0,1
508238,1070,497,362,0,0,0,131,2,1
508239,63,53,22,0,0,0,5,1,1
508243,66,66,2,0,0,0,3,0,1
508245,262,153,91,0,0,2,4,1,1
508247,27,15,8,0,0,0,5,0,1
508249,147,107,47,0,0,0,8,0,1
508260,36,33,5,0,0,0,4,0,1
508265,182,105,37,0,0,0,13,0,1
508266,42,42,0,0,0,0,3,0,1
508267,190,131,63,0,0,0,16,1,1
508268,58,43,13,0,0,0,3,1,1
508271,64,54,24,0,0,0,2,1,1
508273,110,65,49,0,0,0,2,0,1
508275,80,65,33,0,0,0,8,0,1
508279,107,90,17,0,0,0,12,0,1
508280,66,55,22,0,0,0,2,0,1
508281,301,293,10,0,0,0,37,0,1
508282,41,29,9,0,0,0,4,0,1
508288,468,217,185,0,0,0,9,2,1
508291,87,64,37,0,0,0,3,0,1
508295,47,45,3,0,0,0,1,0,1
508299,82,68,23,0,0,0,12,1,1
508302,894,323,354,0,0,0,12,0,1
508304,37,32,9,0,0,0,6,0,1
508306,100,72,35,1,1,1,5,0,1
508307,112,75,43,0,0,0,5,3,1
508308,201,134,60,0,0,0,8,0,1
508312,102,93,20,0,0,0,23,0,1
508315,200,125,16,0,0,0,60,0,1
508318,82,79,4,0,0,0,2,0,1
508322,131,80,46,4,2,0,8,0,1
508326,96,78,26,0,0,0,17,1,1
508328,105,83,33,0,0,0,30,0,1
508330,95,71,19,1,1,0,6,0,1
508334,738,357,233,0,0,0,23,1,1
508338,396,192,122,0,0,1,9,1,1
508340,104,64,41,0,0,0,6,0,1
508342,1044,451,319,0,0,0,43,4,1
508344,535,236,220,6,4,1,11,0,1
508346,187,131,63,0,0,0,16,1,1
508347,64,52,11,0,0,0,15,0,1
508348,254,212,29,0,0,0,20,0,1
508353,900,344,411,0,0,0,17,3,1
508358,139,84,42,0,0,0,1,0,1
508364,167,127,43,0,0,0,5,1,1
508367,78,67,14,0,0,0,19,1,1
508368,118,85,34,0,0,0,2,0,1
508369,39,35,8,0,0,0,12,0,1
508371,115,82,38,0,0,0,8,0,1
508372,562,279,174,0,0,0,14,2,1
508374,46,42,15,0,0,0,7,0,1
508377,86,72,19,0,0,0,13,0,1
508378,108,86,25,0,0,0,6,0,1
508381,75,66,9,0,0,0,17,0,1
508382,81,81,0,0,0,0,39,0,1
508385,183,135,44,0,0,0,9,0,1
508386,99,81,26,0,0,0,20,1,1
508387,461,204,164,3,3,0,20,0,1
508388,96,74,25,0,0,0,3,0,1
508395,27,24,9,0,0,0,3,0,1
508397,54,46,8,0,0,0,4,0,1
508402,131,80,46,4,2,0,8,0,1
508404,198,129,68,0,0,0,7,0,1
508405,90,74,31,0,0,0,6,1,1
508412,216,118,81,0,0,0,5,2,1
508416,58,48,23,0,0,0,11,0,1
508417,142,110,37,0,0,0,30,0,1
508421,186,141,63,0,0,0,4,0,1
508422,403,223,175,0,0,0,4,1,1
508425,105,69,36,0,0,0,9,0,1
508427,41,41,0,0,0,0,5,0,1
508431,743,291,226,0,0,1,29,1,1
508435,214,145,59,4,3,0,12,1,1
508439,105,69,34,2,1,0,3,0,1
508440,363,212,112,0,0,0,9,0,1
508443,1663,558,632,5,5,1,15,0,1
508444,78,64,15,0,0,0,31,1,1
508449,276,166,104,3,3,0,0,0,1
508454,378,169,168,0,0,0,9,0,1
508458,231,149,62,0,0,0,1,0,1
508459,2018,802,596,0,0,0,242,2,1
508460,87,68,23,0,0,0,11,0,1
508465,149,106,50,0,0,0,4,1,1
508467,2738,817,982,2,2,0,19,0,1
508469,177,158,25,0,0,0,97,0,1
508478,38,34,12,0,0,0,2,0,1
508480,351,197,143,0,0,0,6,1,1
508484,47,24,10,0,0,0,2,0,1
508485,235,144,83,0,0,0,4,0,1
508486,1220,504,388,0,0,0,128,1,1
508487,222,142,71,0,0,0,10,0,1
508492,278,162,92,0,0,0,7,0,1
508494,50,47,4,0,0,0,2,0,1
508495,39,34,17,0,0,0,1,0,1
508497,57,47,19,0,0,0,3,0,1
508498,19,18,3,0,0,0,3,0,1
508499,34,22,8,0,0,0,2,0,1
508500,47,38,15,0,0,0,2,0,1
508503,11,11,2,0,0,0,3,0,1
508507,54,49,10,0,0,0,5,0,1
508512,28,28,3,0,0,0,9,0,1
508514,144,92,46,0,0,0,7,0,1
508515,112,98,18,0,0,0,10,1,1
508520,65,65,5,0,0,0,1,0,1
508523,417,203,102,19,4,2,20,1,1
508526,505,248,206,3,3,0,14,1,1
508528,104,67,33,1,1,2,10,0,1
508529,41,37,6,0,0,0,3,0,1
508531,308,159,125,0,0,0,20,1,1
508532,1041,442,367,0,0,0,10,2,1
508535,77,61,33,0,0,0,1,0,1
508536,1294,523,441,0,0,0,26,2,1
508540,860,374,363,0,0,0,5,2,1
508544,49,47,15,1,1,2,3,0,1
508545,130,90,26,4,3,1,10,0,1
508546,55,45,21,0,0,0,2,0,1
508549,213,143,72,0,0,0,2,2,1
508552,86,71,25,0,0,0,3,0,1
508553,364,206,103,0,0,0,12,0,1
508555,108,73,34,3,1,1,7,0,1
508556,43,33,5,0,0,0,9,0,1
508559,1722,671,585,0,0,0,44,2,1
508565,86,71,15,0,0,0,14,0,1
508568,46,38,9,0,0,0,9,0,1
508570,219,145,63,6,5,3,26,2,1
508572,1621,561,571,0,0,0,35,1,1
508573,128,102,43,0,0,0,9,0,1
508574,296,179,89,0,0,0,6,0,1
508577,446,235,133,6,2,1,9,1,1
508579,66,64,2,0,0,0,0,0,1
508580,296,155,93,0,0,0,13,0,1
508581,167,126,56,0,0,0,7,0,1
508584,56,45,16,0,0,0,1,0,1
508585,157,153,8,0,0,0,15,0,1
508586,129,100,28,0,0,0,10,0,1
508588,27,24,5,0,0,0,5,0,1
508590,377,221,99,0,0,0,28,1,1
508597,191,169,4,0,0,0,22,1,1
508598,27,22,4,0,0,0,2,0,1
508599,92,80,22,0,0,0,28,0,1
508601,1370,535,473,0,0,0,134,2,1
508603,139,100,38,0,0,0,3,0,1
508605,369,208,148,0,0,0,3,2,1
508610,73,66,7,0,0,0,17,0,1
508611,1068,413,456,0,0,1,9,2,1
508617,655,351,243,0,0,0,11,0,1
508620,210,120,61,6,3,0,10,0,1
508621,135,103,40,0,0,0,19,0,1
508622,319,316,13,0,0,0,280,0,1
508623,179,128,68,0,0,0,6,0,1
508624,90,75,21,0,0,1,15,0,1
508627,75,72,9,0,0,0,0,0,1
508628,173,97,57,3,2,0,4,0,1
508629,2730,815,981,2,2,0,18,0,1
508632,47,39,18,0,0,0,0,0,1
508633,96,71,17,0,0,1,10,0,1
508641,495,271,167,0,0,0,2,0,1
508643,1068,497,305,6,6,0,41,2,1
508645,38,35,5,0,0,0,7,0,1
508647,12,12,5,0,0,0,3,0,1
508649,42,41,7,0,0,0,2,2,1
508650,300,291,9,0,0,0,46,0,1
508651,102,77,37,0,0,0,10,0,1
508653,78,60,26,1,1,1,9,0,1
508659,58,45,14,0,0,0,5,0,1
508666,318,207,104,0,0,0,38,0,1
508670,312,206,79,0,0,0,21,1,1
508672,104,65,30,3,1,0,4,0,1
508675,67,65,10,0,0,0,7,0,1
508677,23,22,5,0,0,0,1,1,1
508679,27,26,2,0,0,0,5,0,1
508681,117,88,29,0,0,0,10,0,1
508684,63,58,11,0,0,0,7,0,1
508685,203,149,71,0,0,0,11,0,1
508686,714,319,247,0,0,0,46,0,1
508687,530,302,167,3,3,2,35,1,1
508688,55,55,4,0,0,0,17,0,1
508691,90,68,31,0,0,0,1,1,1
508692,393,204,163,4,4,2,20,0,1
508693,119,82,46,0,0,0,4,1,1
508695,150,96,54,0,0,0,3,2,1
508697,131,99,41,0,0,0,6,0,1
508703,482,276,160,0,0,1,24,1,1
508709,451,256,152,0,0,0,12,1,1
508711,13,12,2,0,0,0,6,0,1
508714,54,37,2,0,0,0,9,0,1
508716,27,26,7,0,0,0,5,0,1
508717,737,278,127,5,4,3,75,1,1
508718,11,10,2,0,0,0,2,0,1
508719,45,38,15,0,0,0,2,0,1
508720,395,173,164,0,0,0,10,1,1
508723,89,64,31,0,0,0,0,0,1
508726,54,49,13,0,0,0,3,0,1
508728,489,249,199,0,0,0,27,2,1
508729,544,290,153,0,0,0,30,0,1
508730,63,60,15,0,0,0,28,0,1
508736,14,13,3,0,0,0,1,0,1
508741,27,24,9,0,0,0,2,0,1
508743,83,70,21,0,0,0,5,0,1
508744,658,348,207,0,0,0,85,0,1
508745,102,62,14,6,2,1,20,0,1
508746,58,49,2,0,0,0,24,0,1
508747,493,284,159,0,0,0,89,0,1
508748,342,230,81,0,0,0,36,0,1
508750,37,33,7,0,0,0,10,0,1
508751,138,132,5,0,0,0,21,0,1
508752,44,43,1,0,0,0,1,0,1
508754,173,136,50,0,0,0,12,0,1
508755,74,64,20,0,0,0,8,0,1
508760,132,107,25,0,0,0,4,0,1
508761,46,40,16,0,0,0,0,0,1
508762,253,179,70,0,0,0,2,0,1
508763,73,62,18,0,0,0,5,0,1
508765,157,97,61,0,0,0,7,0,1
508766,85,70,23,0,0,0,5,0,1
508768,108,70,40,0,0,0,8,0,1
508771,574,296,171,0,0,0,16,3,1
508774,266,156,89,0,0,0,21,0,1
508783,529,243,220,0,0,0,19,2,1
508789,129,93,25,0,0,0,11,1,1
508791,388,235,105,0,0,0,35,0,1
508793,62,44,14,0,0,0,4,0,1
508794,358,181,51,0,0,0,19,0,1
508802,106,75,36,0,0,0,7,0,1
508804,388,242,106,0,0,0,39,0,1
508810,584,299,171,0,0,0,20,3,1
508811,324,197,63,0,0,0,67,1,1
508812,48,47,10,0,0,0,8,0,1
508813,222,123,56,0,0,0,12,1,1
508815,79,69,14,0,0,0,14,0,1
508818,44,42,7,0,0,0,2,0,1
508820,440,203,157,6,6,0,20,0,1
508821,1136,283,56,0,0,0,370,0,1
508822,312,181,100,2,1,0,8,1,1
508823,125,90,39,0,0,0,3,0,1
508824,63,60,8,0,0,0,11,0,1
508825,20,12,7,0,0,0,1,0,1
508827,43,41,2,0,0,0,10,0,1
508828,133,94,46,0,0,0,2,0,1
508829,47,38,17,0,0,0,2,0,1
508830,23,23,4,0,0,0,3,0,1
508838,150,101,49,0,0,0,10,0,1
508840,298,181,89,0,0,0,8,0,1
508842,262,181,60,2,2,3,20,0,1
508844,129,88,34,0,0,0,13,0,1
508846,171,112,44,0,0,0,25,0,1
508847,280,206,79,0,0,0,11,1,1
508848,114,69,44,0,0,0,4,1,1
508856,229,141,77,0,0,0,3,0,1
508857,180,106,35,0,0,0,27,0,1
508864,69,53,20,0,0,0,2,0,1
508865,31,29,5,0,0,0,3,0,1
508870,12,11,1,0,0,0,6,0,1
508876,142,96,54,0,0,0,5,0,1
508877,174,114,53,0,0,0,3,1,1
508879,83,68,22,0,0,0,5,0,1
508880,68,63,17,0,0,0,1,1,1
508881,155,111,48,0,0,0,9,0,1
508884,102,68,6,0,0,0,26,0,1
508886,101,76,8,3,3,3,43,0,1
508889,105,72,29,3,1,0,4,0,1
508890,82,61,17,0,0,0,14,0,1
508892,85,66,24,0,0,0,8,0,1
508893,37,27,10,0,0,0,5,0,1
508895,296,170,100,0,0,0,5,0,1
508896,442,232,174,0,0,0,12,2,1
508898,56,46,19,0,0,0,3,0,1
508901,156,96,45,0,0,0,3,0,1
508903,9,9,3,0,0,0,1,0,1
508910,9,9,4,0,0,0,0,0,1
508912,3090,790,1264,0,0,0,38,0,1
508918,104,69,47,0,0,0,1,1,1
508919,167,133,42,0,0,0,20,1,1
508920,61,50,17,0,0,0,3,0,1
508921,73,67,17,0,0,0,10,1,1
508926,1264,510,424,1,1,0,62,1,1
508927,42,31,14,0,0,0,1,0,1
508931,64,41,11,0,0,0,6,0,1
508932,87,66,35,0,0,0,1,0,1
508934,910,359,303,0,0,1,5,1,1
508935,230,142,76,0,0,0,7,0,1
508936,90,75,21,0,0,1,15,0,1
508938,319,191,87,0,0,0,31,0,1
508940,71,59,19,0,0,0,15,0,1
508945,488,282,158,0,0,0,85,0,1
508951,53,51,8,0,0,0,0,0,1
508952,186,123,56,0,0,0,4,0,1
508959,985,440,353,0,0,0,97,2,1
508962,543,314,171,0,0,0,91,0,1
508966,501,491,10,0,0,0,44,0,1
508974,58,52,15,0,0,0,6,0,1
508977,46,37,11,0,0,0,0,0,1
508978,24,23,6,2,1,0,1,0,1
508980,74,51,29,0,0,0,2,0,1
508982,52,47,13,0,0,0,3,0,1
508983,103,78,30,0,0,0,7,3,1
508985,66,60,8,0,0,0,12,0,1
508986,13,13,5,0,0,0,1,0,1
508987,515,248,141,0,0,0,20,1,1
508990,541,267,217,0,0,0,19,2,1
508991,156,103,58,1,1,0,1,1,1
508992,184,116,59,0,0,0,2,1,1
508993,940,439,318,0,0,0,28,2,1
508995,115,70,42,0,0,0,9,0,1
508996,23,20,1,0,0,0,4,0,1
508997,263,152,83,0,0,0,22,0,1
508999,51,48,13,0,0,0,10,0,1
509001,109,68,44,0,0,0,0,1,1
509003,136,95,39,0,0,0,3,0,1
509004,58,48,17,0,0,0,0,0,1
509006,157,105,57,0,0,0,9,1,1
509009,363,212,112,0,0,0,9,0,1
509010,95,68,33,0,0,0,0,1,1
509011,131,86,37,0,0,0,4,0,1
509014,66,55,22,0,0,0,2,0,1
509015,132,116,24,0,0,0,5,0,1
509017,102,74,31,0,0,0,2,0,1
509020,4002,905,1633,0,0,0,41,2,1
509021,21,21,2,0,0,0,7,0,1
509022,39,35,13,0,0,0,1,0,1
509023,102,75,39,2,2,0,4,0,1
509026,75,53,23,0,0,0,3,0,1
509028,324,197,63,0,0,0,68,1,1
509029,289,283,9,0,0,0,32,0,1
509032,87,63,32,0,0,0,8,0,1
509041,131,80,46,4,2,0,8,0,1
509047,977,490,303,0,0,0,150,2,1
509049,278,192,103,0,0,0,15,0,1
509050,110,73,36,0,0,0,10,0,1
509052,40,34,13,0,0,0,2,0,1
509053,194,104,68,0,0,0,19,0,1
509055,99,72,17,0,0,0,14,0,1
509056,14,14,4,0,0,0,1,0,1
509058,45,37,14,0,0,0,1,1,1
509060,134,105,22,0,0,0,8,0,1
509061,882,406,298,0,0,0,42,2,1
509065,85,66,24,0,0,0,11,0,1
509069,194,125,64,2,1,0,4,0,1
509072,131,103,21,2,1,1,10,0,1
509075,134,101,44,0,0,0,12,0,1
509078,1688,539,648,0,0,0,11,2,1
509079,62,49,18,0,0,0,3,0,1
509080,359,221,93,2,2,2,21,0,1
509084,27,24,9,0,0,0,3,0,1
509088,124,80,39,2,1,0,2,1,1
509090,24,19,3,0,0,0,13,0,1
509093,11,11,1,0,0,0,3,0,1
509098,124,72,15,7,3,3,28,0,1
509105,2264,786,700,0,0,0,119,3,1
509108,299,188,92,0,0,0,12,0,1
509111,6,6,2,0,0,0,0,0,1
509115,205,137,74,0,0,0,12,0,1
509117,94,69,42,0,0,0,0,0,1
509122,30,26,10,0,0,0,0,0,1
509123,1562,625,499,0,0,0,84,1,1
509124,23,19,8,1,1,1,3,0,1
509127,223,145,58,1,1,1,17,0,1
509128,30,28,1,0,0,0,11,0,1
509130,140,95,53,0,0,0,3,0,1
509135,147,99,29,0,0,0,3,0,1
509136,67,57,19,0,0,0,7,0,1
509137,65,59,15,0,0,0,15,1,1
509140,701,321,126,0,0,0,157,1,1
509141,79,63,22,0,0,0,4,0,1
509143,833,394,259,0,0,0,94,0,1
509150,59,44,23,0,0,0,4,0,1
509151,2601,697,1059,6,6,2,35,1,1
509152,65,51,18,0,0,0,3,0,1
509153,64,51,14,0,0,0,3,0,1
509155,101,86,23,0,0,0,9,2,1
509160,103,91,14,0,0,0,11,0,1
509165,492,285,158,0,0,0,91,0,1
509166,40,38,7,0,0,0,0,0,1
509167,104,103,1,0,0,0,10,0,1
509168,48,44,0,0,0,0,29,0,1
509172,97,69,47,0,0,0,2,0,1
509177,71,60,12,0,0,0,17,0,1
509180,53,50,9,0,0,0,13,0,1
509182,39,38,14,0,0,0,0,0,1
509186,128,97,18,0,0,0,29,0,1
509193,1003,402,370,0,0,0,17,2,1
509194,172,128,51,0,0,0,17,0,1
509195,77,65,23,0,0,0,11,1,1
509201,101,63,45,0,0,0,2,1,1
509204,203,133,71,0,0,0,13,0,1
509208,14,14,4,0,0,0,0,0,1
509209,88,73,20,0,0,0,19,0,1
509213,93,74,29,0,0,0,3,0,1
509215,187,91,56,7,4,4,21,0,1
509216,350,186,134,0,0,0,4,1,1
509218,125,73,51,0,0,2,10,0,1
509219,47,41,9,0,0,0,10,0,1
509220,59,52,17,0,0,0,3,0,1
509221,56,45,5,0,0,0,7,0,1
509222,4,4,0,0,0,0,0,0,1
509225,109,71,40,0,0,0,10,0,1
509227,39,37,8,0,0,0,3,0,1
509228,8,8,0,0,0,0,4,0,1
509231,93,85,18,0,0,0,17,0,1
509234,34,34,1,0,0,0,6,0,1
509236,151,110,56,0,0,0,16,0,1
509243,155,100,66,0,0,0,6,1,1
509245,119,83,35,0,0,0,3,2,1
509247,37,35,6,0,0,0,4,0,1
509250,611,349,170,5,4,1,47,0,1
509253,114,87,24,0,0,0,5,0,1
509254,150,79,4,0,0,0,31,0,1
509256,125,98,33,0,0,0,7,0,1
509260,169,97,76,0,0,0,0,1,1
509262,58,53,9,0,0,0,0,0,1
509266,107,80,31,0,0,0,1,0,1
509268,53,47,11,0,0,0,2,0,1
509269,385,213,147,3,3,1,17,1,1
509273,103,70,27,3,3,1,13,0,1
509276,7,7,1,0,0,0,0,0,1
509277,150,99,29,0,0,0,8,0,1
509281,18,17,7,0,0,0,1,0,1
509282,105,77,27,0,0,0,16,0,1
509284,280,178,101,0,0,0,14,0,1
509287,68,59,17,0,0,1,3,1,1
509288,73,62,12,0,0,0,18,0,1
509290,189,129,51,3,3,1,20,1,1
509294,27,24,9,0,0,0,3,0,1
509296,541,259,230,0,0,0,16,3,1
509297,40,36,9,0,0,0,1,0,1
509299,144,115,32,3,2,0,21,0,1
509300,27,24,9,0,0,0,2,0,1
509301,53,43,18,0,0,0,1,0,1
509306,1039,386,356,0,0,0,20,1,1
509308,90,72,21,0,0,0,9,0,1
509309,73,71,5,0,0,0,3,0,1
509316,58,47,23,0,0,0,9,0,1
509317,35,34,0,0,0,0,1,0,1
509322,320,166,97,6,5,0,17,1,1
509323,38,36,5,0,0,0,12,0,1
509324,190,131,63,0,0,0,18,1,1
509330,48,47,1,0,0,0,2,0,1
509331,36,30,12,1,1,0,3,0,1
509336,339,202,102,0,0,0,11,1,1
509341,23,22,4,0,0,0,6,0,1
509342,117,87,26,0,0,0,10,1,1
509344,66,54,23,0,0,0,4,0,1
509345,131,80,46,4,2,0,8,0,1
509347,134,94,31,0,0,0,7,0,1
509349,26,22,4,0,0,0,12,0,1
509356,216,139,75,0,0,0,12,0,1
509359,679,202,319,0,0,3,5,0,1
509362,37,31,8,0,0,0,4,0,1
509364,14,14,4,0,0,0,0,0,1
509365,363,148,151,0,0,0,30,1,1
509366,128,95,35,0,0,0,13,0,1
509367,87,62,30,0,0,0,13,0,1
509371,89,68,31,0,0,0,8,0,1
509372,77,60,27,0,0,0,8,0,1
509373,148,104,36,0,0,0,8,1,1
509374,121,75,42,1,1,0,4,0,1
509375,315,182,100,0,0,0,20,0,1
509379,109,91,21,0,0,0,17,1,1
509380,72,71,3,0,0,0,30,0,1
509382,230,142,33,0,0,0,58,0,1
509384,66,55,22,0,0,0,2,0,1
509387,43,35,0,0,0,0,16,0,1
509388,159,155,10,0,0,0,70,0,1
509391,73,56,30,0,0,0,2,0,1
509393,283,155,85,0,0,0,15,2,1
509394,93,62,39,0,0,0,0,1,1
509395,291,213,72,0,0,0,53,0,1
509396,275,163,75,4,4,0,14,1,1
509397,87,66,35,0,0,0,1,0,1
509403,346,186,118,0,0,0,12,1,1
509408,123,90,37,1,1,0,6,0,1
509413,306,297,10,0,0,0,38,0,1
509416,123,90,37,1,1,0,6,0,1
509419,553,244,233,0,0,0,19,1,1
509425,402,260,150,0,0,0,26,0,1
509428,34,33,4,0,0,0,7,0,1
509429,52,41,13,0,0,0,4,0,1
509436,909,481,289,0,0,0,152,2,1
509440,38,35,9,0,0,0,4,0,1
509442,95,68,32,0,0,0,2,1,1
509444,5,5,1,0,0,0,0,0,1
509452,163,111,45,5,3,0,10,1,1
509456,302,161,96,0,0,0,6,0,1
509457,424,239,121,0,0,0,10,0,1
509461,35,32,8,0,0,0,7,0,1
509463,659,348,210,0,0,0,79,0,1
509468,91,82,13,0,0,0,5,0,1
509470,59,55,9,0,0,0,14,0,1
509474,83,65,27,0,0,0,11,0,1
509476,1225,512,416,2,2,2,73,1,1
509478,574,258,230,0,0,0,27,1,1
509480,160,96,35,0,0,0,10,0,1
509483,146,109,28,1,1,0,11,0,1
509486,284,171,60,0,0,0,21,1,1
509490,27,24,9,0,0,0,2,0,1
509491,95,76,21,0,0,0,11,0,1
509492,50,41,10,0,0,0,21,0,1
509493,4,4,1,0,0,0,1,0,1
509494,66,55,28,0,0,0,1,0,1
509496,761,321,275,0,0,0,39,0,1
509498,35,35,2,0,0,0,4,0,1
509501,125,89,38,0,0,0,7,0,1
509504,254,145,71,0,0,0,13,1,1
509505,927,366,392,0,0,0,13,2,1
509506,64,47,26,0,0,0,1,0,1
509507,112,75,43,0,0,0,5,3,1
509508,812,271,361,0,0,0,13,1,1
509509,36,25,2,0,0,0,1,1,1
509510,85,66,24,0,0,0,10,0,1
509512,8,8,1,0,0,0,1,0,1
509513,165,106,63,0,0,0,4,0,1
509521,60,46,28,0,0,0,1,0,1
509522,5,5,2,0,0,0,0,0,1
509531,236,150,60,0,0,0,6,0,1
509540,275,162,92,0,0,0,4,0,1
509542,123,79,1,0,0,0,57,0,1
509547,58,48,23,0,0,0,8,0,1
509549,162,114,50,1,1,0,8,1,1
509550,79,65,18,3,3,1,14,0,1
509551,110,72,38,0,0,0,8,0,1
509552,89,66,20,0,0,0,5,0,1
509553,198,147,73,0,0,0,4,0,1
509558,158,104,57,0,0,0,2,0,1
509561,485,255,166,0,0,1,19,1,1
509564,161,100,48,3,1,0,5,0,1
509565,48,47,7,0,0,0,2,0,1
509567,1214,552,373,0,0,0,157,0,1
509568,36,28,8,0,0,0,2,0,1
509573,103,63,15,6,2,1,20,0,1
509575,705,272,306,0,0,0,17,1,1
509576,295,175,97,0,0,0,11,0,1
509577,58,49,8,0,0,0,7,0,1
509579,42,39,13,0,0,0,1,1,1
509580,117,88,29,0,0,0,9,0,1
509582,171,119,63,1,1,1,5,0,1
509583,307,173,103,0,0,0,1,1,1
509584,112,85,44,0,0,0,3,0,1
509585,127,90,40,0,0,0,5,0,1
509587,44,40,8,0,0,0,8,0,1
509590,76,49,13,0,0,0,8,0,1
509591,190,131,63,0,0,0,17,1,1
509592,60,52,9,0,0,0,10,0,1
509593,49,49,0,0,0,0,6,0,1
509594,10,9,1,0,0,0,1,0,1
509595,36,32,9,0,0,0,4,0,1
509598,71,60,16,0,0,0,2,1,1
509601,25,21,3,1,1,0,2,0,1
509602,39,31,10,0,0,0,1,0,1
509608,316,182,99,0,0,0,27,0,1
509611,16,11,5,0,0,0,3,0,1
509613,120,106,17,0,0,0,16,0,1
509618,259,150,87,6,1,1,20,0,1
509625,64,46,19,0,0,0,7,0,1
509626,1031,412,340,0,0,0,36,0,1
509627,853,347,372,3,3,1,29,1,1
509631,44,38,15,1,1,0,3,0,1
509634,921,373,322,0,0,0,20,2,1
509636,377,216,102,0,0,0,39,0,1
509638,93,67,30,0,0,0,5,1,1
509640,480,145,176,0,0,0,10,0,1
509644,505,257,68,0,0,0,31,0,1
509649,164,112,59,0,0,0,6,0,1
509652,71,60,11,0,0,0,18,0,1
509660,144,99,52,0,0,0,2,0,1
509662,67,59,25,0,0,0,5,0,1
509663,687,296,190,0,0,0,33,0,1
509667,58,51,12,0,0,0,4,0,1
509670,155,92,43,0,0,0,8,0,1
509671,71,59,25,1,1,2,4,0,1
509673,95,72,23,0,0,0,11,0,1
509674,81,78,7,0,0,0,0,0,1
509676,324,168,63,0,0,0,79,0,1
509684,102,75,39,2,2,0,4,0,1
509685,107,82,34,0,0,0,8,0,1
509686,110,86,5,5,5,1,64,0,1
509690,27,24,9,0,0,0,2,0,1
509698,58,51,17,0,0,0,4,0,1
509710,163,104,55,0,0,0,8,0,1
509711,83,67,26,0,0,0,12,0,1
509723,73,57,10,0,0,0,18,0,1
509726,27,21,7,0,0,0,3,0,1
509730,99,79,25,0,0,0,1,0,1
509731,297,183,120,0,0,0,5,0,1
509734,101,82,26,0,0,1,2,0,1
509735,129,99,16,0,0,0,31,0,1
509737,116,87,29,0,0,0,9,0,1
509738,49,38,15,0,0,0,1,0,1
509739,42,41,10,0,0,0,10,0,1
509742,825,808,14,0,0,0,63,1,1
509744,66,57,23,0,0,0,3,1,1
509747,135,71,58,0,0,0,1,0,1
509751,541,283,159,0,0,0,62,2,1
509754,38,35,11,0,0,0,3,0,1
509759,203,137,48,3,3,2,15,1,1
509760,383,208,163,0,0,1,9,1,1
509761,320,166,97,6,5,0,17,1,1
509767,86,74,25,2,1,0,1,0,1
509771,220,149,17,0,0,0,93,0,1
509772,279,75,37,0,0,0,31,0,1
509777,73,57,15,0,0,0,3,0,1
509779,168,164,2,0,0,0,22,0,1
509784,173,97,57,3,2,0,4,0,1
509785,71,54,28,0,0,0,0,0,1
509786,107,68,48,0,0,0,1,1,1
509787,1663,558,632,5,5,1,15,0,1
509788,39,38,12,0,0,0,2,1,1
509789,45,44,2,0,0,0,2,0,1
509793,80,66,20,0,0,0,5,1,1
509794,379,249,77,0,0,0,19,0,1
509798,427,205,188,0,0,0,7,1,1
509799,890,872,6,0,0,0,85,0,1
509803,110,82,31,0,0,0,5,1,1
509805,179,118,53,0,0,0,1,1,1
509808,14,11,4,0,0,0,0,0,1
509813,603,340,159,3,3,2,48,1,1
509815,321,191,93,0,0,0,18,0,1
509816,46,40,13,0,0,0,4,0,1
509818,522,272,170,0,0,0,20,1,1
509820,110,68,39,0,0,0,2,0,1
509831,479,203,137,8,1,2,15,1,1
509832,76,56,22,3,3,3,13,0,1
509834,75,61,23,0,0,0,8,0,1
509839,15,15,4,0,0,0,3,0,1
509843,58,47,16,0,0,0,1,1,1
509844,166,119,35,0,0,0,7,1,1
509849,184,170,24,0,0,0,33,0,1
509850,127,102,15,0,0,0,33,0,1
509852,735,268,340,0,0,0,11,2,1
509855,207,111,56,0,0,4,9,0,1
509856,520,273,55,0,0,0,198,0,1
509860,33,28,8,0,0,0,3,0,1
509862,329,239,83,0,0,0,17,2,1
509864,239,151,93,0,0,0,4,0,1
509870,113,68,44,0,0,0,4,1,1
509875,389,210,145,3,3,1,25,2,1
509878,479,229,156,0,0,0,16,0,1
509881,69,61,23,0,0,0,2,0,1
509883,120,76,42,4,2,0,9,0,1
509884,68,60,15,0,0,0,11,0,1
509886,50,44,10,0,0,0,10,0,1
509887,463,222,166,0,0,0,16,2,1
509890,96,81,23,0,0,0,9,0,1
509892,251,131,28,0,0,0,49,0,1
509893,118,92,40,0,0,0,1,0,1
509897,10,10,0,0,0,0,5,0,1
509902,121,89,36,1,1,0,6,0,1
509904,46,34,4,4,4,1,12,0,1
509905,910,359,303,0,0,1,5,1,1
509907,536,246,177,1,1,1,10,1,1
509916,218,141,65,3,3,1,11,0,1
509918,37,34,14,0,0,0,1,0,1
509922,608,316,195,0,0,0,79,0,1
509923,123,93,45,0,0,0,1,1,1
509924,83,67,27,0,0,0,12,0,1
509925,175,161,30,0,0,0,11,0,1
509928,134,89,49,0,0,0,5,0,1
509934,48,38,9,0,0,0,19,0,1
509936,333,188,133,1,1,0,4,1,1
509940,40,39,3,0,0,0,3,0,1
509943,125,88,45,0,0,0,3,1,1
509946,32,30,12,0,0,0,2,0,1
509951,79,69,14,0,0,0,14,0,1
509952,400,210,158,0,0,0,13,2,1
509956,373,184,150,0,0,0,0,2,1
509965,533,286,186,2,2,0,22,2,1
509966,68,54,15,0,0,0,6,1,1
509967,186,113,49,0,0,0,35,0,1
509969,2208,798,673,13,10,27,342,2,1
509973,108,83,31,0,0,0,14,0,1
509979,173,120,52,0,0,0,6,0,1
509981,95,77,23,0,0,0,1,0,1
509983,98,69,30,0,0,0,15,0,1
509984,280,136,70,0,0,0,14,0,1
509985,779,404,247,0,0,0,101,0,1
509986,10,9,3,0,0,0,0,0,1
509988,41,35,13,0,0,0,2,0,1
509991,126,91,2,0,0,0,25,1,1
509993,6,6,0,0,0,0,4,0,1
509994,381,216,127,0,0,0,16,1,1
509997,513,270,211,0,0,0,4,1,1
509998,107,83,35,0,0,0,8,0,1
509999,82,67,23,0,0,0,3,0,1
510000,61,55,13,0,0,0,14,0,1
510001,327,197,91,0,0,0,10,0,1
510002,46,41,12,0,0,0,8,0,1
510012,137,106,47,0,0,0,14,0,1
510014,15,14,1,0,0,0,1,1,1
510016,88,66,12,0,0,0,8,0,1
510021,84,68,22,0,0,0,14,0,1
510024,84,67,28,0,0,0,12,0,1
510025,49,42,9,0,0,0,5,0,1
510027,5,5,1,0,0,0,0,0,1
510028,3593,889,1250,0,0,0,67,4,1
510029,47,45,3,0,0,0,1,0,1
510031,38,36,7,0,0,0,3,0,1
510034,108,82,34,0,0,0,5,0,1
510043,157,113,54,0,0,0,11,0,1
510046,10,8,2,0,0,0,0,0,1
510052,13,13,0,0,0,0,2,0,1
510056,100,77,34,0,0,0,1,1,1
510060,119,100,32,0,0,0,7,0,1
510061,107,91,25,0,0,0,14,3,1
510065,42,42,0,0,0,0,7,0,1
510066,91,67,28,0,0,0,4,0,1
510074,17,17,3,0,0,0,2,0,1
510076,137,96,50,0,0,0,1,0,1
510077,913,360,307,0,0,1,5,1,1
510079,183,121,56,0,0,0,2,1,1
510085,103,71,28,1,1,0,4,1,1
510086,26,25,3,0,0,0,1,0,1
510087,50,47,10,0,0,0,3,0,1
510089,197,109,56,0,0,0,4,0,1
510090,128,102,16,0,0,0,36,0,1
510091,249,173,95,0,0,0,5,0,1
510093,87,41,9,0,0,0,18,0,1
510098,169,91,32,0,0,0,16,0,1
510100,207,111,56,0,0,4,9,0,1
510103,131,76,49,0,0,0,4,0,1
510104,215,161,49,0,0,0,33,1,1
510106,455,212,185,1,1,0,8,2,1
510108,2343,655,952,3,3,2,30,1,1
510110,37,30,15,0,0,0,1,0,1
510111,340,181,119,1,1,0,9,1,1
510115,284,171,115,0,0,0,2,0,1
510116,16,16,2,0,0,0,2,0,1
510118,28,26,9,0,0,0,0,0,1
510119,70,57,25,0,0,0,2,0,1
510123,231,144,81,0,0,0,6,0,1
510125,64,56,6,0,0,0,15,0,1
510126,95,72,0,0,0,0,45,0,1
510130,40,33,5,0,0,0,9,0,1
510132,67,62,9,0,0,0,13,0,1
510134,161,119,53,1,1,0,2,1,1
510136,124,112,23,0,0,0,40,0,1
510138,337,196,122,0,0,0,16,0,1
510140,102,87,16,0,0,0,9,1,1
510143,331,181,132,0,0,0,21,0,1
510144,46,38,9,0,0,0,9,0,1
510148,71,62,11,0,0,0,14,0,1
510150,139,99,39,0,0,0,13,0,1
510151,268,142,130,0,0,0,2,1,1
510152,58,48,23,0,0,0,7,0,1
510154,567,251,203,4,3,0,39,2,1
510157,279,156,100,0,0,0,4,0,1
510159,203,112,65,0,0,0,12,1,1
510164,170,111,58,1,1,0,0,1,1
510165,73,60,27,0,0,0,9,1,1
510168,81,62,21,0,0,0,7,0,1
510174,42,34,16,0,0,0,2,1,1
510179,141,89,48,0,0,0,3,0,1
510181,85,73,20,0,0,0,5,0,1
510184,23,23,5,0,0,0,1,1,1
510185,49,36,6,0,0,0,8,0,1
510187,68,62,9,0,0,0,13,0,1
510188,141,91,43,0,0,0,6,0,1
510190,90,70,30,1,1,0,3,0,1
510197,85,66,24,0,0,0,10,0,1
510198,54,49,16,0,0,0,10,0,1
510201,61,51,22,0,0,0,10,0,1
510202,210,147,44,4,3,0,22,1,1
510206,64,59,4,0,0,0,20,0,1
510207,79,68,14,0,0,0,16,0,1
510209,325,202,77,0,0,0,39,1,1
510210,312,184,122,0,0,0,18,2,1
510217,650,329,20,0,0,0,535,0,1
510218,71,61,25,0,0,0,3,0,1
510221,57,47,14,2,1,0,2,0,1
510222,515,252,194,3,3,2,35,0,1
510224,16,16,2,0,0,0,2,0,1
510225,68,57,16,0,0,0,11,0,1
510227,591,247,230,0,0,0,1,2,1
510228,4652,1026,1891,14,14,2,83,2,1
510232,95,76,13,0,0,0,41,0,1
510234,48,43,15,0,0,0,0,0,1
510238,83,59,29,0,0,0,4,1,1
510245,70,68,4,0,0,0,1,0,1
510246,424,224,174,0,0,0,7,2,1
510250,70,56,21,0,0,0,5,0,1
510251,9,9,1,0,0,0,4,0,1
510252,211,157,67,0,0,0,22,0,1
510257,171,136,56,0,0,0,19,0,1
510258,1139,513,379,0,0,0,138,2,1
510259,60,60,6,0,0,0,0,0,1
510260,185,105,47,0,0,0,8,1,1
510263,83,67,26,0,0,0,11,0,1
510265,176,137,1,0,0,0,151,0,1
510266,83,74,19,0,0,0,7,0,1
510267,117,88,29,0,0,0,10,0,1
510268,232,94,25,0,0,0,18,0,1
510270,66,55,22,0,0,0,2,0,1
510273,492,253,82,0,0,0,62,1,1
510278,39,37,8,0,0,0,0,0,1
510280,40,38,10,0,0,0,0,0,1
510282,1633,578,571,6,6,1,33,1,1
510283,53,44,10,0,0,0,24,0,1
510285,101,75,32,0,0,0,3,0,1
510292,55,43,17,0,0,0,1,0,1
510301,73,55,29,0,0,0,2,0,1
510303,70,61,17,0,0,0,1,0,1
510305,24,22,7,0,0,0,2,0,1
510308,377,201,119,1,1,1,6,0,1
510309,174,116,56,3,2,3,16,0,1
510312,125,87,37,0,0,0,6,1,1
510315,11,8,0,0,0,0,0,0,1
510317,87,68,26,0,0,0,1,0,1
510319,47,39,12,0,0,0,0,0,1
510322,10,10,2,0,0,0,4,0,1
510323,407,242,111,0,0,0,34,3,1
510326,7,7,1,0,0,0,0,0,1
510327,23,19,8,1,1,1,3,0,1
510330,58,48,23,0,0,0,10,0,1
510331,269,167,76,0,0,0,32,0,1
510335,431,201,153,0,0,0,25,0,1
510340,38,32,8,0,0,0,15,0,1
510341,47,46,5,0,0,0,2,0,1
510342,192,130,64,0,0,0,13,0,1
510348,588,180,38,1,1,2,292,0,1
510349,50,43,13,0,0,0,15,0,1
510350,169,116,51,1,1,0,2,1,1
510352,80,65,33,0,0,0,6,0,1
510360,98,80,18,0,0,0,18,0,1
510362,178,89,66,0,0,0,5,0,1
510364,401,208,148,3,3,3,22,2,1
510365,62,55,21,0,0,0,4,0,1
510367,72,51,13,0,0,0,1,0,1
510368,124,98,32,0,0,0,10,0,1
510369,43,40,9,0,0,0,9,0,1
510372,657,340,210,0,0,0,88,0,1
510377,89,65,21,0,0,0,5,0,1
510380,27,24,9,0,0,0,2,0,1
510384,36,35,5,0,0,0,1,0,1
510386,36,33,4,0,0,0,2,1,1
510388,52,48,15,0,0,0,4,0,1
510390,13,13,5,0,0,0,0,0,1
510392,98,87,19,0,0,0,39,0,1
510393,63,61,7,0,0,0,1,0,1
510394,766,342,235,0,0,0,15,1,1
510397,247,147,91,4,4,0,12,1,1
510400,68,59,15,0,0,0,6,0,1
510405,224,143,71,0,0,0,7,0,1
510407,50,41,19,0,0,0,2,0,1
510415,452,215,191,0,0,0,8,1,1
510424,103,76,31,0,0,0,3,0,1
510430,49,49,1,0,0,0,17,0,1
510434,1392,622,438,0,0,0,51,3,1
510435,494,282,158,0,0,0,93,0,1
510440,340,228,90,0,0,0,24,0,1
510443,304,167,118,0,0,2,9,0,1
510446,126,92,33,0,0,0,5,0,1
510453,107,83,36,0,0,0,8,0,1
510455,47,44,9,0,0,0,2,0,1
510456,10,8,1,0,0,0,1,0,1
510457,132,88,38,0,0,0,4,0,1
510461,204,141,79,0,0,0,6,0,1
510463,72,60,20,0,0,0,3,0,1
510465,1393,598,489,0,0,0,125,2,1
510467,377,127,25,0,0,0,156,1,1
510468,108,80,29,0,0,0,2,0,1
510469,10,10,2,0,0,0,2,0,1
510470,54,52,7,0,0,0,3,0,1
510471,27,24,9,0,0,0,2,0,1
510477,78,54,28,2,2,3,10,0,1
510478,60,53,21,0,0,0,1,0,1
510479,149,90,53,0,0,0,4,0,1
510483,113,76,34,0,0,0,5,0,1
510484,23,21,3,0,0,0,18,0,1
510485,43,42,5,0,0,0,4,0,1
510493,49,43,15,0,0,0,2,0,1
510494,49,45,10,0,0,0,15,0,1
510497,145,99,40,0,0,0,4,0,1
510501,186,114,73,1,1,0,0,1,1
510502,144,99,52,0,0,0,2,0,1
510503,49,42,16,0,0,0,2,0,1
510504,226,121,6,0,0,0,115,0,1
510506,1275,473,82,0,0,0,601,0,1
510508,318,179,6,0,0,0,225,0,1
510510,90,75,21,0,0,1,15,0,1
510512,68,53,22,0,0,0,4,0,1
510514,263,163,107,0,0,0,4,0,1
510518,146,109,28,1,1,0,11,0,1
510519,46,36,5,0,0,0,4,1,1
510521,13,9,0,0,0,0,7,0,1
510528,104,69,46,0,0,0,0,1,1
510530,42,36,3,0,0,0,2,0,1
510531,165,112,44,0,0,0,23,0,1
510532,112,108,16,0,0,0,42,1,1
510535,34,32,3,0,0,0,1,0,1
510537,225,211,11,0,0,0,31,0,1
510539,77,69,18,0,0,0,9,0,1
510540,99,79,33,0,0,0,4,0,1
510541,436,254,142,0,0,0,53,0,1
510542,84,62,37,0,0,0,0,0,1
510544,643,340,208,0,0,0,71,0,1
510548,47,42,17,0,0,0,1,0,1
510552,6,6,1,0,0,0,1,0,1
510555,95,77,25,0,0,0,1,0,1
510556,652,337,197,0,0,0,31,0,1
510557,89,66,33,0,0,0,4,0,1
510562,60,45,19,0,0,0,3,1,1
510563,442,213,145,4,2,3,29,1,1
510567,341,196,65,0,0,0,35,0,1
510575,208,118,58,0,0,0,6,0,1
510578,726,324,288,5,5,0,20,3,1
510579,27,25,2,0,0,0,0,0,1
510580,364,222,120,0,0,0,13,1,1
510586,57,49,18,0,0,0,3,0,1
510587,89,78,28,0,0,0,19,0,1
510588,177,103,51,0,0,0,8,0,1
510591,75,66,10,0,0,0,15,0,1
510594,66,62,8,0,0,0,16,0,1
510595,719,375,214,0,0,0,42,0,1
510596,2594,688,1058,5,5,0,24,1,1
510598,92,77,10,0,0,0,12,0,1
510600,221,145,75,0,0,0,7,0,1
510602,152,102,49,1,1,1,6,0,1
510607,562,275,199,0,0,0,14,2,1
510612,185,133,40,0,0,0,5,0,1
510614,597,227,123,3,3,2,94,1,1
510615,63,55,1,0,0,0,56,0,1
510616,104,69,47,0,0,0,1,0,1
510624,26,20,15,0,0,0,1,0,1
510626,335,185,132,0,0,0,6,0,1
510627,66,57,17,0,0,0,8,0,1
510630,68,59,8,0,0,0,10,0,1
510632,1134,522,349,0,0,0,152,0,1
510633,51,44,15,1,1,0,7,0,1
510634,59,57,2,0,0,0,10,0,1
510636,63,58,12,0,0,0,11,0,1
510638,193,122,79,0,0,0,4,0,1
510639,558,290,162,0,0,0,24,2,1
510640,230,163,73,0,0,0,19,0,1
510642,202,132,68,0,0,0,7,0,1
510643,216,109,80,0,0,0,9,0,1
510647,39,35,8,0,0,0,2,0,1
510649,129,100,14,0,0,0,29,0,1
510651,40,36,11,0,0,0,16,0,1
510659,235,156,77,0,0,0,14,0,1
510662,63,62,2,0,0,0,38,0,1
510663,44,34,18,0,0,0,1,0,1
510666,77,67,11,0,0,0,16,0,1
510668,888,334,305,0,0,0,12,1,1
510669,36,33,6,0,0,0,14,0,1
510675,83,75,18,0,0,0,11,1,1
510676,33,30,8,0,0,0,0,0,1
510677,119,84,51,0,0,0,9,0,1
510678,45,35,19,0,0,0,0,0,1
510679,33,30,10,0,0,0,0,0,1
510680,21,19,2,0,0,0,6,0,1
510683,1236,534,412,0,0,0,101,1,1
510686,94,92,3,0,0,0,8,0,1
510692,154,122,42,0,0,0,24,0,1
510693,1120,535,376,0,0,0,72,0,1
510694,297,181,110,0,0,0,15,1,1
510695,156,97,49,0,0,0,2,0,1
510696,25,25,2,0,0,0,5,0,1
510699,147,90,43,0,0,0,6,0,1
510700,70,59,10,0,0,0,23,0,1
510703,148,104,48,2,1,0,4,0,1
510706,658,344,209,0,0,0,93,0,1
510708,39,31,13,0,0,0,0,0,1
510709,70,56,16,0,0,0,2,0,1
510710,64,46,27,0,0,0,7,0,1
510711,1488,532,523,3,3,1,7,2,1
510712,100,88,26,0,0,0,13,0,1
510714,63,51,17,2,1,0,4,0,1
510718,225,144,68,0,0,0,8,1,1
510722,330,197,123,1,1,2,17,0,1
510724,56,45,21,0,0,0,1,0,1
510728,178,131,49,0,0,0,2,1,1
510732,119,70,42,0,0,0,12,0,1
510734,103,80,18,5,4,1,13,0,1
510735,42,41,14,0,0,0,0,0,1
510736,125,90,39,0,0,0,3,0,1
510738,9,7,5,0,0,0,1,0,1
510741,297,186,90,0,0,0,21,0,1
510744,162,102,52,0,0,0,19,0,1
510746,117,90,3,0,0,0,66,0,1
510748,103,67,43,0,0,0,2,0,1
510754,77,62,21,0,0,0,4,0,1
510755,1178,522,407,0,0,0,31,2,1
510756,425,215,183,0,0,2,13,3,1
510759,36,31,14,0,0,0,0,0,1
510760,11,9,1,0,0,0,0,0,1
510762,68,50,14,1,1,0,6,0,1
510763,50,28,16,0,0,0,5,0,1
510765,28,27,9,0,0,0,2,0,1
510771,133,85,37,0,0,0,4,0,1
510774,182,125,80,0,0,0,5,0,1
510776,487,250,186,1,1,3,22,1,1
510777,57,39,10,0,0,0,8,0,1
510778,44,37,19,0,0,0,1,0,1
510781,710,320,90,0,0,0,198,1,1
510791,37,32,13,0,0,0,2,0,1
510792,41,39,7,0,0,0,1,0,1
510793,97,75,8,0,0,0,16,0,1
510804,135,88,16,0,0,0,34,0,1
510805,138,85,49,0,0,3,8,0,1
510808,368,187,120,2,2,1,13,1,1
510812,61,51,23,0,0,0,4,0,1
510816,279,152,91,3,2,0,11,0,1
510817,67,54,19,2,1,0,2,0,1
510818,114,81,24,0,0,0,26,0,1
510820,110,81,3,0,0,0,63,0,1
510823,51,49,7,0,0,0,28,0,1
510826,258,112,24,0,0,0,34,0,1
510828,533,302,171,0,0,0,98,0,1
510829,85,60,38,0,0,0,1,0,1
510830,44,42,12,0,0,0,6,0,1
510832,286,168,75,0,0,0,11,0,1
510835,1337,516,459,0,0,0,25,0,1
510836,70,49,14,3,3,3,17,0,1
510838,39,38,1,0,0,0,2,0,1
510842,52,44,13,0,0,0,1,1,1
510846,103,70,33,0,0,0,5,0,1
510847,163,96,74,0,0,0,0,1,1
510849,84,84,3,0,0,0,9,1,1
510855,175,109,57,0,0,0,5,0,1
510858,215,115,87,0,0,0,1,0,1
510862,59,59,6,0,0,0,0,0,1
510865,102,79,35,0,0,0,9,0,1
510866,80,65,22,0,0,0,5,0,1
510871,86,57,34,4,2,0,3,0,1
510873,264,160,98,4,3,0,7,1,1
510879,154,111,40,0,0,0,5,0,1
510886,93,75,18,0,0,0,15,1,1
510887,106,98,7,0,0,0,15,0,1
510889,102,68,6,0,0,0,28,0,1
510896,80,65,33,0,0,0,8,0,1
510899,48,43,17,0,0,0,1,0,1
510900,56,40,20,0,0,0,4,0,1
510904,122,83,35,0,0,0,9,0,1
510905,434,240,132,0,0,0,17,1,1
510908,179,110,57,0,0,0,8,0,1
510909,199,145,77,0,0,0,7,0,1
510910,49,42,15,0,0,0,4,0,1
510916,156,124,40,0,0,0,26,0,1
510917,63,57,17,0,0,0,4,0,1
510919,55,49,9,0,0,0,10,0,1
510920,76,67,11,0,0,0,17,0,1
510921,74,67,10,0,0,0,18,0,1
510923,25,25,1,0,0,0,18,0,1
510924,80,65,33,0,0,0,9,0,1
510932,70,51,29,0,0,0,0,0,1
510934,406,209,148,0,0,0,24,2,1
510937,807,324,330,0,0,0,10,0,1
510941,174,127,52,0,0,0,12,0,1
510946,368,197,146,0,0,0,1,2,1
510947,65,55,23,0,0,0,5,1,1
510952,40,31,18,0,0,0,5,0,1
510954,7,7,2,0,0,0,2,0,1
510956,39,32,15,0,0,0,2,0,1
510959,235,157,92,0,0,0,12,0,1
510961,13,12,1,0,0,0,1,0,1
510965,57,44,16,0,0,0,4,0,1
510966,178,131,49,0,0,0,2,1,1
510967,408,245,125,0,0,0,25,0,1
510968,162,156,15,0,0,0,120,0,1
510969,32,29,9,0,0,0,3,0,1
510971,41,35,15,0,0,0,1,2,1
510972,224,127,56,6,3,2,24,1,1
510973,171,101,50,7,5,1,16,0,1
510974,201,135,68,0,0,0,1,0,1
510977,250,165,92,0,0,0,4,0,1
510978,147,113,45,0,0,1,7,0,1
510981,62,60,3,0,0,0,2,0,1
510982,452,215,191,0,0,0,8,1,1
510983,224,150,84,0,0,0,15,1,1
510984,108,68,49,0,0,0,0,1,1
510985,521,220,115,0,0,0,16,2,1
510986,269,150,82,3,3,1,10,0,1
510987,52,45,9,0,0,0,6,1,1
510990,27,24,9,0,0,0,2,0,1
510994,996,402,375,0,0,0,6,2,1
511000,109,89,32,0,0,0,6,0,1
511002,298,272,4,2,1,0,231,0,1
511003,698,290,198,0,0,0,7,2,1
511004,336,186,129,1,1,1,7,0,1
511005,299,163,127,0,0,0,12,0,1
511007,312,171,134,0,0,0,4,0,1
511008,56,52,3,0,0,0,25,0,1
511009,160,106,45,1,1,1,3,1,1
511010,143,93,37,3,1,0,7,0,1
511013,95,76,37,1,1,0,3,0,1
511014,247,148,78,3,2,1,10,0,1
511018,160,108,46,3,1,0,3,1,1
511021,72,54,25,0,0,0,3,0,1
511022,418,212,168,1,1,0,7,2,1
511025,34,31,14,0,0,0,1,0,1
511026,205,133,68,0,0,0,7,0,1
511027,265,145,90,3,3,6,27,0,1
511029,357,157,88,1,1,0,17,0,1
511030,122,89,35,2,2,0,7,0,1
511031,82,67,26,0,0,0,12,0,1
511033,99,73,24,0,0,0,4,0,1
511034,149,145,11,0,0,0,19,0,1
511039,1236,534,412,0,0,0,101,1,1
511041,430,233,169,0,0,0,25,1,1
511043,438,235,133,0,0,0,20,1,1
511045,98,79,22,0,0,1,7,0,1
511049,189,137,65,0,0,0,19,0,1
511051,190,120,61,2,1,2,10,0,1
511052,201,140,68,0,0,0,4,0,1
511053,1091,430,391,0,0,0,48,0,1
511054,154,118,42,0,0,0,12,0,1
511060,1027,488,326,0,0,0,39,2,1
511063,115,91,0,0,0,0,56,0,1
511065,158,114,57,0,0,0,9,1,1
511070,70,56,21,0,0,0,5,0,1
511072,408,212,152,1,1,2,27,0,1
511078,370,207,118,0,0,0,13,0,1
511079,148,135,23,0,0,0,11,1,1
511080,66,59,21,0,0,0,1,0,1
511082,62,52,13,0,0,0,5,0,1
511086,42,38,9,1,1,0,3,0,1
511088,79,67,14,0,0,0,17,0,1
511091,48,46,3,0,0,0,3,0,1
511095,10,10,3,0,0,0,1,0,1
511096,126,90,39,0,0,0,3,0,1
511099,151,108,33,3,3,1,21,0,1
511102,187,128,63,0,0,0,13,1,1
511103,205,202,10,0,0,0,17,0,1
511106,37,35,10,0,0,0,2,0,1
511108,111,83,28,0,0,0,9,0,1
511112,25,24,5,0,0,0,3,0,1
511114,55,28,5,0,0,0,9,0,1
511115,12,11,3,0,0,0,3,0,1
511121,311,171,121,0,0,0,1,1,1
511122,194,104,90,0,0,1,2,0,1
511123,72,61,23,0,0,0,4,0,1
511125,319,191,79,0,0,0,30,0,1
511127,134,91,37,0,0,0,4,0,1
511128,114,82,41,0,0,0,2,0,1
511129,81,63,28,0,0,0,6,1,1
511130,73,66,11,0,0,0,17,0,1
511134,1361,477,465,0,0,0,7,1,1
511138,100,64,16,5,3,2,18,0,1
511144,24,23,5,0,0,0,1,1,1
511146,44,42,7,0,0,0,8,0,1
511148,43,39,14,0,0,0,8,0,1
511150,132,91,32,0,0,0,7,0,1
511153,357,157,88,1,1,0,17,0,1
511155,42,40,7,0,0,0,2,0,1
511156,41,39,12,0,0,0,8,0,1
511162,143,88,47,0,0,0,8,0,1
511166,58,48,23,0,0,0,7,0,1
511168,57,44,16,0,0,0,4,0,1
511171,144,132,29,0,0,0,42,0,1
511172,113,86,27,3,3,1,12,0,1
511173,132,91,40,0,0,0,9,0,1
511176,470,220,161,0,0,0,19,1,1
511183,139,92,48,0,0,0,4,1,1
511188,121,78,45,1,1,1,10,0,1
511194,66,65,6,0,0,0,8,0,1
511196,172,105,61,1,1,0,2,0,1
511198,136,93,54,0,0,0,3,0,1
511201,58,48,23,0,0,0,10,0,1
511207,2443,661,942,0,0,0,24,3,1
511214,61,51,22,0,0,0,10,0,1
511216,37,35,5,0,0,0,2,0,1
511218,163,114,45,0,0,0,10,0,1
511219,288,179,67,0,0,0,6,0,1
511221,51,43,19,0,0,0,1,0,1
511223,13,13,2,0,0,0,2,0,1
511224,168,95,57,0,0,0,1,0,1
511234,59,49,13,0,0,0,3,0,1
511235,66,54,3,0,0,0,37,0,1
511238,52,40,15,0,0,0,1,0,1
511242,21,20,6,0,0,0,0,0,1
511243,65,52,28,1,1,0,2,0,1
511244,51,49,7,1,1,0,2,0,1
511245,38,36,8,0,0,0,2,0,1
511250,106,104,4,0,0,0,19,0,1
511251,386,102,69,0,0,0,93,0,1
511252,64,55,18,0,0,0,9,0,1
511253,954,454,319,0,0,0,30,2,1
511256,319,173,1,0,0,0,134,0,1
511258,43,32,3,0,0,0,4,0,1
511265,43,36,16,0,0,0,0,0,1
511269,27,24,9,0,0,0,2,0,1
511271,129,83,41,0,0,0,3,0,1
511273,72,58,25,0,0,0,4,0,1
511274,210,126,71,0,0,0,9,0,1
511275,15,15,3,0,0,0,4,0,1
511282,104,64,41,0,0,0,6,0,1
511285,176,84,53,0,0,0,10,0,1
511288,95,76,37,1,1,0,3,0,1
511294,61,52,21,0,0,0,1,0,1
511296,154,127,16,0,0,0,32,0,1
511297,100,76,24,3,3,1,14,0,1
511301,176,121,60,0,0,0,5,1,1
511305,553,281,212,0,0,0,25,1,1
511314,176,124,56,0,0,0,2,0,1
511317,1461,591,497,0,0,0,40,2,1
511323,43,39,8,0,0,0,3,0,1
511327,367,168,132,0,0,0,17,1,1
511330,87,70,22,0,0,0,11,0,1
511335,219,138,26,0,0,0,59,0,1
511337,249,163,77,0,0,0,4,2,1
511338,924,405,293,0,0,0,31,0,1
511340,143,97,44,0,0,0,18,0,1
511343,52,42,11,0,0,0,12,0,1
511344,139,100,38,0,0,0,3,0,1
511348,65,47,24,1,1,0,0,0,1
511350,205,204,3,0,0,0,17,0,1
511351,103,77,40,0,0,0,6,1,1
511352,24,24,3,0,0,0,11,0,1
511354,24,23,1,0,0,0,20,0,1
511356,21,17,5,0,0,0,1,0,1
511361,184,119,61,0,0,0,3,0,1
511362,830,269,354,0,0,8,26,1,1
511365,95,81,20,0,0,0,15,0,1
511373,166,115,48,2,2,3,19,1,1
511374,195,125,64,0,0,0,4,0,1
511376,74,67,9,0,0,0,17,0,1
511380,277,150,80,0,0,0,4,1,1
511384,50,46,11,1,1,1,5,1,1
511385,249,147,80,3,3,3,16,0,1
511387,509,248,169,6,6,3,9,0,1
511388,120,76,42,4,2,0,9,0,1
511389,19,19,3,0,0,0,2,0,1
511391,46,45,3,0,0,0,5,0,1
511408,68,67,10,0,0,0,1,0,1
511409,20,18,5,0,0,0,4,0,1
511410,78,63,22,0,0,0,3,1,1
511411,95,61,26,0,0,0,2,0,1
511420,17,17,5,0,0,0,2,0,1
511424,54,43,20,0,0,0,1,0,1
511425,176,125,51,0,0,0,13,0,1
511427,176,132,46,0,0,0,28,0,1
511428,159,109,48,0,0,0,12,0,1
511429,165,123,45,0,0,0,13,0,1
511435,224,140,59,1,1,3,21,1,1
511437,80,67,19,0,0,0,7,0,1
511443,837,388,262,0,0,0,91,0,1
511445,120,92,3,0,0,0,67,0,1
511446,68,54,16,0,0,0,15,0,1
511447,39,36,9,0,0,0,0,0,1
511451,22,19,4,0,0,0,4,0,1
511456,236,139,53,0,0,0,53,0,1
511457,109,71,37,0,0,0,6,0,1
511459,16,14,7,0,0,0,2,0,1
511460,167,123,36,3,3,1,20,0,1
511462,67,62,9,0,0,0,13,0,1
511463,295,174,126,0,0,0,9,0,1
511465,31,18,9,0,0,0,1,0,1
511474,117,88,29,0,0,0,10,0,1
511475,85,67,24,0,0,0,11,0,1
511481,1207,494,382,0,0,0,122,1,1
511482,70,48,12,0,0,0,2,0,1
511484,4729,1016,1918,5,5,3,76,2,1
511485,87,62,29,0,0,0,1,1,1
511490,19,18,2,0,0,0,5,0,1
511493,5,5,1,0,0,0,0,0,1
511494,112,89,28,0,0,0,23,1,1
511498,281,177,71,0,0,0,23,1,1
511499,77,61,22,1,1,0,3,0,1
511500,1399,605,476,0,0,0,147,2,1
511501,85,70,24,0,0,0,4,0,1
511508,51,44,20,0,0,0,5,0,1
511512,119,83,34,2,2,2,12,0,1
511515,50,47,10,0,0,0,3,1,1
511516,50,45,10,0,0,0,9,0,1
511519,339,198,103,0,0,0,13,0,1
511522,93,79,21,0,0,0,19,0,1
511523,372,172,116,0,0,0,4,2,1
511525,1286,522,450,0,0,0,127,2,1
511530,121,75,42,1,1,0,4,0,1
511531,60,48,22,0,0,0,5,0,1
511534,50,41,19,0,0,0,2,0,1
511536,213,204,10,0,0,0,22,0,1
511537,133,92,33,0,0,0,5,0,1
511542,368,221,95,0,0,0,45,1,1
511543,808,325,332,0,0,0,10,0,1
511547,66,62,5,0,0,0,18,0,1
511551,294,177,89,0,0,0,5,0,1
511552,792,339,296,0,0,5,16,1,1
511560,102,68,6,0,0,0,27,0,1
511561,100,82,33,0,0,0,7,0,1
511562,64,64,2,0,0,0,12,0,1
511563,142,96,54,0,0,0,9,0,1
511566,410,214,153,0,0,0,14,1,1
511567,133,96,45,0,0,0,3,0,1
511573,394,219,124,4,3,1,19,1,1
511574,191,110,65,0,0,0,15,0,1
511576,160,124,39,0,0,0,4,1,1
511578,88,70,32,0,0,0,15,0,1
511579,461,247,155,0,0,0,13,0,1
511581,66,63,14,0,0,0,28,0,1
511583,417,205,140,0,0,0,1,1,1
511586,687,252,255,0,0,0,5,1,1
511589,35,28,5,0,0,0,12,0,1
511591,32,22,12,0,0,0,2,0,1
511596,97,79,20,0,0,0,11,0,1
511600,188,138,72,0,0,0,17,0,1
511604,95,75,27,1,1,0,2,1,1
511608,84,75,22,0,0,0,5,0,1
511609,179,125,53,0,0,0,4,0,1
511611,156,109,61,0,0,0,6,0,1
511612,1236,472,422,0,0,0,19,1,1
511614,58,56,4,0,0,0,3,0,1
511617,27,24,9,0,0,0,3,0,1
511618,410,224,131,4,4,3,27,2,1
511619,442,239,149,2,2,3,25,0,1
511620,54,42,11,0,0,0,22,0,1
511628,1481,576,21,14,4,14,677,0,1
511631,143,92,37,3,1,0,5,0,1
511633,110,75,47,3,3,1,3,0,1
511634,299,201,71,1,1,1,11,2,1
511636,107,79,33,0,0,0,8,0,1
511637,132,88,38,0,0,0,4,0,1
511641,46,35,18,0,0,0,2,0,1
511642,152,112,36,1,1,0,15,0,1
511643,321,167,118,0,0,0,8,0,1
511645,119,115,8,0,0,0,27,0,1
511647,19,16,8,0,0,0,1,0,1
511648,184,121,28,1,1,0,51,0,1
511649,312,183,101,0,0,0,12,0,1
511655,289,183,93,0,0,0,18,1,1
511656,420,208,174,0,0,0,14,1,1
511664,35,33,11,0,0,0,2,0,1
511665,1277,563,427,0,0,0,147,2,1
511667,38,37,5,0,0,0,3,0,1
511671,152,151,5,0,0,0,8,0,1
511675,73,60,22,0,0,0,10,0,1
511676,46,37,11,0,0,0,1,0,1
511681,183,113,49,0,0,0,17,0,1
511682,254,144,89,2,1,0,4,1,1
511684,50,40,20,0,0,0,0,0,1
511685,186,129,74,0,0,0,4,0,1
511686,65,51,22,0,0,0,4,1,1
511687,109,84,31,0,0,0,2,0,1
511688,71,51,33,0,0,0,0,0,1
511693,229,117,91,0,0,0,2,2,1
511694,35,35,1,0,0,0,15,0,1
511695,186,111,57,0,0,0,13,1,1
511704,643,344,207,0,0,0,77,0,1
511705,29,28,3,0,0,0,14,0,1
511714,1752,851,514,0,0,0,102,0,1
511715,150,95,47,0,0,0,3,0,1
511718,91,75,18,0,0,0,12,0,1
511720,8,8,1,0,0,0,2,0,1
511725,226,133,73,0,0,0,6,1,1
511726,225,140,69,0,0,0,4,0,1
511729,1217,501,386,0,0,0,119,1,1
511740,122,89,35,2,2,0,7,0,1
511741,136,96,29,6,5,3,18,0,1
511742,79,62,23,0,0,0,9,0,1
511743,122,121,1,0,0,0,9,0,1
511745,38,35,9,0,0,0,2,0,1
511747,53,39,13,0,0,0,0,0,1
511749,38,34,8,0,0,0,1,0,1
511750,228,90,22,0,0,0,17,0,1
511752,175,113,67,0,0,0,3,1,1
511753,437,240,142,0,0,0,8,0,1
511757,3703,717,1266,59,28,26,191,2,1
511761,54,50,4,0,0,0,20,0,1
511762,22,22,3,0,0,0,9,0,1
511763,77,52,32,0,0,0,9,0,1
511767,46,44,12,0,0,0,11,0,1
511770,445,221,99,0,0,0,41,1,1
511773,275,159,92,0,0,0,4,0,1
511774,513,505,4,0,0,0,56,0,1
511775,56,48,24,0,0,1,1,1,1
511776,102,66,6,0,0,0,27,0,1
511779,91,71,26,0,0,0,5,0,1
511780,92,75,24,0,0,0,4,0,1
511781,76,63,25,0,0,0,1,0,1
511783,102,62,14,6,2,1,20,0,1
511789,61,42,18,0,0,0,3,0,1
511790,316,170,125,0,0,0,15,2,1
511795,119,90,37,0,0,0,9,0,1
511796,10,10,2,1,1,0,1,0,1
511798,80,65,33,0,0,0,8,0,1
511799,545,281,216,2,2,3,12,2,1
511800,30,27,8,0,0,0,3,0,1
511805,33,25,8,0,0,0,0,0,1
511816,52,46,17,0,0,0,1,0,1
511831,1095,331,393,0,0,0,10,2,1
511832,24,23,5,0,0,0,1,1,1
511835,57,46,17,0,0,0,3,0,1
511838,44,43,5,0,0,0,4,0,1
511840,29,27,7,0,0,0,1,0,1
511844,58,48,19,0,0,0,5,0,1
511846,42,38,8,0,0,0,4,0,1
511847,603,590,6,0,0,0,59,1,1
511849,56,51,8,0,0,0,8,0,1
511850,113,82,34,1,1,0,2,0,1
511851,187,91,56,7,4,4,21,0,1
511856,150,100,45,0,0,0,4,0,1
511857,251,142,88,0,0,0,3,0,1
511859,176,113,68,0,0,0,3,1,1
511862,324,197,63,0,0,0,68,1,1
511866,184,116,48,0,0,0,2,0,1
511867,67,66,7,0,0,0,2,0,1
511874,34,15,0,2,1,2,11,0,1
511875,201,124,76,1,1,1,3,0,1
511877,233,132,51,0,0,0,27,0,1
511878,71,61,25,0,0,0,2,0,1
511879,589,284,170,0,0,0,15,2,1
511881,153,95,56,0,0,0,9,0,1
511882,45,45,0,0,0,0,2,0,1
511889,2289,666,884,0,0,0,31,4,1
511892,161,111,44,0,0,0,3,1,1
511895,121,69,41,1,1,0,1,0,1
511896,1063,835,12,0,0,0,142,0,1
511901,148,99,55,0,0,0,9,0,1
511905,452,215,191,0,0,0,8,1,1
511906,122,79,43,0,0,0,0,1,1
511908,127,89,20,0,0,0,16,0,1
511911,173,98,57,3,2,0,4,0,1
511913,131,98,37,0,0,0,2,0,1
511916,27,24,9,0,0,0,3,0,1
511918,353,203,139,0,0,0,5,0,1
511919,1254,416,481,0,0,0,17,3,1
511923,100,61,18,5,3,3,18,0,1
511924,94,73,23,0,0,0,4,0,1
511925,105,70,36,0,0,0,5,0,1
511926,250,164,24,0,0,0,132,0,1
511927,68,62,8,0,0,0,12,0,1
511929,82,67,26,0,0,0,13,1,1
511930,40,38,8,0,0,0,5,0,1
511931,76,44,7,0,0,0,12,0,1
511932,18,14,2,0,0,0,6,0,1
511936,70,42,23,0,0,0,5,0,1
511938,97,76,27,0,0,0,3,0,1
511942,480,471,19,0,0,0,31,0,1
511944,82,61,34,0,0,0,0,0,1
511946,44,36,15,0,0,0,0,1,1
511949,81,81,12,0,0,0,12,0,1
511953,48,39,13,0,0,0,0,0,1
511954,153,103,38,4,2,2,10,1,1
511955,18,17,6,0,0,0,0,0,1
511956,35,30,6,0,0,0,9,0,1
511957,437,217,120,0,0,0,26,0,1
511958,887,363,291,0,0,1,30,1,1
511965,937,366,380,0,0,0,25,1,1
511977,74,60,29,0,0,0,3,1,1
511978,153,123,15,0,0,0,30,0,1
511980,48,48,1,0,0,0,4,0,1
511983,78,61,25,0,0,0,5,0,1
511985,6,6,2,0,0,0,0,0,1
511987,105,79,26,0,0,0,8,0,1
511990,69,60,20,0,0,0,2,0,1
511995,89,72,27,0,0,0,6,0,1
511996,47,45,5,0,0,0,1,0,1
511998,13,13,4,0,0,0,3,0,1
512003,186,130,63,0,0,0,17,1,1
512004,103,68,16,5,3,2,19,0,1
512006,157,107,4,0,0,0,84,0,1
512007,83,67,23,0,0,0,16,0,1
512008,305,196,103,0,0,0,8,0,1
512011,76,64,24,0,0,0,4,1,1
512013,276,172,101,4,3,0,10,1,1
512014,321,187,91,0,0,0,38,0,1
512017,46,38,12,0,0,0,8,0,1
512019,243,152,79,3,2,0,15,1,1
512024,370,203,117,0,0,0,17,0,1
512025,28,25,6,0,0,0,1,0,1
512027,267,175,74,0,0,0,21,0,1
512028,79,54,6,0,0,0,2,0,1
512029,228,90,22,0,0,0,17,0,1
512034,216,141,74,0,0,0,12,0,1
512038,261,158,81,0,0,0,7,1,1
512040,310,195,74,1,1,1,10,0,1
512041,128,77,3,0,0,0,60,0,1
512043,351,197,143,0,0,0,6,1,1
512044,98,76,21,0,0,0,4,0,1
512045,85,66,24,0,0,0,13,0,1
512046,84,70,13,0,0,0,11,1,1
512047,65,63,7,0,0,0,17,0,1
512049,610,315,196,0,0,0,68,0,1
512053,113,84,47,0,0,0,3,1,1
512055,319,179,119,2,2,1,26,1,1
512058,25,22,9,0,0,0,1,0,1
512060,618,282,233,0,0,0,7,1,1
512063,145,106,46,0,0,0,9,0,1
512067,599,279,236,0,0,0,10,1,1
512069,54,50,10,0,0,0,18,0,1
512071,122,84,29,0,0,1,8,0,1
512072,262,137,76,0,0,0,8,0,1
512073,84,77,1,0,0,0,1,0,1
512074,77,53,28,2,2,3,10,0,1
512075,285,199,74,1,1,0,10,0,1
512076,104,74,41,0,0,1,3,0,1
512081,1281,565,424,0,0,0,152,2,1
512082,133,83,55,0,0,0,4,0,1
512083,179,102,64,0,0,2,4,1,1
512084,65,52,21,0,0,0,2,0,1
512086,79,69,14,0,0,0,17,0,1
512089,82,65,24,0,0,0,7,0,1
512094,162,99,56,4,2,1,7,0,1
512095,72,58,22,0,0,0,4,1,1
512097,63,55,20,0,0,0,2,0,1
512098,57,46,22,0,0,0,1,0,1
512099,69,51,23,0,0,0,3,2,1
512100,63,62,6,0,0,0,16,0,1
512102,139,114,27,0,0,0,27,0,1
512104,481,236,209,0,0,0,9,1,1
512105,62,52,24,0,0,0,1,1,1
512106,1033,465,356,0,0,0,104,2,1
512107,43,38,7,0,0,0,9,1,1
512108,14,14,2,0,0,0,2,0,1
512109,108,73,34,3,1,1,6,0,1
512119,608,291,226,0,0,0,39,0,1
512120,314,177,119,0,0,0,21,1,1
512121,401,193,182,0,0,0,2,2,1
512122,48,46,13,0,0,0,10,0,1
512129,30,23,1,0,0,0,3,1,1
512134,88,67,32,0,0,0,13,0,1
512144,103,67,29,2,1,0,5,0,1
512146,216,138,69,0,0,0,10,1,1
512150,85,67,25,0,0,0,10,0,1
512152,85,67,25,0,0,0,9,0,1
512154,189,132,72,0,0,0,7,0,1
512155,172,90,64,1,1,0,7,0,1
512160,176,127,31,2,1,1,10,1,1
512166,166,92,47,0,0,0,13,0,1
512171,488,249,200,0,0,0,12,2,1
512173,40,33,8,0,0,0,1,0,1
512177,19,16,4,0,0,0,2,0,1
512181,99,77,24,0,0,0,10,0,1
512184,63,60,8,0,0,0,14,0,1
512185,1112,257,72,0,0,0,322,0,1
512189,20,15,6,0,0,0,0,0,1
512191,79,69,14,0,0,0,19,0,1
512192,190,129,63,0,0,0,14,1,1
512196,87,55,17,5,1,0,12,0,1
512206,114,87,31,1,1,0,8,0,1
512207,181,83,37,0,0,0,7,0,1
512209,46,41,17,0,0,0,6,0,1
512210,385,213,147,3,3,1,17,1,1
512212,43,43,2,0,0,0,1,0,1
512213,425,221,142,0,0,0,10,1,1
512218,114,75,31,0,0,0,9,0,1
512219,476,248,189,0,0,0,7,3,1
512226,80,64,33,0,0,0,8,0,1
512228,44,37,13,0,0,0,8,0,1
512229,105,69,38,0,0,0,10,0,1
512233,50,45,7,0,0,0,8,0,1
512235,18,18,5,0,0,0,0,0,1
512241,2724,990,776,0,0,0,205,2,1
512242,183,114,76,0,0,0,2,0,1
512243,9,9,1,0,0,0,4,0,1
512248,131,121,9,0,0,0,14,0,1
512250,101,95,8,0,0,0,54,0,1
512251,30,27,9,0,0,0,5,0,1
512252,64,53,17,0,0,0,5,0,1
512253,1215,554,376,0,0,0,151,0,1
512256,135,67,24,0,0,0,6,0,1
512261,42,31,10,0,0,0,5,0,1
512263,355,182,116,6,5,1,10,1,1
512268,175,106,58,0,0,0,15,0,1
512270,982,394,369,0,0,0,6,2,1
512273,78,58,17,0,0,0,9,0,1
512276,167,111,45,0,0,0,22,0,1
512277,374,190,120,3,3,1,14,1,1
512279,151,114,43,0,0,0,7,0,1
512283,500,252,68,0,0,0,29,0,1
512290,401,194,123,6,1,1,10,1,1
512291,53,45,15,0,0,0,3,0,1
512292,81,74,9,1,1,1,6,0,1
512295,84,68,22,0,0,0,12,0,1
512299,13,12,3,0,0,0,0,0,1
512303,43,40,6,0,0,0,6,0,1
512304,78,59,28,1,1,0,0,0,1
512305,23,22,3,0,0,0,7,0,1
512306,87,66,32,0,0,0,13,0,1
512311,37,28,6,0,0,0,3,0,1
512314,105,73,34,2,1,1,5,0,1
512318,1025,469,352,0,0,0,112,2,1
512321,149,90,43,0,0,0,8,0,1
512322,123,94,29,1,1,0,11,0,1
512323,174,118,43,0,0,0,14,0,1
512324,55,47,13,0,0,0,2,0,1
512325,258,149,106,0,0,0,8,0,1
512330,206,153,10,0,0,0,35,0,1
512332,63,51,24,0,0,0,4,0,1
512333,2118,767,549,1,1,0,153,1,1
512334,58,47,23,0,0,0,7,0,1
512338,187,125,53,3,3,1,14,0,1
512339,84,70,16,0,0,0,29,1,1
512340,81,57,14,0,0,0,5,0,1
512347,435,216,110,0,0,0,29,0,1
512351,73,63,22,0,0,0,3,1,1
512355,539,241,194,0,0,0,42,1,1
512359,109,73,36,0,0,0,11,0,1
512360,26,26,5,0,0,0,12,0,1
512361,57,57,6,0,0,0,7,0,1
512364,62,49,17,0,0,0,8,0,1
512366,57,48,14,0,0,0,5,1,1
512370,62,53,1,0,0,0,45,0,1
512371,93,80,17,0,0,0,19,2,1
512374,46,46,2,0,0,0,10,0,1
512382,1112,526,340,0,0,0,145,0,1
512383,74,64,10,0,0,0,18,0,1
512386,71,58,19,0,0,0,6,0,1
512387,186,123,56,0,0,0,4,0,1
512392,70,62,8,0,0,0,19,0,1
512393,108,81,37,0,0,0,10,1,1
512394,122,83,20,4,1,1,15,0,1
512398,284,162,81,7,6,1,34,0,1
512401,72,59,22,0,0,0,4,0,1
512404,64,49,21,0,0,0,2,0,1
512405,1884,782,567,0,0,0,122,0,1
512406,39,35,12,0,0,0,2,0,1
512407,137,113,24,0,0,0,34,0,1
512408,174,109,59,0,0,0,4,0,1
512409,76,64,20,0,0,0,6,1,1
512414,155,124,38,0,0,0,10,0,1
512417,262,137,76,0,0,0,12,0,1
512423,2775,826,998,2,2,1,21,0,1
512424,102,66,6,0,0,0,25,0,1
512431,42,34,9,0,0,0,7,0,1
512432,301,173,119,0,0,0,4,1,1
512433,186,127,63,0,0,0,14,1,1
512437,80,65,33,0,0,0,8,0,1
512440,48,38,15,0,0,0,3,0,1
512441,430,219,135,3,3,2,22,1,1
512448,362,210,136,0,0,0,26,2,1
512449,45,33,12,0,0,0,4,0,1
512450,139,100,38,0,0,0,3,0,1
512451,68,55,25,0,0,0,1,0,1
512453,335,185,132,0,0,0,11,2,1
512459,45,39,12,0,0,0,7,0,1
512463,150,108,56,0,0,0,12,0,1
512464,139,92,46,0,0,0,3,0,1
512465,72,62,22,0,0,0,3,0,1
512466,171,119,56,0,0,0,12,0,1
512470,24,22,5,0,0,0,1,0,1
512471,214,137,22,0,0,0,60,0,1
512473,66,59,23,0,0,0,3,0,1
512477,84,66,28,2,1,0,2,1,1
512479,380,228,127,0,0,0,26,0,1
512482,85,67,25,0,0,0,9,0,1
512484,362,148,149,0,0,0,30,1,1
512489,541,312,171,0,0,0,95,0,1
512491,190,108,71,0,0,0,4,0,1
512493,30,29,9,0,0,0,0,0,1
512496,77,52,4,6,4,1,43,0,1
512499,87,68,26,3,3,0,4,0,1
512500,7,6,0,0,0,0,3,0,1
512502,44,43,5,0,0,0,2,0,1
512505,461,237,193,1,1,0,26,2,1
512506,88,68,32,0,0,0,15,0,1
512511,95,73,18,1,1,0,8,1,1
512514,72,60,20,0,0,0,2,0,1
512517,157,103,51,0,0,0,6,0,1
512518,499,288,158,0,0,0,95,0,1
512525,10,10,4,0,0,0,0,0,1
512526,10,10,4,0,0,0,0,0,1
512532,98,86,13,0,0,0,23,0,1
512536,8,8,4,0,0,0,0,0,1
512537,79,65,2,0,0,0,35,0,1
512538,169,123,29,2,2,2,19,0,1
512540,160,94,37,0,0,0,10,0,1
512544,559,261,214,3,3,1,17,1,1
512545,325,208,75,0,0,0,31,0,1
512551,313,181,124,0,0,0,28,0,1
512558,306,184,117,0,0,0,19,1,1
512559,102,69,6,0,0,0,28,0,1
512568,34,31,4,0,0,0,16,0,1
512570,139,85,58,0,0,0,15,0,1
512571,229,138,99,0,0,0,7,0,1
512574,113,81,40,0,0,0,2,0,1
512576,85,67,24,0,0,0,10,0,1
512580,94,67,37,0,0,0,3,0,1
512581,269,167,101,3,2,0,9,1,1
512585,229,93,22,0,0,0,20,0,1
512587,152,96,24,0,0,0,42,1,1
512590,61,59,3,0,0,0,2,0,1
512592,28,26,9,1,1,0,2,0,1
512593,201,149,80,0,0,0,6,0,1
512594,145,136,11,0,0,0,18,1,1
512596,75,56,14,0,0,0,6,0,1
512597,214,133,22,0,0,0,59,0,1
512598,507,259,175,0,0,2,21,1,1
512604,45,37,14,0,0,0,0,0,1
512605,135,97,50,0,0,0,8,0,1
512607,59,49,23,0,0,0,0,0,1
512614,174,126,61,0,0,0,12,0,1
512622,396,197,144,0,0,0,4,0,1
512623,78,67,20,0,0,0,3,0,1
512624,42,39,11,0,0,0,1,0,1
512627,40,39,9,0,0,0,11,0,1
512628,128,92,35,0,0,0,7,0,1
512629,56,45,10,0,0,0,5,0,1
512632,81,72,19,0,0,0,5,0,1
512635,22,20,6,0,0,0,1,0,1
512636,66,48,7,4,4,3,17,0,1
512637,433,199,137,0,0,0,12,1,1
512638,206,110,94,0,0,1,1,1,1
512640,181,179,4,0,0,0,11,0,1
512644,44,44,0,0,0,0,6,0,1
512647,260,139,47,0,0,0,82,0,1
512650,80,77,9,0,0,0,2,0,1
512653,940,439,318,0,0,0,28,2,1
512656,11,10,2,0,0,0,1,0,1
512658,412,218,88,0,0,0,13,0,1
512661,264,135,118,0,0,0,5,1,1
512662,505,196,57,0,0,0,84,1,1
512666,497,198,222,0,0,3,6,0,1
512667,145,99,53,0,0,0,1,0,1
512668,19,19,4,0,0,0,1,0,1
512670,85,66,24,0,0,0,8,0,1
512674,8,8,1,0,0,0,0,0,1
512675,21,21,1,0,0,0,10,0,1
512677,167,127,43,0,0,0,5,1,1
512680,287,210,20,0,0,0,135,0,1
512681,168,96,57,0,0,0,1,0,1
512682,170,111,54,0,0,0,3,0,1
512683,147,113,47,0,0,0,16,0,1
512685,13,13,1,0,0,0,2,0,1
512686,142,89,44,0,0,0,6,0,1
512690,95,73,28,0,0,0,6,0,1
512693,27,27,8,0,0,0,1,0,1
512694,88,64,22,0,0,0,7,0,1
512697,1221,552,373,0,0,0,154,0,1
512701,216,125,85,1,1,0,2,0,1
512708,148,89,28,0,0,0,10,0,1
512712,287,136,117,0,0,0,1,0,1
512720,48,39,8,0,0,0,23,0,1
512721,26,21,2,0,0,0,5,0,1
512723,1504,1452,2,0,0,0,146,0,1
512725,398,226,101,0,0,0,32,1,1
512727,283,148,88,0,0,0,22,0,1
512729,59,59,1,0,0,0,5,0,1
512730,50,41,19,0,0,0,2,0,1
512732,113,74,33,5,5,4,20,0,1
512734,65,46,21,0,0,0,5,0,1
512738,48,44,11,0,0,0,4,0,1
512743,113,88,15,0,0,0,31,0,1
512746,268,157,102,0,0,0,11,2,1
512750,79,66,24,0,0,0,5,0,1
512751,123,89,43,0,0,0,7,0,1
512758,138,113,35,0,0,0,1,0,1
512759,43,39,7,0,0,0,4,0,1
512761,173,141,32,0,0,0,12,1,1
512768,100,80,25,0,0,0,2,0,1
512770,63,51,23,0,0,0,3,0,1
512772,85,66,24,0,0,0,9,0,1
512775,98,73,26,3,3,1,13,0,1
512777,35,32,7,0,0,0,8,0,1
512778,130,120,19,0,0,0,25,0,1
512779,597,106,88,0,0,0,222,0,1
512783,326,189,97,0,0,0,22,0,1
512784,122,91,39,2,2,1,6,0,1
512787,203,128,56,0,0,0,9,0,1
512790,892,373,295,0,0,0,46,1,1
512792,47,37,15,0,0,0,1,1,1
512793,102,87,22,0,0,0,5,0,1
512794,88,56,8,0,0,0,6,0,1
512798,33,28,0,1,1,0,25,0,1
512806,179,128,63,0,0,0,25,0,1
512807,3,3,0,0,0,0,2,0,1
512809,91,72,26,0,0,0,8,0,1
512816,94,71,24,0,0,0,3,0,1
512817,331,203,98,0,0,0,19,0,1
512819,10,10,1,0,0,0,6,0,1
512821,51,47,14,0,0,0,4,0,1
512822,28,27,3,0,0,0,9,0,1
512825,133,97,43,0,0,0,11,1,1
512828,515,240,221,0,0,0,19,2,1
512829,171,107,46,0,0,0,39,1,1
512832,44,44,0,0,0,0,8,0,1
512834,90,75,23,0,0,0,12,0,1
512837,262,152,98,1,1,0,2,1,1
512838,67,52,22,0,0,0,2,0,1
512841,166,115,48,2,2,3,19,1,1
512843,52,45,9,0,0,0,0,0,1
512847,76,42,6,0,0,0,14,0,1
512850,108,72,44,0,0,0,9,0,1
512851,214,108,92,0,0,0,10,0,1
512857,10,10,3,0,0,0,2,0,1
512858,589,252,244,1,1,2,2,0,1
512860,139,95,41,0,0,0,9,1,1
512861,78,70,10,0,0,0,16,0,1
512863,202,130,55,3,3,1,12,0,1
512866,14,14,0,0,0,0,11,0,1
512869,582,287,30,0,0,0,300,0,1
512870,479,241,145,5,1,1,15,1,1
512874,50,43,16,0,0,0,4,0,1
512879,387,229,104,0,0,0,43,0,1
512881,40,33,12,0,0,0,1,0,1
512882,71,61,10,0,0,0,18,0,1
512885,199,142,56,0,0,0,4,0,1
512886,34,23,4,3,3,1,11,0,1
512889,127,98,28,0,0,0,7,0,1
512892,54,47,10,0,0,0,2,0,1
512901,150,92,46,3,3,1,13,0,1
512906,105,80,40,1,1,1,6,0,1
512910,136,97,42,0,0,0,12,2,1
512911,120,94,40,0,0,0,6,0,1
512912,199,122,86,0,0,0,3,0,1
512913,66,60,20,0,0,0,2,0,1
512914,77,76,6,0,0,0,9,0,1
512916,69,61,17,0,0,0,12,0,1
512917,42,40,6,0,0,0,4,0,1
512927,56,46,19,1,1,0,2,0,1
512932,35,29,10,0,0,0,3,0,1
512933,583,289,236,0,0,0,10,1,1
512935,116,95,29,0,0,0,7,1,1
512939,84,81,13,0,0,0,22,0,1
512941,56,51,7,0,0,0,21,0,1
512944,246,140,87,0,0,0,9,0,1
512945,177,126,52,0,0,0,8,0,1
512946,475,262,176,0,0,0,16,2,1
512949,127,91,39,0,0,0,3,0,1
512952,34,21,5,0,0,0,8,0,1
512957,38,38,6,0,0,0,0,1,1
512958,421,182,152,3,2,0,3,1,1
512960,449,254,151,0,0,0,11,2,1
512962,68,62,11,0,0,0,12,0,1
512963,44,42,10,0,0,0,7,0,1
512964,40,37,5,0,0,0,2,0,1
512967,59,46,11,0,0,0,9,1,1
512968,49,46,13,1,1,0,6,0,1
512970,73,64,8,0,0,0,16,0,1
512971,23,15,2,0,0,0,6,0,1
512972,101,100,5,0,0,0,15,0,1
512973,223,149,59,0,0,0,8,2,1
512974,131,114,8,0,0,0,19,0,1
512978,688,285,197,0,0,0,7,2,1
512979,158,107,49,0,0,0,13,0,1
512981,278,167,110,0,0,0,10,0,1
512982,375,214,113,0,0,0,18,1,1
512983,388,125,24,0,0,0,142,0,1
512986,88,60,35,0,0,0,6,0,1
512988,365,183,123,2,2,2,13,1,1
512998,122,90,1,1,1,0,78,0,1
512999,378,231,65,0,0,0,65,1,1
513002,43,36,16,3,2,1,2,0,1
513003,64,55,22,0,0,0,5,0,1
513005,63,48,6,0,0,0,10,0,1
513007,3,2,0,0,0,0,1,0,1
513010,66,57,17,0,0,0,18,0,1
513012,57,53,15,0,0,0,2,0,1
513013,1299,527,445,0,0,0,26,2,1
513016,11378,2205,4248,7,6,12,520,4,1
513018,18,16,0,0,0,0,5,0,1
513023,117,95,32,0,0,0,9,0,1
513026,61,50,17,2,1,0,4,0,1
513033,329,169,82,5,1,1,38,0,1
513038,117,94,14,0,0,0,28,1,1
513040,208,131,67,0,0,1,6,0,1
513050,178,117,39,4,4,2,27,0,1
513053,42,41,2,0,0,0,4,0,1
513058,203,126,42,0,0,0,51,0,1
513059,179,125,53,0,0,0,4,0,1
513061,43,41,8,0,0,0,11,0,1
513062,1156,493,370,0,0,0,46,3,1
513064,380,217,142,0,0,0,3,0,1
513067,655,336,211,0,0,0,90,1,1
513068,40,39,5,0,0,0,8,0,1
513073,85,66,25,0,0,0,9,0,1
513075,42,35,7,0,0,0,2,0,1
513076,384,217,115,0,0,0,19,0,1
513078,178,128,46,3,2,1,15,0,1
513081,13,12,0,0,0,0,7,0,1
513084,213,133,63,0,0,0,18,1,1
513087,189,111,66,0,0,0,2,0,1
513090,106,69,39,0,0,0,0,0,1
513095,124,80,38,0,0,0,10,0,1
513104,52,42,10,0,0,0,2,0,1
513105,61,51,22,0,0,0,8,0,1
513118,227,130,72,0,0,0,16,1,1
513122,89,65,24,3,3,1,13,0,1
513129,49,42,9,0,0,0,7,0,1
513131,394,238,120,5,4,3,25,1,1
513133,147,95,34,0,0,0,21,0,1
513135,271,167,86,1,1,2,7,2,1
513139,115,69,42,0,0,0,1,0,1
513140,50,45,10,0,0,0,9,0,1
513141,1010,462,338,0,0,0,40,0,1
513144,111,83,37,0,0,0,4,1,1
513146,267,155,50,0,0,0,54,0,1
513149,85,66,25,0,0,0,8,0,1
513150,96,72,20,0,0,0,5,0,1
513152,382,194,151,0,0,0,19,0,1
513161,1136,283,56,0,0,0,370,0,1
513162,218,145,68,0,0,0,8,0,1
513163,610,330,170,0,0,0,34,0,1
513165,73,56,13,0,0,0,10,0,1
513173,31,25,11,0,0,0,3,0,1
513175,696,341,249,0,0,0,29,2,1
513180,10,10,0,0,0,0,5,0,1
513181,221,120,93,0,0,0,12,0,1
513182,112,75,20,0,0,0,17,0,1
513184,451,241,143,0,0,0,14,0,1
513187,99,81,11,0,0,0,29,0,1
513189,90,88,8,0,0,0,0,0,1
513192,142,132,22,0,0,0,12,1,1
513193,70,66,4,0,0,0,1,0,1
513196,24,24,2,0,0,0,10,0,1
513197,111,89,23,0,0,0,5,0,1
513199,65,52,20,0,0,0,7,1,1
513200,107,75,34,0,0,0,4,0,1
513201,34,32,6,0,0,1,5,0,1
513205,83,64,24,0,0,0,8,0,1
513212,65,53,19,2,1,0,6,0,1
513214,409,224,115,1,1,0,13,2,1
513215,274,153,101,0,0,0,20,0,1
513216,549,537,9,0,0,0,53,0,1
513220,1392,598,490,0,0,0,123,2,1
513221,166,122,36,0,0,0,8,1,1
513226,326,181,126,0,0,2,11,2,1
513233,25,24,2,0,0,0,10,0,1
513234,80,65,33,0,0,0,7,0,1
513235,86,66,31,0,0,0,10,0,1
513236,168,101,60,0,0,0,6,1,1
513243,100,81,26,0,0,0,11,0,1
513255,30,30,2,0,0,0,11,1,1
513259,97,72,30,0,0,0,1,0,1
513263,32,32,2,0,0,0,3,0,1
513265,132,131,2,0,0,0,8,0,1
513266,108,68,40,0,0,0,1,0,1
513269,10,10,1,0,0,0,0,0,1
513272,58,53,0,0,0,0,18,0,1
513274,216,166,62,0,0,0,18,0,1
513277,75,63,26,0,0,0,4,1,1
513289,20,20,1,0,0,0,5,0,1
513293,137,82,49,1,1,0,4,0,1
513297,157,94,45,0,0,0,7,0,1
513304,165,108,53,0,0,0,9,0,1
513305,409,224,178,0,0,0,6,1,1
513306,34,32,12,0,0,0,1,0,1
513308,127,80,42,0,0,0,6,0,1
513309,57,52,2,0,0,0,16,0,1
513311,41,39,7,0,0,0,0,0,1
513313,148,94,49,3,1,0,5,0,1
513321,98,77,30,0,0,2,5,0,1
513322,66,51,8,0,0,0,6,0,1
513324,102,68,6,0,0,0,28,0,1
513331,194,120,58,0,0,0,16,4,1
513332,46,41,17,0,0,0,2,0,1
513335,212,134,75,0,0,0,4,0,1
513336,187,131,63,0,0,0,16,1,1
513337,121,75,42,1,1,0,4,0,1
513340,140,87,46,0,0,0,12,0,1
513342,1370,587,466,0,0,0,115,4,1
513346,101,83,17,0,0,0,30,0,1
513349,12,12,2,0,0,0,1,0,1
513350,101,76,13,0,0,0,15,2,1
513354,56,44,22,0,0,0,1,0,1
513355,220,140,61,0,0,0,14,0,1
513357,59,55,17,1,1,0,2,0,1
513359,115,74,31,0,0,0,10,0,1
513360,309,188,85,2,2,3,28,0,1
513361,79,76,8,0,0,0,34,0,1
513363,74,58,25,0,0,0,0,0,1
513368,84,66,28,0,0,0,11,0,1
513371,1214,499,389,0,0,0,113,1,1
513379,146,97,49,0,0,0,6,0,1
513381,243,128,83,0,0,0,4,2,1
513382,110,99,10,0,0,0,25,0,1
513384,401,194,123,6,1,1,10,1,1
513389,843,407,298,0,0,0,29,1,1
513391,369,188,120,2,2,1,14,1,1
513392,45,38,9,0,0,0,6,0,1
513401,102,68,6,0,0,0,23,0,1
513402,35,28,9,0,0,0,1,0,1
513405,130,89,50,0,0,0,4,0,1
513410,188,129,69,0,0,0,2,1,1
513411,169,114,64,1,1,0,3,1,1
513412,108,83,24,1,1,0,1,1,1
513416,115,80,29,0,0,0,8,0,1
513420,153,97,54,0,0,0,3,2,1
513424,22,20,7,0,0,0,1,0,1
513429,1972,182,30,1,1,2,377,0,1
513431,42,31,14,0,0,0,1,0,1
513432,159,104,43,0,0,0,4,0,1
513435,11,11,4,0,0,0,0,0,1
513438,90,74,22,0,0,0,7,0,1
513440,255,142,96,0,0,0,5,1,1
513442,70,59,10,0,0,0,10,0,1
513444,483,247,175,6,3,1,17,0,1
513446,121,89,36,1,1,0,6,0,1
513448,185,131,59,0,0,0,48,0,1
513450,108,89,22,0,0,0,13,1,1
513455,124,77,46,0,0,0,11,0,1
513456,42,31,16,0,0,0,0,0,1
513460,85,67,28,0,0,0,5,0,1
513461,1779,388,312,0,0,0,370,1,1
513462,1108,491,263,0,0,0,61,1,1
513465,1275,473,82,0,0,0,601,0,1
513466,80,78,4,0,0,0,4,0,1
513468,47,42,5,0,0,0,11,0,1
513471,959,393,323,0,0,0,14,1,1
513476,182,122,58,4,4,0,10,0,1
513477,1700,644,565,0,0,0,67,2,1
513478,83,59,23,1,1,0,8,0,1
513480,1752,851,514,0,0,0,102,0,1
513481,194,113,69,1,1,0,7,0,1
513482,15,15,2,0,0,0,4,0,1
513484,169,112,44,0,0,0,25,0,1
513485,41,40,5,0,0,0,2,0,1
513490,768,225,65,0,0,0,340,0,1
513492,158,97,45,2,1,0,6,0,1
513494,815,434,190,0,0,0,58,1,1
513499,196,125,49,0,0,0,38,0,1
513501,127,107,28,0,0,0,21,0,1
513506,65,52,28,1,1,0,2,0,1
513510,6,6,2,0,0,0,0,0,1
513512,43,32,12,0,0,0,5,0,1
513517,62,51,26,0,0,0,2,0,1
513518,21,21,4,0,0,0,2,0,1
513520,215,133,63,0,0,0,4,0,1
513524,1166,506,358,0,0,1,34,1,1
513525,50,44,20,0,0,0,1,0,1
513528,33,31,8,0,0,0,12,0,1
513536,39,35,8,0,0,0,2,0,1
513538,143,98,53,0,0,0,5,0,1
513544,12,11,1,0,0,0,0,0,1
513546,91,73,32,0,0,0,5,1,1
513548,92,62,32,0,0,0,7,0,1
513550,38,35,6,0,0,0,1,0,1
513552,108,81,36,0,0,0,5,1,1
513558,185,113,63,0,0,0,4,2,1
513560,530,239,223,0,0,0,13,2,1
513564,60,45,19,0,0,0,3,1,1
513565,494,284,162,0,0,1,23,1,1
513566,502,264,161,0,0,0,23,0,1
513570,193,127,78,0,0,0,25,0,1
513572,142,111,14,0,0,0,29,0,1
513573,57,51,13,0,0,0,8,0,1
513575,169,122,38,0,0,0,16,0,1
513577,70,58,19,0,0,0,8,0,1
513578,52,45,15,0,0,0,0,0,1
513579,735,308,228,0,0,0,58,2,1
513581,184,105,61,1,1,0,1,0,1
513582,69,65,8,0,0,0,13,0,1
513584,85,85,2,0,0,0,43,0,1
513585,265,149,79,0,0,0,50,0,1
513586,249,168,90,0,0,0,10,0,1
513587,32,23,8,0,0,0,3,0,1
513588,61,50,18,0,0,0,2,0,1
513590,59,44,24,0,0,0,0,0,1
513591,205,133,68,0,0,0,7,0,1
513597,389,211,87,0,0,0,54,1,1
513599,52,51,4,0,0,0,3,0,1
513602,254,144,96,0,0,1,4,2,1
513605,37,34,6,0,0,0,8,0,1
513609,221,141,62,3,3,0,10,0,1
513610,95,79,24,0,0,0,7,1,1
513611,583,322,25,0,0,0,399,0,1
513615,100,69,29,0,0,0,0,1,1
513616,99,67,26,2,2,1,6,0,1
513617,85,66,24,0,0,0,9,0,1
513622,80,65,33,0,0,0,7,0,1
513623,60,47,18,0,0,0,2,0,1
513625,110,83,39,0,0,0,4,0,1
513626,66,55,22,0,0,0,2,0,1
513628,132,91,26,4,3,1,10,0,1
513631,103,101,3,0,0,0,15,0,1
513632,40,39,8,0,0,0,1,0,1
513634,536,245,224,0,0,0,9,3,1
513635,165,87,63,0,0,0,4,0,1
513637,8,8,1,0,0,0,2,0,1
513640,43,43,0,0,0,0,2,0,1
513642,402,203,170,5,5,0,13,1,1
513643,20,19,5,0,0,0,0,0,1
513645,45,34,17,1,1,0,3,0,1
513649,1305,417,455,0,0,2,55,1,1
513654,151,104,47,2,2,1,2,0,1
513656,24,23,10,0,0,0,0,0,1
513660,57,44,23,0,0,0,1,0,1
513661,176,113,64,0,0,0,5,0,1
513665,59,58,3,0,0,0,0,0,1
513667,402,208,145,0,0,0,10,2,1
513668,66,47,24,0,0,0,0,0,1
513669,63,51,27,1,1,0,2,0,1
513675,108,89,32,0,0,0,5,0,1
513676,119,94,34,0,0,0,6,0,1
513678,38,32,13,0,0,0,2,0,1
513679,66,55,22,0,0,0,2,0,1
513681,624,324,206,0,0,0,23,0,1
513682,63,50,21,0,0,0,5,0,1
513685,12,12,2,0,0,0,1,0,1
513693,204,131,64,0,0,0,6,1,1
513694,84,70,23,0,0,0,3,0,1
513700,83,66,26,0,0,0,12,0,1
513701,1068,432,364,0,0,0,11,1,1
513702,193,143,67,0,0,0,14,0,1
513707,90,75,21,0,0,1,15,0,1
513708,99,75,25,0,0,0,4,0,1
513720,62,53,19,0,0,0,2,0,1
513721,47,45,10,0,0,0,11,0,1
513722,298,187,75,0,0,0,19,0,1
513724,93,86,21,0,0,0,12,0,1
513730,174,103,74,0,0,0,1,0,1
513737,219,154,71,0,0,0,30,0,1
513742,27,24,9,0,0,0,3,0,1
513743,569,259,229,0,0,0,28,2,1
513745,66,53,4,0,0,0,37,0,1
513748,126,88,44,0,0,0,6,0,1
513755,345,192,112,4,3,6,25,0,1
513758,58,47,23,0,0,0,5,0,1
513759,152,108,50,0,0,0,2,0,1
513760,76,52,26,1,1,0,0,0,1
513761,143,108,49,0,0,0,3,0,1
513762,1901,534,659,0,0,0,98,0,1
513763,29,23,5,0,0,0,2,1,1
513764,79,67,16,0,0,0,13,0,1
513767,53,45,12,0,0,0,7,0,1
513771,596,286,240,0,0,0,14,3,1
513772,311,173,103,0,0,0,22,1,1
513777,24,24,1,0,0,0,1,0,1
513781,351,200,135,0,0,0,9,1,1
513782,109,86,19,0,0,0,12,0,1
513784,79,64,25,0,0,0,1,1,1
513785,179,124,20,0,0,0,9,1,1
513786,40,34,12,0,0,0,5,0,1
513787,335,194,101,3,2,2,16,1,1
513788,640,303,190,0,0,0,22,0,1
513798,127,83,46,0,0,0,1,1,1
513799,86,66,31,0,0,0,8,0,1
513805,74,56,22,0,0,0,7,0,1
513807,77,66,22,0,0,0,3,0,1
513811,80,65,33,0,0,0,8,0,1
513815,125,99,42,0,0,0,7,0,1
513816,27,24,5,0,0,0,5,0,1
513820,115,69,42,0,0,0,1,0,1
513822,39,37,8,0,0,0,1,0,1
513823,86,61,35,0,0,0,8,0,1
513824,286,157,126,0,0,0,7,0,1
513829,239,127,98,1,1,0,2,0,1
513834,60,52,20,0,0,0,5,0,1
513835,211,142,66,1,1,0,14,1,1
513838,160,114,68,0,0,0,6,0,1
513840,479,213,210,0,0,0,4,0,1
513841,62,51,22,0,0,0,4,0,1
513843,111,84,33,0,0,0,5,0,1
513845,257,161,70,2,1,1,7,0,1
513848,68,61,8,0,0,0,17,0,1
513852,189,125,69,0,0,0,3,0,1
513857,73,67,9,0,0,0,15,0,1
513859,104,87,17,0,0,0,12,1,1
513862,59,48,22,0,0,0,2,0,1
513863,190,113,77,2,1,1,11,0,1
513865,257,136,4,0,0,0,156,0,1
513867,771,276,263,0,0,0,26,1,1
513877,468,254,137,0,0,0,70,0,1
513882,1817,648,752,0,0,0,30,4,1
513885,224,154,37,7,4,2,20,0,1
513888,121,69,41,1,1,0,1,0,1
513889,117,88,29,0,0,0,9,0,1
513890,247,141,104,0,0,0,1,1,1
513894,53,42,21,0,0,0,1,0,1
513897,180,126,60,0,0,0,7,0,1
513898,149,126,33,0,0,0,10,0,1
513900,2818,822,1086,0,0,0,49,1,1
513901,369,199,144,3,2,0,10,1,1
513906,80,76,7,0,0,0,35,0,1
513907,46,43,10,0,0,0,14,0,1
513908,66,53,25,0,0,0,13,0,1
513910,1211,501,389,0,0,0,116,1,1
513911,32,29,9,0,0,0,3,0,1
513914,181,129,64,0,0,0,4,0,1
513915,533,263,156,0,0,0,20,2,1
513916,47,45,10,0,0,0,5,0,1
513919,281,157,102,0,0,0,8,1,1
513922,51,42,9,0,0,0,24,0,1
513925,41,38,11,0,0,0,3,0,1
513929,174,122,35,0,0,0,21,0,1
513935,102,79,26,0,0,0,20,0,1
513936,92,77,26,0,0,0,4,1,1
513937,14,14,1,0,0,0,1,0,1
513938,222,156,90,0,0,0,4,0,1
513939,864,378,278,0,0,0,40,0,1
513946,52,40,22,0,0,0,1,0,1
513948,17,15,6,0,0,0,2,0,1
513951,85,68,17,0,0,0,12,2,1
513953,225,140,87,0,0,0,3,1,1
513954,92,64,34,2,2,3,10,0,1
513957,61,42,19,2,1,2,5,0,1
513958,125,90,39,0,0,0,3,0,1
513960,412,220,81,0,0,0,81,0,1
513961,154,109,54,0,0,0,10,0,1
513969,174,105,70,0,0,0,4,0,1
513973,255,135,108,0,0,0,1,2,1
513974,35,34,11,0,0,0,1,0,1
513979,9,9,2,0,0,0,0,0,1
513983,88,67,27,0,0,0,2,0,1
513984,145,94,37,3,1,0,5,0,1
513988,363,148,151,0,0,0,30,1,1
513989,64,46,19,0,0,0,7,0,1
513990,61,55,23,0,0,0,3,0,1
513991,712,270,273,0,0,0,3,0,1
513994,38,38,1,0,0,0,3,0,1
513995,173,98,57,3,2,0,4,0,1
513996,183,115,51,0,0,0,1,0,1
513999,166,108,54,0,0,0,6,1,1
514000,66,65,7,0,0,0,9,0,1
514001,177,103,62,0,0,0,4,5,1
514004,139,104,42,3,3,1,14,0,1
514006,6,6,1,0,0,0,0,0,1
514007,34,31,9,0,0,0,11,0,1
514008,156,103,45,0,0,0,4,1,1
514009,180,129,49,0,0,0,18,0,1
514011,44,37,13,0,0,0,1,0,1
514015,75,63,22,0,0,0,3,0,1
514017,351,187,111,1,1,1,4,1,1
514022,269,151,5,0,0,0,134,0,1
514027,336,197,119,0,0,0,15,3,1
514028,31,30,9,0,0,0,1,0,1
514031,28,26,9,0,0,0,0,0,1
514033,992,413,339,0,0,0,108,0,1
514034,26,26,4,0,0,0,10,0,1
514035,149,117,45,0,0,0,13,0,1
514036,117,85,31,0,0,0,3,0,1
514039,79,55,30,0,0,0,1,1,1
514041,63,58,12,0,0,0,11,0,1
514042,414,225,146,4,4,1,21,1,1
514045,153,96,49,3,1,0,4,0,1
514046,61,57,8,0,0,0,17,0,1
514052,539,256,231,0,0,0,4,1,1
514055,1238,472,421,0,0,0,21,1,1
514056,132,102,37,0,0,0,19,0,1
514057,135,124,16,0,0,0,16,0,1
514058,311,173,103,0,0,0,22,1,1
514059,51,45,16,0,0,0,5,1,1
514060,349,210,100,0,0,0,30,0,1
514063,63,51,17,2,1,0,4,0,1
514066,32,32,4,0,0,0,2,0,1
514067,103,75,38,0,0,0,9,0,1
514068,72,49,22,0,0,0,4,1,1
514071,2634,610,1124,3,3,0,15,0,1
514075,66,63,8,0,0,0,15,0,1
514076,1278,519,447,0,0,0,35,2,1
514080,165,131,37,0,0,0,31,0,1
514083,69,63,11,0,0,0,12,0,1
514095,82,64,26,0,0,0,9,0,1
514096,1327,570,424,0,0,0,147,1,1
514099,244,136,110,0,0,0,8,1,1
514100,48,47,10,0,0,0,10,0,1
514101,74,65,24,0,0,0,3,0,1
514102,255,155,84,2,2,3,11,0,1
514108,62,53,7,0,0,0,23,0,1
514110,210,120,61,6,3,0,10,0,1
514113,84,61,12,0,0,0,5,1,1
514116,65,50,24,1,1,1,3,0,1
514118,75,61,12,0,0,0,8,0,1
514119,80,64,33,0,0,0,9,0,1
514122,44,30,4,4,4,2,13,0,1
514124,105,86,25,0,0,0,4,0,1
514128,180,107,62,0,0,0,1,0,1
514131,39,33,11,0,0,0,12,0,1
514132,233,129,91,0,0,0,5,0,1
514134,45,43,10,0,0,0,2,1,1
514135,40,38,5,0,0,0,2,0,1
514138,574,101,90,0,0,0,199,0,1
514142,16,7,0,3,1,0,7,0,1
514148,59,44,15,0,0,0,2,0,1
514150,393,191,165,0,0,0,5,1,1
514151,118,88,45,0,0,0,6,1,1
514152,49,43,0,0,0,0,27,0,1
514155,109,72,38,0,0,0,3,0,1
514161,294,177,89,0,0,0,5,0,1
514163,422,422,1,0,0,0,40,0,1
514164,76,56,32,0,0,0,4,0,1
514165,152,105,56,0,0,0,5,0,1
514166,93,87,10,0,0,0,0,0,1
514169,70,65,6,0,0,0,0,0,1
514171,12,12,2,0,0,0,3,0,1
514173,198,112,51,0,0,0,8,1,1
514174,105,64,20,0,0,0,43,0,1
514175,158,97,49,0,0,0,5,0,1
514179,92,61,35,0,0,0,3,0,1
514187,118,93,21,0,0,0,5,0,1
514189,276,160,92,0,0,0,5,0,1
514190,33,30,8,0,0,0,2,1,1
514191,1373,528,442,0,0,0,40,2,1
514195,1524,508,568,0,0,0,25,4,1
514197,128,97,33,0,0,0,8,0,1
514199,558,275,215,0,0,0,34,1,1
514201,197,115,25,0,0,0,17,0,1
514205,321,193,101,0,0,0,17,1,1
514209,902,390,302,0,0,0,54,0,1
514212,338,324,16,0,0,0,29,0,1
514219,38,35,12,0,0,0,5,0,1
514221,42,40,7,0,0,0,7,0,1
514223,89,72,24,0,0,0,5,1,1
514231,61,49,17,0,0,0,2,0,1
514234,428,221,135,0,0,0,15,1,1
514238,93,78,23,0,0,0,7,2,1
514239,37,37,3,0,0,0,15,0,1
514241,141,137,9,0,0,0,15,1,1
514244,332,211,84,0,0,0,33,0,1
514246,22,20,5,0,0,0,0,0,1
514247,83,59,33,0,0,0,3,1,1
514252,369,191,150,0,0,0,6,1,1
514254,150,103,55,2,1,1,9,0,1
514256,7,7,3,0,0,0,0,0,1
514261,44,36,5,1,1,0,11,0,1
514263,23,23,4,0,0,0,0,0,1
514264,1011,504,317,0,0,0,123,0,1
514266,96,84,27,0,0,0,7,0,1
514268,494,279,159,0,0,0,92,0,1
514270,472,255,136,0,0,0,24,1,1
514274,226,138,80,0,0,0,6,1,1
514275,13,12,4,0,0,0,0,0,1
514277,421,199,156,0,0,2,4,0,1
514278,52,44,16,0,0,0,2,0,1
514281,4735,1017,1922,0,0,0,68,2,1
514282,1394,596,486,0,0,0,136,2,1
514287,132,90,54,0,0,1,3,0,1
514288,94,74,17,1,1,1,4,1,1
514290,93,72,22,0,0,0,12,0,1
514292,45,38,14,0,0,0,1,0,1
514296,543,311,171,0,0,0,97,0,1
514299,111,104,13,0,0,0,38,0,1
514301,73,54,29,2,2,2,8,0,1
514303,291,139,98,0,0,0,5,2,1
514306,103,63,15,6,2,1,20,0,1
514307,1139,518,378,0,0,0,128,2,1
514309,35,35,0,0,0,0,2,0,1
514310,35,33,6,0,0,0,5,0,1
514312,25,24,5,0,0,0,1,1,1
514313,198,136,50,0,0,0,7,0,1
514315,92,58,26,0,0,0,1,0,1
514316,162,123,48,0,0,0,19,0,1
514322,139,89,34,5,3,0,2,0,1
514325,9,9,3,0,0,0,0,0,1
514326,214,209,14,0,0,0,168,0,1
514329,42,36,14,0,0,0,0,0,1
514330,31,27,6,0,0,0,2,0,1
514331,110,72,38,0,0,0,8,0,1
514332,110,86,21,0,0,0,27,0,1
514335,768,354,192,0,0,0,129,1,1
514337,39,34,11,0,0,0,5,0,1
514339,129,95,29,0,0,0,11,0,1
514340,13,13,1,0,0,0,2,0,1
514344,81,62,27,0,0,0,2,0,1
514347,68,68,2,0,0,0,9,0,1
514348,77,70,15,0,0,0,27,0,1
514349,54,47,13,0,0,0,9,0,1
514353,92,76,20,0,0,0,7,1,1
514354,539,285,155,0,0,0,64,1,1
514358,78,59,24,0,0,0,2,0,1
514359,22,22,8,0,0,0,2,0,1
514361,559,293,164,0,0,0,31,2,1
514362,33,30,5,0,0,0,0,0,1
514366,223,172,50,0,0,0,6,0,1
514375,3329,1025,831,1,1,1,361,1,1
514376,97,69,30,0,0,0,0,1,1
514377,585,242,253,6,4,3,17,0,1
514378,641,337,206,0,0,0,60,0,1
514380,1478,488,600,5,5,1,15,2,1
514381,32,30,3,0,0,0,2,1,1
514386,88,73,15,0,0,0,26,1,1
514394,117,90,53,0,0,0,14,0,1
514397,18,17,6,0,0,0,5,0,1
514398,13,13,5,0,0,0,1,0,1
514399,54,51,4,0,0,0,32,0,1
514400,158,104,43,0,0,0,10,1,1
514402,229,127,28,0,0,0,39,0,1
514404,508,256,179,6,4,2,21,0,1
514405,3766,705,1286,57,29,20,169,2,1
514408,191,163,40,0,0,0,9,1,1
514411,608,244,248,0,0,0,27,0,1
514415,184,122,56,0,0,0,2,1,1
514419,107,83,36,0,0,0,8,0,1
514422,410,227,125,0,0,0,35,0,1
514425,128,77,42,4,2,0,1,1,1
514428,469,249,137,0,0,0,60,0,1
514429,102,67,6,0,0,0,27,0,1
514430,85,83,2,0,0,0,15,0,1
514433,128,78,42,4,2,0,4,1,1
514435,75,66,10,0,0,0,15,0,1
514436,136,106,23,0,0,0,2,0,1
514439,326,185,112,0,0,0,7,0,1
514442,129,94,39,0,0,0,7,1,1
514445,82,62,2,0,0,0,20,0,1
514446,58,48,23,0,0,0,7,0,1
514447,98,64,40,0,0,0,1,1,1
514448,159,99,51,0,0,0,11,0,1
514450,81,52,24,0,0,0,2,0,1
514452,41,41,4,0,0,0,1,0,1
514456,480,278,159,0,0,1,21,1,1
514457,48,43,16,0,0,0,1,0,1
514465,126,121,8,0,0,0,35,0,1
514466,109,72,38,0,0,0,10,0,1
514469,965,423,322,0,0,0,30,2,1
514470,94,59,29,1,1,0,7,0,1
514472,85,67,24,0,0,0,12,0,1
514476,65,53,19,2,1,0,6,0,1
514477,50,48,13,0,0,0,8,0,1
514480,255,247,9,0,0,0,29,1,1
514488,106,74,30,0,0,0,2,0,1
514489,191,129,58,0,0,0,11,0,1
514494,180,101,80,3,2,0,4,0,1
514496,5,5,1,0,0,0,1,0,1
514501,89,62,31,0,0,0,3,0,1
514502,33,28,4,0,0,0,8,0,1
514504,135,102,36,0,0,0,4,0,1
514512,450,83,50,0,0,0,171,0,1
514513,167,124,49,0,0,0,11,0,1
514514,85,67,24,0,0,0,13,0,1
514523,47,45,11,0,0,0,9,0,1
514524,307,192,95,0,0,0,13,0,1
514525,48,46,13,0,0,0,10,0,1
514526,108,83,24,1,1,0,1,1,1
514531,185,130,53,0,0,0,18,0,1
514535,3863,914,1577,0,0,0,50,3,1
514536,131,88,7,0,0,1,80,0,1
514538,75,57,26,1,1,1,7,0,1
514546,379,224,103,0,0,0,36,0,1
514547,343,204,93,0,0,0,25,1,1
514558,41,41,11,0,0,0,0,0,1
514559,107,74,32,0,0,0,7,0,1
514561,55,50,13,0,0,0,11,0,1
514564,130,80,46,4,2,0,9,0,1
514567,222,129,90,0,0,0,9,1,1
514568,220,140,61,0,0,0,14,0,1
514570,129,91,38,2,1,0,2,0,1
514574,108,80,29,0,0,0,2,0,1
514575,109,71,37,0,0,0,9,0,1
514576,112,80,34,3,3,2,13,0,1
514577,537,262,186,0,0,0,12,1,1
514578,617,303,120,1,1,0,37,0,1
514581,146,96,49,0,0,0,4,0,1
514583,13,12,6,0,0,0,1,0,1
514586,468,249,171,0,0,0,30,1,1
514595,199,117,57,0,0,0,9,0,1
514596,111,90,27,0,0,0,12,0,1
514597,95,76,13,0,0,0,41,0,1
514601,105,72,29,3,1,0,4,0,1
514602,227,175,3,0,0,0,173,0,1
514604,816,348,272,0,0,0,14,1,1
514606,208,140,60,0,0,0,16,0,1
514608,88,83,15,0,0,0,12,0,1
514610,146,144,12,0,0,0,39,0,1
514611,1033,694,27,2,2,3,662,0,1
514612,297,193,80,0,0,0,23,1,1
514615,44,44,3,0,0,0,0,0,1
514616,8,8,0,1,1,0,2,0,1
514617,89,69,20,0,0,0,7,0,1
514621,85,67,24,0,0,0,9,0,1
514625,116,85,37,3,1,0,3,1,1
514628,106,78,1,0,0,0,87,0,1
514629,152,105,47,0,0,1,7,1,1
514632,170,121,69,0,0,0,11,0,1
514634,56,49,27,0,0,0,0,0,1
514638,50,49,5,0,0,0,3,0,1
514639,1373,581,468,0,0,0,124,4,1
514640,615,320,200,0,0,0,24,0,1
514641,190,127,64,0,0,0,12,1,1
514646,47,47,1,0,0,0,5,0,1
514647,123,90,37,1,1,0,6,0,1
514648,79,68,14,0,0,0,18,0,1
514650,83,80,14,0,0,0,0,0,1
514654,154,92,32,0,0,0,12,1,1
514657,496,236,162,0,0,0,29,1,1
514658,229,138,99,0,0,0,7,0,1
514661,497,273,157,1,1,0,16,0,1
514663,50,44,18,0,0,0,1,0,1
514664,39,36,8,0,0,0,1,0,1
514666,686,251,255,0,0,0,5,1,1
514667,436,249,152,5,5,2,22,2,1
514671,36,27,10,0,0,0,2,0,1
514673,229,148,63,0,0,0,8,2,1
514676,53,51,6,0,0,0,2,0,1
514677,205,133,68,0,0,0,7,0,1
514678,166,103,35,3,2,2,23,0,1
514679,99,95,3,0,0,0,22,0,1
514680,105,79,35,0,0,0,5,0,1
514682,5,5,2,0,0,0,0,0,1
514683,274,170,101,4,3,0,7,1,1
514688,56,43,12,1,1,0,4,0,1
514694,550,269,232,0,0,0,17,3,1
514702,27,25,5,0,0,0,7,0,1
514705,86,68,11,0,0,0,24,0,1
514713,65,55,26,0,0,0,1,0,1
514714,47,33,12,0,0,0,3,0,1
514717,1132,530,351,0,0,0,155,0,1
514720,108,82,36,0,0,0,10,1,1
514723,76,62,20,0,0,0,16,0,1
514729,86,67,31,0,0,0,12,0,1
514731,254,170,95,0,0,0,4,0,1
514733,330,183,129,0,0,0,19,0,1
514734,39,34,6,0,0,0,6,0,1
514737,32,27,6,0,0,0,6,0,1
514738,42,34,13,0,0,0,6,0,1
514740,56,55,1,0,0,0,2,0,1
514743,69,62,12,0,0,0,11,0,1
514747,91,73,31,0,0,0,8,1,1
514748,13,10,1,0,0,0,0,0,1
514752,185,68,32,0,0,0,45,0,1
514753,114,75,51,4,3,0,5,0,1
514757,41,34,14,0,0,0,3,0,1
514758,863,367,281,0,0,0,15,0,1
514759,525,261,205,4,4,2,20,1,1
514760,130,124,9,0,0,0,11,0,1
514762,43,35,13,0,0,0,3,0,1
514765,44,40,16,0,0,0,2,0,1
514767,309,210,105,0,0,0,30,0,1
514768,12,12,5,0,0,0,3,0,1
514778,92,76,31,0,0,0,5,1,1
514781,539,241,194,0,0,0,42,1,1
514784,406,211,158,0,0,0,12,2,1
514790,64,55,10,0,0,0,25,0,1
514791,2787,762,1102,0,0,0,43,3,1
514797,113,96,15,0,0,0,27,0,1
514804,209,124,74,1,1,1,3,0,1
514805,298,171,88,11,9,0,24,1,1
514809,43,27,16,0,0,0,7,0,1
514811,34,13,1,0,0,0,4,0,1
514812,107,72,38,0,0,0,3,2,1
514814,41,33,12,0,0,0,2,0,1
514815,336,204,69,0,0,0,68,1,1
514816,102,68,6,0,0,0,27,0,1
514818,31,23,13,0,0,0,3,0,1
514819,10,10,3,0,0,0,1,0,1
514821,34,33,7,0,0,0,1,1,1
514822,27,24,9,0,0,0,2,0,1
514823,186,123,58,0,0,0,2,1,1
514825,382,120,22,0,0,0,145,0,1
514829,53,43,22,0,0,0,1,0,1
514831,597,269,228,0,0,2,15,1,1
514832,217,135,77,0,0,0,3,0,1
514834,26,23,3,0,0,0,8,0,1
514836,47,34,8,0,0,0,5,0,1
514838,99,77,23,2,1,1,7,0,1
514840,54,40,10,0,0,0,13,0,1
514849,25,23,7,0,0,0,1,0,1
514855,353,224,96,0,0,0,25,0,1
514856,73,69,6,0,0,0,2,0,1
514857,64,48,25,0,0,0,1,0,1
514861,480,278,159,0,0,1,21,1,1
514863,84,73,24,0,0,0,4,0,1
514864,1028,991,18,0,0,0,99,0,1
514865,5,5,1,0,0,0,0,0,1
514867,79,67,14,0,0,0,14,0,1
514868,106,79,28,0,0,0,2,0,1
514870,105,76,29,0,0,0,4,0,1
514872,402,205,167,0,0,0,15,1,1
514874,298,195,76,0,0,0,32,0,1
514878,43,35,13,0,0,0,3,0,1
514881,37,28,6,0,0,0,3,0,1
514884,324,182,114,0,0,0,4,1,1
514885,58,48,23,0,0,0,7,0,1
514888,148,135,23,0,0,0,8,1,1
514889,67,63,12,0,0,0,2,0,1
514890,212,127,73,0,0,0,7,0,1
514891,25,25,1,0,0,0,10,0,1
514893,449,254,151,0,0,0,11,2,1
514894,188,178,12,0,0,0,12,0,1
514895,185,128,63,0,0,0,14,0,1
514900,776,304,230,3,3,2,39,1,1
514905,253,165,95,0,0,0,5,0,1
514907,237,107,111,0,0,1,2,0,1
514908,50,41,19,0,0,0,2,0,1
514909,84,66,24,0,0,0,7,0,1
514910,91,73,27,0,0,0,1,0,1
514911,431,424,14,0,0,0,391,0,1
514912,148,144,1,0,0,0,13,1,1
514913,1218,555,375,0,0,0,151,0,1
514914,141,115,33,0,0,0,6,0,1
514916,75,72,5,0,0,0,1,0,1
514917,89,60,25,0,0,0,14,0,1
514920,8,8,1,0,0,0,0,0,1
514924,70,53,24,0,0,0,3,0,1
514925,626,264,24,0,0,0,314,0,1
514931,262,167,101,0,0,0,5,1,1
514932,117,85,31,0,0,0,3,0,1
514936,458,214,101,0,0,0,31,0,1
514937,51,40,21,0,0,0,2,0,1
514940,155,122,37,0,0,0,16,0,1
514944,198,142,70,0,0,0,12,0,1
514945,35,35,0,0,0,0,27,0,1
514950,82,73,10,0,0,0,21,0,1
514953,46,41,11,0,0,0,1,0,1
514956,1203,480,453,0,0,0,9,3,1
514957,3244,943,776,1,1,1,268,1,1
514958,32,29,12,0,0,0,0,0,1
514959,216,115,21,0,0,0,19,0,1
514960,137,92,55,0,0,0,4,3,1
514961,38,37,4,0,0,0,4,0,1
514962,143,110,38,0,0,1,8,0,1
514964,88,85,4,0,0,0,12,0,1
514965,626,615,16,0,0,0,86,0,1
514966,106,82,29,0,0,1,2,0,1
514969,50,44,10,0,0,0,12,0,1
514970,47,46,7,0,0,0,1,0,1
514975,217,137,23,0,0,0,58,0,1
514976,404,226,164,0,0,0,15,2,1
514984,209,123,3,0,0,0,106,0,1
514986,17,15,2,0,0,0,10,0,1
514990,63,46,10,0,0,0,26,0,1
514993,50,38,20,0,0,0,1,1,1
514995,405,221,6,0,0,0,217,0,1
514996,108,83,33,0,0,0,5,0,1
514997,48,48,0,0,0,0,9,0,1
515002,615,330,193,2,1,1,5,0,1
515005,74,64,8,0,0,0,16,0,1
515006,368,193,130,0,0,0,10,1,1
515010,124,100,39,0,0,0,6,0,1
515011,71,68,8,0,0,0,0,0,1
515012,549,196,116,0,0,1,83,1,1
515014,278,202,72,0,0,0,54,0,1
515016,190,132,51,0,0,0,7,0,1
515021,83,52,13,0,0,0,8,0,1
515023,1035,468,360,0,0,0,92,2,1
515024,63,51,17,2,1,0,4,0,1
515027,107,71,36,0,0,0,3,0,1
515031,35,29,10,0,0,0,3,0,1
515032,109,72,35,0,0,0,14,0,1
515036,188,109,80,0,0,0,2,1,1
515038,2597,721,1029,0,0,0,32,4,1
515041,70,63,12,0,0,0,3,1,1
515042,56,45,6,0,0,0,7,0,1
515050,230,148,84,0,0,0,3,0,1
515052,133,82,47,0,0,0,4,2,1
515053,127,95,49,1,1,1,5,0,1
515054,113,81,40,0,0,0,3,0,1
515055,61,51,22,0,0,0,8,0,1
515058,49,42,8,0,0,0,5,0,1
515063,156,153,4,0,0,0,18,0,1
515069,584,254,201,0,0,0,32,0,1
515071,806,323,330,0,0,0,10,0,1
515075,112,87,4,0,0,0,76,0,1
515076,175,128,52,0,0,0,12,0,1
515077,208,135,73,0,0,0,5,0,1
515078,174,171,10,0,0,0,12,0,1
515082,399,213,147,1,1,1,6,0,1
515084,32,30,3,0,0,0,2,1,1
515086,108,69,30,0,0,0,4,0,1
515093,88,73,10,0,0,0,20,0,1
515094,234,148,75,0,0,0,13,1,1
515095,144,89,55,0,0,0,0,0,1
515098,132,91,42,0,0,0,2,0,1
515100,92,68,26,0,0,0,3,0,1
515103,158,107,42,0,0,0,10,1,1
515108,53,46,10,0,0,0,6,1,1
515111,108,81,37,0,0,0,6,1,1
515112,27,23,5,0,0,0,3,0,1
515113,1216,502,385,0,0,0,122,1,1
515115,1249,450,516,0,0,0,25,3,1
515116,275,182,73,0,0,0,22,1,1
515118,89,67,23,0,0,0,8,0,1
515120,32,29,12,1,1,0,3,0,1
515121,72,61,17,0,0,0,5,0,1
515122,117,90,37,0,0,0,14,0,1
515123,58,40,9,0,0,0,12,0,1
515125,155,111,47,0,0,0,9,1,1
515126,115,85,12,0,0,0,37,0,1
515133,725,338,274,1,1,4,33,2,1
515135,115,76,48,0,0,0,2,1,1
515136,80,74,2,0,0,0,27,0,1
515140,194,112,77,1,1,1,4,0,1
515142,199,82,12,0,0,0,40,0,1
515144,40,33,13,0,0,0,3,0,1
515145,141,86,45,0,0,0,7,0,1
515146,102,75,39,2,2,0,4,0,1
515148,40,38,8,0,0,0,2,0,1
515154,172,109,58,1,1,1,4,0,1
515155,80,65,33,0,0,0,9,0,1
515156,101,76,8,3,3,3,43,0,1
515158,48,44,14,0,0,0,0,0,1
515164,59,42,13,0,0,0,10,0,1
515166,57,48,9,0,0,0,9,0,1
515168,76,73,1,0,0,0,2,0,1
515169,300,189,87,0,0,0,15,0,1
515170,229,228,2,0,0,0,206,0,1
515172,267,155,50,0,0,0,54,0,1
515175,72,61,12,0,0,0,20,0,1
515176,53,36,13,0,0,0,7,0,1
515178,184,116,59,0,0,0,2,1,1
515179,420,208,174,0,0,0,14,1,1
515181,596,105,88,0,0,0,222,0,1
515182,91,72,19,0,0,0,14,0,1
515184,2125,627,837,0,0,0,32,2,1
515185,93,78,28,0,0,0,3,0,1
515190,936,385,352,0,0,0,13,0,1
515192,85,66,25,0,0,0,9,0,1
515194,27,24,9,0,0,0,3,0,1
515195,158,144,19,0,0,0,29,0,1
515196,53,51,6,0,0,0,1,0,1
515199,104,82,27,0,0,0,9,0,1
515200,126,80,49,0,0,0,2,0,1
515202,364,211,137,0,0,0,30,0,1
515204,49,43,12,0,0,0,3,0,1
515205,188,138,67,0,0,0,10,0,1
515212,27,24,9,0,0,0,2,0,1
515213,6,6,0,0,0,0,1,0,1
515214,53,48,5,0,0,0,8,0,1
515215,107,78,38,0,0,0,0,1,1
515216,70,61,9,0,0,0,13,0,1
515220,11,9,5,0,0,0,1,0,1
515223,127,91,39,0,0,0,3,0,1
515224,120,92,3,0,0,0,67,0,1
515225,1579,547,472,0,0,0,58,2,1
515227,359,228,17,0,0,0,190,0,1
515230,154,118,42,0,0,0,12,0,1
515234,507,285,108,0,0,0,53,1,1
515237,99,69,38,0,0,0,3,0,1
515243,54,45,17,0,0,0,1,0,1
515244,132,128,11,0,0,0,36,0,1
515245,61,33,4,0,0,0,11,0,1
515247,109,80,35,3,3,1,12,0,1
515250,46,43,10,0,0,0,14,0,1
515251,42,41,8,0,0,0,2,0,1
515252,872,395,303,2,1,1,22,1,1
515255,313,215,99,0,0,0,44,0,1
515260,130,112,23,0,0,0,10,0,1
515263,345,177,144,0,0,0,14,1,1
515264,131,99,39,0,0,0,10,0,1
515265,42,34,10,0,0,0,2,0,1
515266,46,39,8,0,0,0,16,0,1
515268,111,90,29,0,0,0,15,0,1
515270,21,21,6,0,0,0,2,0,1
515274,1400,605,476,0,0,0,156,2,1
515277,19,18,6,0,0,0,2,0,1
515278,96,69,39,0,0,0,1,0,1
515280,173,106,45,0,0,0,12,0,1
515281,429,224,138,0,0,0,20,1,1
515284,221,139,60,0,0,0,14,0,1
515286,164,109,46,0,0,0,5,4,1
515287,61,51,22,0,0,0,9,0,1
515291,47,43,13,0,0,0,1,0,1
515294,251,135,29,0,0,0,53,1,1
515301,90,75,21,0,0,1,15,0,1
515302,1277,563,427,0,0,0,147,2,1
515303,97,79,24,1,1,0,14,0,1
515304,12,10,4,0,0,0,0,0,1
515308,874,397,278,0,0,0,35,2,1
515309,46,46,0,0,0,0,7,0,1
515314,838,372,204,0,0,0,46,0,1
515316,67,56,11,0,0,0,9,0,1
515317,36,35,9,0,0,0,6,0,1
515318,991,239,4,0,0,0,114,0,1
515324,152,102,54,0,0,1,3,0,1
515326,18,16,6,0,0,0,3,0,1
515327,224,119,85,2,1,1,8,0,1
515329,357,238,77,0,0,0,46,1,1
515333,87,60,30,0,0,0,11,0,1
515337,110,83,20,0,0,0,26,0,1
515338,150,103,55,2,1,1,9,0,1
515339,83,67,26,0,0,0,7,1,1
515343,190,135,73,0,0,0,4,0,1
515344,60,42,23,0,0,0,3,0,1
515352,881,362,288,0,0,1,31,1,1
515355,123,97,32,0,0,1,16,0,1
515361,615,313,207,0,0,0,20,0,1
515362,525,271,211,2,2,3,18,2,1
515367,49,42,9,0,0,0,8,0,1
515369,677,657,30,0,0,0,54,1,1
515376,85,68,27,0,0,0,9,0,1
515379,108,83,36,0,0,0,11,1,1
515381,551,247,234,0,0,0,16,1,1
515385,175,112,10,0,0,0,57,0,1
515386,50,45,10,0,0,0,9,0,1
515387,82,63,7,4,4,1,36,0,1
515391,131,76,49,0,0,0,4,0,1
515393,145,108,44,0,0,0,8,0,1
515400,35,34,5,0,0,0,12,0,1
515407,45,38,2,0,0,0,4,0,1
515409,176,105,46,0,0,0,16,1,1
515410,34,32,9,0,0,0,0,0,1
515413,124,93,30,0,0,0,14,0,1
515416,652,340,209,0,0,0,94,1,1
515419,1751,600,748,0,0,0,10,3,1
515424,209,141,38,0,0,0,22,1,1
515425,171,117,47,0,0,0,26,0,1
515429,1510,494,615,5,5,1,13,2,1
515430,32,25,6,0,0,0,1,0,1
515431,105,70,39,0,0,0,9,0,1
515433,86,67,25,0,0,0,15,0,1
515435,116,70,42,0,0,0,1,0,1
515437,75,63,20,0,0,0,5,0,1
515438,169,112,44,0,0,0,25,0,1
515440,173,116,47,0,0,0,27,0,1
515442,95,62,41,0,0,0,0,0,1
515447,50,50,7,0,0,0,1,0,1
515454,269,151,5,0,0,0,134,0,1
515455,39,35,12,0,0,0,13,0,1
515458,152,109,52,0,0,0,9,0,1
515459,65,52,22,0,0,0,6,0,1
515460,348,193,127,2,2,3,18,2,1
515463,147,57,56,0,0,0,6,0,1
515473,345,198,142,0,0,0,9,0,1
515476,125,73,16,7,3,3,28,0,1
515478,522,222,227,0,0,0,15,1,1
515484,69,63,9,0,0,0,16,0,1
515485,417,238,141,0,0,0,40,2,1
515489,253,223,5,0,0,0,159,0,1
515490,69,66,3,0,0,0,0,0,1
515494,73,57,19,2,1,0,4,0,1
515495,510,250,207,0,0,0,13,1,1
515496,30,28,10,0,0,0,0,0,1
515497,210,118,81,0,0,0,1,0,1
515499,177,124,53,1,1,2,12,0,1
515502,99,71,35,1,1,0,1,0,1
515506,23,17,1,1,1,2,8,0,1
515507,74,65,10,0,0,0,13,0,1
515508,102,67,6,0,0,0,25,0,1
515510,33,28,13,0,0,0,2,0,1
515511,44,37,19,0,0,0,1,0,1
515513,357,238,77,0,0,0,46,1,1
515514,325,185,121,0,0,0,19,0,1
515519,120,98,28,0,0,0,11,0,1
515520,1115,525,344,0,0,0,136,0,1
515524,1296,561,38,0,0,0,991,0,1
515528,181,109,75,0,0,0,17,0,1
515529,56,54,7,0,0,0,3,0,1
515534,46,44,5,0,0,0,3,0,1
515536,39,36,8,0,0,0,7,0,1
515545,253,179,70,0,0,0,2,0,1
515546,1069,493,363,0,0,0,124,2,1
515548,85,68,27,0,0,0,13,0,1
515549,40,34,4,0,0,0,7,0,1
515550,192,123,78,0,0,0,5,0,1
515553,35,34,8,0,0,0,0,0,1
515554,62,54,8,0,0,0,10,0,1
515556,27,20,2,0,0,0,12,0,1
515557,1956,541,786,0,0,0,18,1,1
515560,43,37,13,0,0,0,2,0,1
515562,903,429,308,0,0,0,87,1,1
515563,173,112,68,0,0,0,0,0,1
515565,81,67,25,0,0,0,7,0,1
515566,184,114,63,0,0,0,4,3,1
515574,145,99,40,0,0,0,4,0,1
515575,74,61,25,0,0,0,3,0,1
515577,195,127,79,0,0,0,7,0,1
515580,621,279,254,0,0,0,12,0,1
515581,46,46,0,0,0,0,2,0,1
515583,169,105,61,3,3,0,8,0,1
515588,205,154,64,0,0,0,7,0,1
515590,71,52,27,0,0,0,4,1,1
515592,107,80,17,0,0,0,34,0,1
515594,13,12,1,0,0,0,2,0,1
515598,126,121,8,0,0,0,35,0,1
515599,33,24,13,0,0,0,2,0,1
515603,61,52,10,0,0,0,21,0,1
515607,7,7,1,0,0,0,0,0,1
515609,493,254,193,0,0,0,33,0,1
515613,77,52,4,6,4,1,43,0,1
515614,27,21,3,0,0,0,7,0,1
515616,123,94,29,1,1,0,12,0,1
515617,324,168,63,0,0,0,79,0,1
515618,14,13,5,0,0,0,1,0,1
515621,39,34,8,0,0,0,5,0,1
515625,223,140,77,0,0,0,4,0,1
515627,687,347,227,0,0,0,70,0,1
515628,170,110,50,4,2,2,9,0,1
515630,324,197,63,0,0,0,68,1,1
515631,45,41,10,0,0,0,3,0,1
515634,46,40,12,1,1,1,9,0,1
515636,761,377,215,0,0,0,31,0,1
515638,90,68,22,0,0,0,5,0,1
515639,278,204,72,0,0,0,50,0,1
515647,55,46,12,0,0,0,8,0,1
515648,152,142,19,0,0,0,13,0,1
515649,74,64,11,0,0,0,17,0,1
515651,128,96,29,2,2,1,9,0,1
515652,47,44,15,0,0,0,0,0,1
515655,155,111,51,0,0,0,2,0,1
515657,68,62,11,0,0,0,12,0,1
515661,30,29,9,0,0,1,3,1,1
515663,70,54,20,0,0,0,6,0,1
515673,1031,450,361,0,0,0,21,2,1
515675,494,284,162,0,0,1,23,1,1
515679,40,40,0,0,0,0,2,0,1
515681,307,140,124,0,0,0,1,2,1
515682,50,47,15,0,0,0,3,0,1
515685,110,71,38,0,0,0,1,1,1
515687,58,48,23,0,0,0,6,0,1
515689,470,245,140,0,0,0,63,0,1
515691,32,30,8,0,0,0,4,0,1
515693,94,71,24,0,0,0,3,0,1
515694,92,62,32,0,0,0,7,0,1
515695,250,244,9,0,0,0,21,0,1
515696,68,57,11,0,0,0,10,0,1
515698,806,323,330,0,0,0,10,0,1
515700,350,223,92,0,0,0,24,0,1
515706,71,68,2,0,0,0,16,0,1
515709,313,188,107,0,0,0,3,4,1
515711,79,61,29,0,0,0,1,0,1
515713,83,75,18,0,0,0,11,1,1
515716,39,36,12,0,0,0,3,0,1
515720,106,89,15,0,0,0,5,0,1
515724,11,11,3,0,0,0,3,0,1
515727,69,66,2,0,0,0,1,0,1
515728,58,48,23,0,0,0,7,0,1
515731,17,17,2,0,0,0,0,0,1
515732,93,67,26,2,2,0,4,0,1
515736,62,44,14,0,0,0,4,0,1
515739,49,42,9,0,0,0,4,0,1
515740,67,49,5,0,0,0,23,0,1
515742,78,58,31,0,0,0,2,0,1
515746,5,5,1,0,0,0,0,0,1
515752,959,393,323,0,0,0,14,1,1
515758,57,50,13,0,0,0,3,0,1
515759,237,171,82,0,0,0,9,0,1
515763,21,21,4,0,0,0,3,0,1
515764,58,48,23,0,0,0,9,0,1
515765,35,34,7,0,0,0,1,0,1
515766,743,315,311,9,9,2,22,2,1
515767,83,65,22,0,0,0,6,0,1
515768,108,78,36,1,1,0,3,0,1
515770,838,361,304,0,0,0,16,1,1
515771,90,75,23,0,0,0,12,0,1
515772,24,22,5,0,0,0,1,1,1
515774,102,67,6,0,0,0,29,0,1
515775,61,59,9,0,0,0,10,0,1
515777,61,49,14,0,0,0,7,0,1
515779,113,68,44,0,0,0,4,1,1
515784,173,166,11,0,0,0,21,0,1
515785,136,107,36,0,0,1,13,0,1
515786,1867,651,637,0,0,0,57,2,1
515789,137,88,45,0,0,0,2,0,1
515792,210,130,21,0,0,0,58,1,1
515793,30,24,11,0,0,0,0,0,1
515795,345,212,133,0,0,0,9,0,1
515801,204,93,32,0,0,0,47,0,1
515805,70,63,9,0,0,0,14,0,1
515806,3478,1026,1088,0,0,0,96,1,1
515811,141,94,47,0,0,0,3,0,1
515815,155,111,47,0,0,0,9,1,1
515816,27,23,9,0,0,0,3,0,1
515817,307,192,102,0,0,0,19,0,1
515819,1958,541,787,0,0,0,18,1,1
515822,208,133,65,0,0,0,6,1,1
515825,120,81,38,0,0,0,9,0,1
515826,227,128,98,0,0,0,4,0,1
515830,15,11,3,0,0,0,0,0,1
515833,177,114,40,0,0,0,14,0,1
515834,998,410,348,0,0,0,107,0,1
515842,405,388,31,0,0,0,333,0,1
515844,124,78,49,4,3,3,11,0,1
515845,774,614,33,0,0,0,204,0,1
515851,148,114,47,0,0,0,9,1,1
515852,490,236,67,0,0,0,31,0,1
515853,370,244,83,0,0,0,46,0,1
515856,112,74,25,0,0,0,20,0,1
515857,29,27,4,0,0,0,4,0,1
515859,177,112,53,1,1,1,1,1,1
515861,44,44,0,0,0,0,7,0,1
515862,56,52,15,0,0,0,2,0,1
515866,11,11,2,0,0,1,2,0,1
515869,61,47,28,0,0,0,2,0,1
515872,38,34,8,0,0,0,1,0,1
515877,425,246,153,0,0,0,16,2,1
515878,50,45,20,0,0,0,1,0,1
515881,38,36,7,0,0,0,8,0,1
515885,372,208,113,0,0,0,13,1,1
515886,446,226,128,0,0,0,30,1,1
515890,45,44,8,0,0,0,2,1,1
515891,44,44,4,0,0,0,12,0,1
515900,108,83,37,0,0,0,11,1,1
515902,37,35,6,0,0,0,4,0,1
515907,62,49,22,0,0,0,1,0,1
515909,41,40,5,0,0,0,4,0,1
515910,333,118,0,0,0,0,168,0,1
515913,40,32,14,0,0,0,4,0,1
515918,825,325,277,0,0,0,13,0,1
515919,149,106,45,2,2,1,5,0,1
515923,13,13,0,0,0,0,4,0,1
515924,253,144,74,0,0,0,8,1,1
515926,43,37,16,0,0,0,1,2,1
515929,124,93,15,0,0,0,29,0,1
515934,87,66,32,0,0,0,3,0,1
515935,79,69,14,0,0,0,15,0,1
515938,205,119,73,1,1,0,7,1,1
515940,640,299,257,0,0,0,37,1,1
515942,37,32,14,0,0,0,1,0,1
515943,32,22,12,0,0,0,2,0,1
515954,128,86,37,3,1,0,1,1,1
515956,416,196,181,0,0,0,6,0,1
515960,341,176,119,0,0,0,19,0,1
515966,135,84,51,0,0,0,4,0,1
515969,67,62,9,0,0,0,13,0,1
515973,292,180,69,0,0,1,8,0,1
515976,223,141,80,1,1,1,7,1,1
515979,98,69,38,0,0,0,3,1,1
515985,67,66,7,0,0,0,12,0,1
515988,76,59,27,0,0,0,15,0,1
515990,99,79,16,0,0,0,4,0,1
515994,232,137,18,0,0,0,130,0,1
515995,166,119,35,0,0,0,7,1,1
515996,110,91,21,0,0,0,24,0,1
515997,207,143,82,0,0,0,3,0,1
515998,24,22,5,0,0,0,1,1,1
515999,133,86,35,1,1,0,3,0,1
516003,52,45,14,0,0,0,6,0,1
516004,999,412,346,0,0,0,96,0,1
516005,217,141,38,4,4,4,27,1,1
516011,408,219,158,0,0,0,15,0,1
516013,186,128,69,1,1,1,6,0,1
516014,243,166,68,0,0,0,19,0,1
516015,79,60,23,3,3,0,1,0,1
516017,23,22,4,0,0,0,2,0,1
516019,60,60,0,0,0,0,10,0,1
516020,80,65,33,0,0,0,5,0,1
516021,606,276,260,1,1,3,26,1,1
516023,235,127,56,0,0,0,44,0,1
516024,344,177,121,0,0,0,19,0,1
516027,1673,561,632,0,0,0,15,0,1
516029,96,63,41,0,0,0,1,0,1
516031,522,218,221,0,0,0,5,0,1
516032,72,55,29,0,0,0,2,0,1
516034,363,212,112,0,0,0,9,0,1
516035,184,105,61,1,1,0,1,0,1
516041,253,179,70,0,0,0,2,0,1
516047,65,56,19,0,0,0,2,0,1
516048,99,70,29,3,1,0,1,0,1
516050,153,124,33,0,0,0,43,0,1
516054,142,98,46,0,0,0,2,0,1
516055,132,92,31,0,0,0,6,0,1
516056,50,41,21,0,0,0,1,0,1
516057,38,35,5,0,0,0,2,0,1
516063,963,369,370,0,0,0,11,1,1
516064,174,102,64,0,0,0,8,0,1
516066,495,227,208,1,1,2,22,3,1
516067,190,129,63,0,0,0,15,1,1
516069,164,108,43,0,0,0,24,0,1
516070,8,7,4,0,0,0,0,0,1
516071,1084,275,416,0,0,0,76,3,1
516074,33,25,10,0,0,0,1,0,1
516075,226,125,56,0,0,0,8,1,1
516080,1002,501,317,0,0,0,135,0,1
516081,27,24,9,0,0,0,3,0,1
516082,115,85,36,3,1,0,4,1,1
516084,19,18,3,0,0,0,2,0,1
516085,106,74,34,2,1,1,7,0,1
516087,267,158,120,0,0,0,1,0,1
516088,39,32,5,0,0,0,1,0,1
516089,80,67,20,0,0,0,2,0,1
516091,70,69,6,0,0,0,2,0,1
516096,42,38,11,0,0,0,5,0,1
516100,80,64,33,0,0,0,9,0,1
516102,69,56,4,0,0,0,39,0,1
516109,1214,496,386,0,0,0,114,1,1
516111,119,87,29,1,1,0,9,1,1
516113,83,67,31,0,0,0,1,0,1
516115,313,174,116,0,0,0,19,0,1
516116,45,35,19,0,0,0,0,0,1
516117,298,183,114,1,1,2,17,1,1
516122,625,610,12,0,0,0,52,0,1
516123,485,282,160,0,0,0,32,1,1
516124,1391,594,485,0,0,0,121,2,1
516128,107,73,38,0,0,0,6,0,1
516130,119,79,42,0,0,0,4,0,1
516132,278,161,92,0,0,0,5,0,1
516139,87,67,24,3,3,2,14,0,1
516141,1016,781,11,0,0,0,141,0,1
516142,223,141,67,0,0,0,6,0,1
516145,409,228,128,0,0,0,12,1,1
516147,1206,500,383,0,0,0,131,1,1
516148,67,54,25,0,0,0,3,0,1
516149,62,54,21,0,0,0,3,0,1
516156,365,184,141,0,0,0,17,0,1
516161,32,27,6,0,0,0,1,0,1
516162,333,195,119,2,2,2,14,3,1
516163,173,88,39,6,3,3,30,1,1
516166,17,17,3,0,0,0,2,0,1
516168,167,127,43,0,0,0,5,1,1
516170,32,28,8,0,0,0,1,0,1
516179,8,8,2,0,0,0,0,0,1
516182,886,857,10,0,0,0,98,0,1
516185,48,48,0,0,0,0,5,0,1
516187,1944,174,63,0,0,0,569,0,1
516189,218,159,57,0,0,0,5,1,1
516191,9,9,2,0,0,0,0,0,1
516192,48,39,10,0,0,0,4,0,1
516193,148,80,40,0,0,0,8,0,1
516194,130,87,44,0,0,0,2,2,1
516197,133,110,22,0,0,0,6,0,1
516198,81,64,21,0,0,0,6,0,1
516199,2740,739,1089,0,0,0,43,1,1
516200,81,64,19,0,0,0,5,0,1
516208,93,61,7,0,0,0,55,0,1
516209,204,130,10,0,0,0,63,0,1
516212,109,70,39,0,0,0,9,0,1
516215,367,173,172,0,0,0,13,0,1
516218,114,91,31,0,0,0,14,0,1
516220,79,64,30,0,0,0,5,0,1
516222,113,68,44,0,0,0,4,1,1
516223,41,41,0,0,0,0,4,0,1
516224,110,79,20,0,0,0,13,0,1
516226,91,71,22,0,0,0,14,0,1
516229,88,70,32,0,0,0,15,0,1
516231,402,201,124,5,5,2,24,1,1
516238,63,58,11,0,0,0,7,0,1
516247,35,33,8,0,0,0,7,0,1
516250,8,8,3,0,0,0,0,0,1
516252,184,114,63,0,0,0,5,3,1
516254,190,117,77,0,0,0,15,0,1
516255,2254,787,767,0,0,0,187,2,1
516256,58,47,23,0,0,0,5,0,1
516262,42,35,7,0,0,0,2,0,1
516268,103,100,6,0,0,0,12,0,1
516274,61,61,1,0,0,0,6,0,1
516276,307,301,9,0,0,0,45,0,1
516280,106,89,25,0,0,0,37,0,1
516281,160,109,50,0,0,0,7,0,1
516282,281,160,56,0,0,0,49,0,1
516290,39,33,11,0,0,0,11,0,1
516293,32,29,9,0,0,0,4,0,1
516297,4,4,1,0,0,0,0,0,1
516298,109,72,35,0,0,0,10,0,1
516299,41,37,7,0,0,0,1,0,1
516301,98,73,24,0,0,0,4,0,1
516307,43,38,10,0,0,0,0,1,1
516310,283,154,13,0,0,0,202,0,1
516311,38,35,11,0,0,0,0,0,1
516312,2689,731,1070,0,0,0,44,1,1
516315,136,113,44,0,0,0,7,0,1
516320,183,103,51,0,0,0,17,0,1
516322,101,77,33,0,0,0,2,0,1
516328,80,59,23,0,0,0,3,0,1
516330,474,186,52,0,0,0,315,0,1
516331,96,63,41,0,0,0,1,0,1
516335,79,68,14,0,0,0,17,0,1
516338,54,54,0,0,0,0,3,0,1
516342,79,69,14,0,0,0,17,0,1
516347,14,14,2,0,0,0,5,0,1
516350,154,122,42,0,0,0,24,0,1
516351,38,36,8,0,0,0,4,0,1
516356,131,80,46,4,2,0,8,0,1
516357,179,133,55,0,0,0,15,0,1
516359,405,212,161,0,0,0,8,1,1
516362,75,55,22,0,0,0,3,0,1
516364,47,27,6,0,0,0,14,0,1
516365,82,68,23,0,0,0,12,1,1
516367,83,67,26,0,0,0,12,0,1
516368,1392,602,484,0,0,0,136,2,1
516369,102,68,6,0,0,0,25,0,1
516370,469,250,136,0,0,0,69,0,1
516376,85,73,28,0,0,0,5,0,1
516377,24,24,2,0,0,0,9,0,1
516387,202,183,2,0,0,0,132,0,1
516388,136,105,51,0,0,0,1,0,1
516389,106,73,29,3,1,0,4,0,1
516390,58,51,6,0,0,0,17,0,1
516391,25,22,7,0,0,0,1,0,1
516392,150,145,11,0,0,0,17,0,1
516394,66,54,27,0,0,0,10,0,1
516395,27,21,7,0,0,0,3,0,1
516399,1006,403,343,0,0,0,16,3,1
516400,56,43,13,0,0,0,5,0,1
516401,367,173,172,0,0,0,13,0,1
516402,21,20,3,0,0,0,2,0,1
516404,168,112,77,0,0,0,1,0,1
516407,371,231,99,0,0,0,33,1,1
516413,34,23,4,3,3,1,11,0,1
516418,139,101,49,1,1,0,3,0,1
516422,158,128,41,0,0,0,17,1,1
516424,96,64,36,4,3,0,7,0,1
516425,226,133,98,0,0,0,0,0,1
516428,211,117,91,0,0,0,18,0,1
516429,154,127,16,0,0,0,32,0,1
516433,114,95,34,0,0,0,17,0,1
516434,162,122,51,0,0,0,10,0,1
516435,59,48,19,0,0,0,2,0,1
516440,70,58,14,0,0,0,6,0,1
516442,30,26,5,0,0,0,1,0,1
516443,78,59,28,1,1,0,0,0,1
516445,85,73,20,0,0,0,5,0,1
516446,70,64,11,0,0,0,12,0,1
516447,50,38,7,0,0,0,11,0,1
516449,72,54,24,2,1,0,3,0,1
516452,11,11,2,0,0,0,4,0,1
516454,9,9,2,0,0,0,2,0,1
516456,31,31,2,0,0,0,4,0,1
516457,385,242,126,0,0,0,25,0,1
516459,43,43,0,0,0,0,3,0,1
516461,73,65,5,0,0,0,49,0,1
516463,151,100,42,0,0,0,5,0,1
516468,88,65,20,0,0,0,3,1,1
516472,69,61,10,0,0,0,16,0,1
516473,264,135,118,0,0,0,5,1,1
516474,82,59,25,0,0,0,1,0,1
516475,45,40,11,0,0,0,3,1,1
516482,87,54,14,0,0,0,3,0,1
516484,56,55,6,0,0,0,20,0,1
516487,152,109,58,0,0,0,13,0,1
516494,164,108,43,0,0,0,24,0,1
516495,102,68,6,0,0,0,25,0,1
516496,729,309,310,8,8,0,16,2,1
516502,802,371,332,0,0,0,28,2,1
516503,270,151,103,0,0,0,8,0,1
516507,99,70,29,3,1,0,1,0,1
516508,1912,604,644,0,0,2,42,2,1
516509,36,29,7,0,0,0,4,0,1
516513,84,77,1,0,0,0,1,0,1
516514,91,75,21,0,0,0,9,0,1
516520,63,58,10,0,0,0,12,0,1
516526,122,87,47,0,0,0,2,0,1
516527,29,26,5,0,0,0,1,0,1
516531,395,220,128,0,0,0,11,1,1
516532,79,68,14,0,0,0,16,0,1
516534,61,58,8,0,0,0,13,0,1
516539,25,22,4,0,0,0,5,0,1
516544,109,68,44,0,0,0,0,1,1
516545,64,62,5,0,0,0,0,0,1
516546,119,90,37,0,0,0,10,0,1
516548,318,208,40,0,0,0,15,0,1
516552,66,51,22,0,0,0,2,0,1
516555,121,43,13,0,0,0,15,0,1
516556,414,196,105,0,0,0,42,1,1
516563,15,13,1,0,0,0,3,0,1
516572,457,268,57,0,0,0,131,1,1
516573,72,61,22,0,0,0,1,0,1
516575,90,66,36,0,0,0,4,0,1
516576,33,29,13,0,0,0,2,0,1
516579,93,77,23,0,0,0,5,0,1
516581,380,217,142,0,0,0,3,0,1
516584,323,231,69,5,4,1,45,0,1
516586,58,47,23,0,0,0,8,0,1
516587,123,94,29,1,1,0,12,0,1
516589,48,46,5,0,0,0,1,0,1
516592,311,173,103,0,0,0,22,1,1
516596,39,39,0,0,0,0,4,0,1
516599,37,34,9,0,0,0,11,0,1
516600,361,207,110,0,0,0,29,0,1
516602,207,131,49,0,0,0,31,0,1
516604,115,97,20,0,0,0,18,0,1
516606,159,116,57,0,0,0,3,0,1
516608,5,5,0,0,0,0,0,0,1
516609,73,57,28,0,0,0,3,0,1
516612,902,111,74,0,0,0,382,0,1
516614,73,69,8,0,0,0,26,0,1
516615,45,44,10,0,0,0,9,0,1
516616,111,80,35,1,1,1,4,0,1
516617,9,9,1,0,0,0,0,0,1
516620,10,10,2,1,1,0,1,0,1
516622,588,266,253,1,1,0,6,1,1
516631,614,272,261,0,0,0,10,3,1
516632,191,100,43,3,3,1,31,1,1
516634,1436,629,470,0,0,0,149,2,1
516637,140,83,64,0,0,0,6,1,1
516642,266,146,110,0,0,0,4,0,1
516644,109,79,34,0,0,0,7,0,1
516645,44,37,17,0,0,0,6,0,1
516646,44,40,15,0,0,0,1,0,1
516647,92,72,22,0,0,0,12,0,1
516650,620,274,242,0,0,0,19,0,1
516651,132,91,26,4,3,1,10,0,1
516654,27,24,9,0,0,0,2,0,1
516656,50,45,10,0,0,0,10,0,1
516657,102,66,45,0,0,0,2,1,1
516658,319,198,109,0,0,0,27,1,1
516662,116,74,52,0,0,0,2,0,1
516663,46,38,13,0,0,0,2,0,1
516664,31,28,9,0,0,0,0,0,1
516666,59,48,16,0,0,0,7,0,1
516669,407,233,143,0,0,0,34,2,1
516670,636,266,272,0,0,0,14,3,1
516672,139,80,49,0,0,0,9,0,1
516673,135,102,36,0,0,0,3,0,1
516676,61,50,10,0,0,0,6,0,1
516684,658,348,207,0,0,0,85,0,1
516686,2459,689,988,0,0,0,35,2,1
516689,72,60,15,0,0,0,9,0,1
516690,182,175,16,0,0,0,20,0,1
516691,130,97,47,0,0,0,14,0,1
516692,179,110,57,0,0,0,8,0,1
516693,35,34,5,0,0,0,9,0,1
516699,698,290,198,0,0,0,7,2,1
516700,717,688,20,0,0,0,78,0,1
516705,79,69,14,0,0,0,14,0,1
516707,187,127,62,0,0,0,13,1,1
516710,85,67,24,0,0,0,11,0,1
516711,132,91,26,4,3,1,10,0,1
516712,327,201,103,0,0,0,7,0,1
516714,101,76,44,0,0,0,0,0,1
516719,48,44,12,0,0,0,19,0,1
516720,221,123,89,0,0,0,0,5,1
516723,50,48,13,0,0,0,3,0,1
516725,41,38,9,0,0,0,8,0,1
516728,263,245,37,0,0,0,41,0,1
516733,132,85,35,4,2,3,16,0,1
516734,85,61,27,0,0,0,2,0,1
516737,189,111,76,3,2,0,10,0,1
516741,192,120,43,0,0,0,9,0,1
516743,45,41,11,0,0,0,1,0,1
516744,67,60,8,0,0,0,12,0,1
516746,349,195,143,0,0,0,4,1,1
516748,77,67,11,0,0,0,16,0,1
516750,18,18,4,0,0,0,3,0,1
516752,141,109,45,0,0,0,15,0,1
516755,222,146,70,0,0,0,19,0,1
516756,489,236,69,0,0,0,31,0,1
516759,130,91,31,0,0,0,5,0,1
516762,431,253,157,0,0,0,46,2,1
516763,108,65,17,0,0,0,30,0,1
516765,174,97,60,3,2,0,6,0,1
516772,123,90,37,1,1,0,6,0,1
516774,38,36,1,0,0,0,9,0,1
516776,207,131,16,0,0,0,59,0,1
516778,590,286,170,0,0,0,14,2,1
516779,855,371,363,2,2,0,5,2,1
516781,47,42,17,0,0,0,1,0,1
516782,258,146,112,0,0,0,8,2,1
516788,121,95,16,0,0,0,29,0,1
516794,39,38,4,0,0,0,21,0,1
516797,470,240,145,5,1,1,6,1,1
516806,124,81,38,0,0,0,10,0,1
516807,29,18,5,0,0,0,16,0,1
516808,47,35,8,0,0,0,7,0,1
516810,168,118,65,0,0,0,7,0,1
516811,341,207,100,0,0,0,8,0,1
516818,69,64,3,0,0,0,3,2,1
516823,180,171,17,0,0,0,7,0,1
516826,39,39,2,0,0,0,9,0,1
516827,30,27,5,0,0,0,3,0,1
516828,126,79,40,0,0,0,8,0,1
516831,1186,403,303,4,4,0,60,1,1
516835,4,4,0,0,0,0,0,0,1
516836,134,104,15,0,0,0,30,0,1
516837,631,300,226,0,0,0,15,3,1
516842,85,67,27,0,0,0,11,0,1
516843,85,67,25,0,0,0,11,0,1
516846,87,66,32,0,0,0,11,0,1
516848,225,129,69,0,0,0,9,1,1
516850,72,66,10,0,0,0,17,0,1
516852,78,62,30,2,2,0,7,0,1
516854,202,129,14,0,0,0,59,0,1
516855,43,41,11,0,0,0,8,0,1
516857,124,112,23,0,0,0,40,0,1
516858,181,123,53,0,0,0,4,0,1
516859,98,82,30,0,0,0,6,0,1
516860,56,47,6,0,0,0,4,0,1
516862,79,69,14,0,0,0,11,0,1
516864,107,67,39,0,0,0,4,0,1
516865,217,210,12,0,0,0,35,0,1
516867,52,44,6,0,0,0,5,0,1
516869,1264,510,424,1,1,0,62,1,1
516873,55,54,0,0,0,0,3,0,1
516878,599,298,2,0,0,0,309,0,1
516880,134,86,33,3,1,0,5,0,1
516881,8,7,3,0,0,0,0,0,1
516883,27,25,5,0,0,0,5,0,1
516887,163,109,64,1,1,0,3,1,1
516888,42,37,8,0,0,0,3,0,1
516891,106,73,29,3,1,0,4,0,1
516893,100,81,24,0,0,0,2,0,1
516894,105,84,32,3,3,1,4,0,1
516895,186,130,63,0,0,0,17,1,1
516898,37,35,7,0,0,0,1,0,1
516899,424,225,170,0,0,0,8,3,1
516905,182,130,6,0,0,0,31,0,1
516915,218,145,71,0,0,0,16,0,1
516916,61,52,21,0,0,0,9,1,1
516918,11,10,2,0,0,0,0,0,1
516921,1075,443,363,0,0,0,15,1,1
516922,262,165,71,0,0,0,5,0,1
516923,110,85,27,0,0,0,25,0,1
516926,588,277,238,0,0,0,11,2,1
516928,10,10,2,0,0,0,1,0,1
516930,290,284,13,0,0,0,29,0,1
516934,38,37,10,0,0,0,1,0,1
516937,35,27,10,1,1,0,1,1,1
516940,59,50,24,0,0,0,3,0,1
516941,36,35,5,0,0,0,1,0,1
516942,333,182,109,0,0,0,7,2,1
516944,156,105,60,0,0,0,0,0,1
516945,571,293,205,0,0,0,29,2,1
516949,56,39,10,0,0,0,14,0,1
516952,199,142,56,0,0,0,4,0,1
516962,172,109,58,1,1,1,4,0,1
516964,766,279,317,0,0,0,1,0,1
516966,62,44,14,0,0,0,4,0,1
516967,480,278,159,0,0,1,21,1,1
516968,110,89,37,0,0,0,4,0,1
516969,492,241,207,0,0,0,10,2,1
516970,1205,498,384,0,0,0,117,1,1
516971,84,63,27,0,0,0,0,0,1
516973,650,279,249,0,0,0,4,2,1
516975,109,91,25,0,0,0,9,0,1
516981,54,50,13,0,0,0,8,0,1
516989,144,110,38,0,0,0,23,0,1
516990,664,311,253,3,3,1,15,2,1
516991,140,85,42,0,0,0,3,0,1
516995,199,182,24,0,0,0,10,0,1
516997,131,103,27,0,0,0,6,0,1
516999,56,43,9,0,0,0,6,0,1
517004,162,98,57,0,0,0,7,2,1
517006,102,75,39,2,2,0,4,0,1
517009,80,67,26,0,0,0,8,0,1
517016,147,99,51,0,0,0,12,0,1
517017,156,140,14,0,0,0,17,0,1
517022,95,71,19,1,1,0,6,0,1
517027,98,77,24,0,0,0,4,0,1
517029,388,192,150,0,0,0,17,1,1
517030,539,290,187,0,0,0,22,2,1
517037,105,93,16,0,0,0,30,0,1
517039,147,95,48,4,2,0,2,0,1
517042,165,142,18,0,0,0,9,0,1
517047,73,63,22,0,0,0,3,1,1
517050,33,29,6,0,0,0,7,0,1
517051,33,29,13,0,0,0,2,0,1
517058,922,422,317,0,0,0,28,2,1
517060,86,66,33,0,0,0,9,0,1
517063,13,13,6,0,0,0,0,0,1
517066,32,29,4,0,0,0,13,0,1
517067,1054,383,387,0,0,0,22,1,1
517068,197,129,51,0,0,0,27,0,1
517069,114,69,44,0,0,0,4,1,1
517071,72,60,20,0,0,0,0,0,1
517072,553,286,216,0,0,0,15,3,1
517074,2916,789,1139,0,0,0,65,1,1
517078,86,74,25,2,1,0,1,0,1
517087,121,107,36,0,0,0,30,0,1
517089,90,56,40,0,0,0,0,0,1
517090,108,105,6,0,0,0,5,0,1
517100,300,195,83,0,0,0,25,0,1
517103,110,84,39,0,0,0,1,0,1
517108,172,133,59,0,0,0,4,0,1
517109,44,36,14,1,1,0,0,0,1
517111,221,138,61,0,0,0,23,0,1
517114,192,109,49,0,0,0,8,1,1
517115,67,54,14,0,0,0,4,0,1
517117,46,38,9,0,0,0,9,0,1
517120,76,65,8,0,0,0,17,0,1
517121,70,66,10,0,0,0,16,0,1
517125,366,202,137,0,0,0,27,1,1
517135,361,216,90,0,0,0,44,1,1
517136,93,88,19,0,0,0,21,0,1
517138,69,58,22,0,0,0,6,0,1
517142,205,133,68,0,0,0,7,0,1
517143,199,140,78,0,0,0,1,0,1
517151,190,129,64,0,0,0,13,1,1
517154,70,54,20,0,0,0,1,0,1
517155,188,140,6,0,0,0,36,0,1
517160,98,75,25,0,0,0,4,0,1
517161,7,7,4,0,0,0,1,0,1
517163,77,66,15,0,0,0,2,0,1
517164,176,115,56,3,3,1,13,0,1
517167,103,83,24,0,0,0,11,2,1
517168,170,124,59,0,0,0,17,0,1
517170,32,31,4,0,0,0,4,0,1
517171,63,51,17,2,1,0,4,0,1
517175,100,70,24,0,0,0,2,1,1
517176,1663,558,632,5,5,1,15,0,1
517177,360,210,104,0,0,0,20,0,1
517182,13,11,5,0,0,0,0,0,1
517186,237,152,70,0,0,0,7,4,1
517188,49,47,3,0,0,0,5,0,1
517192,117,87,28,0,0,0,5,0,1
517195,149,94,63,0,0,0,3,0,1
517197,1481,576,21,14,4,14,677,0,1
517199,230,132,77,0,0,0,10,0,1
517200,85,66,24,0,0,0,11,0,1
517201,243,211,3,0,0,0,150,0,1
517207,949,423,304,0,0,0,16,0,1
517211,49,49,3,0,0,0,0,0,1
517212,57,55,9,0,0,0,5,0,1
517217,77,61,26,0,0,0,2,0,1
517218,38,37,2,0,0,0,1,0,1
517220,144,114,32,0,0,0,11,0,1
517221,89,64,31,0,0,0,0,0,1
517226,64,53,28,0,0,0,2,0,1
517227,412,205,172,0,0,0,3,0,1
517236,76,54,28,0,0,0,3,0,1
517237,291,171,74,3,2,0,11,1,1
517238,59,41,12,0,0,0,0,0,1
517242,104,81,23,0,0,0,8,0,1
517245,66,55,22,0,0,0,2,0,1
517247,112,85,24,0,0,0,5,0,1
517248,276,179,74,0,0,0,25,0,1
517249,71,54,26,0,0,2,3,0,1
517250,13,13,4,1,1,0,1,0,1
517253,336,332,5,0,0,0,43,1,1
517255,288,157,100,0,0,1,22,0,1
517256,161,109,37,6,3,0,22,0,1
517260,65,62,7,0,0,0,15,0,1
517264,795,292,177,0,0,0,141,0,1
517265,179,110,59,0,0,0,9,0,1
517266,103,64,10,0,0,0,15,0,1
517270,69,53,24,0,0,0,0,0,1
517271,29,28,5,0,0,0,5,0,1
517273,32,32,8,0,0,0,1,0,1
517280,208,133,65,0,0,0,6,1,1
517281,68,57,15,0,0,0,8,0,1
517284,1205,495,384,0,0,0,121,1,1
517290,210,121,75,0,0,0,7,1,1
517292,104,81,34,0,0,0,4,0,1
517306,1316,437,540,0,0,0,11,3,1
517308,14,14,3,0,0,0,1,0,1
517310,733,312,310,0,0,0,17,2,1
517311,172,112,46,2,2,2,24,0,1
517312,113,103,21,0,0,0,10,0,1
517313,378,202,119,1,1,1,7,0,1
517314,55,49,15,0,0,0,4,0,1
517315,72,61,10,0,0,0,21,0,1
517317,403,209,165,0,0,0,15,2,1
517319,23,23,2,0,0,0,3,0,1
517321,140,99,39,0,0,0,3,0,1
517325,40,38,12,0,0,0,0,0,1
517326,85,65,26,0,0,0,12,0,1
517330,28,22,6,0,0,0,3,0,1
517333,55,48,16,0,0,0,1,0,1
517335,81,70,23,0,0,0,6,1,1
517337,108,84,31,0,0,0,7,0,1
517338,1130,532,347,0,0,0,147,0,1
517340,5,5,2,0,0,0,0,0,1
517341,155,121,52,0,0,0,25,0,1
517343,1443,628,471,0,0,0,141,2,1
517350,261,245,5,0,0,0,50,0,1
517352,2786,840,989,5,5,1,30,0,1
517353,79,68,14,0,0,0,14,0,1
517354,74,65,9,0,0,0,18,0,1
517356,86,67,31,0,0,0,12,0,1
517359,108,83,36,0,0,0,10,0,1
517362,176,109,57,0,0,0,8,0,1
517365,1101,412,407,0,0,0,8,0,1
517367,30,28,5,0,0,0,4,0,1
517370,138,95,50,2,2,1,9,1,1
517373,1061,442,308,0,0,0,39,1,1
517375,105,73,34,2,1,1,6,0,1
517378,296,168,85,0,0,0,15,0,1
517384,73,54,24,1,1,0,3,0,1
517388,311,173,103,0,0,0,22,1,1
517389,56,46,19,1,1,0,2,0,1
517392,69,66,10,0,0,0,19,0,1
517399,45,40,11,0,0,0,0,0,1
517409,275,152,1,0,0,0,152,0,1
517417,38,37,5,0,0,0,14,0,1
517423,117,83,38,0,0,0,11,0,1
517426,79,70,10,0,0,0,17,0,1
517429,68,55,11,0,0,0,9,0,1
517432,123,90,37,1,1,0,6,0,1
517434,175,110,46,1,1,0,2,1,1
517437,186,123,48,0,0,0,17,0,1
517438,201,112,61,4,3,2,14,0,1
517443,144,110,36,0,0,0,13,0,1
517444,163,108,54,0,0,0,17,0,1
517445,181,121,34,0,0,0,24,1,1
517446,102,80,21,0,0,0,2,0,1
517448,62,47,22,0,0,0,5,1,1
517450,85,63,26,0,0,0,1,0,1
517455,654,260,224,11,4,1,35,1,1
517459,27,24,9,0,0,0,2,0,1
517467,86,67,32,0,0,0,13,0,1
517469,137,108,25,0,0,0,9,0,1
517470,83,61,26,1,1,0,1,0,1
517473,30,28,6,0,0,0,2,0,1
517475,444,215,200,0,0,0,3,2,1
517476,14,14,3,0,0,0,2,0,1
517479,434,224,136,0,0,0,8,0,1
517480,65,52,28,1,1,0,2,0,1
517482,52,46,16,0,0,0,2,0,1
517483,143,92,51,0,0,0,6,0,1
517484,239,138,96,0,0,0,2,1,1
517486,121,96,25,0,0,0,15,2,1
517488,190,133,64,0,0,0,9,0,1
517489,10,9,1,0,0,0,2,0,1
517491,247,151,97,6,6,1,10,1,1
517493,575,267,196,0,0,0,28,1,1
517498,89,74,36,0,0,0,10,0,1
517499,550,268,227,0,0,0,11,3,1
517501,112,89,29,0,0,0,7,0,1
517502,93,87,4,0,0,0,31,0,1
517504,109,70,38,0,0,0,0,0,1
517506,76,76,0,0,0,0,39,0,1
517508,210,134,59,2,2,0,9,0,1
517509,131,101,15,0,0,0,30,0,1
517512,72,51,14,3,3,3,17,0,1
517513,63,53,15,0,0,0,23,0,1
517515,154,93,49,0,0,0,7,0,1
517516,109,87,31,0,0,0,9,0,1
517517,178,114,62,0,0,0,5,0,1
517518,2220,636,897,12,8,1,54,0,1
517519,76,66,10,0,0,0,7,0,1
517523,22,18,8,0,0,0,1,0,1
517524,90,63,33,0,0,0,6,0,1
517525,42,27,6,0,0,0,5,0,1
517529,6,6,2,0,0,0,1,0,1
517531,676,610,58,0,0,0,63,0,1
517536,70,63,10,0,0,0,12,0,1
517540,21,19,5,0,0,0,1,0,1
517541,577,262,248,0,0,0,3,0,1
517543,4,4,1,0,0,0,1,0,1
517544,604,327,170,0,0,0,32,0,1
517545,106,78,28,1,1,2,8,0,1
517546,396,198,129,0,0,0,15,1,1
517547,68,59,19,0,0,0,1,0,1
517548,206,128,54,0,0,0,15,0,1
517550,69,52,26,0,0,0,3,0,1
517552,88,67,32,0,0,0,10,0,1
517553,74,57,23,0,0,0,2,0,1
517555,368,187,120,2,2,1,13,1,1
517556,430,227,169,0,0,0,2,1,1
517558,677,335,239,0,0,0,29,2,1
517567,124,81,41,1,1,2,7,1,1
517569,3799,880,1451,0,0,0,36,2,1
517573,24,24,6,0,0,0,1,0,1
517575,473,239,195,0,0,0,11,2,1
517576,106,66,47,0,0,0,1,1,1
517579,52,34,18,0,0,0,2,0,1
517583,105,81,28,0,0,0,13,0,1
517587,100,72,35,1,1,1,6,0,1
517588,107,92,20,0,0,0,41,0,1
517594,78,55,26,0,0,0,2,0,1
517597,530,302,167,3,3,2,35,1,1
517599,269,149,108,0,0,0,9,0,1
517600,70,60,21,0,0,0,6,0,1
517602,840,348,273,0,0,0,43,1,1
517606,532,280,181,0,0,0,14,2,1
517609,345,210,121,0,0,0,21,1,1
517610,582,296,225,2,2,5,19,1,1
517611,96,72,36,0,0,0,4,0,1
517613,102,74,31,0,0,0,15,0,1
517616,176,115,56,3,3,1,13,0,1
517618,148,134,24,0,0,0,13,1,1
517620,71,60,11,0,0,0,19,0,1
517622,81,63,35,0,0,0,0,0,1
517626,43,39,12,0,0,0,6,0,1
517629,202,101,8,0,0,0,36,0,1
517633,27,24,9,0,0,0,2,0,1
517644,628,614,14,0,0,0,49,0,1
517646,192,126,49,3,3,3,14,1,1
517648,161,146,28,0,0,0,17,0,1
517657,34,28,11,0,0,0,2,0,1
517658,379,356,26,0,0,0,30,0,1
517660,192,116,59,0,0,0,16,1,1
517665,62,52,24,0,0,0,1,1,1
517670,2434,663,920,6,6,1,64,1,1
517672,178,126,75,0,0,0,2,0,1
517674,90,69,35,0,0,0,3,0,1
517690,266,137,84,5,2,0,6,1,1
517693,102,68,6,0,0,0,28,0,1
517696,54,52,4,0,0,0,4,0,1
517702,34,23,4,3,3,1,11,0,1
517703,86,74,18,0,0,0,9,1,1
517707,119,100,27,0,0,0,17,0,1
517709,548,166,22,1,1,0,107,0,1
517712,159,88,4,0,0,0,41,0,1
517715,43,43,0,0,0,0,3,0,1
517717,68,50,7,0,0,1,23,0,1
517718,83,64,30,0,0,0,3,0,1
517721,419,380,38,0,0,0,35,1,1
517723,293,163,79,1,1,5,10,0,1
517726,67,67,2,0,0,0,11,0,1
517730,167,127,43,0,0,0,5,1,1
517738,5,5,0,0,0,0,2,0,1
517740,531,263,156,0,0,0,20,2,1
517743,278,138,108,0,0,0,6,2,1
517745,141,98,47,3,3,1,12,0,1
517748,1504,211,71,0,0,0,634,0,1
517749,30,25,11,0,0,0,2,0,1
517751,912,348,269,0,0,0,27,0,1
517752,72,66,18,0,0,0,17,0,1
517754,550,245,185,4,3,0,33,0,1
517759,343,190,125,4,3,0,7,1,1
517760,200,123,51,0,0,0,7,0,1
517762,99,63,38,0,0,0,5,0,1
517764,41,37,8,0,0,0,4,0,1
517765,169,134,44,0,0,0,25,0,1
517768,23,21,3,0,0,0,7,0,1
517769,100,83,32,0,0,0,7,0,1
517772,150,65,19,0,0,0,17,0,1
517773,48,39,8,0,0,0,23,0,1
517776,70,60,11,0,0,0,18,0,1
517779,6,6,0,0,0,0,1,0,1
517781,69,55,19,0,0,0,5,1,1
517783,190,179,19,0,0,0,10,0,1
517786,125,98,44,0,0,0,8,0,1
517789,766,313,275,0,0,0,13,0,1
517790,33,29,13,0,0,0,1,0,1
517792,419,221,172,0,0,0,7,2,1
517796,79,58,30,0,0,0,5,0,1
517798,333,228,121,0,0,0,31,0,1
517799,20,17,3,0,0,0,4,0,1
517803,102,70,26,0,0,0,7,0,1
517804,994,410,340,0,0,0,99,0,1
517805,70,49,14,3,3,3,17,0,1
517806,60,53,13,0,0,0,5,1,1
517809,1724,669,588,0,0,0,43,2,1
517810,98,78,38,0,0,0,3,0,1
517813,485,232,71,0,0,0,29,0,1
517817,216,141,62,7,7,1,21,0,1
517818,2346,657,955,0,0,0,26,1,1
517819,110,78,37,0,0,0,7,1,1
517823,115,88,18,0,0,0,2,0,1
517824,1097,205,92,0,0,0,400,1,1
517826,866,362,365,0,0,3,8,2,1
517827,52,46,10,0,0,0,7,1,1
517830,152,96,49,3,1,0,2,0,1
517832,150,94,54,0,0,1,2,0,1
517838,215,129,95,0,0,0,5,0,1
517839,86,67,31,0,0,0,14,0,1
517840,235,227,17,0,0,0,185,1,1
517841,294,159,114,0,0,0,17,1,1
517844,43,43,1,0,0,0,6,0,1
517845,413,217,183,1,1,0,5,1,1
517846,386,211,8,0,0,0,209,0,1
517847,124,101,20,0,0,0,8,0,1
517848,113,89,21,0,0,0,11,0,1
517849,467,238,193,0,0,0,6,1,1
517853,66,55,22,0,0,0,2,0,1
517859,17,17,2,0,0,0,3,0,1
517861,56,51,1,0,0,0,37,0,1
517867,99,73,24,0,0,0,4,0,1
517871,133,101,51,0,0,0,3,0,1
517876,32,28,9,1,1,0,2,0,1
517877,40,33,10,0,0,0,0,0,1
517879,127,90,44,0,0,0,4,1,1
517880,134,75,31,0,0,0,22,0,1
517886,236,161,79,0,0,0,9,0,1
517887,27,25,2,0,0,0,8,0,1
517889,325,191,99,3,3,1,15,0,1
517890,201,111,63,0,0,0,12,0,1
517892,102,63,37,0,0,0,0,0,1
517895,1336,424,507,0,0,0,23,3,1
517898,263,113,45,0,0,0,4,0,1
517899,74,69,5,0,0,0,2,0,1
517900,176,119,53,0,0,0,3,1,1
517901,337,153,129,0,0,0,27,0,1
517903,522,268,78,0,0,0,29,0,1
517905,124,122,1,0,0,0,110,0,1
517916,1884,782,567,0,0,0,122,0,1
517918,21,20,9,0,0,0,1,0,1
517919,50,49,3,0,0,0,5,0,1
517921,525,299,160,2,2,0,14,2,1
517927,281,196,44,0,0,0,33,1,1
517932,112,73,51,3,3,0,4,0,1
517933,26,24,2,0,0,0,7,0,1
517934,128,96,29,2,2,1,10,0,1
517935,40,39,7,0,0,0,3,0,1
517936,571,289,209,0,0,0,11,2,1
517937,38,37,1,0,0,0,5,0,1
517938,100,71,43,0,0,0,5,0,1
517941,85,61,27,0,0,0,2,0,1
517944,143,110,38,0,0,1,8,0,1
517950,34,34,1,0,0,0,6,0,1
517951,162,94,33,0,0,0,16,0,1
517952,651,299,188,0,0,0,54,1,1
517953,7,7,1,0,0,0,0,0,1
517954,1397,603,474,0,0,0,171,2,1
517956,124,81,34,0,0,0,2,0,1
517958,474,242,198,1,1,2,28,2,1
517959,47,42,7,0,0,0,5,0,1
517964,34,25,7,0,0,0,10,0,1
517965,392,195,132,0,0,0,23,0,1
517968,57,46,22,0,0,0,1,0,1
517969,102,66,39,0,0,0,6,0,1
517972,53,43,22,0,0,0,1,0,1
517974,106,79,28,0,0,0,2,0,1
517976,1344,436,555,0,0,0,15,3,1
517979,192,123,49,0,0,0,29,0,1
517984,102,63,37,0,0,0,0,0,1
517991,193,130,56,0,0,0,3,1,1
517994,934,425,304,0,0,0,66,0,1
517997,30,25,0,2,1,0,20,0,1
517998,84,70,26,0,0,0,2,1,1
517999,8,8,2,0,0,0,0,0,1
518002,390,244,98,0,0,0,42,0,1
518003,495,238,157,0,0,0,16,0,1
518004,1102,461,402,0,0,0,30,2,1
518008,93,61,7,0,0,0,55,0,1
518012,127,95,29,2,2,1,8,0,1
518016,47,44,11,0,0,0,12,0,1
518018,20,20,1,0,0,0,9,0,1
518021,114,79,35,1,1,0,1,1,1
518022,42,35,11,0,0,0,6,1,1
518026,184,105,61,1,1,0,1,0,1
518027,187,123,57,0,0,0,3,0,1
518028,214,142,66,0,0,0,9,0,1
518032,169,105,61,3,3,0,8,0,1
518033,178,127,57,3,2,1,5,0,1
518034,36,33,9,0,0,0,2,0,1
518037,108,68,39,0,0,0,0,0,1
518041,33,25,10,0,0,0,1,0,1
518047,52,52,6,0,0,0,1,0,1
518050,337,179,107,2,2,1,7,1,1
518052,203,137,70,0,0,0,14,0,1
518055,25,24,4,0,0,0,2,0,1
518058,42,41,3,0,0,0,6,0,1
518060,817,388,294,0,0,0,16,2,1
518061,146,97,49,0,0,0,6,0,1
518062,305,174,120,0,0,0,4,1,1
518071,19,17,3,0,0,0,5,0,1
518075,39,38,4,0,0,0,21,0,1
518076,398,212,161,0,0,0,11,2,1
518077,67,64,7,0,0,0,17,0,1
518082,88,68,32,0,0,0,14,0,1
518084,57,51,14,0,0,0,7,0,1
518086,177,116,64,0,0,0,11,0,1
518088,135,116,11,0,0,0,5,0,1
518093,232,36,2,0,0,0,14,0,1
518094,395,219,129,0,0,0,10,1,1
518097,134,76,15,0,0,0,27,1,1
518098,138,103,48,0,0,0,4,0,1
518100,28,28,5,0,0,0,11,0,1
518101,617,300,213,10,10,1,29,0,1
518102,61,58,8,0,0,0,13,0,1
518103,419,232,119,5,4,0,13,2,1
518106,65,53,19,2,1,0,7,0,1
518110,173,97,57,3,2,0,4,0,1
518111,155,97,48,2,1,0,7,0,1
518113,166,119,35,0,0,0,7,1,1
518115,22,18,5,0,0,0,3,0,1
518117,44,44,0,0,0,0,3,0,1
518120,57,47,17,0,0,0,3,0,1
518123,49,46,10,0,0,0,12,0,1
518127,226,160,56,3,3,1,13,1,1
518128,1020,455,336,0,0,0,32,2,1
518130,174,102,64,0,0,0,8,0,1
518133,931,374,330,0,0,0,23,1,1
518134,423,226,85,0,0,0,56,1,1
518136,131,126,15,0,0,0,12,0,1
518147,54,49,13,0,0,0,3,0,1
518151,76,58,19,2,2,0,12,0,1
518153,127,84,29,0,0,0,4,0,1
518155,320,164,105,0,0,0,9,1,1
518157,262,245,33,0,0,0,40,0,1
518159,66,53,22,0,0,0,1,2,1
518160,95,74,6,0,0,0,39,0,1
518169,316,165,97,6,5,0,17,0,1
518170,172,98,30,5,4,1,22,0,1
518172,53,44,6,0,0,0,6,0,1
518173,71,54,3,0,0,0,21,0,1
518176,129,91,38,0,0,0,7,0,1
518177,40,35,6,0,0,0,5,0,1
518182,90,63,34,2,1,0,3,0,1
518185,102,67,6,0,0,0,24,0,1
518186,68,63,8,0,0,0,16,0,1
518190,112,80,25,0,0,0,7,0,1
518199,159,112,8,0,0,0,32,0,1
518204,134,89,1,0,0,0,69,0,1
518205,52,52,1,0,0,0,6,0,1
518210,56,42,24,0,0,0,2,0,1
518211,8,8,1,0,0,0,0,0,1
518212,596,95,92,0,0,0,221,0,1
518213,597,106,88,0,0,0,222,0,1
518214,55,46,20,0,0,0,2,0,1
518215,52,52,0,0,0,0,2,0,1
518216,296,194,75,0,0,0,37,0,1
518217,121,80,42,0,0,0,4,0,1
518228,419,223,183,2,2,0,7,1,1
518232,127,90,43,0,0,0,12,0,1
518237,47,46,5,0,0,0,3,0,1
518243,77,62,34,0,0,0,6,0,1
518245,174,118,50,2,1,1,10,0,1
518246,10,10,1,1,1,0,0,0,1
518247,40,37,14,0,0,0,4,0,1
518248,180,126,41,4,4,2,14,0,1
518249,224,134,29,0,0,0,64,0,1
518252,100,79,30,0,0,0,14,0,1
518255,68,65,9,0,0,0,21,0,1
518265,79,69,14,0,0,0,14,0,1
518267,299,201,71,1,1,1,11,2,1
518272,87,52,17,0,0,0,1,0,1
518274,121,120,1,0,0,0,107,0,1
518276,346,161,114,0,0,0,5,0,1
518277,47,46,10,0,0,0,10,0,1
518283,74,56,30,0,0,0,15,0,1
518285,1674,594,571,10,10,1,47,1,1
518287,679,309,229,0,0,0,17,1,1
518292,25,20,2,0,0,0,4,0,1
518297,27,24,9,0,0,0,2,0,1
518298,78,58,25,0,0,0,2,0,1
518301,40,35,13,0,0,0,3,0,1
518304,62,51,5,0,0,0,5,0,1
518305,56,55,6,0,0,0,0,0,1
518307,157,97,65,0,0,2,5,0,1
518309,31,29,8,0,0,0,0,0,1
518310,196,128,84,0,0,0,20,0,1
518317,107,89,32,0,0,0,10,1,1
518319,57,45,1,0,0,0,19,0,1
518320,44,44,9,0,0,0,2,0,1
518321,191,146,51,0,0,0,31,0,1
518322,49,38,13,0,0,0,5,1,1
518325,2444,661,942,0,0,0,22,3,1
518328,127,99,3,0,0,0,74,0,1
518334,37,29,10,0,0,0,4,0,1
518335,46,44,3,0,0,0,3,0,1
518338,71,57,17,0,0,0,24,0,1
518340,48,39,9,1,1,0,2,0,1
518341,487,242,181,0,0,0,13,0,1
518343,55,41,22,0,0,0,1,0,1
518347,62,54,22,0,0,0,3,0,1
518349,65,56,19,0,0,0,2,0,1
518350,146,97,49,0,0,0,6,0,1
518352,73,63,20,0,0,0,9,0,1
518357,132,97,14,0,0,0,53,0,1
518358,123,90,37,1,1,0,6,0,1
518360,4,4,0,0,0,0,0,0,1
518363,17,16,4,0,0,0,3,0,1
518366,1134,407,450,0,0,0,9,0,1
518367,67,53,24,0,0,0,2,0,1
518372,98,87,15,0,0,0,26,0,1
518375,272,178,65,0,0,0,4,1,1
518376,44,42,11,0,0,0,8,0,1
518382,518,260,164,0,0,0,65,0,1
518383,108,82,37,0,0,0,7,0,1
518384,70,57,20,0,0,0,5,1,1
518388,118,98,20,0,0,0,15,0,1
518392,43,36,11,0,0,0,17,0,1
518395,34,22,13,0,0,0,2,0,1
518402,990,407,339,0,0,0,107,0,1
518403,76,63,21,0,0,0,4,0,1
518406,7,7,2,0,0,0,0,0,1
518408,259,158,45,4,3,0,23,0,1
518409,84,80,15,0,0,0,15,0,1
518411,66,55,22,0,0,0,2,0,1
518413,62,42,20,0,0,0,2,0,1
518420,111,94,10,0,0,0,32,0,1
518422,48,42,22,0,0,0,0,0,1
518423,47,37,9,0,0,0,5,0,1
518425,778,350,231,0,0,0,49,0,1
518427,204,131,64,0,0,0,6,1,1
518429,153,93,48,0,0,0,3,0,1
518430,26,26,9,0,0,0,1,0,1
518431,94,73,33,0,0,0,0,2,1
518433,10,10,2,0,0,0,1,0,1
518435,82,71,10,0,0,0,23,0,1
518438,79,66,25,0,0,0,3,1,1
518439,232,146,78,3,3,3,9,0,1
518444,143,61,4,4,4,2,42,0,1
518445,188,138,72,0,0,0,17,0,1
518446,167,127,44,0,0,0,6,1,1
518447,23,19,8,1,1,1,3,0,1
518448,42,35,16,0,0,0,2,0,1
518453,7,7,1,0,0,0,0,0,1
518454,952,416,340,0,0,0,16,2,1
518457,118,85,40,0,0,0,11,1,1
518458,47,41,19,0,0,0,8,0,1
518461,27,24,9,0,0,0,2,0,1
518462,394,206,167,0,0,0,4,1,1
518464,87,80,18,0,0,0,18,0,1
518468,562,280,202,0,0,0,24,1,1
518476,74,67,3,0,0,0,48,0,1
518477,165,94,67,0,0,0,8,0,1
518481,45,40,11,0,0,0,0,0,1
518482,84,62,28,0,0,0,6,0,1
518487,97,69,12,0,0,0,28,0,1
518489,128,81,33,4,4,1,17,0,1
518493,389,210,145,3,3,1,25,2,1
518495,102,67,6,0,0,0,28,0,1
518498,811,430,239,0,0,0,95,0,1
518499,28,21,1,0,0,0,13,0,1
518500,42,36,10,0,0,0,1,0,1
518501,85,66,24,0,0,0,10,0,1
518504,49,42,8,0,0,0,9,1,1
518506,233,164,60,0,0,0,14,0,1
518508,102,68,6,0,0,0,25,0,1
518511,74,63,24,0,0,0,1,0,1
518512,3011,789,1232,0,0,0,38,2,1
518515,95,77,23,0,0,0,1,0,1
518518,57,47,14,2,1,0,4,0,1
518520,340,210,86,0,0,0,12,0,1
518521,189,122,70,0,0,0,1,1,1
518523,75,65,11,0,0,0,10,0,1
518525,103,78,25,0,0,0,11,0,1
518526,32,26,12,0,0,0,2,0,1
518535,221,147,59,0,0,0,1,0,1
518536,83,61,17,0,0,0,8,0,1
518537,59,50,16,0,0,0,4,0,1
518539,455,227,142,0,0,0,6,1,1
518542,56,48,22,0,0,0,0,0,1
518544,136,99,33,0,0,0,13,0,1
518546,194,104,68,0,0,0,19,0,1
518547,29,29,9,0,0,0,2,0,1
518549,103,79,36,0,0,0,7,0,1
518550,138,83,48,0,0,0,3,0,1
518551,30,28,3,0,0,0,14,0,1
518554,268,163,98,4,3,0,12,1,1
518555,187,130,63,0,0,0,16,1,1
518565,776,304,230,3,3,2,39,1,1
518566,269,185,50,0,0,0,48,0,1
518571,66,56,25,0,0,0,1,1,1
518573,124,85,39,0,0,0,7,1,1
518574,47,37,15,0,0,0,1,1,1
518580,159,109,48,0,0,0,12,0,1
518581,132,115,25,0,0,0,7,0,1
518582,62,52,17,0,0,0,10,1,1
518584,49,38,9,0,0,0,3,0,1
518586,1145,508,380,0,0,0,140,2,1
518590,233,144,73,3,3,1,12,0,1
518595,241,124,86,2,1,0,6,1,1
518596,140,102,13,0,0,0,44,0,1
518598,695,396,221,0,0,0,133,2,1
518599,178,133,49,1,1,0,7,1,1
518602,63,50,27,0,0,0,0,0,1
518603,421,229,168,2,1,0,23,1,1
518606,606,338,143,0,0,0,14,1,1
518607,211,111,95,0,0,0,2,1,1
518615,32,30,12,0,0,0,2,0,1
518616,13,13,3,0,0,0,1,0,1
518619,123,87,46,0,0,0,4,0,1
518620,133,94,46,0,0,0,2,0,1
518621,19,18,3,0,0,0,1,0,1
518624,8,8,2,0,0,0,0,0,1
518625,115,68,37,0,0,0,6,0,1
518626,6,6,1,0,0,0,2,0,1
518631,856,378,291,0,0,0,47,1,1
518634,899,436,302,0,0,0,93,1,1
518635,338,282,65,0,0,0,36,0,1
518636,170,111,54,0,0,0,3,0,1
518637,197,131,57,0,0,0,7,0,1
518641,84,84,5,0,0,0,39,0,1
518645,44,32,5,3,3,1,12,0,1
518651,188,120,71,0,0,0,5,1,1
518655,185,108,65,0,0,0,4,1,1
518657,73,60,14,0,0,0,12,0,1
518660,75,61,31,0,0,0,8,0,1
518668,28,25,8,0,0,0,2,0,1
518670,163,112,54,0,0,0,10,0,1
518671,59,49,18,0,0,0,2,0,1
518672,58,43,9,0,0,0,15,0,1
518674,204,118,64,0,0,0,1,0,1
518676,107,81,33,0,0,0,5,0,1
518677,25,22,6,0,0,0,1,0,1
518680,508,272,162,6,5,2,30,0,1
518683,91,71,30,0,0,0,2,1,1
518687,415,218,123,1,1,3,9,0,1
518688,33,32,4,0,0,0,8,0,1
518694,111,69,39,0,0,0,1,0,1
518697,66,55,24,0,0,0,1,0,1
518698,95,74,33,0,0,0,0,0,1
518705,1270,515,424,2,2,0,64,1,1
518709,474,237,175,4,2,0,11,0,1
518710,100,68,37,0,0,0,3,0,1
518713,100,87,22,0,0,0,3,0,1
518719,516,267,206,0,0,0,7,0,1
518725,106,86,26,0,0,0,8,0,1
518729,46,45,6,0,0,0,1,0,1
518730,6,6,1,0,0,0,0,0,1
518734,207,125,66,0,0,0,13,1,1
518735,259,166,90,0,0,0,17,0,1
518736,179,102,42,0,0,0,34,2,1
518738,19,17,4,0,0,0,2,0,1
518740,60,49,9,0,0,0,8,0,1
518744,58,48,23,0,0,0,9,0,1
518751,218,114,4,0,0,0,90,0,1
518752,16,16,2,0,0,0,0,0,1
518753,75,61,28,0,0,0,3,0,1
518755,49,48,4,0,0,0,13,0,1
518758,31,28,8,0,0,0,4,0,1
518760,522,242,216,0,0,0,15,2,1
518761,252,142,109,0,0,0,9,1,1
518762,64,57,0,0,0,0,16,0,1
518763,274,115,45,0,0,0,2,0,1
518764,222,123,56,0,0,0,12,1,1
518766,688,285,197,0,0,0,7,2,1
518771,164,100,53,3,1,0,9,0,1
518772,246,138,103,0,0,0,3,0,1
518775,8,8,0,0,0,0,4,0,1
518781,49,45,11,0,0,0,15,0,1
518782,4,4,1,0,0,0,0,0,1
518784,71,61,10,0,0,0,15,0,1
518785,41,33,12,0,0,0,1,0,1
518786,326,231,19,0,0,0,161,0,1
518788,36,34,7,0,0,0,4,0,1
518791,179,112,62,0,0,0,9,1,1
518797,594,282,262,0,0,1,12,1,1
518799,445,215,175,0,0,0,18,2,1
518801,210,198,11,0,0,0,26,0,1
518804,36,32,13,0,0,0,0,0,1
518809,282,159,81,0,0,0,4,0,1
518811,49,48,8,0,0,0,17,0,1
518812,139,92,46,0,0,0,3,0,1
518819,28,27,3,0,0,0,12,0,1
518820,3238,789,1314,0,0,0,33,2,1
518823,194,113,69,1,1,0,7,0,1
518824,147,88,45,0,0,0,1,0,1
518825,77,63,20,0,0,0,17,0,1
518827,8,8,3,0,0,0,0,0,1
518828,204,123,77,1,1,1,6,0,1
518831,5,5,1,0,0,0,0,0,1
518832,485,240,190,0,0,0,12,1,1
518837,86,66,24,0,0,0,5,0,1
518839,112,85,24,0,0,0,5,0,1
518842,116,85,37,3,1,0,3,1,1
518843,107,72,47,0,0,0,3,0,1
518845,12,8,0,0,0,0,8,0,1
518847,148,95,29,3,2,0,17,0,1
518849,505,284,155,0,0,0,72,0,1
518855,38,35,7,0,0,0,6,0,1
518865,186,129,63,0,0,0,16,1,1
518869,68,63,8,0,0,0,15,0,1
518870,616,600,18,0,0,0,44,0,1
518875,222,123,56,0,0,0,12,1,1
518876,102,87,33,0,0,0,12,0,1
518877,63,52,14,0,0,0,5,0,1
518879,327,183,69,0,0,0,108,0,1
518882,120,88,34,0,0,0,9,0,1
518883,2116,738,721,0,0,0,118,2,1
518885,85,67,24,0,0,0,11,0,1
518886,40,39,5,0,0,0,1,0,1
518888,910,476,291,0,0,0,122,2,1
518890,46,45,6,0,0,0,6,0,1
518893,398,220,138,0,0,0,15,1,1
518894,8,8,1,0,0,0,1,0,1
518896,246,136,112,0,0,0,6,1,1
518897,122,95,43,0,0,0,2,0,1
518899,54,49,13,0,0,0,15,0,1
518903,62,52,20,0,0,0,9,0,1
518904,68,55,25,0,0,0,1,0,1
518906,90,77,32,0,0,0,9,0,1
518907,86,69,29,0,0,0,7,1,1
518908,67,55,27,0,0,0,4,0,1
518917,185,120,68,0,0,0,0,0,1
518924,105,102,8,0,0,0,10,0,1
518925,385,377,9,0,0,0,39,0,1
518929,64,48,20,0,0,0,3,0,1
518934,34,31,14,0,0,0,1,0,1
518937,37,30,3,0,0,0,4,0,1
518938,115,90,37,0,0,0,12,0,1
518943,92,76,19,0,0,0,25,1,1
518945,73,57,19,2,1,0,4,0,1
518949,51,47,9,0,0,0,6,1,1
518950,61,57,8,0,0,0,14,0,1
518951,12,12,1,0,0,0,3,0,1
518952,286,165,98,0,0,0,5,0,1
518954,58,47,23,0,0,0,8,0,1
518956,59,41,12,0,0,0,0,0,1
518958,142,102,42,0,0,1,9,0,1
518960,547,316,175,0,0,0,67,0,1
518962,339,337,2,0,0,0,319,0,1
518967,243,143,78,0,0,0,5,0,1
518968,203,187,4,0,0,0,19,0,1
518969,276,166,104,3,3,0,0,0,1
518970,92,64,37,0,0,0,2,0,1
518972,112,84,35,0,0,0,2,0,1
518978,145,86,44,0,0,0,3,0,1
518980,422,226,133,0,0,0,27,2,1
518982,241,149,70,0,0,0,22,0,1
518989,1070,489,359,0,0,0,134,2,1
518991,10,9,1,0,0,0,1,0,1
518993,132,94,38,3,2,0,7,0,1
518995,84,60,20,0,0,0,3,1,1
519000,279,155,108,0,0,0,8,4,1
519001,2,2,0,0,0,0,1,0,1
519002,174,103,44,0,0,0,35,0,1
519005,48,48,1,0,0,0,0,0,1
519008,108,82,36,0,0,0,11,0,1
519009,177,119,62,2,1,0,2,0,1
519011,151,94,47,3,3,3,13,0,1
519013,43,37,18,0,0,0,0,0,1
519015,306,197,79,0,0,0,32,0,1
519016,299,201,71,1,1,1,11,2,1
519018,234,215,5,0,0,0,145,0,1
519023,40,31,2,0,0,0,9,0,1
519028,76,59,23,0,0,0,5,0,1
519030,162,124,42,0,0,0,24,0,1
519042,178,102,67,0,0,0,8,0,1
519045,254,162,70,0,0,1,14,1,1
519049,32,27,9,0,0,0,10,0,1
519052,5,5,0,0,0,0,0,0,1
519054,52,44,9,2,1,0,3,0,1
519056,51,46,10,0,0,0,3,0,1
519058,413,204,147,0,0,0,2,1,1
519059,659,339,212,0,0,0,92,0,1
519072,195,124,9,0,0,0,60,0,1
519073,494,284,162,0,0,1,23,1,1
519077,75,62,22,0,0,0,7,0,1
519078,121,79,38,0,0,0,10,0,1
519079,175,98,59,3,2,0,6,0,1
519080,216,154,75,0,0,0,18,0,1
519085,173,98,57,3,2,0,4,0,1
519093,206,132,69,0,0,0,15,0,1
519101,152,113,43,0,0,0,17,0,1
519105,892,374,298,3,3,1,30,0,1
519107,39,33,8,0,0,0,5,0,1
519109,342,338,4,0,0,0,25,0,1
519110,322,207,87,0,0,0,27,0,1
519111,58,54,6,0,0,0,33,0,1
519113,175,112,48,3,3,3,17,1,1
519116,236,145,56,0,0,0,22,1,1
519117,231,207,3,0,0,0,129,0,1
519119,69,58,14,0,0,0,6,0,1
519121,164,162,4,0,0,0,11,0,1
519123,1494,533,534,6,6,1,35,1,1
519128,89,65,28,0,0,0,16,1,1
519131,831,389,259,0,0,0,100,0,1
519132,138,97,48,0,0,0,4,0,1
519133,31,25,4,0,0,0,4,0,1
519135,408,229,154,0,0,0,21,0,1
519140,4,4,0,1,1,0,1,0,1
519145,60,50,21,0,0,0,2,0,1
519146,91,58,22,0,0,0,3,1,1
519148,60,44,28,0,0,0,1,0,1
519151,46,41,12,0,0,0,7,0,1
519154,25,24,6,0,0,0,0,0,1
519159,99,73,30,0,0,0,2,0,1
519163,400,193,2,0,0,0,213,0,1
519165,57,53,12,0,0,0,1,0,1
519167,58,50,13,0,0,0,21,0,1
519168,39,30,12,0,0,0,2,0,1
519170,3519,879,1221,0,0,0,62,4,1
519171,2386,641,950,3,3,1,30,1,1
519173,78,61,3,0,0,0,19,0,1
519176,344,175,102,4,3,3,21,1,1
519177,6,6,1,0,0,0,1,0,1
519178,68,54,24,0,0,0,4,0,1
519182,335,194,93,0,0,1,20,1,1
519183,542,287,195,0,0,0,70,2,1
519184,515,240,220,0,0,0,24,2,1
519186,56,49,19,0,0,0,4,0,1
519187,43,38,10,0,0,0,0,1,1
519188,71,64,10,0,0,0,19,0,1
519189,37,32,12,0,0,0,1,0,1
519191,402,207,148,3,3,3,21,2,1
519192,284,186,79,0,0,0,23,1,1
519194,47,41,14,0,0,0,4,0,1
519195,81,71,28,0,0,0,5,1,1
519200,229,138,99,0,0,0,7,0,1
519202,134,102,5,0,0,0,27,0,1
519204,89,66,33,0,0,0,4,0,1
519206,121,91,10,0,0,0,53,0,1
519207,270,193,41,4,4,7,33,1,1
519208,28,28,5,0,0,0,3,0,1
519209,105,85,24,0,0,0,15,1,1
519210,65,52,15,0,0,0,12,0,1
519215,67,54,22,0,0,0,4,1,1
519221,81,66,32,0,0,0,1,0,1
519222,361,173,110,0,0,0,18,0,1
519223,53,48,15,0,0,0,4,1,1
519224,216,129,3,0,0,0,123,0,1
519225,70,57,20,0,0,0,5,1,1
519227,8,8,1,0,0,0,0,0,1
519230,226,142,78,0,0,0,7,1,1
519233,185,113,63,0,0,0,5,2,1
519234,207,94,38,0,0,0,8,0,1
519239,93,64,33,0,0,0,6,0,1
519241,1224,537,421,0,0,0,143,2,1
519242,205,133,68,0,0,0,7,0,1
519244,314,302,21,0,0,0,52,0,1
519245,398,193,163,0,0,0,5,1,1
519250,184,135,5,0,0,0,38,0,1
519257,59,44,22,0,0,0,6,0,1
519260,89,74,21,2,2,3,14,1,1
519261,82,77,9,0,0,0,34,0,1
519262,104,82,33,0,0,0,8,0,1
519264,565,257,235,0,0,0,7,0,1
519265,322,189,102,0,0,0,10,1,1
519266,43,41,7,0,0,0,2,0,1
519267,47,24,10,0,0,0,2,0,1
519268,659,345,208,0,0,0,96,1,1
519271,83,65,28,0,0,0,11,0,1
519275,102,67,6,0,0,0,25,0,1
519277,10,10,1,1,1,0,0,0,1
519282,212,143,74,0,0,0,2,0,1
519283,79,68,14,0,0,0,14,0,1
519286,647,345,178,0,0,0,88,1,1
519288,185,116,66,0,0,0,1,0,1
519291,45,45,4,0,0,0,14,0,1
519297,47,42,15,0,0,0,0,0,1
519298,25,24,5,0,0,0,1,1,1
519303,494,284,162,0,0,1,23,1,1
519305,82,66,26,0,0,0,12,0,1
519306,68,58,22,0,0,0,1,0,1
519309,58,38,9,0,0,0,10,0,1
519313,16,12,0,4,4,0,6,0,1
519315,51,44,17,0,0,0,0,0,1
519316,80,66,16,0,0,0,24,1,1
519318,100,76,23,2,2,2,11,0,1
519319,69,60,14,2,1,0,2,0,1
519322,147,118,40,0,0,0,21,0,1
519323,485,232,71,0,0,0,29,0,1
519324,91,66,38,0,0,0,3,0,1
519331,272,175,91,1,1,0,14,0,1
519334,261,167,79,0,0,0,4,2,1
519340,130,92,31,0,0,0,5,0,1
519344,28,28,4,0,0,0,11,0,1
519345,31,28,4,0,0,0,7,0,1
519348,211,146,71,0,0,0,6,1,1
519352,127,93,51,0,0,0,14,0,1
519353,482,242,193,0,0,0,13,2,1
519356,97,79,21,0,0,0,16,1,1
519357,48,46,11,0,0,0,14,0,1
519361,34,23,4,3,3,1,11,0,1
519365,42,35,9,0,0,0,1,0,1
519366,67,67,1,0,0,0,7,0,1
519368,102,77,27,0,0,0,5,0,1
519371,62,47,20,0,0,0,13,0,1
519372,76,55,25,0,0,0,1,0,1
519373,57,57,5,0,0,0,9,0,1
519374,66,51,22,0,0,0,5,0,1
519376,28,24,4,0,0,0,1,0,1
519377,72,54,24,2,1,0,3,0,1
519378,333,181,139,0,0,0,20,0,1
519379,319,317,5,0,0,0,33,0,1
519381,56,43,13,0,0,0,5,0,1
519382,371,194,130,0,0,0,11,1,1
519383,9,9,0,0,0,0,0,1,1
519384,54,45,17,0,0,0,1,0,1
519387,102,69,6,0,0,0,28,0,1
519391,79,77,2,0,0,0,14,0,1
519392,752,340,253,0,0,0,30,1,1
519399,99,77,20,0,0,0,18,0,1
519403,58,47,5,0,0,0,6,0,1
519407,430,198,147,0,0,0,7,1,1
519408,126,89,52,0,0,0,8,0,1
519410,1156,479,396,0,0,0,21,3,1
519412,20,15,1,0,0,0,5,0,1
519414,7,7,1,0,0,0,2,0,1
519416,141,111,50,0,0,0,5,1,1
519421,102,83,24,0,0,0,10,0,1
519425,632,355,203,0,0,0,89,0,1
519426,36,29,11,0,0,0,0,0,1
519427,788,324,256,0,0,0,42,0,1
519430,31,23,13,0,0,0,3,0,1
519432,101,70,37,0,0,0,2,0,1
519434,516,271,211,0,0,0,4,1,1
519435,153,96,45,2,1,0,6,0,1
519437,347,193,149,0,0,0,8,1,1
519438,55,46,22,0,0,0,1,0,1
519440,69,61,23,0,0,0,3,0,1
519441,87,69,26,0,0,0,7,1,1
519442,41,30,16,0,0,0,1,0,1
519443,102,71,33,2,2,1,8,1,1
519444,18,18,3,0,0,0,5,0,1
519447,158,154,10,0,0,0,69,0,1
519451,41,41,8,0,0,0,1,2,1
519453,66,55,22,0,0,0,1,0,1
519455,92,76,31,0,0,0,5,1,1
519457,1025,464,351,0,0,0,107,2,1
519459,42,36,18,0,0,0,1,0,1
519460,35,34,7,0,0,0,7,0,1
519461,136,111,32,0,0,0,24,0,1
519463,113,82,21,0,0,0,14,0,1
519464,3011,787,1232,0,0,0,36,2,1
519465,17,15,4,0,0,0,1,0,1
519466,109,82,15,0,0,0,32,0,1
519467,50,41,19,0,0,0,2,0,1
519470,323,193,101,0,0,0,16,0,1
519471,62,52,21,0,0,0,3,0,1
519476,59,48,22,0,0,0,2,0,1
519477,44,37,8,0,0,0,7,0,1
519478,55,49,11,0,0,0,2,0,1
519482,31,27,10,0,0,0,0,0,1
519483,409,224,115,1,1,0,13,2,1
519493,24,24,3,0,0,0,13,0,1
519494,171,111,67,0,0,0,9,0,1
519495,107,83,33,0,0,0,9,1,1
519498,96,75,24,2,2,4,13,0,1
519501,96,79,26,0,0,0,5,0,1
519507,80,61,33,0,0,0,3,0,1
519508,522,303,125,0,0,0,79,1,1
519511,116,90,27,0,0,0,10,1,1
519512,44,43,10,0,0,0,11,0,1
519513,132,81,34,0,0,0,10,0,1
519514,431,183,154,0,0,0,3,1,1
519515,487,282,186,0,0,0,49,0,1
519516,203,127,85,0,0,0,3,1,1
519518,2578,683,1058,5,5,0,27,1,1
519519,22,22,2,0,0,0,4,0,1
519520,202,183,2,0,0,0,132,0,1
519524,70,61,12,0,0,0,7,0,1
519531,130,80,46,4,2,0,9,0,1
519532,597,227,123,3,3,2,94,1,1
519534,54,47,20,0,0,0,1,0,1
519538,99,75,20,0,0,0,13,0,1
519539,49,42,10,0,0,0,17,0,1
519541,1003,402,370,0,0,0,17,2,1
519545,509,249,219,0,0,0,3,2,1
519546,219,207,11,0,0,0,30,0,1
519547,515,255,167,0,0,0,19,2,1
519549,186,128,64,0,0,0,14,1,1
519552,170,113,58,0,0,0,0,0,1
519554,119,70,20,6,3,2,22,0,1
519558,2311,717,908,7,7,0,138,2,1
519560,2321,641,922,6,6,2,30,3,1
519563,730,339,274,0,0,0,34,2,1
519565,77,69,9,0,0,0,13,0,1
519566,78,40,4,0,0,0,12,0,1
519567,65,56,24,0,0,0,3,0,1
519574,76,61,23,0,0,0,7,0,1
519575,84,67,28,0,0,0,11,0,1
519578,153,91,58,0,0,0,4,3,1
519580,22,20,3,0,0,0,8,0,1
519583,71,65,11,0,0,0,14,0,1
519584,79,69,14,0,0,0,19,0,1
519586,103,78,38,0,0,0,9,0,1
519592,36,29,10,0,0,0,0,0,1
519593,72,56,24,2,2,0,5,0,1
519595,131,86,37,0,0,0,6,0,1
519597,24,24,6,0,0,0,1,0,1
519599,454,84,51,0,0,0,173,0,1
519600,79,70,21,0,0,0,7,0,1
519606,136,108,37,0,0,0,4,0,1
519608,82,62,31,0,0,0,3,0,1
519609,148,134,24,0,0,0,9,1,1
519610,178,125,72,0,0,0,5,0,1
519611,108,106,6,0,0,0,12,0,1
519612,108,81,36,0,0,0,12,0,1
519614,27,24,9,0,0,0,3,0,1
519616,54,48,11,0,0,0,4,0,1
519617,134,90,53,0,0,0,1,1,1
519618,122,74,20,0,0,0,41,0,1
519619,40,37,8,0,0,0,7,0,1
519622,1187,447,440,0,0,0,47,2,1
519625,98,71,35,0,0,0,5,0,1
519628,171,124,29,2,2,2,17,0,1
519629,60,58,5,0,0,0,1,0,1
519632,89,56,22,0,0,0,3,1,1
519636,67,54,14,4,4,1,15,0,1
519637,541,252,220,0,0,0,13,1,1
519638,494,243,195,0,0,0,6,0,1
519641,89,61,30,0,0,0,8,0,1
519643,72,58,15,0,0,0,28,1,1
519649,40,34,8,0,0,0,4,0,1
519650,59,59,1,0,0,0,7,0,1
519652,253,157,91,0,0,0,4,0,1
519653,345,214,94,0,0,0,30,1,1
519658,333,199,128,0,0,0,9,0,1
519659,119,94,34,0,0,0,6,0,1
519661,36,36,9,0,0,0,1,0,1
519663,46,29,17,0,0,0,5,0,1
519668,235,146,74,0,0,0,2,2,1
519671,1494,534,534,6,6,1,34,1,1
519678,354,173,54,0,0,0,117,0,1
519680,208,135,68,0,0,0,6,0,1
519681,25,25,4,0,0,0,14,0,1
519682,114,79,35,1,1,0,1,1,1
519687,275,263,25,0,0,0,203,0,1
519690,162,117,12,0,0,0,39,1,1
519693,237,118,98,0,0,0,2,3,1
519695,217,140,43,0,0,0,30,0,1
519697,808,376,255,5,4,6,31,3,1
519698,481,238,176,0,0,0,5,0,1
519702,46,29,2,0,0,0,3,0,1
519705,53,52,4,0,0,0,1,0,1
519707,79,52,22,3,3,2,14,0,1
519708,53,39,15,0,0,0,7,0,1
519710,434,240,138,0,0,0,21,1,1
519711,277,160,92,0,0,0,4,0,1
519713,186,129,62,0,0,0,17,1,1
519714,69,60,18,0,0,0,13,0,1
519716,148,103,61,0,0,0,9,0,1
519726,105,70,37,0,0,0,14,0,1
519732,11,10,2,0,0,0,1,0,1
519734,75,63,14,2,1,0,2,0,1
519737,381,219,148,0,0,0,7,2,1
519738,87,71,28,0,0,0,2,1,1
519739,420,208,147,0,0,1,17,0,1
519742,109,93,16,0,0,0,33,0,1
519745,40,38,8,0,0,0,7,0,1
519747,27,24,9,0,0,0,2,0,1
519749,359,185,104,0,0,0,34,0,1
519752,129,103,43,0,0,0,8,0,1
519753,889,383,288,0,0,0,18,0,1
519755,313,152,45,2,2,2,69,0,1
519758,42,42,1,0,0,0,3,0,1
519762,103,81,3,0,0,0,58,0,1
519763,52,44,18,0,0,0,1,0,1
519774,32,25,6,0,0,0,1,0,1
519775,35,29,19,0,0,0,0,0,1
519780,101,94,17,0,0,0,26,0,1
519783,88,71,28,0,0,0,21,0,1
519785,115,93,39,0,0,0,11,0,1
519786,42,42,0,0,0,0,6,2,1
519787,327,192,105,0,0,0,20,1,1
519788,54,44,26,0,0,0,4,0,1
519789,121,114,21,0,0,0,40,0,1
519791,51,41,13,0,0,0,8,0,1
519794,100,74,26,3,3,1,13,0,1
519797,245,153,67,3,2,0,16,0,1
519798,47,40,17,0,0,0,0,0,1
519799,80,65,33,0,0,0,7,0,1
519800,231,132,79,0,0,0,15,1,1
519801,1222,487,409,0,0,0,110,1,1
519802,140,111,49,0,0,0,14,0,1
519803,120,91,29,0,0,0,18,1,1
519805,453,85,50,0,0,0,172,0,1
519812,68,55,20,0,0,0,3,0,1
519813,87,67,16,0,0,0,2,0,1
519814,424,239,4,0,0,0,220,0,1
519821,76,59,23,0,0,0,6,0,1
519822,745,641,96,0,0,0,47,1,1
519824,75,57,26,1,1,1,7,0,1
519828,1068,492,361,0,0,0,121,2,1
519829,23,22,5,0,0,0,6,0,1
519831,13,13,1,0,0,0,1,0,1
519834,100,95,4,0,0,0,33,0,1
519835,68,54,24,0,0,0,2,0,1
519837,56,46,24,0,0,0,0,0,1
519838,150,102,50,1,1,0,8,0,1
519840,138,94,54,0,0,0,13,2,1
519845,355,198,144,0,0,0,3,1,1
519846,114,75,51,4,3,0,5,0,1
519848,266,156,89,0,0,0,21,0,1
519853,74,62,17,0,0,0,9,1,1
519856,111,84,22,0,0,0,9,1,1
519858,77,61,22,1,1,0,3,0,1
519860,145,97,30,1,1,3,16,0,1
519867,19,17,6,0,0,0,2,0,1
519869,145,99,38,0,0,0,9,0,1
519871,104,64,41,0,0,0,6,0,1
519873,67,53,12,0,0,0,5,0,1
519874,72,67,9,0,0,0,19,0,1
519879,119,87,29,1,1,0,9,1,1
519884,66,55,11,0,0,0,6,0,1
519886,13,13,5,0,0,0,5,0,1
519889,646,288,255,0,0,0,8,1,1
519893,149,102,43,0,0,0,11,1,1
519894,68,58,28,0,0,0,2,0,1
519895,60,48,22,0,0,0,5,0,1
519896,68,48,20,0,0,0,3,0,1
519897,131,86,37,0,0,0,4,0,1
519899,67,51,18,0,0,0,5,0,1
519900,54,43,19,0,0,0,1,0,1
519903,173,117,58,0,0,2,6,1,1
519904,171,118,50,2,1,1,10,0,1
519909,107,88,25,0,0,0,5,0,1
519910,111,68,45,2,2,2,8,0,1
519918,78,59,14,1,1,0,8,0,1
519924,161,135,35,0,0,0,38,0,1
519925,69,65,16,0,0,0,25,0,1
519930,654,300,198,0,0,0,11,0,1
519931,54,46,20,0,0,0,0,0,1
519936,20,17,7,0,0,0,0,0,1
519937,50,41,18,0,0,0,2,0,1
519943,84,70,37,0,0,0,5,1,1
519944,34,31,10,0,0,0,4,0,1
519950,15,15,3,0,0,0,1,0,1
519951,29,27,7,0,0,0,1,0,1
519952,133,100,37,0,0,0,5,0,1
519955,85,67,25,0,0,0,9,0,1
519956,182,129,43,4,4,1,18,0,1
519959,41,34,12,0,0,0,1,0,1
519960,11,11,2,0,0,0,0,0,1
519966,185,136,65,0,0,0,12,0,1
519975,171,118,50,2,1,1,10,0,1
519976,275,185,97,0,0,0,7,0,1
519978,115,89,17,0,0,0,3,0,1
519980,60,47,21,0,0,0,5,0,1
519982,144,88,34,0,0,0,21,0,1
519986,48,37,23,0,0,0,3,0,1
519987,152,99,45,1,1,0,6,0,1
519990,80,65,33,0,0,0,7,0,1
519992,82,81,2,0,0,0,59,0,1
519994,82,67,25,0,0,0,13,0,1
519995,558,260,181,0,0,0,15,0,1
519996,14,14,2,0,0,0,0,0,1
519999,113,67,46,0,0,0,5,0,1
520001,462,233,157,0,0,0,17,1,1
520006,662,293,229,0,0,0,39,1,1
520009,4556,1033,1824,0,0,0,62,2,1
520011,86,68,32,0,0,0,10,0,1
520012,110,73,32,0,0,0,17,0,1
520013,352,202,98,0,0,0,20,0,1
520018,43,36,18,0,0,0,2,0,1
520019,107,106,4,0,0,0,13,0,1
520024,206,138,62,0,0,0,16,1,1
520025,588,307,14,0,0,0,329,0,1
520026,1230,536,421,0,0,0,155,2,1
520027,77,67,9,0,0,0,20,0,1
520028,50,49,5,0,0,0,4,0,1
520035,469,250,157,0,0,0,14,1,1
520036,105,71,37,0,0,0,9,0,1
520038,105,75,38,0,0,0,2,0,1
520050,538,526,7,0,0,0,54,1,1
520051,125,90,11,0,0,0,35,0,1
520053,72,51,28,1,1,0,2,0,1
520055,153,110,46,0,0,0,9,0,1
520059,204,118,1,0,0,0,117,0,1
520062,19,19,4,0,0,0,0,0,1
520063,167,124,46,0,0,0,8,0,1
520065,842,344,372,0,0,0,23,1,1
520072,30,30,7,0,0,0,6,0,1
520073,92,58,7,0,0,0,2,0,1
520074,47,43,11,0,0,0,1,0,1
520076,659,348,210,0,0,0,79,0,1
520078,96,50,7,0,0,0,9,0,1
520079,223,149,59,0,0,0,8,2,1
520080,40,32,10,0,0,0,3,0,1
520081,115,68,43,0,0,0,7,0,1
520083,162,99,56,4,2,1,7,0,1
520087,163,91,4,0,0,0,41,0,1
520090,145,69,17,0,0,0,35,0,1
520091,61,54,9,0,0,0,16,0,1
520092,46,44,9,0,0,0,5,1,1
520097,108,82,36,0,0,0,10,1,1
520098,69,55,27,0,0,1,3,0,1
520099,45,41,4,0,0,0,2,0,1
520100,89,69,30,0,0,0,17,0,1
520102,425,225,143,0,0,0,17,2,1
520106,137,86,44,2,1,0,4,0,1
520110,258,147,82,0,0,0,2,1,1
520115,89,54,36,0,0,0,2,0,1
520117,144,99,29,0,0,0,13,0,1
520119,5,5,1,0,0,0,0,0,1
520123,11577,2227,4339,9,8,3,510,4,1
520125,81,74,23,3,3,0,3,1,1
520128,273,176,91,1,1,0,14,0,1
520135,185,139,46,0,0,0,5,1,1
520136,39,32,15,0,0,0,1,0,1
520137,84,60,34,0,0,0,5,0,1
520138,587,285,225,0,0,0,18,0,1
520145,303,184,96,0,0,0,18,0,1
520146,103,74,42,0,0,0,1,0,1
520153,60,56,16,0,0,0,3,0,1
520157,909,365,388,0,0,3,9,2,1
520159,59,50,24,0,0,0,0,0,1
520162,38,33,11,0,0,0,1,0,1
520165,161,118,58,0,0,0,6,0,1
520167,37,37,1,0,0,0,6,0,1
520168,834,410,268,0,0,0,37,0,1
520169,106,65,46,0,0,0,4,0,1
520172,51,43,17,0,0,0,5,0,1
520175,177,123,61,0,0,0,13,1,1
520176,133,101,49,0,0,0,3,0,1
520177,187,117,67,0,0,0,10,0,1
520181,126,100,16,0,0,0,33,0,1
520182,180,116,69,0,0,0,2,0,1
520183,123,79,44,0,0,0,1,0,1
520186,65,53,19,2,1,0,7,0,1
520187,45,31,10,0,0,0,3,0,1
520189,57,55,3,0,0,0,18,0,1
520193,309,152,129,0,0,0,1,0,1
520195,235,146,74,0,0,0,2,2,1
520197,136,108,10,0,0,0,41,0,1
520199,42,34,7,0,0,0,2,0,1
520200,164,112,59,0,0,0,6,0,1
520201,190,113,84,0,0,0,2,0,1
520202,79,65,31,0,0,0,1,0,1
520203,197,105,60,0,0,0,21,0,1
520204,14,14,4,0,0,0,0,0,1
520213,132,100,26,0,0,0,9,1,1
520217,131,100,31,1,1,2,13,0,1
520224,144,99,52,0,0,0,2,0,1
520225,23,19,5,0,0,0,3,0,1
520229,152,99,46,1,1,0,6,0,1
520234,73,61,22,0,0,0,3,0,1
520235,102,69,6,0,0,0,23,0,1
520237,409,212,180,0,0,0,10,0,1
520246,112,83,9,0,0,0,4,0,1
520252,191,122,71,0,0,0,14,0,1
520256,224,71,9,0,0,0,64,0,1
520258,39,32,1,0,0,0,11,1,1
520259,64,53,15,0,0,0,10,0,1
520265,182,96,67,0,0,0,10,0,1
520269,29,28,8,0,0,0,0,0,1
520271,40,40,4,0,0,0,8,0,1
520273,44,44,6,0,0,0,14,0,1
520277,1487,494,602,0,0,0,16,2,1
520279,40,37,9,0,0,0,0,0,1
520280,45,37,6,0,0,0,1,0,1
520281,504,251,188,0,0,1,4,1,1
520282,68,67,9,0,0,0,19,0,1
520284,142,95,46,0,0,0,2,0,1
520291,37,27,14,0,0,0,2,0,1
520293,205,132,73,0,0,0,9,0,1
520296,53,46,2,0,0,0,40,0,1
520297,100,65,30,1,1,0,6,0,1
520298,238,124,92,0,0,0,7,0,1
520302,1133,523,348,0,0,0,137,0,1
520303,91,80,16,0,0,0,7,0,1
520308,49,38,15,0,0,0,0,0,1
520310,234,146,58,0,0,0,16,1,1
520311,175,117,50,1,1,1,13,0,1
520312,567,256,233,0,0,0,21,0,1
520313,520,277,203,0,0,0,14,4,1
520316,65,48,5,0,0,0,22,0,1
520317,212,135,75,2,2,1,10,1,1
520321,64,52,25,2,2,0,5,0,1
520322,60,54,17,0,0,0,4,0,1
520327,87,62,15,0,0,0,14,0,1
520331,26,26,4,0,0,0,5,0,1
520332,29,29,6,0,0,0,1,0,1
520337,111,83,37,0,0,0,4,1,1
520340,154,106,53,0,0,0,1,0,1
520344,189,122,70,0,0,0,1,1,1
520348,39,35,10,0,0,0,2,0,1
520350,132,91,26,4,3,1,10,0,1
520352,463,245,171,2,2,2,29,0,1
520355,143,110,38,0,0,1,8,0,1
520356,45,37,6,0,0,0,1,0,1
520357,225,137,61,4,4,1,12,0,1
520358,177,131,45,0,0,0,28,0,1
520361,951,421,371,0,0,0,12,3,1
520362,30,25,6,0,0,0,3,0,1
520366,166,107,61,0,0,0,3,0,1
520369,406,205,162,0,0,0,12,0,1
520370,342,189,117,0,0,0,8,1,1
520372,40,37,10,0,0,0,9,0,1
520376,117,92,34,0,0,0,15,0,1
520377,419,276,104,0,0,0,60,1,1
520380,19,17,8,0,0,0,0,0,1
520381,728,311,313,0,0,0,13,3,1
520384,356,189,117,0,0,0,7,1,1
520397,150,147,6,0,0,0,18,0,1
520400,143,110,38,0,0,1,8,0,1
520401,10,10,2,0,0,0,1,0,1
520404,434,240,132,0,0,0,17,1,1
520405,60,49,17,0,0,0,2,0,1
520407,49,44,17,0,0,0,2,0,1
520408,178,117,35,0,0,0,21,0,1
520411,86,65,31,0,0,0,3,0,1
520412,341,173,115,0,0,0,30,1,1
520414,63,60,7,0,0,0,25,0,1
520415,90,68,25,0,0,0,6,0,1
520418,26,25,3,0,0,0,9,0,1
520424,99,84,32,0,0,0,2,0,1
520432,188,132,72,0,0,0,12,0,1
520437,42,34,3,0,0,0,5,0,1
520438,97,63,35,2,2,2,3,0,1
520443,1543,555,534,0,0,0,42,1,1
520445,173,97,57,3,2,0,4,0,1
520446,491,234,207,0,0,0,13,3,1
520451,193,122,47,0,0,0,12,1,1
520454,146,97,49,0,0,0,6,0,1
520456,154,120,42,0,0,0,7,1,1
520457,120,112,19,0,0,0,17,0,1
520458,222,149,59,0,0,0,8,2,1
520459,50,37,17,0,0,0,2,0,1
520461,127,99,29,0,0,0,13,2,1
520462,108,78,36,1,1,0,3,0,1
520464,84,61,23,3,3,1,13,0,1
520465,34,32,11,0,0,0,4,0,1
520467,81,70,3,0,0,0,28,0,1
520473,47,40,13,0,0,0,14,0,1
520475,119,94,36,0,0,0,3,0,1
520478,65,42,29,0,0,0,0,2,1
520480,82,67,23,0,0,0,5,0,1
520483,55,53,1,0,0,0,1,2,1
520486,86,63,31,0,0,0,4,0,1
520491,75,66,8,0,0,0,9,0,1
520492,25,18,5,0,0,0,2,0,1
520496,468,253,139,0,0,0,66,0,1
520504,24,20,7,1,1,1,5,0,1
520506,210,139,76,0,0,0,8,1,1
520507,106,82,19,0,0,0,7,0,1
520509,942,434,332,0,0,0,90,2,1
520512,143,110,38,0,0,1,8,0,1
520513,138,94,48,0,0,0,4,0,1
520516,74,61,21,3,3,0,2,0,1
520517,624,285,199,0,0,0,33,0,1
520522,166,126,44,1,1,0,7,1,1
520524,194,127,47,0,0,0,29,0,1
520527,732,286,277,0,0,0,7,0,1
520529,83,70,20,0,0,0,12,0,1
520530,123,94,29,1,1,0,12,0,1
520532,40,39,8,0,0,0,1,1,1
520537,257,180,93,0,0,0,4,0,1
520540,83,66,27,0,0,0,11,0,1
520542,47,46,5,0,0,0,3,0,1
520544,205,129,14,0,0,0,59,0,1
520550,522,272,170,0,0,0,20,1,1
520551,8,7,2,0,0,0,0,0,1
520552,7,7,1,0,0,0,2,0,1
520555,107,75,30,0,0,0,5,0,1
520559,44,39,12,0,0,0,1,0,1
520563,73,65,9,0,0,0,14,0,1
520569,1562,651,502,0,0,0,161,2,1
520571,79,59,28,2,2,3,10,0,1
520572,37,33,9,0,0,0,2,0,1
520573,146,98,49,0,0,0,6,0,1
520578,115,69,42,0,0,0,11,0,1
520582,2226,616,894,0,0,0,20,1,1
520586,406,198,150,0,0,0,8,0,1
520590,245,109,115,0,0,0,1,0,1
520594,440,231,138,0,0,0,16,2,1
520596,399,232,114,0,0,0,18,0,1
520602,7,7,2,0,0,0,1,0,1
520604,274,241,14,0,0,0,45,0,1
520610,42,40,11,0,0,0,1,0,1
520614,130,111,24,0,0,0,5,0,1
520619,62,60,3,0,0,0,0,0,1
520620,8584,1089,3250,51,26,24,191,3,1
520626,71,55,23,0,0,0,6,0,1
520629,43,42,8,0,0,0,6,1,1
520630,957,472,228,0,0,0,70,1,1
520635,34,33,7,0,0,0,1,1,1
520640,91,69,29,0,0,0,14,0,1
520645,491,249,163,0,0,0,21,1,1
520646,123,94,23,3,3,1,23,1,1
520648,19,17,6,0,0,0,2,0,1
520650,7,7,1,0,0,0,1,0,1
520654,596,286,246,0,0,0,19,1,1
520655,240,213,4,0,0,0,138,0,1
520658,77,61,22,1,1,0,3,0,1
520659,185,128,61,0,0,0,2,0,1
520662,255,134,94,1,1,1,9,2,1
520667,128,89,40,0,0,0,5,0,1
520669,246,163,87,0,0,0,24,0,1
520671,105,77,28,0,0,0,5,1,1
520678,62,44,14,0,0,0,4,0,1
520683,364,220,147,0,0,0,11,2,1
520685,25,22,9,0,0,0,1,0,1
520686,496,284,158,0,0,0,102,0,1
520692,52,42,10,0,0,0,10,0,1
520693,55,47,6,0,0,0,2,0,1
520695,44,39,12,0,0,0,2,0,1
520697,65,61,3,0,0,0,3,0,1
520698,603,285,227,1,1,0,5,1,1
520702,101,78,31,3,3,2,14,0,1
520705,80,67,25,0,0,0,5,0,1
520710,1545,504,577,0,0,0,19,4,1
520712,84,44,8,0,0,0,8,0,1
520713,75,62,30,1,1,0,3,0,1
520719,702,289,286,0,0,0,8,3,1
520721,159,87,4,0,0,0,43,0,1
520724,2293,524,842,0,0,0,22,2,1
520725,170,98,57,0,0,0,3,0,1
520729,492,278,159,0,0,0,87,0,1
520732,43,37,11,0,0,0,5,0,1
520733,38,23,7,0,0,0,13,0,1
520734,31,28,9,0,0,0,1,0,1
520736,3707,673,1263,72,38,20,199,1,1
520737,277,170,9,0,0,0,147,0,1
520742,45,42,9,0,0,0,2,0,1
520744,67,57,28,0,0,0,1,0,1
520749,149,88,56,0,0,0,8,0,1
520752,33,28,7,0,0,0,1,0,1
520753,143,92,40,4,3,2,11,0,1
520756,47,34,8,0,0,0,5,0,1
520757,64,53,25,0,0,0,2,1,1
520765,856,384,279,0,0,0,21,1,1
520768,57,52,7,0,0,0,24,0,1
520771,871,335,319,0,0,0,32,0,1
520773,142,89,45,0,0,0,0,2,1
520775,9,9,2,0,0,0,0,0,1
520776,537,308,172,0,0,0,100,0,1
520777,22,22,4,0,0,0,2,0,1
520778,79,69,14,0,0,0,15,0,1
520781,117,103,31,0,0,0,5,0,1
520787,51,46,15,0,0,0,3,2,1
520790,70,69,9,0,0,0,0,0,1
520792,76,52,28,2,2,3,9,0,1
520794,54,53,3,0,0,0,2,0,1
520798,79,69,14,0,0,0,20,0,1
520802,92,74,28,0,0,0,3,0,1
520807,495,242,215,0,0,0,6,3,1
520808,47,44,15,0,0,0,4,0,1
520810,206,134,62,0,0,0,6,0,1
520814,625,301,164,0,0,0,51,0,1
520815,160,87,39,3,3,3,14,0,1
520819,59,42,2,0,0,0,17,0,1
520821,143,92,51,0,0,0,6,0,1
520822,278,150,94,0,0,0,3,0,1
520823,64,59,0,0,0,0,41,0,1
520824,159,88,63,1,1,0,6,0,1
520825,175,107,55,3,3,3,18,1,1
520829,18,12,0,0,0,0,6,0,1
520832,921,373,322,0,0,0,20,2,1
520833,552,275,211,0,0,1,15,2,1
520837,34,34,8,0,0,0,0,0,1
520840,177,124,53,1,1,2,12,0,1
520841,21,17,6,0,0,0,5,0,1
520842,384,375,9,0,0,0,36,0,1
520843,44,40,13,0,0,0,1,0,1
520844,15,14,2,0,0,0,1,0,1
520845,121,76,48,1,1,0,2,1,1
520849,322,203,87,0,0,0,25,0,1
520850,165,91,58,1,1,3,13,0,1
520855,402,201,124,5,5,2,24,1,1
520856,431,183,154,0,0,0,3,1,1
520857,32,32,8,0,0,0,3,0,1
520861,177,126,51,0,0,0,2,0,1
520862,105,80,21,0,0,0,6,1,1
520864,164,113,26,3,3,1,13,1,1
520867,582,269,243,0,0,0,8,2,1
520868,58,40,7,0,0,3,11,0,1
520869,5,5,0,0,0,0,4,0,1
520870,50,39,9,0,0,0,2,0,1
520875,196,130,61,0,0,0,3,0,1
520878,994,486,287,0,0,0,39,1,1
520880,484,243,140,5,1,1,21,1,1
520881,5,5,1,0,0,0,1,0,1
520885,72,62,10,0,0,0,21,0,1
520888,838,372,204,0,0,0,46,0,1
520890,97,52,19,0,0,0,0,0,1
520894,86,75,17,0,0,0,7,0,1
520898,33,30,11,0,0,0,12,0,1
520906,497,259,149,0,0,0,40,2,1
520907,128,113,21,0,0,0,11,0,1
520908,304,162,109,0,0,0,11,1,1
520909,47,40,20,0,0,0,0,0,1
520914,1763,669,550,0,0,0,70,1,1
520916,109,66,35,0,0,0,8,0,1
520918,44,37,12,0,0,0,3,0,1
520920,1673,561,632,0,0,0,15,0,1
520922,5,5,1,0,0,0,0,0,1
520923,30,25,14,0,0,0,4,0,1
520927,71,71,6,0,0,0,1,0,1
520928,13,11,5,0,0,0,0,0,1
520929,36,33,12,0,0,0,0,0,1
520930,43,37,14,0,0,0,6,0,1
520931,64,47,21,0,0,0,0,0,1
520933,141,101,47,1,1,1,13,1,1
520937,146,116,17,0,0,0,29,0,1
520939,21,21,1,0,0,0,8,0,1
520941,1095,865,13,0,0,0,154,0,1
520943,47,34,8,3,3,1,12,0,1
520944,101,81,31,0,0,0,8,0,1
520946,146,87,50,0,0,0,5,2,1
520947,915,412,256,0,0,0,59,2,1
520948,96,72,20,0,0,0,5,0,1
520950,953,327,292,0,0,0,90,0,1
520953,142,92,55,0,0,0,6,0,1
520958,98,80,25,0,0,0,7,1,1
520961,481,245,176,3,1,1,12,0,1
520963,10,10,2,0,0,0,0,0,1
520967,168,134,31,4,3,1,12,0,1
520969,77,48,8,0,0,0,9,0,1
520971,188,112,33,0,0,0,38,1,1
520973,231,149,91,0,0,0,8,0,1
520974,14,13,3,0,0,0,2,0,1
520977,740,326,291,0,0,0,17,3,1
520978,68,64,7,0,0,0,15,0,1
520981,37,34,10,0,0,0,2,0,1
520984,109,68,15,6,2,1,20,0,1
520985,103,78,25,0,0,0,11,0,1
520986,78,53,29,2,2,3,10,0,1
520988,105,69,34,2,1,0,3,0,1
520993,58,48,7,0,0,0,7,1,1
520994,107,78,38,0,0,0,0,1,1
520995,49,45,17,0,0,0,0,0,1
520996,844,409,297,0,0,0,30,1,1
521001,489,280,156,0,0,0,97,0,1
521005,10,10,2,0,0,1,1,0,1
521009,357,180,116,0,0,0,1,1,1
521010,182,121,44,3,2,3,26,0,1
521013,85,70,25,0,0,0,5,0,1
521017,146,81,15,0,0,0,42,0,1
521019,173,98,57,3,2,0,4,0,1
521020,2445,746,929,0,0,0,30,2,1
521022,589,285,237,0,0,0,20,1,1
521023,692,343,245,0,0,0,27,2,1
521024,36,22,0,3,3,0,28,0,1
521028,110,81,40,0,0,0,9,0,1
521029,152,108,50,0,0,0,2,0,1
521034,455,225,124,1,1,1,7,1,1
521036,148,116,28,5,4,1,18,0,1
521037,139,112,47,0,0,0,11,0,1
521039,182,122,58,4,4,0,10,0,1
521042,213,113,84,0,0,0,0,1,1
521043,264,134,103,0,0,0,5,0,1
521045,317,167,98,0,0,0,8,1,1
521046,8,7,0,0,0,0,3,0,1
521047,127,95,29,2,2,1,8,0,1
521048,127,95,29,2,2,1,8,0,1
521049,99,75,25,0,0,0,4,0,1
521053,118,101,32,0,0,0,15,0,1
521056,30,28,10,0,0,1,3,1,1
521057,29,24,4,0,0,0,2,0,1
521059,34,23,4,3,3,1,11,0,1
521060,628,318,243,3,3,0,13,0,1
521065,9,9,2,0,0,0,0,0,1
521067,73,48,19,3,3,2,14,0,1
521068,872,395,303,2,1,1,24,1,1
521069,14,14,0,0,0,0,5,0,1
521073,32,23,8,0,0,0,3,0,1
521074,103,72,34,1,1,1,4,0,1
521079,146,115,33,0,0,0,21,0,1
521082,842,344,372,0,0,0,23,1,1
521089,77,71,10,0,0,0,15,0,1
521092,158,101,46,4,1,1,12,0,1
521094,207,138,83,0,0,0,3,0,1
521095,16,12,0,4,4,0,6,0,1
521096,55,47,8,2,2,2,4,0,1
521100,2189,1007,666,0,0,0,105,0,1
521103,309,183,100,0,0,0,11,0,1
521104,27,27,6,0,0,0,3,0,1
521109,43,38,9,0,0,0,4,0,1
521116,131,103,43,0,0,0,12,0,1
521118,191,130,63,0,0,0,7,1,1
521122,46,36,16,0,0,0,1,0,1
521123,335,150,123,0,0,0,6,2,1
521124,1262,535,449,0,0,0,50,2,1
521129,107,77,33,0,0,0,8,0,1
521130,471,219,135,0,0,0,17,2,1
521136,121,90,40,0,0,0,7,1,1
521138,56,43,17,0,0,0,3,1,1
521140,169,112,55,0,0,0,6,0,1
521143,150,97,52,0,0,0,6,4,1
521144,78,59,28,1,1,0,0,0,1
521145,44,44,1,0,0,0,7,0,1
521150,58,49,15,0,0,0,5,2,1
521151,137,105,24,0,0,0,10,0,1
521153,240,139,99,0,0,0,5,2,1
521155,154,120,44,0,0,0,12,0,1
521157,644,297,241,4,4,1,23,1,1
521159,125,96,14,0,0,0,32,0,1
521166,1210,496,384,0,0,0,133,1,1
521167,57,48,16,0,0,0,0,0,1
521172,522,264,203,0,0,0,21,2,1
521173,129,85,33,0,0,0,2,0,1
521175,293,288,15,0,0,0,246,0,1
521176,351,202,97,0,0,0,17,0,1
521179,179,125,54,0,0,0,12,0,1
521184,47,43,13,0,0,0,1,0,1
521185,33,31,2,0,0,0,1,0,1
521187,68,50,21,2,2,3,11,0,1
521189,218,198,2,0,0,0,129,0,1
521194,63,51,24,0,0,0,1,0,1
521195,2227,608,891,0,0,1,29,1,1
521199,46,44,12,0,0,0,10,0,1
521204,197,115,47,0,0,0,28,0,1
521209,93,74,33,0,0,0,8,0,1
521210,106,74,30,0,0,0,2,0,1
521212,151,122,47,0,0,0,15,1,1
521213,10,9,1,0,0,0,1,0,1
521219,102,75,39,2,2,0,4,0,1
521221,132,82,39,0,0,0,10,0,1
521223,181,126,57,1,1,0,9,0,1
521224,42,33,13,0,0,0,5,0,1
521227,143,90,47,0,0,0,5,0,1
521231,397,226,120,0,0,0,28,1,1
521233,45,39,11,0,0,0,3,0,1
521239,11,11,4,0,0,0,0,0,1
521243,63,52,18,1,1,0,4,1,1
521244,113,92,27,0,0,0,21,0,1
521245,150,99,50,3,1,0,2,1,1
521246,146,97,49,0,0,0,6,0,1
521250,2670,711,1085,1,1,0,25,1,1
521252,14,12,1,0,0,0,6,0,1
521253,440,432,8,0,0,0,36,0,1
521255,204,115,71,0,0,0,11,1,1
521256,52,52,0,0,0,0,7,0,1
521264,86,69,26,0,0,0,10,1,1
521265,47,42,11,0,0,0,1,1,1
521267,49,40,10,0,0,0,2,0,1
521268,613,252,270,0,0,3,16,0,1
521271,138,103,40,0,0,0,27,0,1
521272,1165,484,408,0,0,0,23,2,1
521274,337,201,67,0,0,0,69,1,1
521275,38,35,10,0,0,0,0,0,1
521276,222,138,76,0,0,0,8,0,1
521277,1142,490,440,0,0,1,32,1,1
521278,108,85,27,0,0,0,9,0,1
521281,2093,685,878,0,0,0,7,3,1
521284,7,7,1,0,0,0,2,0,1
521285,176,129,63,0,0,0,2,0,1
521287,116,74,25,3,1,2,18,0,1
521292,344,164,112,0,0,0,4,2,1
521299,334,216,91,0,0,0,30,0,1
521300,10,10,3,0,0,0,0,0,1
521302,92,76,19,0,0,0,3,0,1
521303,197,115,78,3,3,1,11,1,1
521304,358,207,14,0,0,0,176,0,1
521313,1025,464,354,0,0,0,123,2,1
521317,255,159,106,0,0,0,3,0,1
521323,270,177,93,0,0,0,25,0,1
521327,33,29,7,0,0,0,0,0,1
521329,57,56,5,0,0,0,1,0,1
521332,283,148,88,0,0,0,22,0,1
521334,91,56,21,0,0,0,3,0,1
521337,77,53,28,2,2,3,10,0,1
521338,21,19,2,0,0,0,3,0,1
521340,1274,557,426,0,0,0,138,2,1
521341,162,118,58,0,0,0,3,0,1
521345,129,95,29,2,2,1,7,0,1
521350,63,59,11,0,0,0,1,0,1
521352,1053,675,240,0,0,0,402,1,1
521357,57,55,7,0,0,0,3,0,1
521358,186,111,33,1,1,0,34,1,1
521361,475,254,156,0,0,0,14,0,1
521362,273,140,114,0,0,0,4,0,1
521365,130,112,26,0,0,0,6,0,1
521369,369,191,150,0,0,0,6,1,1
521372,153,108,43,2,2,2,13,1,1
521377,252,137,89,1,1,1,3,0,1
521383,802,332,256,0,0,0,20,0,1
521384,19,18,2,0,0,0,2,0,1
521389,54,41,8,0,0,0,8,1,1
521390,247,145,95,0,0,0,0,0,1
521391,35,30,12,0,0,0,1,0,1
521393,543,283,160,0,0,0,21,2,1
521395,123,90,37,1,1,0,6,0,1
521396,1226,490,443,0,0,0,21,2,1
521397,903,490,268,0,0,0,167,2,1
521398,58,48,23,0,0,0,6,0,1
521399,152,120,30,0,0,0,8,0,1
521400,73,67,9,0,0,0,13,0,1
521403,82,68,23,0,0,0,12,1,1
521405,281,183,96,0,0,0,32,0,1
521407,30,27,7,0,0,0,1,0,1
521408,286,161,104,0,0,0,2,1,1
521410,832,337,285,0,0,0,47,0,1
521412,147,93,50,0,0,0,6,1,1
521419,152,91,43,0,0,0,8,0,1
521420,61,51,22,0,0,0,9,0,1
521421,232,159,69,0,0,0,12,0,1
521426,177,126,17,0,0,0,58,0,1
521431,115,69,42,0,0,0,8,0,1
521432,288,172,111,0,0,0,3,1,1
521441,1120,535,376,0,0,0,72,0,1
521442,102,67,6,0,0,0,24,0,1
521444,54,43,10,0,0,0,11,0,1
521450,93,71,33,0,0,0,3,0,1
521457,128,91,38,2,1,0,7,0,1
521463,23,23,5,0,0,0,1,1,1
521465,128,98,43,0,0,0,4,0,1
521466,33,31,6,0,0,0,6,0,1
521470,184,105,61,1,1,0,1,0,1
521471,263,135,76,0,0,0,10,0,1
521473,44,43,5,0,0,0,3,0,1
521477,180,119,71,0,0,0,24,0,1
521481,295,178,89,0,0,0,5,0,1
521482,762,353,319,0,0,0,12,3,1
521483,141,97,39,0,0,2,7,0,1
521491,128,88,40,0,0,0,21,0,1
521493,1004,388,350,0,0,0,21,0,1
521494,143,96,35,0,0,0,2,1,1
521498,40,38,9,0,0,0,2,0,1
521507,733,308,323,0,0,0,11,1,1
521509,145,94,37,3,1,0,5,0,1
521511,64,54,21,0,0,0,8,2,1
521514,898,469,285,0,0,0,119,2,1
521520,187,119,50,0,0,0,31,0,1
521521,120,90,23,0,0,0,5,0,1
521527,145,94,37,3,1,0,5,0,1
521528,11,11,0,0,0,0,5,0,1
521529,64,48,25,0,0,0,0,0,1
521532,10,9,1,0,0,0,0,0,1
521533,148,107,57,0,0,0,11,0,1
521536,413,239,136,0,0,0,16,0,1
521537,189,130,69,0,0,0,4,0,1
521539,22,22,3,0,0,0,4,0,1
521540,190,129,64,0,0,0,13,1,1
521542,138,96,38,2,1,0,6,0,1
521543,24,24,4,0,0,0,5,0,1
521544,68,40,9,0,0,0,11,1,1
521545,541,251,201,0,0,0,24,0,1
521547,80,73,16,0,0,0,17,0,1
521548,400,193,107,0,0,1,94,0,1
521550,75,61,7,0,0,0,33,0,1
521553,46,43,6,0,0,0,1,0,1
521555,42,33,10,0,0,0,5,0,1
521557,104,89,24,0,0,0,29,0,1
521558,229,142,11,0,0,0,122,0,1
521559,71,34,10,0,0,0,2,0,1
521562,80,65,33,0,0,0,6,0,1
521564,81,59,26,0,0,0,4,1,1
521565,133,109,24,0,0,0,8,0,1
521566,58,48,23,0,0,0,7,0,1
521570,159,114,45,2,1,0,5,0,1
521573,432,240,119,0,0,0,17,0,1
521574,81,68,23,0,0,0,11,0,1
521577,40,37,7,0,0,0,0,0,1
521580,44,41,10,0,0,0,7,1,1
521583,99,80,23,1,1,1,15,0,1
521584,227,227,1,0,0,0,208,0,1
521587,447,225,138,2,2,2,19,1,1
521592,101,62,39,0,0,0,0,0,1
521594,36,34,8,0,0,0,8,0,1
521602,117,72,35,0,0,0,9,0,1
521606,33,32,8,0,0,0,7,0,1
521608,38,37,10,0,0,0,5,0,1
521610,74,65,10,0,0,0,21,0,1
521612,246,245,6,0,0,0,31,0,1
521619,110,80,22,0,0,0,4,1,1
521624,102,67,6,0,0,0,26,0,1
521626,119,76,40,0,0,0,0,2,1
521627,280,156,82,4,4,0,2,0,1
521628,225,61,82,0,0,0,20,0,1
521630,39,33,8,0,0,0,3,0,1
521633,110,73,36,0,0,0,11,0,1
521634,175,131,44,0,0,0,28,0,1
521637,83,66,26,0,0,0,11,0,1
521639,505,283,156,0,0,0,69,0,1
521644,1940,774,570,0,0,0,77,2,1
521648,61,46,12,0,0,0,2,0,1
521652,59,52,18,0,0,0,1,0,1
521653,88,85,2,0,0,0,32,0,1
521660,140,87,46,0,0,0,12,0,1
521665,217,138,37,0,0,0,21,0,1
521667,47,46,8,0,0,0,17,0,1
521669,69,65,8,0,0,0,13,0,1
521679,378,217,142,1,1,0,3,0,1
521682,200,124,50,0,0,0,31,0,1
521684,56,47,10,0,0,0,21,0,1
521686,883,349,331,0,0,0,28,1,1
521690,2414,832,676,0,0,0,157,1,1
521691,44,44,1,0,0,0,1,0,1
521696,149,102,43,0,0,0,11,1,1
521697,885,372,298,0,0,0,26,0,1
521698,234,156,87,0,0,0,4,0,1
521702,52,52,0,0,0,0,8,0,1
521706,134,103,44,0,0,0,12,0,1
521710,78,62,19,0,0,0,0,0,1
521711,197,96,47,0,0,0,0,2,1
521717,108,81,38,0,0,0,7,0,1
521718,57,48,11,0,0,0,20,0,1
521719,115,82,42,0,0,0,6,0,1
521720,494,284,162,0,0,1,23,1,1
521722,38,37,12,0,0,0,2,1,1
521730,190,128,65,0,0,0,11,1,1
521736,530,257,230,0,0,0,1,0,1
521738,42,38,14,0,0,0,5,0,1
521739,287,179,89,0,0,0,6,0,1
521741,81,64,19,0,0,0,5,0,1
521745,34,27,9,0,0,0,3,0,1
521746,146,97,49,0,0,0,6,0,1
521749,197,190,7,0,0,0,18,0,1
521751,338,211,112,0,0,0,16,1,1
521763,2738,817,982,2,2,0,19,0,1
521764,507,264,200,0,0,0,13,2,1
521769,70,55,16,0,0,0,8,0,1
521770,68,51,7,0,0,0,9,0,1
521771,1445,624,471,0,0,0,143,2,1
521772,71,53,20,0,0,1,6,0,1
521774,106,63,16,0,0,0,10,0,1
521775,153,65,3,0,0,0,41,0,1
521789,128,95,33,0,0,2,8,0,1
521790,174,118,50,2,1,1,10,0,1
521796,27,25,4,0,0,0,7,0,1
521797,44,44,1,0,0,0,14,0,1
521798,131,99,29,2,2,1,10,0,1
521799,378,203,149,0,0,0,15,1,1
521801,469,245,196,0,0,2,10,1,1
521805,95,73,28,0,0,0,3,1,1
521806,260,197,28,0,0,0,41,0,1
521808,96,66,18,3,3,1,15,0,1
521815,100,80,22,3,3,1,12,0,1
521818,293,181,109,1,1,0,16,1,1
521819,45,40,14,0,0,0,4,0,1
521820,265,155,102,0,0,0,10,1,1
521821,97,79,24,1,1,0,14,0,1
521824,27,15,3,0,0,0,15,0,1
521825,726,701,16,0,0,0,64,1,1
521828,90,70,26,0,0,0,7,0,1
521829,38,27,3,0,0,0,5,0,1
521830,254,144,89,2,1,0,4,1,1
521831,69,58,22,0,0,0,6,0,1
521833,80,64,33,0,0,0,8,0,1
521834,38,31,14,0,0,0,0,0,1
521836,42,42,0,0,0,0,5,0,1
521841,25,23,5,0,0,0,1,1,1
521843,51,45,13,0,0,0,0,0,1
521847,79,55,29,0,0,0,3,0,1
521850,114,79,38,0,0,0,8,0,1
521851,156,96,33,0,0,0,14,0,1
521854,213,133,62,3,2,4,18,0,1
521855,76,64,24,0,0,0,4,1,1
521856,127,95,29,2,2,1,8,0,1
521857,85,79,11,0,0,0,1,0,1
521859,80,65,33,0,0,0,8,0,1
521860,1689,693,449,0,0,0,70,2,1
521861,116,71,47,0,0,0,1,0,1
521862,537,288,186,0,0,0,23,2,1
521867,179,125,53,0,0,0,4,0,1
521868,227,208,32,0,0,0,17,0,1
521874,123,84,48,0,0,0,0,0,1
521875,107,73,38,0,0,0,9,0,1
521881,90,77,19,0,0,0,9,0,1
521884,501,286,157,0,0,0,98,0,1
521886,911,345,268,0,0,0,27,0,1
521887,64,50,10,0,0,0,2,0,1
521892,53,53,5,0,0,0,3,0,1
521897,14,12,4,0,0,0,2,0,1
521898,96,76,27,0,0,0,13,0,1
521899,383,207,151,0,0,0,10,1,1
521902,255,138,33,0,0,0,52,0,1
521903,11,10,2,0,0,0,1,0,1
521904,426,232,136,0,0,0,31,1,1
521907,314,210,84,0,0,0,33,0,1
521908,42,37,7,0,0,0,0,0,1
521909,117,81,38,0,0,0,9,0,1
521914,37,28,0,0,0,0,20,0,1
521917,144,118,43,0,0,0,18,0,1
521919,113,97,29,0,0,0,9,1,1
521921,425,197,186,0,0,0,12,1,1
521923,25,23,10,0,0,0,1,0,1
521931,317,160,95,1,1,2,11,1,1
521936,131,103,21,2,1,1,10,0,1
521937,69,55,22,0,0,0,5,1,1
521938,46,43,10,0,0,0,1,0,1
521939,450,244,175,0,0,0,16,3,1
521943,79,69,14,0,0,0,15,0,1
521944,349,224,125,0,0,0,23,1,1
521945,166,165,3,0,0,0,16,0,1
521946,73,55,25,0,0,0,1,0,1
521947,59,50,9,0,0,0,6,0,1
521948,143,108,38,0,0,0,20,0,1
521949,193,143,67,0,0,0,14,0,1
521950,115,83,38,0,0,0,9,0,1
521952,208,126,5,0,0,0,113,0,1
521953,20,18,2,0,0,0,11,0,1
521956,206,110,94,0,0,1,1,1,1
521958,649,319,209,0,0,3,17,1,1
521959,275,153,101,0,0,0,20,0,1
521962,265,148,62,0,0,0,56,1,1
521965,27,25,4,0,0,0,7,0,1
521968,178,127,57,3,2,1,5,0,1
521969,779,334,258,0,0,0,46,0,1
521972,239,138,65,0,0,0,17,1,1
521975,272,156,95,0,0,0,6,1,1
521978,550,269,232,0,0,0,17,3,1
521981,21,20,6,0,0,0,0,0,1
521982,103,74,37,2,1,0,8,1,1
521983,892,374,298,3,3,1,30,0,1
521984,399,204,156,0,0,0,13,2,1
521985,12,12,1,0,0,0,3,0,1
521988,194,127,50,0,0,0,5,0,1
521994,185,122,46,0,0,0,30,0,1
521996,28,24,5,0,0,0,5,0,1
522006,172,106,57,0,0,0,5,0,1
522009,56,45,23,0,0,0,1,0,1
522011,61,51,22,0,0,0,7,0,1
522012,249,151,75,0,0,0,7,0,1
522013,174,114,53,0,0,0,3,1,1
522014,174,127,51,0,0,0,12,0,1
522015,53,47,16,0,0,0,2,1,1
522016,73,58,24,1,1,1,1,2,1
522017,2346,648,926,0,0,0,32,3,1
522018,55,45,16,0,0,0,1,0,1
522019,270,157,76,0,0,0,21,0,1
522020,44,44,1,0,0,0,14,0,1
522024,185,109,78,0,0,0,17,0,1
522026,109,89,23,0,0,0,8,0,1
522029,102,66,6,0,0,0,27,0,1
522030,125,92,38,0,0,0,5,1,1
522032,181,117,44,0,0,0,21,1,1
522033,75,70,8,0,0,0,18,0,1
522036,106,72,42,0,0,0,5,1,1
522038,8,8,3,0,0,0,0,0,1
522040,112,75,40,3,1,0,4,0,1
522042,168,138,53,0,0,0,25,1,1
522044,74,59,20,0,0,0,6,0,1
522045,96,78,25,0,0,0,12,0,1
522046,127,85,20,0,0,0,19,0,1
522047,305,189,114,0,0,0,0,0,1
522048,117,76,13,0,0,0,32,0,1
522052,323,204,97,4,4,1,20,0,1
522054,123,82,41,0,0,2,0,0,1
522058,489,251,186,1,1,3,20,1,1
522064,102,69,6,0,0,0,26,0,1
522073,42,33,6,0,0,0,5,0,1
522074,139,97,28,0,0,0,13,4,1
522075,215,129,72,0,0,0,9,2,1
522076,375,207,132,0,0,0,25,2,1
522077,95,66,19,0,0,0,16,0,1
522079,196,136,76,0,0,0,4,0,1
522081,98,85,27,0,0,0,20,0,1
522082,2617,700,1062,0,0,0,34,1,1
522083,600,267,254,0,0,0,6,1,1
522084,839,814,17,0,0,0,73,0,1
522085,199,128,51,0,0,0,28,0,1
522089,62,54,11,0,0,0,5,0,1
522091,356,216,102,0,0,0,25,0,1
522092,48,48,0,0,0,0,6,0,1
522098,192,113,75,0,0,0,8,0,1
522099,35,34,8,0,0,0,2,0,1
522102,43,42,5,0,0,0,2,0,1
522108,102,67,6,0,0,0,26,0,1
522110,85,66,25,0,0,0,11,0,1
522112,54,50,11,0,0,0,2,0,1
522115,1243,567,380,0,0,0,68,3,1
522116,108,99,14,0,0,0,7,0,1
522119,126,90,39,0,0,0,3,0,1
522120,58,47,23,0,0,0,6,0,1
522121,82,66,27,0,0,0,10,0,1
522125,117,76,43,0,0,0,3,0,1
522126,216,208,11,0,0,0,37,0,1
522132,214,95,19,0,0,0,27,0,1
522133,105,72,29,3,1,0,4,0,1
522137,38,33,0,1,1,0,27,0,1
522138,87,63,31,1,1,0,0,0,1
522140,94,92,7,0,0,0,9,0,1
522143,264,177,69,0,0,0,12,0,1
522146,124,72,15,7,3,3,28,0,1
522147,102,68,6,0,0,0,25,0,1
522148,228,144,78,0,0,0,9,0,1
522149,35,34,8,0,0,0,5,0,1
522151,2653,736,1055,0,0,0,36,3,1
522152,212,140,71,0,0,0,4,0,1
522153,10,10,3,0,0,0,0,0,1
522154,36,30,9,0,0,0,3,0,1
522156,170,118,55,0,0,0,12,0,1
522158,214,113,4,0,0,0,128,0,1
522159,104,72,38,1,1,0,3,0,1
522172,125,89,49,0,0,1,4,0,1
522175,81,58,20,1,1,0,3,1,1
522176,363,194,90,0,0,1,13,1,1
522177,37,30,12,0,0,0,0,0,1
522178,79,63,18,0,0,0,7,1,1
522187,68,63,8,0,0,0,15,0,1
522192,168,110,51,0,0,0,1,0,1
522194,579,273,237,1,1,2,10,2,1
522198,285,170,96,0,0,0,16,0,1
522199,115,95,21,0,0,0,19,0,1
522203,412,228,121,0,0,0,44,1,1
522205,134,86,41,4,4,0,7,1,1
522211,140,100,55,0,0,0,4,0,1
522212,1233,404,476,0,0,0,15,3,1
522215,1697,754,411,0,0,0,391,0,1
522217,49,44,15,0,0,0,5,0,1
522218,596,95,92,0,0,0,221,0,1
522219,927,376,221,0,0,0,44,1,1
522222,516,293,164,3,3,2,35,1,1
522224,67,59,17,0,0,0,4,0,1
522225,108,85,40,0,0,0,2,0,1
522227,58,48,23,0,0,0,11,0,1
522229,87,66,32,0,0,0,3,0,1
522232,197,115,78,3,3,1,11,1,1
522235,88,76,28,0,0,0,7,1,1
522239,132,91,26,4,3,1,10,0,1
522242,62,47,14,0,0,0,10,0,1
522243,435,203,174,0,0,0,20,0,1
522249,139,101,36,0,0,0,9,0,1
522254,23,22,4,0,0,0,4,0,1
522256,55,43,22,0,0,0,0,0,1
522258,1015,452,333,0,0,0,32,2,1
522260,575,278,228,0,0,0,21,0,1
522264,85,66,24,0,0,0,11,0,1
522265,43,38,7,0,0,0,1,0,1
522268,70,63,8,0,0,0,18,0,1
522269,52,38,10,0,0,0,4,0,1
522270,475,302,9,3,3,2,382,0,1
522272,260,144,95,0,0,0,10,2,1
522276,13,12,1,0,0,0,2,0,1
522277,83,67,26,0,0,0,10,0,1
522278,1724,671,585,0,0,0,44,2,1
522279,67,58,22,0,0,0,13,0,1
522280,47,42,18,0,0,0,5,0,1
522282,222,143,87,0,0,0,1,0,1
522293,135,77,52,0,0,0,10,0,1
522294,73,56,33,0,0,0,4,0,1
522298,106,75,40,0,0,0,2,0,1
522299,123,90,37,1,1,0,6,0,1
522303,114,87,22,0,0,0,9,0,1
522304,32,30,10,0,0,0,0,0,1
522308,57,51,8,0,0,0,5,0,1
522309,288,167,86,0,0,0,39,0,1
522310,12,10,3,0,0,0,0,0,1
522311,47,45,11,0,0,0,9,0,1
522312,82,61,35,0,0,0,5,0,1
522318,47,40,11,0,0,0,3,0,1
522320,41,35,7,0,0,0,6,0,1
522321,238,152,60,2,1,1,8,0,1
522322,459,259,112,0,0,0,32,0,1
522324,290,172,95,0,0,0,18,0,1
522325,534,237,202,0,0,0,14,1,1
522328,54,52,1,0,0,0,3,0,1
522331,2870,972,904,0,0,0,144,4,1
522334,42,42,1,0,0,0,2,0,1
522339,67,55,17,0,0,0,2,0,1
522344,892,374,298,3,3,1,30,0,1
522349,125,98,44,0,0,0,8,0,1
522353,178,125,54,1,1,2,10,0,1
522357,778,297,231,0,0,0,36,1,1
522358,142,130,14,0,0,0,18,0,1
522360,320,158,113,0,0,1,4,1,1
522363,2018,802,596,0,0,0,242,2,1
522365,319,216,116,0,0,0,31,1,1
522369,965,423,322,0,0,0,30,2,1
522371,303,184,96,0,0,0,18,0,1
522375,399,220,125,0,0,0,22,2,1
522379,113,68,44,0,0,0,5,0,1
522381,80,65,33,0,0,0,8,0,1
522382,69,63,10,0,0,0,14,0,1
522385,117,95,10,0,0,0,52,0,1
522389,80,64,33,0,0,0,7,0,1
522390,189,106,76,0,0,0,11,0,1
522393,512,275,202,1,1,1,13,4,1
522394,33,31,8,0,0,0,10,0,1
522395,120,81,38,0,0,0,7,0,1
522396,161,121,34,0,0,0,29,0,1
522400,1364,556,467,0,0,0,21,2,1
522404,58,48,23,0,0,0,10,0,1
522410,79,68,14,0,0,0,16,0,1
522412,115,69,42,0,0,0,1,0,1
522413,50,45,10,0,0,0,2,0,1
522416,75,64,29,0,0,0,3,0,1
522420,108,80,29,0,0,0,2,0,1
522423,402,201,124,5,5,2,24,1,1
522424,43,36,13,0,0,0,1,0,1
522427,110,71,34,1,1,3,8,0,1
522428,155,91,62,0,0,0,8,3,1
522434,104,72,38,1,1,0,3,0,1
522435,37,34,8,0,0,0,4,0,1
522437,71,63,8,0,0,0,19,0,1
522440,116,83,42,2,1,1,4,0,1
522441,248,136,27,0,0,0,55,1,1
522443,76,68,14,0,0,0,14,0,1
522444,550,320,23,1,1,0,423,0,1
522447,166,102,54,4,3,0,4,1,1
522448,22,22,5,0,0,0,1,1,1
522450,591,276,260,0,0,0,13,2,1
522451,145,105,52,0,0,0,23,0,1
522453,44,44,0,0,0,0,4,0,1
522458,68,57,22,0,0,0,1,0,1
522459,249,180,78,0,0,0,19,0,1
522462,192,137,63,0,0,0,19,0,1
522463,124,96,18,0,0,0,29,0,1
522467,79,68,14,0,0,0,18,0,1
522471,60,49,8,0,0,0,6,0,1
522476,107,90,17,0,0,0,12,0,1
522480,108,106,5,0,0,0,14,0,1
522481,235,150,60,2,1,1,8,0,1
522483,85,67,22,0,0,0,3,0,1
522500,550,320,23,1,1,0,423,0,1
522502,181,83,37,0,0,0,7,0,1
522503,1030,492,319,0,0,0,32,0,1
522510,379,183,147,0,0,0,2,0,1
522511,52,44,18,0,0,0,1,0,1
522513,134,95,44,0,0,0,0,1,1
522518,113,83,26,4,4,3,18,0,1
522524,163,101,48,6,4,2,14,1,1
522525,58,47,23,0,0,0,6,0,1
522526,1069,438,358,0,0,0,16,2,1
522527,102,68,6,0,0,0,26,0,1
522528,34,33,7,0,0,0,4,1,1
522535,36,34,5,0,0,0,1,1,1
522537,204,131,64,0,0,0,6,1,1
522538,383,233,123,0,0,0,4,1,1
522540,151,108,10,0,0,0,55,0,1
522544,279,75,37,0,0,0,31,0,1
522546,27,23,6,0,0,0,3,0,1
522547,169,108,55,0,0,0,5,1,1
522548,388,202,51,0,0,0,24,0,1
522551,78,59,28,1,1,0,0,0,1
522554,81,74,11,0,0,0,20,0,1
522556,310,205,73,0,0,0,9,2,1
522558,504,233,216,0,0,0,9,3,1
522559,9,9,0,0,0,0,2,0,1
522561,744,312,242,1,1,0,65,2,1
522562,68,59,7,0,0,0,19,0,1
522563,46,38,15,0,0,0,0,0,1
522565,427,195,181,0,0,0,9,2,1
522566,480,276,160,0,0,0,23,1,1
522567,253,145,74,0,0,0,6,1,1
522573,58,46,7,4,4,1,11,0,1
522580,35,24,2,0,0,0,2,1,1
522581,54,45,8,0,0,0,28,0,1
522582,81,74,14,0,0,0,15,0,1
522583,191,115,70,0,0,0,3,2,1
522594,762,353,319,0,0,0,12,3,1
522595,2414,832,676,0,0,0,157,1,1
522600,126,71,35,0,0,0,4,1,1
522601,328,190,97,0,0,0,24,0,1
522604,172,109,42,4,4,1,17,0,1
522609,373,193,133,8,5,1,29,0,1
522610,308,178,94,0,0,2,19,1,1
522613,259,182,79,0,0,0,27,0,1
522617,194,118,64,0,0,0,4,0,1
522622,182,103,41,0,0,0,32,2,1
522624,7,7,2,0,0,0,2,0,1
522625,400,193,2,0,0,0,213,0,1
522627,34,26,10,0,0,0,1,0,1
522629,35,32,6,0,0,0,5,0,1
522630,117,85,31,0,0,0,3,0,1
522632,566,250,206,0,0,0,36,2,1
522639,74,58,20,0,0,0,2,0,1
522640,209,140,78,0,0,0,4,0,1
522646,45,40,8,0,0,0,7,0,1
522649,51,43,17,0,0,0,1,0,1
522652,188,133,51,0,0,0,15,0,1
522659,242,233,19,0,0,0,42,0,1
522663,380,176,129,0,0,0,15,3,1
522665,173,113,45,1,1,4,11,0,1
522667,136,88,44,0,0,0,3,0,1
522668,26,22,9,0,0,0,4,0,1
522670,169,111,20,0,0,0,66,0,1
522672,40,37,18,0,0,0,0,0,1
522676,7,7,3,0,0,0,0,0,1
522679,79,69,14,0,0,0,13,0,1
522680,22,22,1,0,0,0,9,0,1
522682,7,7,1,0,0,0,1,0,1
522686,494,284,162,0,0,1,23,1,1
522688,64,54,18,2,2,0,5,1,1
522692,13,13,4,0,0,0,0,0,1
522693,25,15,4,0,0,0,13,0,1
522694,287,160,105,0,0,0,13,0,1
522700,106,79,32,0,0,0,5,0,1
522701,37,36,9,0,0,0,3,0,1
522704,106,80,41,0,0,0,4,0,1
522706,134,94,26,0,0,0,11,1,1
522708,540,329,132,0,0,0,106,1,1
522711,2464,715,976,0,0,0,41,3,1
522718,177,128,56,0,0,0,14,1,1
522719,40,36,9,0,0,0,1,0,1
522721,183,130,70,0,0,0,18,0,1
522723,61,53,13,0,0,0,17,0,1
522727,119,83,41,0,0,0,15,0,1
522729,111,77,2,0,0,0,56,0,1
522731,93,72,22,0,0,0,14,0,1
522734,73,58,21,0,0,0,6,0,1
522736,121,90,39,2,2,1,5,0,1
522738,303,153,120,0,0,0,14,2,1
522745,82,66,13,0,0,0,12,0,1
522746,594,246,205,0,0,0,15,2,1
522752,50,45,18,0,0,0,4,0,1
522753,134,93,26,4,3,1,12,0,1
522754,298,183,117,0,0,0,13,1,1
522760,90,73,19,0,0,0,9,0,1
522762,57,55,9,0,0,0,6,0,1
522764,2012,624,667,0,0,0,43,3,1
522765,190,137,56,0,0,0,23,0,1
522768,50,48,13,0,0,0,7,0,1
522771,37,36,11,0,0,0,2,0,1
522774,806,323,330,0,0,0,10,0,1
522778,504,251,188,0,0,1,4,1,1
522781,49,44,17,0,0,0,2,0,1
522784,46,37,17,0,0,0,3,0,1
522785,198,113,59,4,3,2,12,0,1
522786,13,10,0,1,1,1,4,0,1
522787,266,154,94,0,0,0,9,4,1
522789,122,88,3,0,0,0,64,0,1
522790,3886,881,1604,0,0,0,34,3,1
522791,106,78,45,0,0,0,0,0,1
522795,610,598,14,0,0,0,46,0,1
522799,34,31,14,0,0,0,1,0,1
522801,47,42,11,0,0,0,0,0,1
522802,278,168,95,0,0,0,21,1,1
522803,51,46,5,0,0,0,13,1,1
522807,30,26,11,0,0,0,3,0,1
522808,91,71,22,0,0,0,14,0,1
522810,46,46,1,0,0,0,2,0,1
522812,369,184,137,5,4,2,20,0,1
522813,31,30,2,0,0,0,12,0,1
522814,42,34,18,0,0,0,2,0,1
522817,37,32,13,0,0,0,1,0,1
522818,102,75,39,2,2,0,4,0,1
522822,246,159,73,0,0,0,13,1,1
522823,61,51,22,0,0,0,8,0,1
522828,113,76,35,0,0,0,12,0,1
522832,198,129,68,0,0,0,7,0,1
522834,146,112,52,0,0,0,12,0,1
522837,123,83,38,0,0,0,7,0,1
522840,79,60,29,0,0,0,4,0,1
522841,52,52,6,0,0,0,16,0,1
522844,80,65,33,0,0,0,7,0,1
522848,524,258,221,0,0,0,9,1,1
522854,74,63,17,0,0,0,5,0,1
522858,121,95,16,0,0,0,33,0,1
522862,27,24,9,0,0,0,2,0,1
522868,234,232,4,0,0,0,202,0,1
522874,7,6,4,0,0,0,1,0,1
522875,18,17,0,0,0,0,4,0,1
522877,36,30,14,0,0,0,1,0,1
522880,37,31,12,0,0,0,2,0,1
522881,2247,818,622,0,0,0,148,1,1
522882,47,39,20,0,0,0,0,0,1
522884,109,90,22,0,0,0,11,1,1
522885,593,106,89,0,0,0,218,0,1
522892,102,74,38,0,0,0,2,0,1
522893,73,72,4,0,0,0,2,0,1
522894,1206,495,380,0,0,0,123,1,1
522897,242,214,2,0,0,0,146,0,1
522903,124,103,14,0,0,0,41,0,1
522904,11,11,2,0,0,0,4,0,1
522908,34,32,5,0,0,0,2,0,1
522911,72,51,14,3,3,3,18,0,1
522912,87,85,5,0,0,0,7,0,1
522913,113,90,31,0,0,0,11,0,1
522916,72,47,26,0,0,0,0,0,1
522917,137,97,49,0,0,0,4,0,1
522922,6,6,2,0,0,0,0,0,1
522923,416,217,157,0,0,0,20,1,1
522924,196,178,23,0,0,0,24,0,1
522925,72,54,17,3,3,1,15,0,1
522932,62,45,20,0,0,0,6,0,1
522934,469,220,156,4,2,1,26,1,1
522935,63,48,5,0,0,0,10,0,1
522936,88,61,37,1,1,0,0,0,1
522938,13,13,0,0,0,0,3,0,1
522940,537,244,197,0,0,0,24,0,1
522949,90,70,30,1,1,0,3,0,1
522951,114,75,51,4,3,0,5,0,1
522959,2118,767,549,1,1,0,153,1,1
522960,358,221,98,0,0,0,38,1,1
522962,41,37,14,0,0,0,2,2,1
522963,90,70,26,0,0,0,7,0,1
522972,109,72,36,0,0,0,8,0,1
522975,117,93,43,0,0,0,1,0,1
522976,103,67,29,2,1,0,5,0,1
522978,1196,516,376,0,0,0,13,1,1
522980,453,240,174,2,2,0,13,1,1
522982,142,111,19,0,0,0,29,0,1
522983,540,287,157,0,0,0,66,2,1
522985,100,74,34,0,0,0,6,0,1
522986,80,65,33,0,0,0,7,0,1
522988,24,21,2,0,0,0,7,0,1
522989,173,110,54,0,0,0,8,0,1
522990,241,143,95,0,0,0,7,0,1
522992,64,43,24,0,0,0,2,0,1
522994,57,50,21,0,0,0,6,0,1
522996,396,214,48,0,0,0,106,1,1
523000,1258,515,427,0,0,0,49,0,1
523003,68,67,3,0,0,0,22,0,1
523004,108,78,36,0,0,2,7,0,1
523007,96,72,32,0,0,0,9,1,1
523008,49,44,17,0,0,0,9,0,1
523010,140,127,21,0,0,0,37,0,1
523011,47,34,8,0,0,0,5,0,1
523012,246,142,85,3,3,3,23,0,1
523014,42,42,0,0,0,0,1,0,1
523015,114,75,51,4,3,0,5,0,1
523017,549,196,116,0,0,1,83,1,1
523018,82,79,6,0,0,0,0,0,1
523020,533,286,186,2,2,0,22,2,1
523023,61,54,16,0,0,0,1,0,1
523027,129,105,23,0,0,0,6,1,1
523031,115,80,38,0,0,0,10,0,1
523033,170,126,66,0,0,0,2,0,1
523034,2430,838,681,0,0,0,157,1,1
523035,55,42,6,0,0,0,4,0,1
523037,75,72,7,0,0,0,1,0,1
523038,1389,565,473,0,0,0,57,1,1
523040,134,91,37,0,0,0,4,0,1
523043,136,95,55,0,0,0,9,1,1
523046,444,215,138,0,0,0,8,1,1
523048,34,23,4,3,3,1,11,0,1
523049,3521,881,1223,0,0,0,64,4,1
523051,443,235,151,0,0,0,7,1,1
523057,47,45,7,0,0,0,6,0,1
523058,68,57,23,0,0,0,2,0,1
523059,208,139,53,6,4,1,14,1,1
523062,644,625,4,0,0,0,52,1,1
523067,322,202,99,0,0,0,18,0,1
523069,43,40,9,0,0,0,2,0,1
523070,406,231,141,0,0,0,11,0,1
523074,243,147,99,0,0,0,10,0,1
523075,112,70,46,0,0,0,2,0,1
523079,38,37,5,0,0,0,8,0,1
523082,46,31,16,0,0,0,1,0,1
523084,132,92,26,4,3,1,12,0,1
523086,89,53,17,0,0,0,1,0,1
523087,591,282,204,0,0,0,24,2,1
523090,37,32,13,0,0,0,1,0,1
523091,66,51,21,0,0,0,5,1,1
523097,489,314,12,3,3,2,382,0,1
523099,35,32,5,0,0,0,6,0,1
523106,106,84,34,0,0,1,1,0,1
523107,205,139,62,0,0,1,8,0,1
523109,53,40,9,3,2,0,6,0,1
523110,149,110,39,1,1,0,7,0,1
523118,177,107,37,0,0,0,18,0,1
523119,102,69,6,0,0,0,27,0,1
523120,28,27,8,1,1,0,1,0,1
523121,71,63,10,0,0,0,14,0,1
523122,198,91,36,0,0,1,7,0,1
523124,64,52,22,0,0,0,3,0,1
523125,688,402,170,0,0,0,51,1,1
523126,123,83,37,0,0,0,8,0,1
523131,23,19,0,0,0,0,9,0,1
523132,117,80,40,0,0,0,11,0,1
523140,158,126,54,0,0,0,3,1,1
523143,183,124,46,0,0,0,27,0,1
523144,185,123,44,0,0,0,21,0,1
523148,46,28,3,0,0,0,8,0,1
523151,230,181,8,0,0,0,48,0,1
523152,44,42,7,0,0,0,1,0,1
523155,12,12,2,0,0,0,3,0,1
523162,190,127,60,0,0,0,11,0,1
523164,3112,827,1245,0,0,0,82,3,1
523167,174,112,67,0,0,0,3,1,1
523168,118,95,47,0,0,0,8,0,1
523169,70,60,10,0,0,0,20,0,1
523172,576,263,238,0,0,0,6,1,1
523175,52,49,2,0,0,0,5,0,1
523176,192,124,60,0,0,0,21,0,1
523177,26,26,3,0,0,0,1,0,1
523179,4761,730,1732,75,32,43,270,3,1
523183,253,148,110,0,0,0,6,1,1
523184,181,89,33,0,0,0,16,1,1
523188,108,80,38,0,0,0,7,0,1
523189,115,67,43,0,0,0,7,0,1
523200,90,70,16,3,3,1,13,0,1
523201,42,35,12,0,0,0,2,0,1
523202,116,83,36,1,1,0,4,1,1
523204,146,97,49,0,0,0,6,0,1
523206,197,141,67,0,0,0,11,0,1
523209,158,129,19,0,0,0,30,1,1
523211,102,68,6,0,0,0,21,0,1
523212,19,18,2,0,0,0,5,0,1
523214,32,29,11,0,0,0,0,0,1
523223,1708,561,696,0,0,0,12,0,1
523224,63,48,5,0,0,0,10,0,1
523226,39,36,12,0,0,0,7,0,1
523228,82,68,25,0,0,0,14,0,1
523230,135,82,63,1,1,0,6,1,1
523231,70,48,31,0,0,0,2,1,1
523232,42,40,11,0,0,0,0,0,1
523236,10,10,3,0,0,0,3,0,1
523237,212,121,56,6,2,0,12,0,1
523238,39,36,6,0,0,0,13,0,1
523239,202,129,72,0,0,0,10,1,1
523240,133,85,37,0,0,0,4,0,1
523246,243,153,62,0,0,0,13,0,1
523247,58,58,2,0,0,0,7,0,1
523248,63,40,22,0,0,0,10,0,1
523249,7,7,2,0,0,0,2,0,1
523252,25,25,2,0,0,0,9,0,1
523253,116,93,36,0,0,0,18,0,1
523256,396,134,38,1,1,2,47,0,1
523257,449,222,173,3,3,1,18,0,1
523262,6,6,1,0,0,0,0,0,1
523263,133,93,38,0,0,0,7,0,1
523264,92,76,23,0,0,0,12,0,1
523265,60,46,6,0,0,0,18,0,1
523268,83,67,26,0,0,0,12,0,1
523272,233,139,104,0,0,0,4,2,1
523273,541,293,180,0,0,0,5,0,1
523274,49,39,19,0,0,0,3,0,1
523277,182,104,84,0,0,0,2,0,1
523284,91,62,24,1,1,0,2,0,1
523286,643,339,209,0,0,0,65,0,1
523287,594,352,211,0,0,0,41,0,1
523293,418,204,121,0,0,0,13,2,1
523294,64,58,17,0,0,0,1,0,1
523295,48,41,15,0,0,0,2,0,1
523296,195,139,70,0,0,0,14,0,1
523297,613,340,144,0,0,0,13,1,1
523298,126,97,44,0,0,0,6,0,1
523300,385,377,9,0,0,0,39,0,1
523305,476,246,137,6,6,3,31,1,1
523307,70,54,23,0,0,0,3,1,1
523308,650,329,20,0,0,0,535,0,1
523309,338,134,38,1,1,0,33,0,1
523310,37,32,6,0,0,0,14,1,1
523311,193,126,61,0,0,0,4,2,1
523312,2462,688,991,0,0,0,35,2,1
523313,100,64,27,0,0,0,3,0,1
523314,149,91,32,0,0,0,10,0,1
523315,44,41,8,0,0,0,6,0,1
523320,186,110,54,0,0,0,5,0,1
523322,73,60,14,0,0,0,8,0,1
523323,102,80,19,0,0,0,15,0,1
523324,465,240,152,0,0,0,20,2,1
523326,260,144,98,0,0,0,4,0,1
523327,550,321,174,0,0,0,90,0,1
523329,189,106,62,0,0,0,1,1,1
523335,30,30,3,0,0,0,6,0,1
523339,85,62,29,2,2,3,11,0,1
523341,138,114,32,0,0,0,3,1,1
523345,320,193,113,3,3,1,24,1,1
523349,152,103,55,0,0,0,12,0,1
523350,92,61,24,3,3,2,16,0,1
523352,46,46,0,0,0,0,5,0,1
523363,175,99,56,0,0,0,26,1,1
523364,181,106,78,0,0,0,14,0,1
523365,31,30,3,0,0,0,4,0,1
523367,585,241,253,6,4,3,16,0,1
523370,540,262,106,0,0,0,108,0,1
523371,38,34,5,0,0,0,0,0,1
523372,34,32,6,0,0,0,5,0,1
523379,505,258,206,0,0,0,12,2,1
523380,65,60,16,0,0,0,1,0,1
523386,74,65,9,0,0,0,18,0,1
523387,90,75,21,0,0,1,15,0,1
523389,1293,565,433,0,0,0,144,2,1
523391,19,15,4,0,0,0,1,0,1
523394,68,57,23,0,0,0,2,0,1
523397,53,46,15,0,0,0,2,0,1
523400,147,84,30,0,0,0,12,1,1
523406,123,94,29,1,1,0,12,0,1
523409,85,56,20,0,0,0,2,0,1
523411,144,104,51,0,0,0,3,1,1
523412,16,8,0,3,2,0,4,0,1
523413,235,169,49,0,0,0,40,0,1
523416,176,171,8,0,0,0,10,0,1
523417,168,141,44,0,0,0,42,0,1
523419,44,39,11,0,0,0,8,0,1
523420,91,62,32,0,0,0,3,0,1
523422,90,68,21,0,0,0,6,0,1
523423,53,47,17,0,0,0,0,1,1
523426,1182,477,446,0,0,0,14,2,1
523428,33,31,7,0,0,0,12,0,1
523429,61,60,3,0,0,0,0,0,1
523430,122,81,43,0,0,0,0,5,1
523432,307,173,103,0,0,0,1,1,1
523433,453,83,52,0,0,0,172,0,1
523434,132,88,38,0,0,0,6,0,1
523440,45,39,18,0,0,0,4,0,1
523444,120,92,34,0,0,0,5,0,1
523452,233,139,12,0,0,0,114,0,1
523461,6,6,1,0,0,0,0,0,1
523463,319,191,87,0,0,0,31,0,1
523465,36,32,7,0,0,0,4,0,1
523467,7,7,2,0,0,0,0,0,1
523468,87,67,32,0,0,0,12,0,1
523474,88,74,31,0,0,0,2,0,1
523480,65,56,20,0,0,0,9,0,1
523482,103,72,30,0,0,0,4,0,1
523486,68,62,12,0,0,0,11,0,1
523487,117,75,38,0,0,0,1,0,1
523489,74,58,26,1,1,1,9,0,1
523491,75,66,11,0,0,0,18,0,1
523493,370,204,125,0,0,0,11,1,1
523494,3,3,0,0,0,0,0,0,1
523495,39,30,16,0,0,0,0,0,1
523502,142,106,53,0,0,0,3,0,1
523508,35,25,14,0,0,0,1,0,1
523510,43,43,0,0,0,0,6,0,1
523512,247,146,91,5,5,0,11,1,1
523518,95,70,34,0,0,1,5,0,1
523519,9,9,2,0,0,0,2,0,1
523520,117,80,49,0,0,0,4,0,1
523524,93,58,30,0,0,0,1,1,1
523527,71,69,5,0,0,0,4,0,1
523530,720,296,259,0,0,0,29,1,1
523535,61,50,21,0,0,0,1,0,1
523539,1388,596,488,0,0,0,128,2,1
523540,40,37,7,0,0,0,2,0,1
523543,47,46,3,0,0,0,5,0,1
523545,154,97,54,0,0,0,3,1,1
523547,401,221,138,0,0,0,11,1,1
523549,109,70,38,0,0,0,0,0,1
523552,84,84,4,0,0,0,40,0,1
523555,83,66,26,0,0,0,11,0,1
523556,143,61,4,4,4,2,42,0,1
523561,10,10,2,0,0,0,0,0,1
523565,50,44,6,0,0,0,4,0,1
523566,106,68,47,0,0,0,3,1,1
523573,151,107,45,0,0,0,19,1,1
523575,191,120,54,6,3,0,10,0,1
523577,24,24,5,0,0,0,1,1,1
523581,254,163,94,0,0,1,3,0,1
523583,102,68,6,0,0,0,26,0,1
523586,121,69,41,1,1,0,1,0,1
523587,383,211,162,0,0,0,12,2,1
523591,182,116,75,0,0,0,3,2,1
523594,790,340,269,0,0,0,46,1,1
523598,160,120,45,0,0,0,16,0,1
523601,806,323,330,0,0,0,10,0,1
523602,10,10,3,0,0,0,2,0,1
523603,29,27,4,0,0,0,6,0,1
523604,386,192,127,3,3,2,14,1,1
523608,44,36,13,0,0,0,2,0,1
523610,27,27,3,0,0,0,11,0,1
523611,9,9,2,0,0,0,1,0,1
523613,5,5,0,0,0,0,0,0,1
523614,60,49,9,0,0,0,9,0,1
523622,193,133,58,1,1,0,5,1,1
523624,145,116,39,0,0,0,21,0,1
523625,178,102,67,0,0,0,8,0,1
523629,45,34,19,0,0,0,0,0,1
523632,56,47,17,0,0,0,3,0,1
523637,1191,471,396,0,0,0,47,1,1
523639,113,77,30,0,0,0,5,1,1
523643,106,73,29,3,1,0,4,0,1
523653,170,106,61,0,0,0,6,0,1
523655,54,50,3,0,0,0,4,1,1
523656,347,205,101,0,0,0,28,0,1
523657,74,53,28,0,0,0,1,0,1
523658,187,129,63,0,0,0,16,1,1
523661,92,68,18,1,1,1,6,0,1
523662,79,67,29,0,0,0,5,0,1
523665,32,30,8,0,0,0,2,0,1
523667,68,57,21,0,0,0,3,0,1
523668,377,324,24,3,2,0,14,0,1
523670,105,84,32,0,0,0,5,0,1
523673,389,235,147,0,0,0,12,1,1
523674,531,247,229,0,0,0,4,3,1
523676,110,88,31,0,0,0,9,0,1
523677,97,75,25,0,0,0,7,0,1
523679,45,45,0,0,0,0,8,1,1
523680,180,134,58,0,0,0,5,0,1
523685,60,54,17,0,0,0,2,0,1
523686,134,107,40,0,0,0,9,0,1
523688,1345,565,421,0,0,0,158,2,1
523689,514,508,10,0,0,0,47,0,1
523690,29,23,11,0,0,0,2,0,1
523691,68,62,12,0,0,0,11,0,1
523692,43,35,18,0,0,0,2,0,1
523694,29,26,6,0,0,0,5,0,1
523697,55,46,11,0,0,0,21,0,1
523698,42,26,13,0,0,0,1,0,1
523699,105,84,26,0,0,0,9,0,1
523700,100,78,2,0,0,0,72,0,1
523705,585,297,98,0,0,0,113,1,1
523711,146,97,49,0,0,0,6,0,1
523713,89,72,24,0,0,1,1,0,1
523714,58,47,23,0,0,0,9,0,1
523715,358,177,126,0,0,0,12,0,1
523718,47,47,0,0,0,0,3,0,1
523719,153,112,42,1,1,0,6,1,1
523722,116,90,24,0,0,0,5,0,1
523724,134,94,26,0,0,0,11,1,1
523726,229,142,11,0,0,0,122,0,1
523728,63,57,10,0,0,0,11,0,1
523739,23,23,3,0,0,0,6,0,1
523741,9,9,1,0,0,0,0,0,1
523742,734,717,9,0,0,0,76,0,1
523747,58,48,23,0,0,0,8,0,1
523748,89,67,23,0,0,0,14,0,1
523749,138,109,27,0,0,0,8,0,1
523751,102,85,19,0,0,0,10,0,1
523753,105,83,25,3,3,1,11,0,1
523754,72,72,0,0,0,0,10,0,1
523756,75,59,21,0,0,0,16,0,1
523757,106,80,24,0,0,0,8,0,1
523758,66,55,22,0,0,0,2,0,1
523762,28,24,6,0,0,0,1,0,1
523765,860,374,360,2,2,2,6,2,1
523770,232,148,72,0,0,0,9,0,1
523774,657,336,210,0,0,0,91,0,1
523776,3108,791,1263,0,0,0,29,2,1
523783,384,211,123,0,0,0,8,1,1
523785,42,38,15,0,0,0,1,0,1
523786,51,44,15,0,0,0,0,0,1
523792,190,125,47,0,0,0,28,0,1
523793,73,57,19,2,1,0,2,0,1
523799,109,82,23,1,1,1,7,0,1
523805,124,100,41,0,0,0,9,0,1
523813,47,45,1,0,0,0,14,0,1
523815,79,55,28,2,2,3,10,0,1
523816,208,126,73,0,0,0,6,0,1
523820,39,36,12,0,0,0,0,0,1
523824,248,138,105,0,0,0,3,0,1
523832,38,34,7,0,0,0,4,0,1
523837,43,35,14,0,0,0,9,0,1
523843,363,208,138,0,0,0,9,1,1
523845,7,7,2,0,0,0,1,0,1
523847,23,20,1,0,0,0,9,0,1
523850,38,32,12,0,0,0,1,0,1
523852,957,459,261,7,7,1,37,1,1
523853,208,143,81,0,0,0,4,0,1
523854,93,76,25,0,0,1,4,0,1
523856,9,9,3,0,0,0,0,0,1
523858,214,201,22,0,0,0,21,0,1
523860,255,134,94,1,1,1,9,2,1
523862,148,134,24,0,0,0,9,1,1
523864,607,295,217,0,0,0,27,0,1
523868,67,57,25,0,0,0,1,1,1
523870,601,279,247,0,0,0,18,1,1
523871,123,94,29,1,1,0,12,0,1
523872,136,107,16,0,0,0,28,0,1
523874,314,201,124,0,0,0,35,0,1
523875,143,92,37,3,1,0,5,0,1
523876,58,47,23,0,0,0,10,0,1
523879,121,108,27,0,0,0,23,0,1
523880,40,36,9,0,0,0,0,0,1
523881,376,198,166,0,0,0,3,0,1
523882,312,181,100,2,1,0,8,1,1
523884,206,185,30,0,0,0,38,0,1
523887,26,23,8,0,0,0,3,0,1
523891,462,227,203,0,0,0,11,2,1
523893,39,38,4,0,0,0,14,0,1
523898,603,285,227,1,1,0,5,1,1
523901,299,190,110,0,0,0,4,0,1
523903,115,80,38,0,0,0,11,0,1
523904,2786,840,989,5,5,1,30,0,1
523905,127,95,29,2,2,1,8,0,1
523910,69,55,22,0,0,0,3,1,1
523914,35,30,3,0,0,0,5,0,1
523919,117,92,36,0,0,0,3,0,1
523925,102,71,34,1,1,1,4,0,1
523928,185,105,47,0,0,0,8,1,1
523929,167,113,64,0,0,0,19,1,1
523932,213,118,84,0,0,0,0,1,1
523933,55,45,5,0,0,0,10,0,1
523936,21,17,5,0,0,0,1,0,1
523937,3108,791,1263,0,0,0,29,2,1
523939,172,127,59,0,0,0,9,1,1
523941,316,165,97,6,5,0,17,0,1
523942,73,57,20,0,0,0,2,1,1
523944,47,39,16,0,0,0,5,0,1
523948,30,24,3,0,0,0,10,0,1
523951,55,54,6,0,0,0,1,0,1
523952,68,52,16,0,0,0,4,0,1
523953,32,23,1,2,2,2,12,0,1
523956,166,108,49,0,0,0,12,0,1
523959,102,79,23,0,0,0,7,0,1
523967,45,34,18,0,0,0,0,0,1
523968,84,81,13,0,0,0,22,0,1
523971,38,30,4,0,0,0,0,0,1
523974,279,75,37,0,0,0,31,0,1
523975,47,39,12,0,0,0,0,0,1
523976,90,61,39,0,0,0,0,0,1
523980,112,92,24,0,0,0,14,1,1
523987,504,251,188,0,0,1,4,1,1
523989,346,210,89,4,2,1,14,1,1
523990,258,154,72,3,3,2,20,0,1
523996,76,59,25,0,0,0,0,1,1
523998,581,281,147,1,1,0,22,1,1
524001,498,245,167,0,0,0,15,2,1
524010,320,166,97,6,5,0,17,1,1
524011,36,31,11,1,1,1,2,0,1
524014,69,58,22,0,0,0,6,0,1
524018,32,26,12,0,0,0,2,0,1
524019,105,82,21,0,0,0,7,0,1
524020,99,76,1,0,0,0,61,0,1
524022,55,50,15,0,0,0,11,0,1
524025,78,76,8,0,0,0,2,0,1
524032,90,73,32,0,0,0,8,1,1
524034,49,42,9,0,0,0,5,0,1
524035,109,72,39,0,0,0,11,0,1
524036,326,185,112,0,0,0,7,0,1
524041,241,157,94,0,0,0,6,0,1
524042,37,34,11,0,0,0,8,0,1
524044,104,99,13,0,0,0,6,0,1
524045,34,32,11,0,0,0,4,0,1
524048,37,35,8,0,0,0,5,0,1
524049,774,324,284,0,0,0,28,0,1
524050,251,183,85,0,0,0,13,0,1
524051,19,19,0,0,0,0,11,0,1
524052,129,97,29,2,2,1,9,0,1
524054,54,47,13,0,0,0,9,0,1
524056,91,48,8,0,0,0,9,0,1
524058,102,67,6,0,0,0,25,0,1
524059,170,119,8,0,0,0,59,0,1
524060,24,20,8,0,0,0,0,0,1
524065,480,251,142,0,0,0,54,0,1
524067,320,157,111,0,0,0,10,0,1
524072,1036,463,357,0,0,0,93,1,1
524073,243,164,69,3,3,1,17,0,1
524083,122,76,36,0,0,0,4,0,1
524084,108,68,39,0,0,0,0,0,1
524086,52,46,14,0,0,0,5,0,1
524088,32,29,9,0,0,0,3,0,1
524090,58,47,23,0,0,0,9,0,1
524091,514,263,165,0,0,0,71,0,1
524092,68,65,8,0,0,0,11,0,1
524095,41,35,4,0,0,0,25,0,1
524097,109,73,36,0,0,0,12,0,1
524102,67,56,25,0,0,0,1,0,1
524106,20,17,0,0,0,0,3,0,1
524107,88,67,32,0,0,0,10,0,1
524110,205,129,57,0,0,0,8,0,1
524112,212,133,75,4,3,1,12,1,1
524115,270,191,84,0,0,0,23,0,1
524119,109,72,35,0,0,0,11,0,1
524125,68,50,14,1,1,0,6,0,1
524127,64,58,15,0,0,0,16,0,1
524129,724,329,310,0,0,0,14,2,1
524132,40,37,8,0,0,0,7,0,1
524133,38,27,14,0,0,0,1,0,1
524134,184,108,60,1,1,0,4,1,1
524135,330,180,105,11,3,2,18,0,1
524138,65,52,23,0,0,0,3,0,1
524143,94,75,28,0,0,0,12,0,1
524144,333,187,126,0,0,0,15,2,1
524147,73,61,23,1,1,2,5,0,1
524150,44,42,7,0,0,0,2,0,1
524152,152,140,19,0,0,0,10,0,1
524155,158,108,51,2,2,2,6,0,1
524156,436,222,174,1,1,0,20,0,1
524157,218,116,72,0,0,0,5,0,1
524162,98,79,22,0,0,1,6,0,1
524163,106,75,29,0,0,0,6,0,1
524166,664,311,253,3,3,1,15,2,1
524168,121,95,16,0,0,0,33,0,1
524170,23,21,3,1,1,0,4,0,1
524179,178,41,57,0,0,0,12,0,1
524181,523,268,212,0,0,0,18,2,1
524182,71,64,9,0,0,0,16,0,1
524188,133,100,1,0,0,0,86,0,1
524192,110,72,38,0,0,0,8,0,1
524194,27,24,9,0,0,0,3,0,1
524197,74,64,8,0,0,0,8,0,1
524199,6,6,1,0,0,0,0,0,1
524202,108,86,35,0,0,0,11,0,1
524203,207,138,68,0,0,0,10,0,1
524205,121,87,39,2,2,0,2,0,1
524207,131,80,46,4,2,0,8,0,1
524208,30,30,3,0,0,0,12,0,1
524213,129,85,33,0,0,0,2,0,1
524214,123,94,29,1,1,0,12,0,1
524224,323,204,121,4,4,1,12,0,1
524225,341,190,90,0,0,0,33,0,1
524227,1972,622,655,0,0,0,41,2,1
524229,37,34,15,0,0,0,0,0,1
524230,251,155,83,0,0,0,10,0,1
524231,100,82,32,0,0,0,16,0,1
524232,85,68,22,0,0,0,16,0,1
524233,40,40,0,0,0,0,2,0,1
524237,65,43,14,0,0,0,3,0,1
524238,95,73,18,1,1,0,8,1,1
524239,77,65,24,0,0,0,5,0,1
524244,82,67,25,0,0,0,13,0,1
524247,406,208,148,0,0,0,24,2,1
524249,156,104,59,3,2,1,3,0,1
524251,547,312,171,0,0,0,87,0,1
524253,111,69,46,0,0,0,3,0,1
524254,82,63,7,4,4,1,36,0,1
524256,292,170,112,0,0,0,3,0,1
524258,212,136,66,0,0,0,7,1,1
524274,3156,800,1287,0,0,0,37,1,1
524276,126,83,44,0,0,0,1,0,1
524277,65,60,10,0,0,0,11,0,1
524280,88,64,22,0,0,0,8,0,1
524283,60,55,16,0,0,0,6,0,1
524284,284,179,69,0,0,0,4,0,1
524285,35,31,11,0,0,0,8,0,1
524286,481,239,204,0,0,0,23,1,1
524290,832,396,261,0,0,0,97,0,1
524293,40,40,5,0,0,0,14,0,1
524298,185,112,77,0,0,0,4,0,1
524299,80,64,33,0,0,0,9,0,1
524305,114,89,25,0,0,0,13,2,1
524307,98,83,29,0,0,0,7,0,1
524314,2253,745,744,0,0,1,44,1,1
524315,1056,463,362,0,0,0,120,2,1
524316,203,127,75,0,0,0,1,0,1
524320,89,69,28,0,0,0,14,0,1
524322,47,45,10,0,0,0,5,0,1
524326,157,101,48,2,1,1,18,0,1
524329,86,60,31,0,0,0,5,0,1
524331,17,15,2,0,0,0,1,0,1
524332,498,243,197,0,0,0,3,2,1
524339,44,31,19,0,0,0,2,0,1
524340,350,198,114,0,0,0,6,0,1
524341,121,82,49,0,0,0,2,1,1
524344,37,35,6,0,0,0,2,0,1
524348,33,30,5,0,0,0,0,0,1
524349,371,216,96,0,0,0,6,1,1
524351,62,53,15,0,0,0,5,0,1
524354,59,49,18,0,0,0,2,0,1
524355,12,12,3,0,0,0,1,0,1
524362,82,69,20,0,0,0,7,1,1
524367,86,66,31,0,0,0,11,0,1
524372,122,91,28,0,0,0,8,1,1
524373,235,138,66,0,0,0,9,1,1
524376,287,179,87,0,0,0,22,0,1
524379,1050,459,320,0,0,0,48,4,1
524380,56,56,5,0,0,0,14,0,1
524381,73,57,20,0,0,0,2,1,1
524382,77,59,22,0,0,0,10,0,1
524384,93,76,23,0,0,1,14,0,1
524387,108,80,29,0,0,0,2,0,1
524388,67,62,15,0,0,0,27,0,1
524394,122,80,38,0,0,0,9,0,1
524396,326,184,112,0,0,0,7,0,1
524397,520,274,126,0,0,0,21,1,1
524398,592,106,90,0,0,0,218,0,1
524403,1543,555,534,0,0,0,42,1,1
524404,3087,789,1261,5,5,0,33,2,1
524405,116,76,21,1,1,1,8,1,1
524410,109,72,39,0,0,0,9,0,1
524411,69,65,16,0,0,0,25,0,1
524413,127,95,29,2,2,1,8,0,1
524415,137,95,34,0,0,0,8,0,1
524416,71,59,25,0,0,0,4,1,1
524418,725,223,297,0,0,0,11,1,1
524420,264,135,118,0,0,0,5,1,1
524423,48,41,19,0,0,0,7,0,1
524426,21,17,5,0,0,0,2,0,1
524427,101,75,40,0,0,0,6,1,1
524432,820,398,254,0,0,0,98,0,1
524434,114,88,24,0,0,0,5,1,1
524436,41,33,14,0,0,0,4,0,1
524437,89,57,30,0,0,0,5,0,1
524439,92,71,32,0,0,0,4,0,1
524441,13,13,1,0,0,0,2,0,1
524446,65,63,7,0,0,0,17,0,1
524447,1468,612,490,0,0,0,142,4,1
524448,138,102,37,0,0,0,8,0,1
524449,35,26,6,0,0,0,7,0,1
524450,497,284,158,0,0,0,91,0,1
524452,110,72,45,5,1,0,10,0,1
524454,426,219,136,0,0,0,14,1,1
524459,46,41,7,0,0,0,10,0,1
524461,203,137,48,3,3,2,15,1,1
524463,401,222,157,0,0,0,1,2,1
524466,23,23,5,0,0,0,2,0,1
524473,221,139,60,0,0,0,14,0,1
524476,2738,817,982,2,2,0,19,0,1
524478,116,93,28,0,0,0,13,1,1
524482,134,101,37,0,0,0,12,0,1
524484,362,148,149,0,0,0,30,1,1
524485,10,10,3,0,0,0,0,0,1
524486,42,41,8,0,0,0,16,0,1
524496,163,117,60,0,0,0,7,0,1
524499,56,41,0,0,0,0,30,0,1
524501,284,186,94,3,3,0,26,2,1
524503,74,52,20,0,0,0,8,0,1
524505,133,129,3,0,0,0,82,0,1
524508,42,42,0,0,0,0,6,0,1
524511,67,56,11,0,0,0,9,0,1
524516,116,114,2,0,0,0,20,0,1
524520,288,161,103,3,3,1,17,0,1
524521,232,148,72,0,0,0,9,0,1
524523,46,37,10,0,0,0,3,0,1
524524,23,23,6,0,0,0,6,0,1
524525,82,64,26,0,0,1,7,0,1
524531,46,41,13,0,0,0,4,0,1
524533,237,140,60,0,0,0,24,1,1
524537,82,58,30,0,0,0,2,0,1
524542,1784,226,549,0,0,0,95,1,1
524544,122,120,7,0,0,0,22,0,1
524546,88,69,33,0,0,0,11,0,1
524553,33,32,3,0,0,0,10,0,1
524555,230,133,92,0,0,0,2,0,1
524558,101,82,20,0,0,0,28,0,1
524561,23,23,5,0,0,0,1,1,1
524564,21,19,8,0,0,0,0,0,1
524565,97,66,36,0,0,0,19,2,1
524566,94,68,27,3,3,4,16,0,1
524567,131,114,8,0,0,0,19,0,1
524568,2730,815,981,2,2,0,18,0,1
524570,310,196,104,0,0,0,45,1,1
524572,79,57,29,0,0,0,4,0,1
524573,119,87,29,1,1,0,9,1,1
524574,51,47,9,0,0,0,6,1,1
524577,42,37,10,0,0,0,0,0,1
524578,218,162,64,0,0,0,35,0,1
524585,46,42,6,0,0,0,3,0,1
524586,158,156,3,0,0,0,20,0,1
524588,498,254,8,0,0,0,249,0,1
524591,27,24,9,0,0,0,3,0,1
524594,120,91,29,0,0,0,18,1,1
524598,104,93,21,0,0,0,34,0,1
524600,123,105,28,0,0,0,6,0,1
524604,50,41,22,0,0,0,1,0,1
524605,45,44,8,0,0,0,1,1,1
524607,660,288,186,0,0,0,53,1,1
524613,639,293,216,0,0,0,22,0,1
524616,250,145,77,4,3,0,23,0,1
524618,312,181,100,2,1,0,8,1,1
524620,24,23,6,0,0,0,4,0,1
524621,114,75,51,4,3,0,5,0,1
524624,149,107,57,0,0,0,17,0,1
524627,141,101,47,1,1,1,13,1,1
524634,811,287,315,0,0,0,19,2,1
524635,12,12,1,0,0,0,2,0,1
524636,212,129,82,0,0,0,7,2,1
524637,85,67,25,0,0,0,10,0,1
524639,12,11,2,0,0,0,2,0,1
524643,252,181,5,0,0,0,54,0,1
524644,79,67,25,0,0,0,4,0,1
524647,116,70,42,0,0,0,1,0,1
524649,2299,609,942,4,1,4,27,3,1
524652,11,11,1,0,0,0,4,0,1
524653,531,252,222,0,0,0,9,1,1
524658,129,84,58,0,0,0,1,0,1
524661,125,87,37,0,0,0,6,1,1
524662,162,114,50,1,1,0,8,1,1
524663,161,101,60,0,0,0,6,2,1
524666,392,185,11,0,0,0,199,0,1
524668,83,66,28,0,0,0,10,0,1
524669,57,46,21,0,0,0,5,0,1
524670,52,45,20,0,0,0,3,0,1
524672,20,19,7,0,0,0,0,0,1
524673,410,231,135,0,0,0,17,2,1
524674,96,74,25,0,0,0,6,0,1
524676,753,315,257,0,0,0,17,1,1
524677,11,11,1,0,0,0,2,0,1
524682,52,45,18,0,0,0,1,0,1
524686,211,146,84,0,0,0,5,0,1
524687,478,258,139,0,0,0,65,1,1
524690,111,80,25,0,0,0,5,0,1
524691,46,45,3,0,0,0,2,0,1
524693,113,85,25,0,0,0,27,1,1
524694,228,224,14,0,0,0,177,0,1
524695,55,43,20,0,0,0,11,0,1
524697,87,52,22,0,0,0,5,0,1
524698,90,70,33,0,0,0,4,1,1
524699,76,62,19,0,0,0,6,0,1
524700,126,96,35,0,0,0,11,0,1
524701,180,114,50,0,0,0,5,0,1
524702,1,1,0,0,0,0,0,0,1
524710,24,22,0,0,0,0,13,0,1
524711,85,81,14,0,0,0,12,0,1
524714,2653,762,1034,0,0,0,13,1,1
524716,41,35,15,0,0,0,1,2,1
524720,149,111,53,0,0,0,4,0,1
524723,275,166,95,0,0,0,23,1,1
524727,86,66,31,0,0,0,4,0,1
524728,592,286,240,0,0,0,20,2,1
524730,342,209,2,0,0,0,166,0,1
524731,91,57,21,0,0,0,3,0,1
524734,143,133,22,0,0,0,9,1,1
524738,415,218,123,1,1,3,8,0,1
524743,229,210,8,0,0,0,32,0,1
524744,36,35,2,0,0,0,10,1,1
524748,178,116,68,0,0,0,1,0,1
524756,144,132,24,0,0,0,10,0,1
524758,105,70,34,0,0,0,4,0,1
524763,1008,414,379,0,0,0,34,2,1
524764,78,59,28,1,1,0,0,0,1
524766,583,285,225,3,2,1,18,0,1
524770,45,45,0,0,0,0,6,0,1
524771,69,66,7,0,0,0,2,0,1
524774,132,79,50,3,3,0,0,0,1
524775,208,130,57,0,0,0,6,0,1
524779,47,42,12,0,0,0,6,0,1
524783,94,76,33,0,0,0,2,0,1
524785,422,237,149,5,5,2,22,2,1
524789,221,161,80,0,0,0,4,0,1
524792,125,98,18,0,0,0,29,0,1
524795,186,114,73,1,1,0,0,1,1
524807,6,6,3,0,0,0,0,0,1
524811,115,78,17,4,1,1,15,0,1
524818,60,51,8,0,0,0,23,0,1
524822,152,112,40,0,0,0,17,0,1
524823,468,250,139,0,0,0,66,0,1
524826,101,84,10,0,0,0,26,0,1
524833,222,155,66,0,0,0,13,1,1
524836,1219,462,399,0,0,0,41,0,1
524842,36,30,11,0,0,0,4,0,1
311645,145,90,52,0,0,4,7,1,0
174916,107,75,27,0,0,1,19,0,0
38027,227,126,70,0,0,0,22,1,0
447478,692,360,177,1,1,1,70,0,0
503009,254,142,97,0,0,3,7,0,0
303395,112,74,21,0,0,1,25,0,0
195452,99,76,34,0,0,2,11,0,0
257717,114,68,34,0,0,0,18,0,0
178789,29,22,6,0,0,0,5,0,0
200171,218,133,93,0,0,0,13,0,0
493987,55,47,13,0,0,0,10,0,0
108921,19,16,4,0,0,0,3,0,0
135401,86,64,27,0,0,2,16,0,0
312357,146,92,36,0,0,0,29,0,0
148714,1465,557,475,44,3,2,78,0,0
349625,84,61,9,0,0,3,8,0,0
435932,60,51,21,1,1,1,4,0,0
10669,94,58,9,0,0,2,44,0,0
291459,102,60,35,0,0,0,4,0,0
245591,936,333,345,0,0,0,62,0,0
247915,163,102,62,2,1,1,9,0,0
217653,78,60,20,0,0,0,14,0,0
136999,9,9,3,0,0,0,1,0,0
137790,18,18,6,0,0,0,1,0,0
491907,264,154,26,0,0,2,36,1,0
474476,29,28,13,0,0,0,2,0,0
51858,185,114,76,0,0,0,16,0,0
351237,19,18,0,0,0,1,3,0,0
406283,45,38,14,0,0,0,2,0,0
3540,863,306,292,0,0,15,43,1,0
464858,227,144,95,0,0,0,4,0,0
97647,86,63,32,0,0,0,5,0,0
431209,622,265,211,0,0,0,74,1,0
372010,343,191,125,1,1,0,11,0,0
521991,591,309,143,0,0,0,116,0,0
52710,57,47,14,0,0,0,5,1,0
217940,223,144,48,0,0,17,29,0,0
291148,76,44,21,0,0,0,4,0,0
9377,50,41,19,0,0,0,1,0,0
129163,263,126,83,0,0,0,21,0,0
471504,59,49,19,1,1,0,3,0,0
112587,245,128,61,0,0,0,16,1,0
318072,31,26,7,1,1,0,6,0,0
324528,275,160,108,0,0,0,2,0,0
18144,308,177,111,0,0,0,19,0,0
453149,148,69,34,0,0,0,30,0,0
201327,574,267,152,5,2,2,34,2,0
176153,1955,468,566,1,1,1,69,2,0
448445,97,68,38,0,0,1,8,0,0
395939,288,185,98,4,2,0,16,0,0
246830,56,43,24,0,0,0,2,0,0
366434,85,61,37,0,0,0,3,0,0
155637,127,78,40,0,0,0,4,0,0
510163,107,79,34,1,1,1,10,0,0
506376,44,36,13,0,0,0,3,0,0
287210,194,111,49,2,1,0,12,1,0
45480,9,9,5,0,0,0,2,0,0
76205,34,30,15,0,0,0,2,0,0
126404,80,64,16,0,0,3,12,0,0
180201,186,105,69,0,0,0,13,0,0
351404,25,24,3,0,0,1,3,0,0
395359,66,45,30,0,0,0,8,0,0
350572,64,50,16,0,0,2,4,0,0
170146,105,76,36,0,0,1,7,0,0
69669,230,140,76,0,0,0,17,1,0
391527,134,82,53,0,0,0,1,0,0
269148,717,315,156,1,1,75,133,0,0
18670,216,153,48,4,2,1,20,0,0
93674,218,109,22,0,0,0,17,0,0
241175,144,91,33,0,0,1,19,0,0
214013,183,110,71,0,0,0,4,1,0
319550,117,86,47,0,0,0,10,0,0
298911,840,313,271,0,0,0,62,2,0
243849,169,102,64,0,0,0,5,0,0
337934,65,42,14,0,0,0,10,0,0
67614,150,99,66,0,0,0,7,0,0
61754,117,64,35,0,0,0,5,0,0
379234,225,122,65,0,0,7,28,0,0
136320,38,30,17,0,0,0,0,0,0
487577,158,119,51,0,0,0,11,0,0
203978,42,33,9,1,1,0,11,0,0
495542,14,13,0,0,0,0,2,0,0
77726,43,39,13,0,0,0,0,0,0
232186,60,44,10,0,0,3,8,0,0
485898,161,103,51,0,0,0,3,0,0
382955,135,89,43,2,1,0,12,0,0
314361,129,78,63,0,0,0,5,0,0
94177,62,49,17,0,0,1,2,0,0
153915,24,23,7,0,0,0,3,0,0
276384,11,10,0,0,0,0,2,0,0
425778,277,134,91,0,0,0,20,0,0
221678,132,97,45,0,0,2,9,0,0
77702,25,24,9,0,0,0,2,0,0
470036,23,19,3,0,0,1,0,0,0
268269,37,28,17,0,0,0,0,0,0
48159,2183,661,528,40,1,3,251,2,0
30356,356,159,109,0,0,0,25,0,0
118822,109,67,35,0,0,0,14,0,0
366106,19,18,8,0,0,0,1,0,0
454916,63,45,21,0,0,0,12,0,0
140310,342,139,7,0,0,4,145,0,0
6797,112,56,38,0,0,0,6,0,0
213977,196,127,78,0,0,0,1,0,0
145733,444,219,147,0,0,2,31,1,0
198597,109,60,36,0,0,0,17,0,0
396543,72,50,14,0,0,0,6,0,0
8541,6,6,2,0,0,0,0,0,0
474142,41,37,9,0,0,0,4,0,0
148827,201,119,69,0,0,0,19,0,0
286212,20,18,9,0,0,0,0,0,0
320288,27,25,12,0,0,0,1,0,0
107722,1033,418,280,42,6,1,98,1,0
231282,291,150,91,0,0,1,8,0,0
323113,72,57,30,0,0,0,1,0,0
316028,482,263,88,0,0,1,78,0,0
107714,28,24,9,1,1,0,3,1,0
334730,80,44,27,1,1,2,6,1,0
31398,307,178,127,0,0,0,7,0,0
48683,176,88,49,0,0,0,16,0,0
64339,127,82,49,0,0,0,2,0,0
446119,25,24,4,0,0,1,5,0,0
382198,184,123,53,0,0,0,3,0,0
312351,219,128,69,0,0,8,17,1,0
341716,97,72,24,0,0,1,5,0,0
123986,88,54,22,0,0,0,13,0,0
276773,95,43,8,0,0,0,12,0,0
233914,74,49,16,0,0,0,9,0,0
415441,366,134,140,0,0,4,15,0,0
297119,458,224,158,0,0,3,17,1,0
125740,215,103,47,0,0,0,60,0,0
173986,98,74,36,0,0,0,4,0,0
238895,569,260,144,0,0,0,52,0,0
391884,19,19,6,0,0,0,2,0,0
370220,12,11,1,0,0,0,4,0,0
108003,202,101,66,0,0,0,20,0,0
429894,94,78,21,0,0,0,15,0,0
262660,124,71,31,0,0,6,6,0,0
156278,93,66,21,2,1,0,5,0,0
436023,601,320,206,0,0,1,16,0,0
178476,43,34,17,0,0,0,1,0,0
151073,51,40,13,1,1,1,6,0,0
272081,30,24,10,0,0,0,3,0,0
389327,158,103,60,0,0,0,6,0,0
168302,179,103,51,0,0,0,8,1,0
80253,207,153,58,0,0,2,18,0,0
42272,48,39,11,2,2,0,4,1,0
36323,46,41,13,1,1,0,1,0,0
14763,30,27,9,1,1,0,5,0,0
157353,61,51,18,2,2,0,6,0,0
158703,235,128,76,2,1,0,5,1,0
435513,363,204,147,2,1,0,6,0,0
161331,6,6,2,0,0,0,0,0,0
386356,24,6,0,0,0,0,10,0,0
25527,86,61,25,1,1,0,15,0,0
86409,303,149,25,0,0,0,137,0,0
383469,31,27,5,0,0,0,8,0,0
471155,378,191,69,0,0,26,67,1,0
259868,35,27,7,1,1,0,2,0,0
99814,110,78,35,0,0,0,16,1,0
176002,71,46,12,0,0,2,1,0,0
400490,21,19,6,0,0,0,0,0,0
156981,273,160,85,1,1,0,48,0,0
142119,428,211,114,0,0,2,62,0,0
189883,144,94,50,0,0,0,18,0,0
354617,112,70,36,0,0,2,21,0,0
473916,448,243,145,0,0,0,33,1,0
194944,140,83,7,0,0,13,47,0,0
109034,6,6,0,0,0,0,2,0,0
505443,38,34,12,0,0,1,3,0,0
445789,27,26,5,0,0,0,1,0,0
157522,914,365,348,0,0,0,30,3,0
302044,156,99,60,0,0,2,12,1,0
447340,40,31,10,0,0,0,13,0,0
6849,118,72,43,0,0,0,3,0,0
416833,221,122,47,0,0,4,27,0,0
266662,593,298,231,0,0,0,6,0,0
494468,31,26,7,1,1,0,2,0,0
33107,12,12,3,0,0,0,0,0,0
485648,10,10,3,0,0,0,1,0,0
84610,100,72,42,0,0,0,4,0,0
327853,470,237,160,0,0,0,24,1,0
180196,22,19,7,0,0,0,1,0,0
374475,10,10,3,0,0,0,0,0,0
109765,192,100,48,0,0,0,35,0,0
225911,339,215,114,0,0,0,7,0,0
408719,361,172,135,0,0,0,29,0,0
220106,938,249,232,2,1,36,152,0,0
221031,157,97,31,3,1,3,26,0,0
42896,174,108,49,1,1,5,21,0,0
206024,36,28,8,0,0,0,5,0,0
315609,180,107,57,0,0,0,13,0,0
359659,26,22,8,0,0,2,3,0,0
253246,38,35,13,0,0,0,1,0,0
512348,254,161,63,5,3,1,27,0,0
467333,26,24,11,0,0,0,1,0,0
474139,49,38,24,0,0,0,1,0,0
76011,13,13,1,0,0,0,0,0,0
154204,1595,597,515,13,5,0,58,3,0
454107,56,32,17,0,0,0,9,0,0
54475,74,56,29,0,0,0,1,0,0
5849,3176,974,911,6,6,1,195,4,0
111769,145,108,48,0,0,0,4,0,0
173004,409,135,89,0,0,20,70,1,0
408246,49,37,9,0,0,2,7,0,0
32874,442,156,131,0,0,0,59,1,0
476619,33,25,13,0,0,0,1,0,0
281126,399,183,99,0,0,0,38,0,0
109074,92,57,12,0,0,5,13,0,0
473270,138,101,47,0,0,0,7,0,0
126488,24,23,3,0,0,0,4,0,0
392352,144,59,29,0,0,0,20,0,0
27735,35,31,9,1,1,0,5,0,0
504672,157,97,60,0,0,0,10,0,0
431383,75,52,15,0,0,0,18,0,0
345298,233,145,61,1,1,3,18,1,0
331201,232,136,85,0,0,0,11,0,0
241562,271,141,35,0,0,0,52,0,0
270338,211,122,51,3,1,0,13,1,0
379512,74,54,23,0,0,0,11,0,0
12568,2535,759,872,2,1,1,239,1,0
490916,165,117,44,0,0,0,10,0,0
102,24,14,0,0,0,0,12,0,0
272140,16,15,6,0,0,0,1,0,0
247866,1333,470,420,12,5,2,46,2,0
442280,144,88,59,0,0,0,10,0,0
393474,184,128,17,0,0,20,44,0,0
73007,323,197,113,0,0,1,23,0,0
203869,198,119,44,3,1,1,23,1,0
75627,617,313,193,1,1,0,53,0,0
46486,5,5,0,0,0,0,1,0,0
312128,57,45,13,0,0,0,6,1,0
52036,122,87,20,0,0,0,13,1,0
143756,24,22,0,0,0,0,4,0,0
498416,19,13,3,0,0,0,1,0,0
432340,130,83,35,2,1,0,5,0,0
256745,18,17,9,0,0,0,0,0,0
113609,27,24,9,0,0,0,3,0,0
106335,287,145,96,0,0,0,16,1,0
412428,182,121,67,0,0,1,7,0,0
310203,29,29,11,0,0,0,2,0,0
192224,43,35,16,0,0,0,2,0,0
167530,494,252,193,3,1,2,15,0,0
278349,11,10,0,0,0,0,2,0,0
421756,107,74,35,0,0,0,7,0,0
207189,159,114,54,0,0,1,5,0,0
511346,331,155,121,0,0,0,24,1,0
366912,27,20,11,0,0,0,1,0,0
360010,2312,787,638,5,4,0,205,2,0
309483,320,178,134,1,1,3,8,0,0
294898,124,81,42,0,0,1,12,1,0
381481,92,69,35,0,0,0,2,0,0
107987,156,74,24,0,0,1,12,0,0
429720,1029,488,343,3,2,1,22,1,0
139025,371,181,106,0,0,0,42,0,0
27906,129,82,50,0,0,0,0,0,0
127495,103,70,47,0,0,0,4,0,0
170137,195,113,78,0,0,1,4,0,0
157065,377,186,17,0,0,1,96,0,0
244854,670,311,195,1,1,5,45,1,0
321648,306,167,106,0,0,8,16,0,0
301957,32,29,13,0,0,0,1,0,0
418404,410,205,130,0,0,5,44,0,0
42649,327,163,50,0,0,28,64,0,0
56676,141,95,33,3,2,3,28,0,0
121792,144,84,62,0,0,0,8,0,0
222160,336,170,99,1,1,5,29,1,0
35146,191,109,56,0,0,0,15,0,0
438235,229,123,54,0,0,0,23,0,0
440024,20,13,0,2,1,0,9,0,0
85378,303,153,109,1,1,2,20,2,0
458119,3274,1301,577,37,10,2,276,4,0
494696,39,29,11,1,1,0,2,0,0
282167,262,167,101,0,0,3,10,0,0
279191,186,101,60,0,0,0,6,0,0
290567,293,167,117,5,2,1,10,0,0
337374,131,98,40,0,0,4,11,0,0
314362,441,200,131,0,0,0,13,0,0
409375,11,11,3,0,0,0,0,0,0
23598,331,187,119,0,0,0,7,0,0
94014,47,40,19,0,0,0,0,0,0
144889,52,41,21,0,0,0,4,0,0
41372,292,172,61,1,1,5,16,0,0
38164,185,113,55,0,0,0,14,0,0
148774,118,74,14,0,0,1,38,0,0
341669,40,34,15,1,1,0,2,0,0
460804,11,9,0,0,0,0,3,0,0
460463,39,12,3,0,0,0,12,0,0
445686,36,29,15,0,0,0,3,0,0
520681,111,84,39,0,0,0,4,0,0
112869,215,150,64,0,0,0,10,1,0
175466,272,121,8,0,0,0,97,0,0
25447,307,155,100,0,0,0,28,0,0
419540,219,171,27,0,0,1,55,2,0
33955,24,22,0,0,0,0,1,0,0
416152,632,242,183,2,1,14,29,1,0
442533,150,98,50,0,0,4,22,0,0
349980,29,26,8,0,0,0,2,0,0
243485,224,131,75,0,0,0,10,0,0
367359,29,25,11,0,0,0,0,0,0
236982,115,71,56,0,0,0,3,0,0
382826,40,38,15,0,0,0,0,0,0
389330,351,176,144,0,0,0,6,0,0
2680,76,59,17,0,0,0,6,0,0
193311,119,93,23,0,0,0,23,0,0
333844,230,152,45,0,0,2,61,1,0
314896,184,107,56,0,0,0,19,0,0
398147,73,40,4,0,0,0,29,0,0
441952,414,173,109,0,0,5,45,0,0
415811,83,53,9,0,0,0,24,0,0
295315,104,75,36,0,0,1,7,0,0
339714,112,71,40,1,1,0,2,1,0
133066,223,114,67,0,0,0,34,1,0
258129,222,114,23,0,0,0,74,0,0
157125,109,86,45,0,0,0,3,0,0
234387,196,126,72,0,0,3,7,0,0
254244,58,52,14,1,1,0,1,1,0
373358,96,67,32,1,1,1,1,0,0
323202,533,235,158,0,0,0,75,2,0
106441,93,52,18,0,0,0,17,0,0
95199,376,207,128,0,0,0,18,1,0
297277,59,51,20,0,0,0,3,0,0
336135,150,87,35,0,0,0,7,0,0
335925,181,122,38,0,0,0,53,1,0
163217,190,103,78,0,0,0,9,1,0
14854,6309,595,522,87,12,6,1977,1,0
110869,73,37,13,1,1,0,6,0,0
280352,562,262,200,1,1,0,18,1,0
187177,256,149,80,3,3,3,18,0,0
344987,99,72,36,0,0,0,11,0,0
153903,126,87,50,0,0,0,5,0,0
375787,149,103,46,1,1,1,6,0,0
377694,46,37,11,0,0,0,4,0,0
233852,40,36,16,0,0,0,2,0,0
164759,72,52,31,0,0,0,6,0,0
486339,1728,478,449,32,4,3,153,2,0
76028,110,76,28,1,1,4,12,0,0
477638,430,177,130,3,2,1,11,0,0
316801,18,18,3,0,0,0,1,0,0
173147,21,21,9,0,0,0,0,0,0
232445,20,19,8,0,0,0,1,0,0
170814,200,96,41,0,0,0,8,0,0
365869,10,6,0,0,0,0,3,0,0
111083,84,60,27,0,0,0,10,0,0
13380,69,60,14,1,1,2,8,0,0
88646,161,114,49,0,0,0,14,0,0
185450,34,31,14,0,0,0,0,0,0
48684,77,58,10,0,0,5,17,0,0
144307,36,30,2,0,0,0,5,0,0
40466,31,26,2,0,0,1,11,0,0
89686,106,71,23,1,1,5,16,0,0
11243,49,41,18,0,0,0,1,0,0
99121,99,67,40,0,0,0,12,0,0
463543,63,53,20,0,0,0,6,0,0
438086,5,5,1,0,0,0,0,0,0
404559,74,52,15,0,0,0,8,0,0
83919,42,22,20,0,0,0,5,0,0
490365,25,21,11,0,0,0,0,0,0
509931,26,23,7,0,0,0,1,0,0
388124,262,146,74,0,0,21,32,1,0
173309,555,245,209,0,0,3,29,1,0
281444,147,89,34,0,0,3,11,0,0
39400,101,70,36,0,0,1,6,1,0
57957,71,55,24,0,0,0,7,0,0
353835,51,43,8,0,0,1,8,0,0
83277,45,35,4,0,0,3,6,1,0
134864,110,75,30,1,1,0,6,0,0
48780,262,157,99,0,0,0,9,0,0
301511,812,239,316,0,0,16,31,1,0
203238,487,233,192,0,0,0,28,0,0
262085,12,12,5,0,0,0,0,0,0
33740,20,17,0,0,0,0,0,0,0
56789,190,100,75,0,0,0,13,0,0
389676,66,32,10,0,0,0,13,0,0
236248,380,178,110,0,0,0,39,0,0
215729,70,51,11,0,0,0,13,0,0
489141,161,107,53,0,0,0,17,0,0
412961,60,46,15,0,0,0,11,0,0
104572,440,206,45,0,0,0,209,1,0
55721,22,21,8,0,0,0,3,0,0
332679,31,20,5,0,0,0,1,0,0
419542,91,61,21,0,0,0,18,0,0
197668,136,101,50,0,0,0,9,0,0
124284,13,13,4,0,0,0,0,0,0
208227,141,96,43,0,0,0,0,0,0
447002,149,107,49,0,0,0,8,0,0
224533,86,61,32,0,0,0,2,0,0
192328,30,24,5,0,0,0,7,0,0
469876,69,54,25,1,1,0,3,0,0
27191,169,106,73,0,0,0,7,0,0
434225,73,54,23,0,0,1,1,0,0
71458,498,264,164,0,0,2,35,0,0
106312,163,86,38,0,0,0,39,0,0
44184,404,206,136,0,0,1,6,0,0
407651,87,66,26,0,0,1,2,0,0
448726,73,63,22,0,0,0,3,0,0
122554,28,26,4,0,0,0,5,0,0
270251,1488,577,388,4,4,0,135,2,0
209484,102,82,35,0,0,0,2,0,0
328338,493,168,103,0,0,0,70,2,0
45123,21,21,5,0,0,0,2,0,0
34260,22,20,1,0,0,0,2,0,0
454431,38,32,10,0,0,0,7,0,0
268392,20,18,7,0,0,0,1,0,0
49811,496,255,162,2,1,0,11,0,0
129912,33,29,14,0,0,0,0,0,0
50188,21,16,9,0,0,0,2,0,0
312027,15,14,8,0,0,0,2,0,0
171339,223,148,75,0,0,0,16,0,0
153783,792,338,88,0,0,0,116,0,0
259851,127,103,26,0,0,0,8,0,0
385741,8,8,3,0,0,0,1,0,0
463291,985,365,389,8,1,0,44,0,0
22553,53,43,22,0,0,0,1,0,0
380762,11,11,5,0,0,0,0,0,0
174526,410,200,136,3,2,0,29,0,0
446607,70,63,21,0,0,0,3,0,0
307407,202,123,94,0,0,0,4,0,0
375000,281,162,56,2,2,2,17,1,0
84112,191,105,69,0,0,0,6,2,0
130227,16,15,7,0,0,0,0,0,0
57404,28,27,8,1,1,0,3,0,0
159384,120,89,46,0,0,0,7,0,0
242560,332,207,80,0,0,2,50,0,0
379849,54,42,20,0,0,0,0,0,0
248587,303,144,41,0,0,0,24,0,0
467115,149,94,43,0,0,3,12,0,0
242159,1559,673,493,0,0,6,54,2,0
493036,787,361,231,0,0,0,22,1,0
319635,404,237,144,0,0,0,33,0,0
37464,244,150,53,1,1,6,40,1,0
255082,55,43,27,0,0,0,1,0,0
422425,177,82,10,0,0,0,69,0,0
144691,257,139,104,1,1,0,22,1,0
467603,215,118,56,0,0,0,16,0,0
413813,139,97,40,1,1,0,22,1,0
303405,495,214,124,0,0,5,65,2,0
235916,7,7,1,0,0,0,2,0,0
368691,27,20,10,0,0,0,1,0,0
413886,103,78,29,0,0,2,3,0,0
361900,73,60,26,1,1,0,3,0,0
183574,11,11,2,0,0,0,1,0,0
521895,966,412,310,0,0,0,106,0,0
166672,115,84,41,0,0,0,7,1,0
374059,7,7,2,0,0,0,0,0,0
200997,72,55,26,0,0,0,3,0,0
237194,27270,4360,8521,9,2,8,874,6,0
107545,41,34,15,0,0,0,4,0,0
230764,2399,677,530,0,0,2,558,2,0
4402,48,38,13,0,0,0,5,0,0
126666,39,36,12,0,0,0,1,0,0
40338,6,6,0,0,0,0,0,0,0
1114,83,66,24,0,0,0,8,0,0
416890,95,75,26,0,0,1,4,0,0
323690,167,104,53,1,1,1,9,0,0
470333,96,62,25,0,0,0,4,0,0
497374,33,28,8,0,0,0,4,0,0
493840,55,45,18,0,0,1,0,0,0
228774,316,166,99,0,0,0,45,0,0
287331,53,43,7,1,1,1,6,0,0
260517,35,32,15,0,0,0,2,0,0
334206,152,98,43,0,0,0,27,0,0
343464,23,22,6,0,0,0,3,0,0
317236,94,66,37,0,0,0,1,0,0
86979,77,55,23,1,1,2,5,0,0
282179,18,17,6,0,0,0,0,0,0
504256,70,61,23,0,0,0,7,1,0
185365,175,106,63,0,0,1,7,1,0
343340,22,20,1,0,0,1,2,0,0
159134,15,13,7,0,0,0,0,0,0
203009,128,87,27,0,0,0,14,0,0
54900,133,99,47,0,0,0,11,0,0
308111,530,304,114,8,1,2,72,1,0
423465,123,83,54,2,1,0,3,1,0
385037,155,108,49,0,0,0,6,0,0
229741,113,77,16,0,0,0,29,0,0
269658,12,9,4,0,0,0,0,0,0
368591,775,339,175,31,5,2,23,2,0
443437,40,38,11,0,0,0,1,0,0
172764,1172,411,383,0,0,5,131,2,0
52348,19,18,7,1,1,0,0,0,0
159900,29,26,15,0,0,0,4,1,0
401598,53,39,23,0,0,0,2,0,0
324850,442,222,161,0,0,2,39,2,0
27513,547,265,178,0,0,0,47,2,0
455571,102,58,30,0,0,0,17,0,0
242557,304,164,109,0,0,0,20,0,0
429740,9,9,2,0,0,0,1,0,0
497404,126,80,44,0,0,0,1,0,0
265191,175,111,65,0,0,1,10,0,0
387042,72,59,20,0,0,0,6,0,0
177532,198,95,50,0,0,0,23,1,0
96644,85,53,25,0,0,0,0,1,0
486327,56,53,7,0,0,0,9,1,0
414504,59,35,12,0,0,0,26,0,0
242477,318,173,130,0,0,0,14,0,0
358425,69,49,25,0,0,0,5,0,0
416953,955,292,259,1,1,1,15,1,0
11493,248,133,96,0,0,4,10,0,0
218001,134,127,4,0,0,0,53,0,0
434642,23,21,11,0,0,0,0,0,0
388572,636,359,170,0,0,0,49,1,0
208531,1597,611,409,33,13,4,167,2,0
109118,5,4,0,0,0,0,2,0,0
121969,289,165,74,0,0,0,7,0,0
66006,88,69,27,0,0,0,4,0,0
2173,227,173,38,0,0,2,27,1,0
230633,235,142,81,0,0,0,12,0,0
439306,120,34,21,0,0,0,5,0,0
80959,92,61,23,0,0,6,8,0,0
125445,552,223,169,0,0,17,49,0,0
311604,19,19,6,0,0,0,0,0,0
110961,246,110,25,0,0,0,64,0,0
288955,42,40,8,0,0,0,3,0,0
99019,128,77,33,0,0,0,17,0,0
10182,50,35,6,0,0,5,9,0,0
145231,41,32,2,0,0,0,6,0,0
38621,115,73,35,0,0,0,2,0,0
477662,114,81,34,2,1,0,11,0,0
398202,432,141,37,12,4,6,126,0,0
411050,78,59,29,0,0,0,2,0,0
488452,70,37,21,0,0,2,12,0,0
226747,6906,1783,2057,4,2,0,176,4,0
139536,124,88,34,0,0,0,11,0,0
471614,1505,462,476,0,0,0,186,2,0
85578,258,135,97,0,0,0,12,1,0
36004,11,11,5,0,0,0,1,0,0
354057,104,72,26,0,0,1,6,0,0
301895,204,132,61,0,0,0,19,0,0
35677,97,67,29,0,0,0,3,0,0
483658,193,107,70,1,1,0,4,0,0
295561,195,137,68,0,0,0,6,1,0
463220,414,216,167,0,0,0,7,0,0
315576,8,7,2,0,0,0,0,0,0
209656,202,117,52,12,4,5,30,0,0
1322,905,365,131,4,2,0,206,1,0
470548,240,154,87,0,0,0,11,0,0
363099,10,7,4,0,0,0,0,0,0
133474,129,83,29,0,0,0,42,0,0
129096,42,37,8,0,0,0,3,0,0
501702,143,78,54,0,0,0,27,0,0
414208,272,150,88,0,0,5,18,1,0
202893,267,146,94,0,0,0,26,0,0
235087,158,97,74,0,0,0,3,0,0
511295,2228,627,742,3,2,1,30,2,0
141757,12,12,3,0,0,0,0,0,0
472409,56,45,22,0,0,0,1,1,0
496357,93,66,32,0,0,0,0,0,0
154624,117,85,29,1,1,0,3,2,0
434455,115,78,34,1,1,2,10,0,0
391619,34,22,4,0,0,0,6,0,0
252912,195,121,57,0,0,0,4,0,0
245640,311,161,85,0,0,1,16,0,0
78255,505,247,198,0,0,0,20,2,0
230308,12,12,4,0,0,0,0,0,0
327966,415,220,144,2,1,0,9,0,0
335833,308,157,107,1,1,1,14,0,0
473935,148,86,64,0,0,0,3,0,0
368305,31,25,14,0,0,0,1,0,0
260815,126,87,43,0,0,0,3,0,0
278058,24,22,0,0,0,0,4,0,0
389463,1252,471,374,0,0,20,132,1,0
368160,230,145,99,0,0,0,5,0,0
405227,72,55,18,0,0,0,13,0,0
164952,661,379,190,3,2,0,37,0,0
421309,85,58,21,0,0,0,7,1,0
16393,27,26,12,0,0,0,0,0,0
195395,3460,1116,1331,7,3,11,107,1,0
2690,24,21,11,0,0,0,0,0,0
12172,138,107,44,2,2,1,10,1,0
188858,200,103,6,0,0,0,69,0,0
441475,78,57,36,0,0,0,2,0,0
73908,17836,3452,5551,6,3,0,565,3,0
85546,46,39,2,0,0,0,7,0,0
196564,258,148,67,0,0,0,33,0,0
61104,123,89,44,0,0,1,6,0,0
85323,124,77,32,0,0,0,9,1,0
504632,215,91,71,0,0,0,9,0,0
441822,843,310,262,1,1,9,47,0,0
416080,95,68,40,0,0,0,4,1,0
281960,15,15,3,0,0,0,2,0,0
138521,5,5,1,0,0,0,0,0,0
461041,70,50,32,0,0,0,1,0,0
492498,168,87,33,5,1,2,32,0,0
260804,42,37,11,0,0,0,4,0,0
454837,32,29,12,0,0,0,2,0,0
461950,157,101,64,0,0,0,9,0,0
354523,54,48,13,0,0,1,3,0,0
355253,39,37,6,0,0,1,4,0,0
452727,119,84,35,0,0,0,13,0,0
94073,17,15,5,0,0,0,2,0,0
307964,285,131,94,0,0,1,42,0,0
384264,373,207,108,0,0,13,28,1,0
484543,93,68,22,0,0,0,1,0,0
440158,66,51,30,0,0,0,0,0,0
346905,109,57,5,0,0,11,36,0,0
372186,117,72,42,0,0,0,1,0,0
374409,783,321,83,0,0,0,164,0,0
429706,189,116,49,0,0,0,5,0,0
183597,17,16,6,0,0,0,1,0,0
351809,387,200,132,1,1,5,24,0,0
134705,22,22,8,0,0,0,1,0,0
437730,86,67,34,0,0,0,0,0,0
450534,71,51,25,3,2,0,4,0,0
487426,50,42,16,1,1,0,4,0,0
125412,11,11,4,0,0,0,1,0,0
158023,11,11,4,0,0,0,0,0,0
168505,490,276,124,0,0,2,36,1,0
92845,32,26,4,0,0,0,6,0,0
418105,94,77,11,0,0,2,25,1,0
202319,1156,282,347,0,0,39,118,0,0
391310,122,86,46,0,0,0,3,0,0
405209,105,71,35,0,0,0,11,0,0
47326,1221,443,345,28,3,3,65,0,0
462306,52,41,7,0,0,0,16,0,0
513252,140,86,55,0,0,0,4,0,0
365533,8,5,0,0,0,0,3,0,0
201878,16,16,4,0,0,0,1,1,0
367367,36,34,15,0,0,0,0,0,0
471789,99,70,38,0,0,0,8,0,0
494787,31,23,5,0,0,0,7,0,0
490148,10,10,4,0,0,0,0,0,0
333000,24,20,10,0,0,0,0,0,0
160504,61,47,28,0,0,0,2,0,0
196847,51,40,8,0,0,0,9,0,0
342790,35,28,10,0,0,0,0,0,0
528,88,59,24,0,0,2,10,0,0
176484,853,365,279,22,2,1,54,0,0
331229,7,7,3,0,0,0,0,0,0
478122,68,57,25,0,0,0,1,0,0
501135,41,32,2,0,0,0,6,0,0
183834,33,29,16,0,0,0,0,0,0
335486,146,98,63,0,0,0,2,1,0
232439,287,151,58,4,1,7,50,0,0
243003,6,6,0,0,0,0,1,0,0
193798,67,52,27,0,0,0,1,0,0
171229,945,455,323,1,1,0,80,0,0
281509,121,57,12,0,0,0,27,0,0
38780,51,44,12,0,0,0,8,0,0
217684,518,280,189,0,0,0,28,0,0
423933,48,39,16,3,2,0,0,0,0
182990,10,10,1,0,0,0,1,0,0
357311,1184,530,386,0,0,0,103,1,0
208232,53,45,18,1,1,0,4,0,0
512012,618,282,217,0,0,0,19,1,0
214799,273,171,79,1,1,1,13,1,0
271004,37,30,16,0,0,0,0,0,0
406607,162,91,51,0,0,0,17,0,0
502300,17,17,4,1,1,0,4,0,0
230057,1137,501,357,0,0,2,41,0,0
135071,149,96,10,0,0,25,57,0,0
74947,148,94,52,0,0,0,6,0,0
53925,86,55,20,0,0,0,3,0,0
251433,175,107,62,0,0,0,9,0,0
255205,288,147,101,0,0,1,22,2,0
397888,4,4,1,0,0,0,0,0,0
135529,112,68,2,1,1,16,32,0,0
510571,105,81,39,0,0,0,4,0,0
224266,329,65,58,0,0,0,24,0,0
420415,22,18,0,0,0,1,2,0,0
163715,312,132,112,0,0,0,14,0,0
151341,145,98,35,2,1,0,4,0,0
307136,126,85,43,0,0,0,5,0,0
458881,79,47,16,0,0,0,16,0,0
402698,21,19,10,0,0,0,0,0,0
132806,134,93,53,0,0,0,7,0,0
458701,229,111,62,0,0,0,38,0,0
122658,445,241,156,0,0,3,13,1,0
485849,41,36,15,1,1,0,3,0,0
109274,9,8,0,0,0,0,3,0,0
219399,47,31,7,0,0,2,5,0,0
104498,107,75,41,0,0,0,4,0,0
248184,133,89,41,0,0,0,7,0,0
382633,129,51,45,0,0,0,3,0,0
147134,40,31,2,0,0,0,5,0,0
360318,382,160,135,3,1,10,26,0,0
272671,46,41,16,0,0,0,0,0,0
105429,60,42,8,0,0,0,8,0,0
286816,107,61,7,0,0,0,48,0,0
61269,530,243,177,0,0,0,40,0,0
118049,229,132,60,6,1,1,24,1,0
151373,215,144,53,0,0,6,21,0,0
106306,133,78,56,0,0,0,14,0,0
31835,25,24,7,0,0,0,2,0,0
69621,65,54,25,0,0,0,2,0,0
123946,200,130,71,0,0,0,4,0,0
506848,77,58,28,0,0,0,3,0,0
304811,125,76,41,0,0,3,7,0,0
509435,255,150,83,2,2,4,18,1,0
337022,26,24,9,0,0,0,2,0,0
280817,6,6,0,0,0,0,1,0,0
474519,11,11,5,0,0,0,0,0,0
466463,324,161,75,0,0,11,45,0,0
316180,125,89,47,0,0,0,4,1,0
184648,58,50,17,0,0,0,8,0,0
196584,330,150,78,3,1,9,37,0,0
165625,7,7,2,0,0,0,0,0,0
381381,103,77,32,0,0,1,4,0,0
434632,1895,656,686,2,1,1,55,1,0
475042,55,46,18,0,0,0,0,0,0
469211,411,189,168,0,0,4,26,0,0
343821,80,57,22,4,2,0,8,0,0
287077,204,128,63,0,0,1,7,0,0
176385,39,38,16,0,0,0,3,1,0
380187,15,15,5,0,0,0,0,0,0
511017,64,57,16,0,0,0,1,0,0
317597,43,35,14,0,0,0,1,0,0
411459,79,55,34,0,0,0,1,0,0
6345,860,386,325,0,0,7,27,1,0
380981,170,98,30,1,1,2,26,0,0
33379,22,22,8,0,0,0,1,0,0
441487,144,84,9,0,0,3,39,0,0
219816,479,215,134,2,1,14,61,1,0
138475,125,84,52,0,0,0,2,0,0
156375,1104,469,249,0,0,58,133,0,0
412818,300,156,73,1,1,1,25,0,0
207433,62,51,23,0,0,0,4,0,0
230299,43,32,19,0,0,0,1,0,0
48067,510,232,115,0,0,5,33,0,0
151867,131,91,47,0,0,2,13,0,0
169984,186,106,33,0,0,1,27,0,0
20387,137,78,38,0,0,0,17,0,0
379730,72,53,9,0,0,3,16,0,0
479060,1508,607,333,45,4,3,172,1,0
395375,90,73,22,0,0,1,5,0,0
233100,64,46,9,0,0,0,5,0,0
231856,628,287,203,0,0,0,33,0,0
447386,365,149,113,0,0,0,33,0,0
68103,147,98,41,0,0,0,13,1,0
144786,91,68,37,0,0,0,3,1,0
507682,1097,520,388,5,4,3,33,0,0
400163,97,59,35,0,0,0,23,0,0
457124,38,28,11,0,0,0,6,0,0
278736,104,78,30,1,1,0,1,0,0
99287,33,30,10,0,0,0,3,0,0
370760,17,16,3,1,1,0,2,0,0
241720,71,45,15,0,0,0,5,0,0
187533,38,31,11,0,0,0,3,0,0
64020,88,69,39,0,0,0,1,0,0
31312,337,185,134,0,0,0,1,1,0
154751,289,156,39,0,0,1,61,0,0
320265,128,86,54,0,0,1,2,0,0
301295,192,115,56,2,1,3,14,0,0
283844,263,136,101,0,0,3,5,0,0
228304,59,41,24,0,0,0,1,0,0
238640,14,12,4,0,0,0,5,0,0
182595,1100,305,359,1,1,1,30,1,0
354332,38,35,9,0,0,1,3,0,0
291503,28,27,7,0,0,0,2,0,0
241722,73,42,13,1,1,3,3,0,0
119585,227,119,48,0,0,0,20,0,0
229675,1020,416,30,0,0,64,424,1,0
61465,209,97,51,15,4,5,42,0,0
392075,16,16,2,0,0,0,4,0,0
202423,56,44,7,0,0,4,15,0,0
58002,31,28,7,0,0,0,2,0,0
63771,820,421,205,0,0,43,120,0,0
446325,270,166,91,0,0,0,14,0,0
449491,50,42,23,0,0,0,3,0,0
480082,700,317,241,0,0,0,14,0,0
441255,8,8,1,0,0,0,1,0,0
410632,172,78,43,0,0,2,17,0,0
369294,16,15,7,0,0,0,1,0,0
303591,146,87,64,0,0,0,3,0,0
44818,48,43,13,0,0,0,4,0,0
156117,17,17,5,0,0,0,0,0,0
84270,138,95,57,0,0,1,4,1,0
342877,106,69,28,0,0,2,8,0,0
165113,142,92,32,1,1,3,9,0,0
120516,26,23,10,0,0,0,2,0,0
187988,56,48,20,0,0,1,4,0,0
159439,113,80,43,1,1,1,9,0,0
449406,89,77,25,0,0,2,7,0,0
20888,289,163,114,0,0,0,7,0,0
321386,8,8,4,0,0,0,0,0,0
174174,83,64,20,1,1,1,8,0,0
348915,326,166,101,0,0,0,20,0,0
509764,27,24,8,0,0,0,1,0,0
357864,52,46,16,0,0,0,2,0,0
33478,102,74,34,1,1,0,4,0,0
358239,204,115,71,0,0,1,10,0,0
265389,81,59,32,0,0,0,0,0,0
145163,62,36,4,0,0,0,9,0,0
227886,233,143,69,0,0,0,24,0,0
66590,3014,674,498,76,19,9,760,2,0
352413,33,28,16,0,0,0,1,0,0
498609,122,78,31,0,0,4,16,1,0
6442,92,72,32,0,0,2,11,0,0
246831,313,170,107,1,1,1,21,0,0
21468,62,46,18,0,0,0,7,0,0
94942,17,16,4,0,0,0,1,1,0
217078,141,92,41,0,0,1,11,0,0
193759,117,68,14,0,0,0,43,0,0
67533,276,143,116,1,1,0,10,1,0
228548,74,59,28,0,0,0,2,0,0
370881,137,84,39,0,0,0,10,0,0
249956,149,105,29,1,1,0,33,1,0
125770,75,49,16,0,0,6,18,0,0
481957,298,170,102,0,0,5,19,0,0
336754,50,40,15,0,0,0,0,0,0
485026,347,201,83,6,4,2,41,0,0
191495,135,69,5,0,0,0,65,0,0
280748,61,40,8,0,0,1,4,1,0
279809,16,16,4,0,0,0,1,0,0
85159,31,28,0,0,0,0,5,0,0
84642,271,167,94,0,0,3,16,0,0
354766,29,28,6,0,0,1,3,0,0
206014,39,33,16,0,0,0,0,0,0
118991,1519,498,557,4,1,0,49,2,0
9374,160,100,58,0,0,0,6,2,0
274302,477,248,132,10,2,1,23,1,0
353681,30,28,5,0,0,1,3,0,0
231355,31,27,14,0,0,0,0,0,0
154224,11,10,3,0,0,0,1,0,0
55175,5658,1504,1703,1,1,2,160,4,0
35802,6,6,2,0,0,0,0,0,0
225900,170,122,42,0,0,2,26,0,0
290276,131,95,10,0,0,5,32,0,0
84813,57,39,4,0,0,0,10,0,0
383631,36,30,16,0,0,0,3,0,0
93431,191,105,69,0,0,0,6,2,0
205590,331,172,126,0,0,6,23,0,0
21970,163,94,66,0,0,0,12,0,0
105268,100,70,23,0,0,0,9,0,0
147644,39,33,2,0,0,0,5,0,0
160983,77,70,10,0,0,0,6,1,0
427482,150,104,48,2,1,1,7,0,0
369357,101,73,24,0,0,2,11,0,0
75455,160,108,45,1,1,0,5,0,0
121041,36,23,16,0,0,0,5,0,0
92455,195,108,29,8,1,0,21,1,0
174061,155,79,56,0,0,0,0,0,0
465396,242,130,57,0,0,0,44,1,0
285898,186,86,4,0,0,0,88,0,0
520549,350,211,103,3,2,1,18,0,0
299448,1018,340,367,0,0,0,32,3,0
222762,65,46,26,0,0,0,3,0,0
377754,541,248,190,0,0,0,23,0,0
376627,87,67,28,0,0,0,6,0,0
58199,497,246,155,2,1,0,67,0,0
492984,36,31,19,0,0,0,0,0,0
435645,180,113,54,0,0,0,9,0,0
495999,21,18,0,0,0,0,0,0,0
376514,70,54,25,0,0,0,8,0,0
410553,118,77,30,0,0,1,11,0,0
409912,108,74,22,0,0,2,5,0,0
308159,23,21,9,0,0,0,2,1,0
325088,78,61,23,0,0,0,3,0,0
336011,6,6,2,0,0,0,0,0,0
260766,138,105,43,0,0,0,7,0,0
333549,158,106,33,0,0,17,37,0,0
283611,13,13,0,0,0,0,3,1,0
223812,300,173,73,0,0,0,25,1,0
106652,123,80,34,0,0,0,11,0,0
144048,624,289,220,3,2,36,68,0,0
112272,172,96,55,0,0,0,10,0,0
7924,3765,699,406,121,4,0,976,1,0
456700,82,54,17,0,0,0,14,0,0
187605,439,195,71,0,0,0,124,0,0
144128,17,16,9,0,0,0,0,0,0
319206,400,204,169,0,0,0,9,0,0
48490,502,220,168,0,0,5,59,0,0
482910,16,14,5,0,0,0,1,0,0
208789,58,42,17,1,1,0,0,1,0
500075,24,22,0,0,0,0,4,0,0
479994,300,159,66,1,1,3,21,1,0
97230,239,131,70,0,0,1,39,1,0
449903,44,37,14,0,0,0,2,0,0
451038,251,96,63,0,0,0,5,0,0
236280,517,232,160,0,0,0,21,0,0
192253,33,28,11,0,0,0,1,0,0
152491,9,9,2,0,0,0,0,0,0
304713,44,36,16,0,0,0,2,0,0
242539,153,87,55,0,0,0,7,0,0
337114,62,52,19,0,0,0,3,0,0
415027,51,46,19,0,0,0,0,0,0
165105,303,168,91,0,0,0,33,0,0
389573,141,87,34,1,1,3,20,0,0
119275,49,44,13,1,1,1,5,0,0
163228,497,255,128,10,3,15,79,0,0
12792,589,310,183,0,0,0,54,0,0
368965,330,174,111,0,0,8,23,2,0
174081,374,208,99,8,6,10,42,0,0
99751,107,73,47,0,0,0,0,0,0
8077,2389,276,111,2,1,2,688,0,0
265262,336,182,132,1,1,2,3,0,0
104320,78,53,22,0,0,0,5,1,0
497309,153,110,46,0,0,1,9,0,0
74409,311,152,118,0,0,1,6,0,0
275865,113,43,10,0,0,0,13,0,0
310890,191,96,48,2,2,2,13,0,0
430656,391,249,105,0,0,0,44,0,0
257558,325,169,97,2,1,19,49,0,0
16235,103,60,30,0,0,5,4,0,0
70201,309,187,110,0,0,0,18,0,0
67649,720,329,253,0,0,0,10,0,0
162740,153,76,47,5,4,1,11,0,0
390891,132,78,37,0,0,0,27,0,0
444726,692,349,241,0,0,0,17,1,0
128521,156,86,62,0,0,0,8,0,0
251971,144,101,42,0,0,0,10,1,0
289432,60,35,15,0,0,0,14,0,0
118946,290,128,67,0,0,0,51,0,0
460356,195,122,64,1,1,0,7,0,0
161377,426,205,99,1,1,17,67,2,0
138734,420,137,105,0,0,0,79,0,0
220570,1158,480,348,13,8,7,75,1,0
340320,191,115,63,1,1,2,8,1,0
196433,265,141,60,0,0,13,41,1,0
34167,23,20,0,0,0,0,2,0,0
494893,90,64,31,0,0,0,4,0,0
119923,97,73,32,0,0,0,3,0,0
275161,932,419,285,22,9,3,55,1,0
175545,38,36,12,0,0,0,5,0,0
495909,18,16,0,0,0,0,0,0,0
496691,40,34,18,0,0,0,1,0,0
278719,678,320,227,5,2,1,24,0,0
206506,180,110,69,0,0,0,5,1,0
41906,378,178,96,1,1,10,21,1,0
179227,49,35,7,0,0,0,3,0,0
256199,178,127,60,1,1,0,11,0,0
91919,53,46,12,0,0,1,3,0,0
185192,170,116,51,0,0,1,8,1,0
93718,722,239,226,0,0,17,82,0,0
33771,20,17,1,0,0,0,0,0,0
66065,63,51,25,0,0,0,2,1,0
490424,109,83,37,0,0,0,5,0,0
26924,74,59,26,0,0,0,2,0,0
235131,28,24,10,0,0,0,2,0,0
504749,95,66,22,2,1,0,13,0,0
339349,302,175,91,1,1,1,9,0,0
307190,83,60,32,0,0,0,0,0,0
383833,27,26,10,0,0,0,2,0,0
41814,639,284,238,0,0,1,44,0,0
390177,102,67,29,0,0,0,15,0,0
218808,70,49,9,0,0,0,19,0,0
321740,1079,453,310,1,1,1,29,1,0
82082,208,107,50,0,0,0,36,0,0
399020,210,130,75,1,1,0,3,0,0
337041,80,55,23,0,0,1,15,0,0
243233,253,152,91,0,0,3,17,1,0
218449,166,97,64,0,0,0,14,1,0
71860,45,39,19,0,0,0,2,0,0
63529,168,111,51,0,0,3,8,0,0
388542,1850,730,624,0,0,3,30,1,0
422360,203,125,70,0,0,0,15,0,0
168837,231,117,85,1,1,1,7,2,0
421025,253,114,52,0,0,3,27,0,0
297965,43,38,20,0,0,0,1,0,0
167431,50,42,21,0,0,0,1,0,0
17030,513,271,176,0,0,0,14,0,0
154958,182,131,56,0,0,0,11,1,0
480058,1123,453,394,0,0,0,56,0,0
265841,100,74,31,0,0,0,4,0,0
498860,114,77,26,3,1,1,8,1,0
202200,252,150,88,0,0,2,22,0,0
247985,206,126,69,0,0,0,10,1,0
143525,267,159,116,0,0,0,12,0,0
192094,144,73,7,0,0,0,71,0,0
44855,391,257,80,0,0,0,54,0,0
478679,337,147,43,0,0,0,43,0,0
413954,371,162,44,0,0,28,73,0,0
6862,180,127,58,0,0,3,4,0,0
342224,68,47,37,0,0,0,1,0,0
413155,75,67,10,0,0,0,5,0,0
122041,90,60,22,0,0,0,24,0,0
3125,34,29,10,0,0,0,1,0,0
31097,19,19,6,0,0,0,1,0,0
330678,132,34,21,0,0,0,5,0,0
281108,258,150,80,1,1,2,17,1,0
387133,405,229,108,5,3,0,29,0,0
37571,119,77,47,0,0,1,1,1,0
141585,11,11,4,0,0,0,1,0,0
5991,26,22,9,0,0,0,3,0,0
29275,100,63,43,0,0,0,2,0,0
100777,62,43,16,0,0,0,9,0,0
351660,194,89,29,0,0,7,49,0,0
41470,15,9,3,0,0,0,0,0,0
504305,1323,409,392,6,6,18,113,0,0
443703,94,69,40,0,0,0,7,0,0
91240,443,171,126,0,0,0,77,0,0
3054,54,47,17,0,0,0,5,0,0
216681,111,82,37,0,0,0,9,0,0
86704,116,78,38,0,0,0,5,0,0
58934,241,103,42,0,0,4,29,1,0
156241,120,92,12,0,0,0,12,0,0
98921,427,165,129,0,0,0,66,1,0
265359,122,58,18,0,0,0,14,1,0
213246,1115,471,286,20,13,6,93,1,0
466188,298,174,99,0,0,2,15,0,0
431632,17,17,3,0,0,0,0,0,0
256470,73,54,33,0,0,0,2,0,0
285647,217,139,80,0,0,4,14,1,0
517104,478,251,166,0,0,0,23,0,0
282960,86,68,30,0,0,0,3,0,0
285468,184,88,5,0,0,0,75,0,0
431406,311,142,70,0,0,2,40,0,0
36863,17,16,7,0,0,0,0,0,0
137681,162,118,51,3,2,0,11,0,0
68739,101,63,19,0,0,2,13,0,0
27787,149,91,31,0,0,0,38,1,0
305871,714,290,263,0,0,0,11,1,0
334491,93,65,35,0,0,0,6,0,0
17868,453,282,117,1,1,0,36,1,0
263108,54,44,15,0,0,0,2,0,0
183673,28,25,9,0,0,0,0,0,0
66316,1064,442,303,2,1,0,60,1,0
108000,811,330,313,0,0,0,38,0,0
307935,241,131,86,2,2,1,11,0,0
414671,140,85,34,9,3,0,22,0,0
122392,158,83,32,0,0,0,47,0,0
72314,122,83,36,0,0,0,12,0,0
289087,557,240,239,0,0,4,17,0,0
153456,51,43,11,0,0,0,2,0,0
85470,24,23,0,0,0,0,5,0,0
295716,84,61,32,0,0,2,6,0,0
486862,631,354,193,2,2,9,34,0,0
471231,164,92,42,0,0,0,23,0,0
133989,30,26,16,0,0,0,1,0,0
416324,21,18,8,0,0,0,1,0,0
439414,11,10,0,0,0,0,2,0,0
359757,29,26,10,0,0,0,1,0,0
56608,130,87,50,0,0,4,14,0,0
418897,59,49,19,0,0,0,7,1,0
361140,251,151,69,0,0,2,13,0,0
383912,225,126,79,0,0,7,18,0,0
324309,278,173,75,0,0,3,14,2,0
171491,137,95,31,1,1,0,18,0,0
126274,146,89,36,1,1,0,5,1,0
201502,135,79,32,0,0,0,23,0,0
10871,132,87,41,0,0,0,14,0,0
44867,23,22,2,0,0,0,4,0,0
90891,71,55,11,0,0,2,15,0,0
411350,469,217,173,0,0,0,23,0,0
261569,168,122,59,0,0,0,10,0,0
88926,342,155,119,0,0,0,42,0,0
423356,448,232,134,2,2,1,21,0,0
177853,22,21,10,0,0,0,1,0,0
186189,170,92,51,0,0,0,10,0,0
228549,3,3,0,0,0,0,3,0,0
258550,309,186,111,0,0,0,4,0,0
467866,178,109,76,0,0,0,6,0,0
514224,1089,465,332,21,2,2,72,0,0
303330,56,33,17,0,0,0,2,0,0
402033,723,320,202,1,1,5,124,0,0
94987,345,174,137,0,0,5,26,1,0
235783,5,5,1,0,0,0,0,0,0
517025,121,91,30,4,1,0,20,0,0
347217,67,54,23,0,0,0,4,1,0
61191,17,17,4,0,0,0,0,0,0
232309,93,73,39,0,0,0,0,0,0
521508,92,57,30,1,1,0,6,0,0
88640,202,125,71,0,0,1,10,0,0
36786,89,66,36,0,0,0,1,0,0
66877,114,78,35,0,0,1,13,0,0
455744,53,44,14,0,0,0,6,0,0
374953,1022,394,262,25,14,3,64,0,0
491077,572,275,161,16,4,16,57,0,0
83157,61,43,28,0,0,0,1,0,0
486867,391,230,135,1,1,3,38,0,0
39700,38,29,10,0,0,0,1,0,0
56296,163,97,73,0,0,0,1,0,0
332989,122,79,56,0,0,0,3,0,0
486653,167,109,63,0,0,0,4,0,0
313468,173,112,64,0,0,0,7,0,0
44389,76,57,24,1,1,1,12,1,0
270893,430,177,130,3,2,1,11,0,0
488593,51,46,8,0,0,2,11,0,0
238594,979,391,315,0,0,12,79,0,0
469154,161,105,56,0,0,0,10,1,0
204638,179,101,51,0,0,4,15,0,0
116103,35,32,11,0,0,0,1,0,0
404391,854,274,189,0,0,23,98,2,0
175068,7,7,0,0,0,0,3,0,0
106916,84,65,35,0,0,0,1,0,0
470087,102,72,34,0,0,0,1,0,0
452791,169,104,62,0,0,0,14,0,0
320423,562,250,175,0,0,0,21,0,0
361438,105,72,40,2,1,0,6,0,0
214080,79,53,32,0,0,1,3,0,0
142958,227,119,83,0,0,9,21,0,0
150133,421,201,21,0,0,3,124,0,0
50312,11,11,4,0,0,0,1,0,0
336288,75,65,12,0,0,0,13,0,0
253698,27,24,9,0,0,0,0,0,0
381971,29,28,6,0,0,0,2,0,0
204644,129,92,40,0,0,0,9,0,0
503060,22,20,0,1,1,0,8,0,0
219453,159,97,57,0,0,3,17,0,0
28305,111,77,25,0,0,1,11,1,0
381634,29,28,6,0,0,0,2,0,0
39945,29,27,7,0,0,0,3,0,0
65731,630,248,116,43,7,3,28,2,0
397299,74,63,17,0,0,0,7,0,0
30768,161,106,59,0,0,0,6,0,0
163851,60,41,29,0,0,0,5,0,0
64630,567,276,144,0,0,15,59,0,0
164144,1011,529,35,0,0,0,365,0,0
187148,152,74,30,0,0,0,14,0,0
276159,41,32,2,0,0,0,8,0,0
123390,68,51,19,0,0,0,6,1,0
286271,83,59,29,0,0,0,4,0,0
279763,78,45,13,0,0,0,8,0,0
320266,715,328,220,1,1,3,34,0,0
323741,892,423,277,2,2,1,77,0,0
501605,104,81,29,0,0,0,7,0,0
61533,31,29,13,0,0,0,1,0,0
297549,333,174,125,0,0,0,13,0,0
179204,135,69,5,0,0,0,65,0,0
493248,74,62,4,0,0,1,12,0,0
505341,66,58,26,0,0,0,1,0,0
484444,5461,1259,869,55,18,10,591,2,0
508195,11,9,1,0,0,0,6,0,0
307567,177,95,50,0,0,0,19,0,0
367240,13,11,5,0,0,0,0,0,0
188657,387,172,114,0,0,17,33,2,0
497049,104,82,33,0,0,0,4,0,0
402853,14,13,7,0,0,0,1,0,0
453645,156,103,41,1,1,1,5,0,0
160907,322,173,105,0,0,1,20,1,0
186455,48,37,18,0,0,0,4,0,0
343081,397,192,160,0,0,0,7,0,0
194270,106,68,40,0,0,0,4,0,0
397373,415,255,98,5,2,2,40,2,0
425195,240,137,89,0,0,0,14,0,0
179665,257,131,72,0,0,0,42,0,0
287257,228,120,51,0,0,0,21,0,0
464496,136,86,56,0,0,0,3,0,0
256610,180,129,38,0,0,0,20,0,0
48973,56,43,14,0,0,0,8,0,0
367389,56,27,11,0,0,0,19,0,0
428905,484,256,142,1,1,1,19,0,0
174481,290,159,102,0,0,0,45,0,0
209395,48,40,18,0,0,0,0,0,0
66969,260,152,89,0,0,0,4,0,0
521468,51,38,8,0,0,0,4,0,0
125344,114,74,28,0,0,1,15,0,0
255747,61,53,7,0,0,0,5,1,0
107400,18,17,7,0,0,0,3,0,0
167475,69,52,16,2,1,0,7,0,0
239534,582,272,195,0,0,0,18,0,0
456153,82,65,29,0,0,0,11,0,0
202184,44,34,13,0,0,0,8,0,0
60334,424,231,133,1,1,6,45,1,0
58665,360,203,129,2,1,0,13,0,0
255806,8,8,2,0,0,0,0,0,0
313156,13,12,7,0,0,0,0,0,0
319245,116,82,40,0,0,0,15,1,0
343449,637,204,117,0,0,23,85,1,0
198733,130,71,38,0,0,0,25,0,0
114006,105,71,31,0,0,0,6,0,0
47695,106,70,23,0,0,0,14,0,0
20203,254,147,81,0,0,0,25,0,0
263883,211,124,72,0,0,1,2,0,0
461888,491,207,191,0,0,0,34,0,0
300323,288,154,72,0,0,10,25,0,0
138255,84,43,37,0,0,0,2,0,0
237743,57,47,18,0,0,0,3,0,0
235474,329,65,58,0,0,0,24,0,0
96087,242,135,74,1,1,0,12,1,0
384097,86,59,26,1,1,1,10,0,0
398005,47,39,20,0,0,0,3,0,0
269220,18,18,8,0,0,0,0,0,0
497797,1465,513,384,26,13,2,110,4,0
68850,845,317,304,0,0,6,62,1,0
487494,2062,858,633,36,6,1,109,1,0
61505,109,83,25,0,0,0,9,1,0
286224,122,81,23,0,0,10,29,0,0
152796,147,90,34,0,0,0,33,0,0
233987,1411,584,246,0,0,100,209,1,0
201605,146,105,50,0,0,2,10,0,0
266986,202,133,68,1,1,2,14,0,0
514592,71,56,28,0,0,0,7,0,0
285125,43,32,20,0,0,0,0,0,0
306991,217,132,57,0,0,0,23,0,0
356914,29,28,10,0,0,0,2,0,0
295808,34,31,13,0,0,1,2,0,0
482701,85,54,24,0,0,3,5,0,0
147903,1086,527,259,24,8,19,100,0,0
192854,69,39,11,0,0,0,21,0,0
265434,10,10,6,0,0,0,0,0,0
419912,80,69,23,0,0,1,7,0,0
193436,219,123,71,1,1,6,14,0,0
87077,162,92,37,0,0,0,30,0,0
19197,719,305,270,0,0,0,29,0,0
271826,22,21,9,0,0,0,0,0,0
174601,56,42,12,0,0,0,13,0,0
216444,310,173,83,2,2,2,35,0,0
97910,66,55,23,0,0,0,1,1,0
90996,73,50,12,1,1,1,4,1,0
19901,50,43,10,0,0,0,0,0,0
180087,155,95,54,0,0,0,14,1,0
32490,70,48,23,0,0,0,4,0,0
85063,70,50,37,0,0,0,4,0,0
97880,36,33,13,0,0,0,1,0,0
198493,87,67,36,0,0,0,6,0,0
235414,325,187,122,0,0,0,12,0,0
107609,107,73,47,0,0,0,0,0,0
33130,63,53,21,1,1,0,7,0,0
502146,112,76,31,0,0,0,6,0,0
20884,88,55,18,0,0,3,15,0,0
141953,122,79,49,0,0,0,6,0,0
515849,97,58,22,6,3,0,24,0,0
488089,59,48,14,0,0,0,5,0,0
185174,242,118,84,0,0,4,7,1,0
24725,82,71,21,0,0,0,5,0,0
363585,64,48,25,0,0,0,2,0,0
404907,578,259,177,0,0,8,60,0,0
37140,13,13,3,0,0,0,1,0,0
77099,402,218,129,0,0,0,21,1,0
122885,188,119,49,0,0,0,25,0,0
435032,283,157,106,0,0,0,7,0,0
514563,1508,598,520,0,0,5,59,1,0
181176,314,126,48,0,0,9,61,0,0
52961,91,68,26,0,0,0,8,1,0
420884,582,174,154,2,1,18,47,0,0
384820,548,286,138,0,0,3,71,2,0
44396,489,183,64,0,0,0,41,0,0
458548,193,111,58,0,0,0,25,0,0
292249,233,60,56,0,0,0,26,0,0
49060,50,39,13,0,0,1,1,0,0
299131,214,119,69,0,0,0,9,0,0
232538,117,89,27,0,0,2,13,0,0
351796,36,34,8,0,0,1,3,0,0
216835,70,56,31,0,0,0,2,0,0
80409,119,78,24,0,0,8,16,0,0
195811,598,213,224,0,0,8,27,1,0
225548,592,269,30,1,1,7,283,0,0
47909,54,47,14,0,0,0,2,0,0
365509,8,5,0,0,0,0,3,0,0
520468,18,17,3,0,0,0,3,0,0
494803,215,126,78,0,0,0,5,1,0
202441,203,113,43,0,0,0,45,0,0
77014,24,22,8,0,0,0,0,0,0
188563,29,25,6,0,0,1,2,0,0
101385,33,9,0,0,0,0,18,0,0
264273,211,124,72,0,0,1,3,0,0
512103,343,194,112,0,0,0,27,0,0
125071,307,153,106,0,0,0,14,1,0
215956,694,299,258,0,0,10,49,0,0
464905,20,14,3,0,0,0,7,0,0
476369,100,85,15,0,0,0,6,1,0
174289,138,88,40,1,1,0,2,0,0
176158,76,55,31,0,0,2,5,0,0
276547,41,32,2,0,0,0,6,0,0
282602,58,49,18,0,0,0,5,0,0
458865,64,51,24,0,0,0,1,0,0
354849,69,32,6,0,0,1,20,0,0
332827,141,99,64,0,0,0,2,0,0
90038,331,196,72,2,1,1,32,0,0
330674,128,25,8,0,0,0,28,0,0
313644,23,21,10,0,0,0,0,0,0
335324,83,57,16,0,0,16,17,0,0
47561,159,98,54,0,0,0,12,0,0
35047,389,187,152,0,0,0,12,1,0
300523,23,22,8,0,0,0,0,0,0
347839,270,174,67,0,0,0,64,1,0
143555,90,58,42,0,0,0,0,0,0
126963,61,49,26,0,0,0,4,0,0
327278,113,54,24,0,0,1,14,0,0
133721,98,52,37,0,0,0,2,1,0
412845,107,77,43,0,0,0,3,0,0
403022,100,79,29,0,0,1,2,0,0
274216,124,75,34,3,2,3,6,0,0
252649,226,147,52,0,0,1,22,0,0
475172,57,39,12,0,0,0,11,0,0
66498,130,99,44,0,0,0,5,0,0
2938,83,62,39,0,0,0,3,0,0
20433,36,32,14,0,0,0,1,0,0
451103,52,42,7,1,1,1,5,0,0
62848,626,333,166,0,0,1,76,0,0
52256,27,26,8,0,0,0,3,0,0
469103,128,79,45,0,0,1,3,1,0
473148,96,72,31,0,0,0,6,0,0
414320,471,205,149,0,0,9,63,1,0
252694,90,72,31,1,1,0,7,0,0
379181,57,51,16,0,0,1,6,0,0
299782,687,301,22,0,0,1,329,0,0
465424,3192,772,1020,2,1,33,392,1,0
405462,115,72,43,0,0,0,20,0,0
172220,367,211,127,0,0,0,2,0,0
430445,185,110,71,1,1,0,10,0,0
520548,278,140,97,0,0,0,8,0,0
271216,98,61,19,0,0,0,12,1,0
485806,187,93,66,0,0,0,0,0,0
487232,31,31,7,0,0,0,3,1,0
47453,14,13,5,1,1,0,0,0,0
327151,655,293,220,0,0,0,42,1,0
393441,529,187,211,0,0,6,31,1,0
274753,680,318,160,20,8,3,71,2,0
417040,234,137,68,4,1,0,20,1,0
420918,33,30,7,0,0,1,1,0,0
340128,308,157,107,1,1,1,14,0,0
324578,92,47,7,0,0,2,19,0,0
130009,62,45,23,0,0,0,2,0,0
269118,283,169,106,0,0,1,12,0,0
73117,944,338,343,0,0,0,20,0,0
389765,41,31,8,0,0,0,10,0,0
329059,24,22,0,0,0,0,4,0,0
311088,316,156,58,0,0,0,30,0,0
292330,48,30,14,0,0,0,2,0,0
292180,32,27,7,1,1,0,7,0,0
182910,121,60,5,0,0,0,63,0,0
166065,464,157,61,0,0,0,30,2,0
97390,8,8,5,0,0,0,2,0,0
123,17,16,5,0,0,0,0,0,0
488402,67,54,24,0,0,0,1,0,0
288332,70,54,31,0,0,0,0,0,0
326444,204,118,72,3,1,0,11,3,0
47491,755,341,239,0,0,0,46,1,0
206669,37,31,17,0,0,0,0,0,0
399809,68,56,21,0,0,0,4,1,0
173062,199,108,62,0,0,0,22,1,0
143247,670,214,124,3,2,0,113,1,0
437612,38,31,11,0,0,0,0,0,0
22990,294,160,101,0,0,0,9,0,0
191614,129,67,5,0,0,0,63,0,0
172361,457,183,137,0,0,0,74,0,0
250960,88,59,24,0,0,0,1,0,0
190782,6,6,4,0,0,0,1,0,0
193538,382,184,48,0,0,0,117,0,0
18097,126,84,33,3,1,1,6,0,0
177136,33,26,16,0,0,0,2,0,0
403147,338,150,94,1,1,3,56,0,0
464572,927,338,287,0,0,3,62,0,0
286386,21,18,9,0,0,0,0,0,0
52405,18,18,5,0,0,0,1,0,0
298896,86,71,30,0,0,0,8,0,0
327000,74,58,15,0,0,0,14,0,0
174276,323,152,122,0,0,1,31,1,0
226517,26,25,2,0,0,0,3,0,0
238549,62,47,10,1,1,0,10,0,0
83504,59,47,17,0,0,0,2,0,0
486919,16,14,4,0,0,0,0,0,0
440695,555,195,183,0,0,0,41,0,0
501279,139,65,32,0,0,0,10,1,0
290007,97,68,30,0,0,0,10,0,0
327243,203,108,60,0,0,0,43,0,0
476307,1714,552,560,0,0,0,129,1,0
521177,115,65,30,0,0,0,20,0,0
500540,24,22,0,0,0,0,4,0,0
383254,91,67,28,0,0,0,2,1,0
149373,391,182,111,0,0,9,28,0,0
64350,170,122,42,0,0,2,26,0,0
373906,8,8,5,0,0,0,0,0,0
388714,185,111,79,0,0,0,2,1,0
515332,182,125,60,0,0,0,13,1,0
228941,344,172,113,0,0,8,8,1,0
157059,610,288,195,0,0,0,43,0,0
489846,430,234,98,8,3,0,26,0,0
493990,77,45,21,0,0,0,8,0,0
5238,457,224,131,9,1,0,38,1,0
516607,31,29,11,0,0,0,0,0,0
209194,186,114,80,0,0,0,2,0,0
136978,189,113,10,0,0,16,59,0,0
108451,192,109,40,0,0,11,31,0,0
271045,258,166,81,1,1,5,14,0,0
463170,180,105,74,0,0,0,4,0,0
269433,29,27,13,0,0,0,0,0,0
195665,209,102,63,1,1,7,31,0,0
394894,234,145,88,2,2,2,10,0,0
224944,59,48,18,1,1,0,4,0,0
481735,88,55,33,0,0,0,1,0,0
167082,146,91,59,0,0,0,1,1,0
485003,65,39,7,0,0,0,18,0,0
456999,30,25,7,0,0,0,1,1,0
58049,195,131,53,0,0,1,9,0,0
17504,29,27,6,0,0,0,2,0,0
290260,225,141,64,4,2,3,16,0,0
33137,211,118,71,0,0,0,6,1,0
446166,119,80,31,0,0,1,13,0,0
495082,33,27,15,0,0,0,0,0,0
257191,35,28,15,0,0,0,0,0,0
28765,267,158,92,1,1,2,7,0,0
84982,31,28,0,0,0,0,5,0,0
95223,1036,363,313,0,0,30,81,0,0
147790,71,46,6,0,0,0,14,0,0
243137,352,169,105,4,1,0,9,0,0
265670,343,202,86,4,3,1,18,0,0
481073,100,71,37,0,0,0,3,0,0
9197,67,47,14,0,0,1,1,0,0
505345,205,118,83,0,0,0,3,1,0
404114,9,9,2,0,0,0,0,0,0
241978,144,73,21,0,0,0,18,0,0
190851,74,53,29,0,0,0,2,0,0
501471,124,78,56,0,0,2,4,0,0
454080,12,12,1,0,0,0,2,0,0
347809,180,121,38,0,0,0,52,1,0
135082,355,180,123,0,0,0,40,0,0
478799,88,65,21,3,3,0,11,0,0
310262,63,48,16,0,0,0,8,0,0
117228,57,47,5,0,0,3,14,1,0
484935,66,49,21,0,0,1,2,0,0
102923,71,56,22,0,0,0,3,0,0
346343,165,98,40,0,0,0,12,0,0
448819,538,211,186,0,0,7,43,0,0
452831,121,86,40,0,0,0,11,0,0
440634,75,53,23,0,0,2,6,1,0
173932,343,157,129,0,0,3,20,0,0
163007,639,368,181,3,2,0,30,0,0
194576,33,29,12,0,0,0,2,0,0
374447,77,55,32,0,0,0,0,0,0
234147,6906,1783,2057,4,2,0,176,4,0
22804,66,52,25,0,0,0,1,0,0
17355,100,79,20,2,1,1,20,0,0
121773,199,116,44,0,0,8,31,1,0
401222,432,203,124,0,0,0,25,1,0
326884,202,99,74,0,0,0,33,0,0
374269,143,95,59,0,0,1,6,0,0
254029,229,174,63,0,0,0,22,0,0
8943,77,57,28,1,1,0,7,0,0
51787,67,48,29,0,0,0,1,0,0
314872,147,87,42,0,0,5,11,0,0
321341,120,76,44,0,0,0,11,0,0
14978,526,241,119,27,6,1,94,0,0
258931,12,12,4,0,0,0,0,0,0
339674,17,17,4,0,0,0,3,0,0
438033,132,84,56,0,0,0,4,0,0
295803,136,80,34,0,0,2,14,0,0
235901,55,42,25,0,0,0,0,0,0
519074,69,51,19,0,0,0,6,1,0
284276,1122,449,375,0,0,14,76,1,0
51405,253,138,66,0,0,8,29,1,0
238462,123,80,50,0,0,0,2,1,0
348161,256,131,42,1,1,22,54,0,0
304079,392,200,155,0,0,0,18,0,0
30300,466,237,195,0,0,0,10,0,0
335060,29,24,7,1,1,0,2,0,0
495876,22,19,1,0,0,0,2,0,0
144017,24,22,0,0,0,0,4,0,0
152389,6,6,1,0,0,0,0,0,0
216678,407,217,136,0,0,5,25,1,0
130326,70,55,23,0,0,0,7,0,0
425641,1049,440,369,0,0,0,65,0,0
253670,548,243,221,0,0,4,18,0,0
381781,136,89,47,0,0,1,5,0,0
413418,522,195,184,2,1,1,45,2,0
230916,629,313,201,1,1,0,19,0,0
114788,477,200,163,0,0,0,48,0,0
181672,44,37,16,0,0,0,2,0,0
353442,130,74,43,0,0,0,8,0,0
416419,34,28,12,0,0,0,0,0,0
121524,28,19,4,0,0,0,10,0,0
295790,15,13,5,0,0,0,1,0,0
149383,25,22,12,0,0,0,0,0,0
147285,24,22,0,0,0,0,4,0,0
258393,222,114,23,0,0,0,74,0,0
354490,380,195,121,0,0,1,18,2,0
96122,78,63,20,1,1,1,5,0,0
471841,461,179,159,0,0,0,28,1,0
466818,240,151,66,1,1,1,30,0,0
108877,53,44,22,0,0,0,0,1,0
49342,335,129,91,4,1,14,26,0,0
498254,109,76,42,1,1,0,2,0,0
173813,65,50,29,0,0,0,1,1,0
382229,54,41,5,0,0,3,13,1,0
384337,212,126,58,1,1,7,25,0,0
199985,40,28,5,0,0,0,16,0,0
21820,37,32,10,0,0,0,3,0,0
189231,39,32,14,1,1,0,5,0,0
387445,229,108,89,0,0,1,12,0,0
163870,43,39,16,0,0,0,0,0,0
351355,31,29,5,0,0,1,3,0,0
15687,106,79,37,1,1,2,5,0,0
379902,91,53,14,0,0,1,9,0,0
244595,6,6,2,0,0,0,0,0,0
212707,110,80,38,0,0,0,0,0,0
288694,162,133,39,0,0,0,13,0,0
337812,379,179,153,0,0,2,12,1,0
148476,1417,488,396,6,1,1,52,1,0
61616,73,61,22,1,1,1,5,0,0
157899,201,125,73,0,0,0,9,1,0
239008,156,107,58,1,1,0,3,0,0
480252,248,148,70,1,1,3,16,2,0
299897,41,36,15,0,0,0,1,0,0
267,18,17,8,0,0,0,0,0,0
139339,165,103,63,2,1,1,10,0,0
353577,27,26,4,0,0,0,4,0,0
12800,40,31,8,0,0,0,10,0,0
518848,619,370,148,0,0,0,69,1,0
454824,42,38,9,0,0,0,3,1,0
46469,5,5,3,0,0,0,0,0,0
241757,18,14,6,0,0,0,0,0,0
136059,270,142,105,0,0,0,22,0,0
54919,36,33,14,0,0,0,3,0,0
467323,39,33,18,0,0,0,1,0,0
85249,65,50,24,0,0,0,7,0,0
2940,803,376,335,0,0,4,21,0,0
453898,517,232,160,0,0,0,21,0,0
468784,222,137,73,0,0,0,12,0,0
496498,114,68,20,0,0,0,8,0,0
137189,41,34,13,0,0,0,2,0,0
35448,26,25,9,0,0,0,0,0,0
161214,53,45,23,0,0,0,2,0,0
74362,1279,559,337,12,4,0,115,1,0
52482,458,200,62,3,2,1,41,0,0
276539,24,22,0,0,0,0,4,0,0
382455,395,54,41,0,0,0,80,0,0
309700,234,133,83,0,0,0,14,1,0
327247,318,152,97,0,0,0,25,1,0
482102,111,82,28,0,0,4,13,0,0
471992,20,17,0,0,0,1,0,0,0
380231,9,9,2,0,0,0,0,0,0
520674,86,65,30,1,1,0,9,0,0
390723,98,66,29,0,0,0,18,0,0
168445,21,19,11,0,0,0,0,0,0
487217,39,37,17,0,0,0,3,1,0
274258,1420,649,478,20,12,2,103,1,0
378282,142,67,59,0,0,0,0,0,0
46814,39,32,14,0,0,0,0,0,0
108334,190,121,53,0,0,0,26,1,0
244423,135,98,39,2,2,2,11,0,0
258974,5,5,1,0,0,0,0,0,0
416448,77,62,22,0,0,1,1,0,0
424519,735,285,245,0,0,0,86,1,0
243356,764,348,246,0,0,0,4,0,0
435354,85,57,23,0,0,0,2,0,0
123776,49,40,21,0,0,0,2,1,0
129919,160,92,43,0,0,0,10,1,0
442934,608,256,188,0,0,4,57,2,0
37589,257,153,89,1,1,1,12,0,0
506447,16,15,4,0,0,0,2,0,0
267672,32,30,9,0,0,0,0,0,0
354354,45,37,13,0,0,1,5,0,0
200264,869,402,307,0,0,0,29,1,0
146613,43,30,15,0,0,0,3,0,0
401246,59,46,13,0,0,0,2,0,0
330964,24,22,0,0,0,0,4,0,0
125481,230,118,96,0,0,1,18,0,0
379679,79,57,17,0,0,3,10,0,0
123918,83,63,25,0,0,0,8,0,0
412664,59,52,14,0,0,0,3,1,0
10486,154,74,64,0,0,3,6,0,0
312149,156,67,38,0,0,13,19,0,0
493391,10,10,4,0,0,0,0,0,0
321542,21,21,5,0,0,0,1,0,0
269534,6,6,2,0,0,0,0,0,0
397585,195,120,50,0,0,0,13,1,0
262815,455,232,159,0,0,4,18,0,0
474893,28,24,12,0,0,0,1,0,0
168256,156,97,64,0,0,0,5,0,0
274799,137,79,37,3,2,3,12,0,0
474037,263,132,65,0,0,0,19,1,0
25893,17,17,5,0,0,0,0,0,0
237776,125,78,60,0,0,0,1,1,0
458888,302,155,97,0,0,0,37,0,0
307668,1410,480,506,0,0,4,63,0,0
51639,333,162,81,0,0,12,42,1,0
212910,694,299,258,0,0,10,49,0,0
320412,138,81,62,0,0,0,4,0,0
332,248,147,103,0,0,1,7,0,0
163848,430,177,107,0,0,6,64,0,0
402197,168,118,50,3,1,0,8,0,0
377783,62,48,28,0,0,0,1,0,0
291956,333,87,82,0,0,0,18,1,0
211381,72,58,26,0,0,0,14,0,0
249994,194,119,46,0,0,0,22,0,0
333763,161,96,59,0,0,0,18,2,0
320118,20,20,6,0,0,0,0,0,0
276302,94,48,7,0,0,0,16,0,0
319566,753,293,320,0,0,0,16,1,0
163659,764,318,159,20,6,38,153,1,0
81750,144,96,56,0,0,0,3,0,0
436049,205,138,73,1,1,1,10,0,0
127222,47,38,7,0,0,0,19,0,0
499839,1645,561,446,0,0,1,117,0,0
206569,45,34,18,0,0,0,3,0,0
455252,113,59,27,0,0,0,3,1,0
515240,96,58,29,0,0,0,9,0,0
75187,2472,827,672,3,3,6,133,2,0
206365,118,85,37,0,0,2,11,0,0
339799,5,5,1,0,0,0,0,0,0
378374,131,87,54,0,0,1,2,0,0
1358,82,62,36,0,0,0,2,0,0
329312,11,10,0,0,0,0,2,0,0
421999,166,110,64,0,0,0,11,0,0
380611,75,61,24,0,0,2,3,0,0
383338,27,24,6,0,0,0,3,0,0
349114,111,82,39,0,0,1,7,0,0
122235,498,314,19,0,0,79,187,0,0
411649,99,67,41,0,0,0,1,1,0
291110,29,27,7,0,0,0,3,0,0
70914,81,67,22,0,0,0,4,0,0
486620,43,43,7,0,0,0,6,0,0
93436,821,234,81,8,1,2,90,0,0
281056,164,85,45,0,0,0,14,0,0
404754,5,5,2,0,0,0,0,0,0
350029,338,178,136,0,0,0,3,0,0
109304,5,4,0,0,0,0,2,0,0
290694,875,345,332,9,1,4,28,1,0
81733,8,7,3,0,0,0,2,0,0
186101,531,232,196,0,0,14,23,1,0
41414,775,317,292,0,0,0,36,1,0
332413,226,129,60,3,1,1,13,1,0
394854,801,329,246,14,1,5,17,2,0
399504,284,151,69,0,0,0,57,1,0
131465,47,37,12,0,0,0,7,0,0
477475,60,52,22,0,0,0,3,0,0
421325,505,274,174,0,0,3,55,2,0
421804,203,89,64,0,0,2,19,0,0
93150,350,175,108,2,1,0,5,0,0
239708,930,437,286,0,0,1,9,0,0
503497,45,36,11,0,0,1,2,0,0
500068,24,22,0,0,0,0,4,0,0
230710,182,110,22,0,0,0,38,0,0
112995,173,99,53,0,0,0,11,0,0
114238,330,186,115,0,0,0,12,0,0
139856,84,60,39,0,0,0,7,0,0
377198,7,7,3,0,0,0,0,0,0
380831,56,36,7,0,0,1,24,0,0
474717,55,47,13,0,0,0,10,0,0
456891,322,152,49,0,0,0,30,0,0
237119,193,132,60,0,0,0,9,0,0
411784,83,58,34,0,0,0,0,0,0
5343,55,44,14,0,0,1,1,0,0
373252,266,158,95,0,0,3,7,0,0
128281,329,155,71,0,0,0,43,1,0
16226,13,10,5,0,0,0,2,0,0
297484,71,59,24,0,0,0,2,0,0
330292,116,74,42,0,0,0,7,1,0
150439,114,86,35,0,0,1,2,0,0
410427,234,149,60,1,1,0,13,0,0
278973,275,125,87,0,0,0,5,0,0
280857,24,21,9,0,0,0,0,0,0
158584,51,36,26,0,0,0,2,0,0
371246,83,56,45,0,0,0,2,0,0
129263,29,26,11,0,0,0,0,0,0
48903,255,141,63,1,1,4,37,0,0
169444,200,110,80,0,0,0,2,0,0
225561,192,100,10,0,0,0,83,1,0
409277,93,67,36,0,0,0,2,0,0
323605,38,30,16,0,0,0,0,0,0
361076,24,22,11,0,0,0,0,0,0
439047,24,22,0,0,0,0,4,0,0
203828,102,74,36,0,0,0,3,0,0
244803,76,52,29,0,0,0,5,0,0
156540,15422,2781,4682,3,2,9,588,4,0
343706,229,131,88,0,0,0,10,0,0
102580,251,138,62,0,0,0,40,0,0
135138,229,111,23,0,0,0,92,0,0
376969,170,99,55,0,0,4,9,0,0
479369,203,116,84,0,0,0,3,0,0
196230,26,23,2,0,0,2,5,0,0
250494,184,142,39,0,0,2,21,0,0
397712,18,17,9,0,0,0,0,0,0
98423,145,80,53,0,0,0,2,1,0
205574,48,36,8,0,0,0,9,0,0
8773,27,20,8,0,0,3,6,0,0
366981,16,16,5,0,0,0,0,0,0
301634,217,132,57,0,0,0,23,0,0
414552,59,45,20,0,0,0,3,0,0
408787,369,181,133,0,0,8,36,1,0
258708,32,26,12,0,0,0,0,0,0
458957,68,44,27,0,0,0,3,0,0
323016,105,80,33,0,0,0,10,0,0
315616,28,26,8,0,0,0,1,0,0
135607,52,41,23,0,0,0,1,0,0
455460,31,27,6,0,0,0,6,0,0
210056,40,36,12,0,0,0,0,0,0
462848,1494,513,598,0,0,8,38,0,0
176650,273,134,54,0,0,0,15,0,0
307339,156,99,60,0,0,2,12,1,0
4211,175,109,44,0,0,0,18,0,0
27022,417,227,98,0,0,0,18,1,0
255490,490,281,160,0,0,0,40,0,0
64956,440,240,139,1,1,1,11,1,0
341955,173,99,63,0,0,0,4,0,0
495789,21,18,0,0,0,0,0,0,0
174362,85,70,31,0,0,0,3,1,0
48508,486,262,138,0,0,1,40,0,0
294522,272,135,101,0,0,6,20,1,0
361454,27,23,7,1,1,0,2,0,0
110220,69,55,27,0,0,0,1,0,0
328011,850,342,214,28,9,1,25,2,0
374278,85,60,32,0,0,1,8,0,0
443157,245,139,90,0,0,0,3,0,0
141426,917,401,299,11,4,3,45,0,0
375407,22,22,4,0,0,0,2,0,0
405391,163,107,42,3,3,0,8,0,0
395873,394,233,123,5,3,2,15,0,0
307134,182,119,62,0,0,0,10,0,0
511569,1168,497,318,0,0,0,50,3,0
513594,50,38,13,0,0,0,3,0,0
69695,514,234,177,0,0,1,20,0,0
196331,1197,490,389,0,0,11,62,3,0
412066,26,23,8,0,0,1,3,0,0
428885,201,123,64,0,0,0,6,0,0
491333,12,12,3,0,0,0,0,0,0
138632,139,72,25,0,0,2,17,0,0
347261,595,245,17,0,0,1,289,0,0
239567,149,89,33,0,0,0,29,0,0
177664,50,37,14,0,0,0,5,0,0
465209,18,17,9,0,0,0,0,0,0
86255,525,251,32,0,0,49,155,0,0
70232,407,202,148,0,0,0,4,0,0
27988,156,76,25,0,0,0,35,0,0
55613,156,87,29,0,0,0,31,1,0
259432,45,38,19,0,0,0,1,0,0
393029,262,139,79,0,0,0,20,0,0
169602,194,121,64,0,0,0,6,1,0
80380,48,43,11,0,0,0,5,0,0
442769,36,27,17,0,0,0,0,0,0
14468,85,59,28,1,1,0,3,0,0
215456,220,129,64,0,0,0,37,0,0
357414,156,106,29,0,0,0,2,0,0
148500,27,24,12,0,0,0,1,0,0
82886,33,27,8,0,0,0,6,0,0
121632,116,82,39,0,0,0,14,0,0
441558,36,31,11,0,0,1,1,0,0
498446,76,62,14,0,0,2,7,1,0
1567,56,42,13,0,0,0,8,0,0
384535,103,66,19,0,0,0,30,0,0
447948,371,126,24,0,0,0,151,0,0
111809,42,25,4,0,0,0,6,0,0
445319,355,186,115,0,0,2,24,2,0
306198,131,95,36,0,0,4,18,0,0
386212,967,357,351,0,0,2,43,1,0
341691,72,60,23,0,0,1,6,0,0
437438,18,10,12,0,0,0,0,0,0
299126,100,54,28,0,0,0,11,0,0
419160,175,123,52,0,0,1,13,0,0
161245,145,81,39,0,0,0,8,0,0
192771,61,41,26,0,0,0,1,0,0
26678,201,105,85,0,0,0,6,1,0
314961,199,131,62,0,0,0,26,0,0
226757,346,168,112,2,2,5,13,0,0
215129,1119,333,296,17,3,32,100,0,0
262067,20,19,8,0,0,0,2,0,0
211449,51,42,18,0,0,0,1,0,0
223499,79,64,35,0,0,0,2,1,0
252947,231,144,76,0,0,0,6,0,0
367530,137,81,67,0,0,0,1,0,0
405743,153,87,47,0,0,3,21,1,0
31967,128,94,35,2,2,1,15,0,0
75002,1457,503,479,0,0,0,62,3,0
116101,39,34,14,0,0,0,2,0,0
88188,35,30,17,0,0,0,1,0,0
82664,36,31,17,0,0,0,0,0,0
375773,73,45,14,0,0,0,4,1,0
160392,16,16,4,0,0,0,1,0,0
381114,103,77,32,0,0,1,4,0,0
191688,26,24,12,0,0,0,2,0,0
355109,26,25,1,0,0,1,3,0,0
283908,6,6,2,0,0,0,0,0,0
477022,9,9,4,0,0,0,0,0,0
155053,10,10,3,0,0,0,0,0,0
61343,342,207,114,1,1,1,25,0,0
345759,58,48,22,0,0,0,2,0,0
147561,357,201,112,1,1,2,52,1,0
25150,45,38,12,0,0,0,2,0,0
231921,312,169,105,0,0,2,19,1,0
43221,277,156,88,4,2,0,17,1,0
406498,170,116,65,0,0,0,7,1,0
190337,111,70,36,0,0,0,6,0,0
305146,39,31,8,0,0,3,3,0,0
324490,115,74,42,0,0,0,7,0,0
253622,209,122,73,0,0,1,15,0,0
299999,560,261,190,0,0,3,34,0,0
276122,45,34,2,0,0,0,5,0,0
79673,144,86,30,0,0,3,30,0,0
427177,221,118,30,0,0,5,31,0,0
138675,98,63,35,1,1,0,4,0,0
340449,131,81,36,0,0,4,16,0,0
33412,531,233,165,0,0,0,50,1,0
476199,232,132,85,0,0,0,19,0,0
257109,25,23,11,0,0,0,0,0,0
231860,187,123,85,0,0,0,3,0,0
318995,211,126,50,0,0,1,16,0,0
249342,597,274,150,3,3,6,25,1,0
512180,265,151,102,2,2,2,21,1,0
366619,28,28,9,0,0,0,1,0,0
96247,178,121,56,0,0,0,9,0,0
256376,413,185,125,0,0,0,23,0,0
248278,152,94,62,2,1,0,4,0,0
436061,251,139,75,0,0,1,9,0,0
417583,146,83,39,0,0,2,23,1,0
210291,102,69,18,1,1,5,14,0,0
248650,1046,442,336,4,3,5,39,1,0
361876,24,19,0,0,0,2,4,0,0
455985,21,19,9,0,0,0,2,0,0
278472,1309,512,445,0,0,0,30,1,0
216310,42,36,14,0,0,0,0,0,0
55802,45,26,9,0,0,4,8,0,0
520834,394,190,129,0,0,0,55,1,0
460191,46,36,16,0,0,0,2,0,0
20129,109,85,36,0,0,0,6,0,0
475417,1372,542,374,21,3,0,79,1,0
425308,307,153,30,0,0,0,136,0,0
345111,26,24,9,0,0,0,2,0,0
119588,87,61,39,0,0,0,9,0,0
498902,138,62,36,0,0,0,34,0,0
463811,13,12,5,0,0,0,1,0,0
225608,33,23,5,0,0,0,3,0,0
272989,7,6,3,0,0,0,0,0,0
254967,14673,2287,4521,12,7,5,665,5,0
65132,233,145,77,0,0,3,18,1,0
329259,89,37,7,0,0,0,11,0,0
500504,24,22,0,0,0,0,4,0,0
23512,153,95,45,3,2,0,21,0,0
153228,534,268,168,0,0,1,62,0,0
195124,192,112,67,0,0,0,21,0,0
384322,144,99,30,0,0,1,22,0,0
173601,207,115,56,0,0,8,17,1,0
129180,63,52,20,0,0,0,3,0,0
104042,63,47,30,0,0,0,1,0,0
231904,291,151,87,0,0,0,17,1,0
216869,382,172,94,0,0,8,52,0,0
212961,208,121,51,0,0,0,20,1,0
244991,112,71,35,4,2,3,1,1,0
365820,43,39,16,0,0,0,1,1,0
359255,709,288,251,1,1,6,31,1,0
319713,641,293,193,1,1,0,49,0,0
374058,81,61,31,0,0,0,1,0,0
55497,148,97,56,1,1,0,12,0,0
493252,245,131,21,1,1,0,76,0,0
91129,90,68,23,0,0,0,7,0,0
440879,375,179,146,0,0,4,11,1,0
63706,82,59,35,0,0,0,5,0,0
90488,514,264,210,3,3,0,15,0,0
22542,352,189,128,0,0,0,10,1,0
461931,54,45,23,0,0,0,1,0,0
298067,229,131,73,0,0,8,14,0,0
472882,282,128,97,0,0,7,25,0,0
6705,45,34,9,0,0,0,5,0,0
26351,8,8,4,0,0,0,0,0,0
14685,65,47,20,2,2,0,3,0,0
479085,1264,562,224,3,3,3,198,0,0
450989,12,12,6,0,0,0,1,0,0
496502,212,77,59,0,0,0,15,0,0
307030,1059,429,352,1,1,2,59,1,0
53874,264,94,73,0,0,0,39,1,0
320387,153,95,57,1,1,2,5,0,0
431962,67,52,25,0,0,0,8,0,0
180502,220,111,17,0,0,0,92,0,0
348357,746,269,145,3,1,61,136,0,0
425367,135,88,42,0,0,0,5,1,0
247461,99,68,36,0,0,0,9,0,0
493494,5,5,0,0,0,0,3,0,0
76374,34,29,11,0,0,0,1,0,0
466893,219,116,54,0,0,5,38,0,0
269886,407,234,100,0,0,18,51,0,0
237392,1346,486,399,1,1,0,77,2,0
417628,93,73,36,0,0,0,4,0,0
320689,154,96,43,0,0,0,25,0,0
415846,29,25,10,0,0,0,0,0,0
471745,438,192,116,0,0,0,51,0,0
308078,155,88,56,0,0,0,15,0,0
262357,1153,438,415,7,3,7,68,1,0
81483,304,134,32,0,0,14,51,0,0
464069,313,168,66,0,0,35,52,1,0
207718,259,165,37,8,4,1,30,0,0
465163,151,95,46,0,0,0,11,1,0
368239,12,12,4,0,0,0,0,0,0
300377,78,59,18,0,0,0,9,0,0
11566,528,256,180,2,1,3,27,1,0
12886,32,25,9,0,0,0,10,0,0
80934,43,36,7,0,0,1,9,0,0
51883,72,52,23,0,0,0,3,0,0
59608,221,141,13,0,0,31,61,0,0
512016,212,125,45,4,2,3,36,0,0
319043,37,33,11,0,0,0,1,0,0
159090,178,90,37,0,0,0,21,0,0
65549,505,286,174,0,0,1,15,1,0
440678,194,114,47,0,0,1,19,0,0
367897,70,54,27,0,0,0,0,0,0
315116,233,147,76,0,0,0,8,1,0
109353,97,71,32,0,0,3,9,0,0
466105,325,158,118,0,0,0,5,1,0
65100,1613,737,488,1,1,12,72,1,0
116618,248,157,76,0,0,1,22,0,0
262837,605,251,185,8,2,0,11,1,0
158878,35,33,10,0,0,0,3,0,0
263528,240,133,103,0,0,1,3,1,0
187358,858,385,286,5,4,0,31,1,0
356283,601,308,227,2,2,2,21,1,0
260610,531,272,194,0,0,0,18,0,0
114776,50,45,15,0,0,0,4,0,0
390568,107,84,23,0,0,3,12,1,0
127004,45,31,7,0,0,0,18,0,0
35664,621,265,192,1,1,11,69,0,0
315758,75,55,33,0,0,0,3,0,0
420398,80,58,28,0,0,0,6,0,0
147250,89,44,8,0,0,0,11,0,0
397125,24,23,6,0,0,0,0,0,0
173592,390,173,130,0,0,5,40,1,0
34150,20,17,0,0,0,0,1,0,0
333131,7,7,1,0,0,0,0,0,0
437298,231,128,86,1,1,4,11,0,0
52519,8,8,2,0,0,0,0,0,0
378217,451,204,141,0,0,15,37,1,0
329827,11,10,0,0,0,0,2,0,0
223729,264,165,91,0,0,0,1,0,0
523470,259,167,86,1,1,3,12,0,0
433108,29,29,2,0,0,0,8,0,0
372617,77,57,24,1,1,1,13,1,0
40286,125,85,46,0,0,0,5,0,0
214161,173,102,37,3,1,1,17,2,0
88498,20,19,6,0,0,0,1,0,0
283957,239,129,76,0,0,0,14,0,0
176688,205,87,39,0,0,2,29,0,0
37247,153,91,68,0,0,0,2,1,0
90456,47,21,0,0,0,0,2,0,0
296983,243,126,95,0,0,0,26,0,0
22470,184,110,56,0,0,0,26,0,0
100951,11,8,0,0,0,0,8,0,0
85481,46,39,2,0,0,0,7,0,0
310835,61,47,22,0,0,0,1,0,0
347710,180,121,38,0,0,0,52,1,0
486596,142,100,49,0,0,0,5,0,0
198793,422,171,125,0,0,12,46,0,0
494823,13,13,3,0,0,0,1,0,0
315698,10,10,0,0,0,0,0,0,0
496402,63,59,7,0,0,0,5,0,0
127954,12,5,2,0,0,0,2,0,0
442640,85,54,13,0,0,5,11,0,0
244851,65,52,28,0,0,0,1,0,0
327519,80,61,26,0,0,0,2,0,0
520938,383,206,102,0,0,0,42,0,0
374712,38,32,13,0,0,0,0,0,0
485424,53,45,18,1,1,0,4,0,0
400887,86,68,28,0,0,0,1,0,0
220031,272,164,46,4,1,3,34,1,0
164483,913,366,271,0,0,0,77,0,0
172253,254,151,64,2,1,8,33,1,0
8813,22,18,3,0,0,0,9,0,0
198127,201,132,77,0,0,0,8,0,0
283641,208,134,62,0,0,0,14,0,0
299843,38,34,10,0,0,0,1,0,0
121520,105,65,32,0,0,0,5,0,0
498518,155,97,55,0,0,0,9,0,0
96640,655,315,195,2,2,0,14,0,0
109413,5,4,0,0,0,0,2,0,0
344798,28,24,6,0,0,0,1,0,0
333249,155,97,45,3,1,3,9,0,0
313944,13,13,5,0,0,0,0,0,0
409571,156,94,49,0,0,0,18,1,0
141619,84,74,15,0,0,0,11,0,0
88162,102,66,20,0,0,0,28,1,0
236588,1166,546,282,2,2,53,152,0,0
1090,437,231,98,0,0,3,77,2,0
181087,71,57,21,0,0,0,9,0,0
240619,257,128,4,0,0,63,99,0,0
400320,354,153,148,0,0,0,7,0,0
420590,311,175,79,0,0,0,41,0,0
22899,116,77,35,0,0,0,13,0,0
463290,522,265,206,1,1,1,12,1,0
467068,108,71,9,0,0,0,28,0,0
250744,259,173,67,0,0,2,32,0,0
279029,463,234,147,3,1,0,12,0,0
281446,25,24,7,0,0,0,1,0,0
343981,95,70,21,0,0,4,7,0,0
185831,306,166,81,0,0,0,62,0,0
312024,177,93,34,0,0,15,30,0,0
57731,22,10,0,0,0,0,2,0,0
494262,32,26,7,1,1,0,2,0,0
8511,242,128,69,4,1,4,35,0,0
254505,64,57,20,0,0,0,1,0,0
407475,143,90,12,0,0,0,21,1,0
50993,11,10,2,0,0,0,2,0,0
257151,35,31,9,1,1,0,5,0,0
441318,205,110,62,0,0,4,24,0,0
134814,88,72,26,0,0,0,9,0,0
145279,24,22,0,0,0,0,4,0,0
126267,411,143,40,0,0,3,29,2,0
263432,25,20,4,0,0,0,1,0,0
40540,92,72,29,0,0,0,10,0,0
450565,126,90,44,0,0,0,6,0,0
28045,10,10,4,0,0,0,0,0,0
181757,74,56,15,0,0,0,16,0,0
492150,59,42,25,0,0,0,2,0,0
258484,79,56,37,0,0,0,0,0,0
173127,537,206,180,1,1,12,47,0,0
469859,14,14,5,0,0,0,1,0,0
201788,143,94,56,0,0,0,9,0,0
427503,57,45,26,0,0,0,0,0,0
125707,208,111,77,0,0,0,9,0,0
452593,85,45,17,0,0,0,21,0,0
449002,170,89,41,0,0,0,13,0,0
454206,22,19,4,0,0,0,9,0,0
353290,44,42,12,0,0,0,4,0,0
91237,370,210,92,0,0,20,39,0,0
75634,1046,463,324,1,1,6,28,2,0
369243,124,75,52,0,0,0,5,0,0
351520,156,107,32,0,0,3,12,0,0
38046,132,81,61,0,0,0,3,2,0
425976,180,113,75,0,0,0,3,0,0
471610,1225,405,383,0,0,0,162,2,0
461513,257,141,19,1,1,0,40,0,0
124479,760,376,202,0,0,19,80,0,0
224313,609,257,192,0,0,0,49,1,0
243952,3401,969,1101,6,3,3,71,1,0
446406,622,273,119,0,0,51,145,0,0
96018,117,71,38,0,0,0,3,0,0
249172,140,105,45,0,0,0,2,0,0
449670,198,117,68,0,0,0,18,0,0
84281,1906,736,573,0,0,2,162,0,0
329495,174,76,31,12,3,7,27,0,0
471403,56,46,19,0,0,0,3,0,0
492032,167,110,60,0,0,0,11,1,0
222138,152,89,47,1,1,2,25,0,0
130206,277,145,76,0,0,0,43,0,0
219837,261,134,66,0,0,0,48,0,0
486195,51,45,21,0,0,0,0,0,0
40460,430,217,160,0,0,0,19,0,0
354479,37,33,0,1,1,1,12,0,0
407131,116,77,45,0,0,0,0,0,0
423529,264,142,65,0,0,4,56,1,0
248286,659,359,145,22,5,4,96,2,0
510167,55,43,18,1,1,0,4,0,0
452024,286,167,109,0,0,0,19,0,0
370248,137,91,56,0,0,0,2,0,0
479973,283,157,106,0,0,0,7,0,0
378516,50,47,11,0,0,0,7,0,0
478427,31,25,2,0,0,0,3,1,0
330923,11,10,0,0,0,0,2,0,0
308036,30,30,9,0,0,1,2,0,0
288181,53,46,19,0,0,0,2,0,0
37696,202,131,50,3,2,2,20,0,0
142469,170,82,36,11,5,7,34,0,0
18877,92,71,15,0,0,15,21,0,0
521462,308,187,84,3,3,3,35,0,0
246900,96,64,26,4,3,3,10,0,0
177276,166,108,51,0,0,0,22,1,0
224799,262,184,62,0,0,1,65,1,0
107337,552,196,176,0,0,0,74,0,0
165905,83,63,25,0,0,0,1,0,0
44659,379,165,157,0,0,0,0,0,0
448457,192,126,55,0,0,0,0,1,0
276552,106,41,8,0,0,0,14,0,0
165655,39,34,17,0,0,0,2,0,0
141161,55,43,10,0,0,0,3,0,0
69461,493,248,136,0,0,0,32,1,0
384710,515,246,193,0,0,0,14,1,0
83037,98,63,34,3,1,0,5,0,0
359839,3,3,0,0,0,0,1,0,0
463319,20,19,5,0,0,0,1,0,0
92267,166,102,63,0,0,0,11,0,0
290784,391,198,133,2,1,6,17,0,0
159558,91,62,24,0,0,0,15,0,0
282208,39,24,7,6,6,0,7,0,0
14910,4874,545,453,87,7,0,1297,3,0
236053,728,427,139,0,0,59,169,1,0
211684,90,67,38,0,0,0,2,0,0
172759,44,35,19,0,0,0,0,0,0
160660,228,135,83,0,0,2,14,0,0
369505,318,168,111,0,0,0,25,0,0
348369,576,264,129,3,1,36,90,0,0
289397,184,88,5,0,0,0,75,0,0
455859,12,12,2,0,0,0,3,0,0
21828,210,107,79,0,0,0,15,0,0
114782,593,245,55,0,0,0,82,0,0
488731,82,65,27,0,0,0,0,1,0
6337,14,13,6,0,0,0,2,0,0
103979,92,64,28,0,0,0,17,1,0
389048,357,198,105,1,1,3,21,1,0
163027,354,215,105,3,2,0,21,0,0
5506,40,33,12,0,0,0,3,0,0
158530,74,54,27,0,0,1,1,0,0
33378,199,90,34,9,2,0,32,0,0
265759,413,233,98,3,2,0,13,0,0
221194,42,31,9,0,0,0,9,0,0
94889,50,33,12,0,0,0,4,0,0
204114,196,127,78,0,0,0,1,0,0
487420,30,30,2,1,1,0,3,0,0
479016,330,155,83,10,1,0,33,2,0
363639,621,307,216,1,1,2,48,3,0
332455,352,215,105,1,1,0,21,0,0
50915,88,71,18,0,0,0,13,0,0
254005,37,35,10,0,0,0,2,1,0
297719,573,207,136,0,0,27,44,1,0
374053,12,12,5,0,0,0,0,0,0
363257,527,209,187,0,0,8,49,1,0
495887,21,18,1,0,0,0,0,0,0
237762,57,40,16,0,0,0,7,0,0
419373,53,40,10,0,0,0,12,0,0
221598,85,62,29,0,0,0,10,0,0
482653,153,105,49,0,0,3,8,0,0
85492,31,28,0,0,0,0,5,0,0
246387,70,43,12,0,0,3,4,0,0
168207,315,141,93,0,0,0,25,0,0
131517,113,64,23,0,0,0,28,0,0
442557,67,51,14,0,0,0,11,0,0
198468,193,102,77,0,0,4,8,0,0
273379,334,169,141,0,0,0,7,0,0
519164,588,381,78,0,0,0,153,1,0
469152,401,214,137,0,0,7,32,0,0
87053,96,73,37,0,0,0,3,0,0
471792,450,207,191,0,0,1,18,0,0
20824,634,267,218,0,0,16,32,0,0
186433,57,40,27,0,0,0,2,0,0
230787,1194,513,318,0,0,3,63,1,0
236082,18,18,5,0,0,0,2,0,0
16319,36,26,3,1,1,0,14,0,0
373878,296,147,81,0,0,0,42,0,0
396795,24,23,8,0,0,0,1,0,0
413491,145,87,46,2,1,0,8,1,0
414588,153,105,46,0,0,0,15,0,0
17502,326,136,124,0,0,0,3,0,0
7709,144,97,46,0,0,0,9,0,0
327343,72,49,30,0,0,0,3,0,0
171060,441,243,137,1,1,1,8,2,0
469716,228,133,56,3,2,0,20,0,0
139688,196,119,66,0,0,0,13,0,0
425056,35,33,13,0,0,0,7,0,0
488414,245,158,67,0,0,0,15,0,0
420607,464,155,109,1,1,14,33,1,0
462040,126,86,47,0,0,0,3,0,0
39947,247,101,89,0,0,1,14,1,0
281151,143,102,51,0,0,0,6,0,0
343334,33,29,12,0,0,0,3,0,0
330411,24,22,0,0,0,0,4,0,0
442071,100,75,41,0,0,0,0,0,0
65168,930,393,107,0,0,21,344,1,0
70315,12,8,4,0,0,0,0,0,0
408149,47,41,12,0,0,1,3,0,0
90764,273,155,101,0,0,2,13,1,0
396213,556,255,149,0,0,1,114,0,0
521113,17,16,3,1,1,0,2,0,0
474854,457,240,63,0,0,0,141,0,0
505697,230,133,91,1,1,2,6,0,0
316761,95,69,45,0,0,0,1,0,0
48269,279,167,87,0,0,0,19,1,0
95314,59,46,23,0,0,0,3,0,0
45858,199,108,72,1,1,2,8,0,0
96864,175,110,65,1,1,0,7,0,0
63114,990,409,258,0,0,0,48,0,0
206891,188,104,70,0,0,0,7,0,0
377711,66,54,20,0,0,0,1,0,0
29283,123,95,24,0,0,0,16,0,0
405340,108,61,13,0,0,2,17,0,0
326650,290,168,63,0,0,0,63,0,0
121022,71,52,14,0,0,3,20,1,0
154758,185,120,56,0,0,8,24,0,0
293885,52,39,19,0,0,0,3,0,0
339412,70,56,19,0,0,0,5,0,0
235043,708,324,247,0,0,0,60,1,0
430529,602,289,208,0,0,0,32,1,0
76352,56,51,14,0,0,0,2,0,0
186524,234,113,58,0,0,0,38,0,0
453175,30,27,6,0,0,0,7,0,0
390240,422,212,142,0,0,11,38,1,0
281813,714,345,206,0,0,0,62,2,0
161372,189,80,66,0,0,1,14,0,0
147804,24,22,0,0,0,0,4,0,0
391684,190,109,71,0,0,0,10,0,0
233005,779,349,276,1,1,6,43,0,0
436353,302,179,96,0,0,3,12,0,0
356183,212,127,53,1,1,2,25,1,0
257680,36,29,14,0,0,0,2,1,0
161673,34,22,3,0,0,0,15,0,0
449439,17,17,4,0,0,0,1,0,0
79884,7,7,2,0,0,0,1,0,0
227559,127,88,37,0,0,3,13,0,0
259602,106,81,32,1,1,0,7,0,0
58078,71,60,26,0,0,0,1,0,0
268918,74,59,33,0,0,0,2,0,0
487188,129,89,42,0,0,0,9,1,0
300837,62,45,28,0,0,0,2,0,0
65449,407,204,107,0,0,22,52,1,0
335297,3,3,2,0,0,0,0,0,0
232183,104,74,25,0,0,0,11,0,0
34712,20,17,0,0,0,0,1,0,0
306302,131,91,51,0,0,2,6,1,0
205554,119,77,52,0,0,0,5,1,0
10766,62,51,14,0,0,3,6,0,0
483,137,95,59,0,0,0,2,1,0
427729,641,298,243,0,0,0,41,1,0
67365,155,103,51,0,0,1,10,0,0
413464,13,13,6,0,0,0,0,0,0
490217,23,23,11,0,0,0,1,0,0
407452,126,94,21,0,0,0,16,1,0
480052,166,81,37,4,1,0,7,0,0
485925,233,98,48,0,0,0,13,1,0
476548,195,110,13,0,0,3,27,0,0
71445,1177,550,353,12,5,0,75,1,0
410371,61,49,19,0,0,1,2,0,0
41612,275,158,96,0,0,0,22,1,0
79729,1565,373,163,0,0,77,254,0,0
158232,179,114,49,0,0,0,11,1,0
51540,640,243,217,0,0,0,15,0,0
338433,348,184,71,1,1,1,87,0,0
297656,18,17,8,0,0,0,1,0,0
309016,77,51,9,0,0,7,25,0,0
74440,744,289,194,0,0,7,98,1,0
200743,121,79,40,0,0,0,20,0,0
27753,56,48,10,1,1,1,6,0,0
406519,442,228,139,0,0,5,49,1,0
87221,607,330,165,0,0,0,95,0,0
295358,32,25,7,0,0,0,5,0,0
446990,15,14,1,0,0,0,1,0,0
361888,211,131,71,1,1,4,19,0,0
310332,39,35,14,0,0,0,0,0,0
117660,186,109,62,0,0,0,22,1,0
48804,234,141,92,0,0,1,12,0,0
335659,110,77,39,1,1,2,7,1,0
370914,768,326,173,28,3,2,24,2,0
381946,496,279,145,1,1,0,38,0,0
339639,488,186,133,0,0,9,50,2,0
227237,13,11,7,0,0,0,0,0,0
117211,54,43,4,0,0,3,13,1,0
458102,84,62,33,0,0,0,0,1,0
209463,885,395,263,0,0,0,94,2,0
423906,10,10,5,0,0,0,0,0,0
102530,385,206,124,0,0,5,27,1,0
227604,103,74,41,0,0,0,4,1,0
96260,58,39,17,2,2,0,2,0,0
283493,189,115,65,0,0,0,9,0,0
20218,84,56,38,0,0,0,3,1,0
81876,54,42,24,0,0,0,1,0,0
468918,148,77,40,0,0,0,20,0,0
210442,296,171,106,1,1,1,19,0,0
96652,315,148,50,0,0,0,24,0,0
102913,113,72,25,0,0,0,19,0,0
65033,192,128,61,0,0,1,23,1,0
53452,317,157,89,7,1,1,26,2,0
257392,69,47,11,0,0,8,15,0,0
144779,57,40,27,0,0,0,1,0,0
408927,415,196,155,0,0,0,29,0,0
329656,24,22,0,0,0,0,4,0,0
459543,159,83,38,0,0,0,33,0,0
52697,31,28,4,1,1,0,7,1,0
170541,14,14,2,1,1,0,1,0,0
449724,76,60,28,0,0,0,5,0,0
419674,21,19,10,0,0,0,0,0,0
86291,37,33,10,0,0,0,1,0,0
454856,50,44,13,0,0,0,12,0,0
43380,129,88,42,0,0,0,7,0,0
105906,147,102,40,1,1,2,11,0,0
487887,121,76,50,0,0,0,2,0,0
43507,131,94,50,1,1,0,1,0,0
381266,335,167,136,3,1,0,3,1,0
250897,610,280,225,9,4,3,28,1,0
15556,65,47,20,2,2,0,3,0,0
358721,46,41,8,0,0,2,7,0,0
20454,467,218,70,0,0,0,157,0,0
511907,208,118,80,0,0,0,11,0,0
203063,365,191,117,0,0,0,47,1,0
496099,22,20,2,0,0,0,0,0,0
24645,70,50,29,0,0,0,7,0,0
381039,139,94,46,0,0,1,6,0,0
339321,15,15,4,0,0,0,1,0,0
246540,106,62,28,0,0,0,18,0,0
323598,16,13,6,0,0,0,0,0,0
94063,8,8,2,0,0,0,0,0,0
420058,121,82,28,0,0,1,23,0,0
441355,87,61,23,0,0,3,6,0,0
21836,29,28,12,0,0,0,0,0,0
234273,89,60,29,0,0,0,5,0,0
218637,77,48,15,0,0,0,15,0,0
433969,232,158,63,0,0,1,12,0,0
495599,20,18,0,0,0,0,1,0,0
43544,14,14,4,0,0,0,0,0,0
176972,70,49,13,1,1,4,11,0,0
521657,456,170,114,0,0,0,88,0,0
399483,193,131,67,0,0,0,2,0,0
466522,67,45,20,0,0,0,7,0,0
378488,16,15,4,0,0,0,2,0,0
375949,10,7,1,0,0,0,0,0,0
338305,157,95,64,0,0,0,13,0,0
301861,243,118,89,0,0,0,21,0,0
508807,420,188,145,0,0,0,22,0,0
268669,8,8,3,0,0,0,0,0,0
193690,232,130,44,0,0,1,41,0,0
13209,769,318,288,4,1,18,54,0,0
177360,576,227,176,1,1,1,29,1,0
318527,15429,3135,4526,10,8,4,883,4,0
390870,291,174,99,0,0,0,14,0,0
227570,131,83,22,0,0,1,36,0,0
296988,20,20,8,0,0,0,2,0,0
381559,3,2,0,0,0,0,2,0,0
298985,9,8,4,0,0,0,0,0,0
111878,29,26,10,0,0,0,4,0,0
20035,30,27,10,0,0,0,1,0,0
480356,12,11,6,0,0,0,1,0,0
373582,20,14,3,0,0,0,7,0,0
432414,106,81,32,1,1,0,7,0,0
476745,217,114,43,0,0,0,20,0,0
219229,58,50,12,0,0,0,10,0,0
60800,81,68,24,0,0,0,6,0,0
28006,17,17,4,0,0,0,1,0,0
379315,161,107,52,1,1,2,21,0,0
318366,469,284,129,0,0,0,33,3,0
210022,140,103,53,0,0,0,3,0,0
480073,45,42,10,0,0,0,4,0,0
512217,292,155,82,0,0,0,24,0,0
421411,62,34,9,0,0,0,21,0,0
39216,4,4,0,0,0,0,1,0,0
211235,366,201,81,0,0,1,64,0,0
512994,110,84,39,0,0,0,11,0,0
272280,20,16,7,0,0,0,1,0,0
506289,12,12,3,0,0,0,0,0,0
4046,164,90,25,0,0,0,59,0,0
180264,28,26,11,0,0,0,2,0,0
284314,199,126,65,0,0,0,0,1,0
428513,770,176,85,58,3,0,187,0,0
396219,6,6,2,0,0,0,1,0,0
291305,204,137,42,0,0,0,56,1,0
515783,97,67,35,3,3,1,14,0,0
276860,39,33,2,0,0,0,5,0,0
177963,25,23,12,0,0,0,1,0,0
180124,398,161,128,0,0,0,53,0,0
181578,117,81,17,0,0,0,31,0,0
519035,42,39,15,0,0,0,1,0,0
298727,359,146,92,0,0,11,27,0,0
72889,30,21,3,0,0,0,4,0,0
263571,148,106,31,0,0,0,29,1,0
28801,98,72,29,0,0,1,6,1,0
465433,26,23,8,0,0,0,0,0,0
41675,666,266,231,0,0,25,36,1,0
450499,166,105,54,1,1,4,10,0,0
88940,795,315,251,0,0,0,93,0,0
484559,41,28,5,2,1,0,6,0,0
80716,1014,437,324,0,0,7,74,1,0
122175,45,39,20,0,0,0,3,0,0
459658,282,112,54,0,0,0,62,1,0
64780,125,90,42,0,0,0,3,0,0
294136,159,86,38,0,0,3,10,0,0
167891,18,18,6,0,0,0,0,0,0
123810,256,107,42,0,0,14,28,0,0
249412,215,110,63,8,1,1,21,0,0
212939,49,37,18,0,0,0,2,0,0
322400,243,150,75,1,1,3,16,0,0
503358,775,446,206,2,1,0,70,1,0
63525,47,36,17,1,1,0,4,0,0
218082,626,300,158,1,1,10,78,0,0
504750,78,63,14,0,0,1,8,0,0
392094,98,70,36,0,0,0,6,0,0
212100,135,91,44,0,0,1,7,0,0
523022,79,52,19,0,0,0,10,0,0
490024,317,192,104,0,0,2,13,0,0
306547,530,225,185,0,0,0,27,0,0
141896,262,128,91,0,0,0,17,0,0
95939,308,157,107,1,1,1,14,0,0
188685,592,237,169,0,0,0,83,0,0
172769,24,23,7,0,0,0,3,0,0
298894,276,153,100,0,0,3,14,1,0
96754,85,53,25,0,0,0,0,1,0
276162,10,10,4,0,0,0,0,0,0
368039,11,10,5,0,0,0,1,0,0
55305,60,47,24,0,0,0,0,0,0
203115,165,100,50,0,0,3,17,0,0
251447,163,105,45,0,0,0,11,0,0
253360,162,101,53,0,0,0,9,0,0
176631,250,140,81,1,1,1,10,2,0
271378,18,16,9,0,0,0,0,0,0
248265,858,385,266,8,4,2,35,1,0
495994,19,16,0,0,0,0,1,0,0
497218,32,29,8,0,0,0,2,0,0
200276,157,97,59,0,0,0,6,0,0
134745,14,12,3,0,0,0,2,0,0
103498,162,104,62,0,0,0,2,0,0
164662,294,151,118,0,0,0,12,0,0
197086,25,24,0,1,1,1,4,0,0
89346,92,62,21,0,0,0,27,0,0
278650,227,141,55,5,1,2,18,2,0
264941,21,21,6,0,0,0,0,0,0
499491,51,44,13,0,0,1,4,0,0
169418,246,125,60,2,1,3,43,2,0
30604,278,144,115,0,0,0,6,0,0
404855,76,57,21,0,0,0,12,0,0
162521,7,7,2,0,0,0,0,0,0
70922,231,142,56,1,1,2,33,0,0
437966,173,139,34,0,0,0,23,1,0
273190,32,28,15,0,0,0,0,0,0
396280,73,51,12,0,0,0,11,0,0
208357,37,29,14,1,1,0,4,0,0
197838,470,260,157,2,2,16,39,1,0
143386,53,42,19,0,0,0,0,0,0
429920,66,54,17,1,1,1,8,0,0
451504,23,21,4,0,0,0,2,0,0
136881,204,114,6,0,0,29,75,0,0
269970,463,263,135,0,0,0,10,0,0
198276,71,52,31,0,0,0,1,0,0
426872,489,243,119,0,0,33,77,0,0
133463,238,122,66,0,0,0,47,1,0
276454,11,10,0,0,0,0,2,0,0
383405,420,229,128,0,0,0,11,2,0
13963,9,9,2,0,0,0,2,0,0
49727,482,225,174,2,1,0,17,0,0
361359,62,41,24,0,0,0,0,0,0
167978,78,60,28,0,0,0,6,1,0
423145,51,46,16,0,0,0,1,0,0
328192,108,68,34,0,0,0,19,0,0
165447,235,104,97,0,0,0,25,0,0
172714,60,47,24,0,0,0,4,0,0
340173,329,151,104,1,1,10,36,0,0
164680,119,79,54,0,0,0,6,0,0
425055,40,30,8,0,0,0,11,0,0
292621,259,133,87,0,0,0,9,0,0
375339,299,192,107,1,1,0,12,0,0
44127,625,291,194,1,1,1,34,0,0
463197,236,123,89,0,0,0,11,0,0
496702,282,123,114,0,0,0,2,0,0
278658,45,37,11,1,1,0,1,1,0
205973,174,118,67,0,0,0,5,0,0
151260,460,246,141,3,1,1,10,2,0
155817,268,154,87,0,0,8,21,0,0
518303,266,172,82,0,0,0,14,0,0
14823,30,23,8,0,0,0,0,0,0
504120,194,121,66,1,1,1,1,0,0
95706,41,35,16,0,0,0,2,0,0
173829,75,59,24,0,0,0,3,0,0
250509,104,53,12,0,0,0,17,0,0
92021,664,294,162,35,17,2,76,0,0
307269,78,63,27,0,0,2,5,0,0
493287,129,94,51,0,0,0,9,0,0
484152,332,173,122,0,0,4,20,1,0
353919,43,37,12,0,0,1,4,0,0
144827,277,28,20,0,0,0,62,0,0
470101,164,102,48,0,0,3,11,1,0
498625,132,88,42,0,0,0,5,0,0
498088,107,69,27,0,0,1,5,0,0
48585,13,12,3,1,1,0,0,0,0
260257,97,78,20,0,0,0,14,0,0
479416,178,127,37,0,0,0,20,0,0
143709,24,22,0,0,0,0,4,0,0
210597,938,249,232,2,1,36,152,0,0
501612,111,79,27,0,0,0,9,0,0
220493,504,252,129,13,2,2,45,1,0
351918,23,21,1,0,0,1,3,0,0
341797,18,17,2,0,0,0,3,0,0
138671,364,191,142,0,0,0,18,1,0
146862,70,51,34,0,0,0,0,0,0
151353,358,158,136,0,0,0,18,1,0
420972,186,110,56,1,1,5,16,0,0
133483,109,62,26,0,0,2,17,0,0
393637,190,110,60,0,0,0,6,0,0
226590,193,132,60,0,0,0,9,0,0
180829,157,101,36,2,2,1,24,0,0
97290,169,87,26,0,0,0,45,0,0
17923,114,70,36,2,1,0,8,1,0
114254,80,60,20,0,0,0,5,1,0
442155,107,70,49,0,0,0,7,0,0
221465,76,42,5,0,0,6,26,0,0
318398,42,38,6,0,0,0,5,0,0
140243,445,238,135,2,2,1,35,0,0
392583,89,65,25,0,0,0,4,0,0
40790,559,197,87,15,1,0,65,0,0
123969,346,154,79,0,0,0,37,0,0
30354,118,83,33,0,0,0,14,0,0
398321,107,60,27,0,0,0,8,0,0
179950,688,256,198,0,0,0,97,0,0
426895,514,246,132,0,0,12,31,1,0
212973,912,372,340,0,0,1,28,0,0
209612,447,218,164,1,1,0,14,0,0
381451,136,90,45,0,0,1,6,0,0
288308,196,92,20,0,0,12,73,0,0
164083,154,77,47,5,4,1,11,0,0
429213,186,116,63,0,0,0,11,0,0
93396,29,25,7,1,1,0,2,0,0
383531,196,123,66,2,1,0,10,1,0
9685,40,34,9,1,1,0,7,0,0
313765,261,135,72,0,0,13,29,1,0
447503,402,298,54,0,0,1,86,0,0
430141,237,110,59,0,0,0,20,0,0
301818,50,27,12,0,0,0,0,0,0
474369,516,202,92,1,1,91,136,1,0
518412,1546,635,473,0,0,0,216,0,0
495405,18,18,2,0,0,0,3,0,0
157635,142,76,32,0,0,0,33,1,0
515221,185,92,69,1,1,1,17,0,0
487586,215,115,68,6,2,0,17,1,0
258855,30,23,14,0,0,0,2,0,0
340033,529,252,132,0,0,0,99,0,0
443113,19,17,8,0,0,0,1,0,0
322408,1639,510,495,0,0,0,89,1,0
386013,458,212,162,0,0,2,45,0,0
93494,143,95,43,0,0,2,8,1,0
182949,53,42,18,0,0,0,1,0,0
336582,534,195,128,1,1,5,99,1,0
55206,17768,2986,5410,5,4,3,392,3,0
433163,6,6,2,0,0,0,0,0,0
13334,1647,500,646,1,1,1,87,0,0
261119,12,12,4,0,0,0,0,0,0
219851,451,212,159,0,0,0,33,0,0
157297,125,103,32,0,0,0,15,1,0
344724,188,122,64,0,0,0,13,0,0
443269,37,37,14,0,0,0,1,0,0
107117,204,101,73,0,0,0,8,0,0
479005,177,122,62,1,1,1,12,2,0
310832,203,120,57,2,1,4,17,0,0
347448,554,220,141,1,1,1,44,1,0
235568,145,73,63,0,0,0,11,0,0
107941,374,151,155,0,0,0,11,1,0
268970,20,19,7,0,0,0,0,0,0
204229,505,237,161,0,0,2,43,0,0
110064,454,210,162,0,0,0,34,0,0
1305,614,307,157,17,3,1,76,1,0
482720,840,339,69,2,1,11,323,1,0
334856,30,28,9,0,0,0,2,0,0
443679,44,38,15,0,0,0,3,0,0
257896,114,58,35,0,0,0,10,0,0
355242,19,16,8,0,0,0,3,0,0
497572,13,12,6,0,0,0,0,0,0
484350,62,53,14,0,0,0,5,0,0
143430,61,45,26,0,0,0,1,0,0
505165,60,47,17,0,0,0,5,0,0
463234,685,288,268,0,0,0,19,1,0
225471,114,83,42,0,0,0,6,0,0
431210,883,334,293,0,0,0,100,1,0
183838,87,66,25,0,0,1,8,0,0
59762,337,198,78,0,0,23,54,0,0
340024,218,128,62,0,0,5,19,0,0
378705,122,95,31,0,0,1,11,0,0
264429,212,125,72,0,0,1,5,0,0
36198,133,89,41,0,0,0,7,0,0
180010,60,52,19,1,1,1,3,0,0
451826,10,10,1,0,0,0,1,0,0
250997,423,205,123,2,2,1,12,3,0
305996,222,142,78,0,0,0,14,0,0
47300,518,257,185,0,0,1,22,0,0
476929,11,10,6,0,0,0,1,0,0
301375,131,95,44,0,0,0,3,0,0
213438,213,94,49,0,0,12,30,0,0
181785,99,69,23,0,0,0,5,0,0
229400,131,80,29,0,0,0,11,0,0
217420,228,123,56,1,1,3,19,1,0
68793,118,73,31,0,0,0,5,0,0
286354,131,87,14,0,0,0,28,1,0
157659,99,58,35,0,0,0,7,1,0
515488,196,142,66,1,1,2,16,0,0
415564,1948,463,566,1,1,0,62,2,0
370534,66,49,22,0,0,0,0,0,0
10625,458,226,75,0,0,20,62,1,0
57959,6,6,2,0,0,0,1,0,0
197407,50,42,3,1,1,3,23,0,0
249583,201,119,69,3,1,0,10,0,0
84770,31,28,0,0,0,0,5,0,0
450269,32,31,7,0,0,0,3,0,0
303318,120,83,38,0,0,1,13,0,0
216051,43,39,17,0,0,1,1,0,0
119395,157,94,70,1,1,0,5,0,0
305237,104,80,33,0,0,1,5,0,0
348456,114,80,33,0,0,0,1,1,0
180917,240,137,82,0,0,1,35,0,0
391015,181,116,22,1,1,2,29,1,0
213340,190,124,42,0,0,0,13,0,0
444510,90,61,26,0,0,0,8,1,0
454322,3135,1230,535,19,7,2,279,3,0
498499,22,18,4,0,0,2,5,0,0
205707,849,197,87,0,0,0,279,0,0
429909,362,232,76,1,1,32,67,0,0
442129,121,82,36,0,0,3,11,0,0
432866,59,51,22,0,0,0,4,1,0
70989,107,70,37,0,0,0,6,0,0
241564,575,263,199,0,0,0,20,0,0
443731,14,14,5,0,0,0,0,0,0
429452,1780,655,614,2,1,21,108,2,0
12841,58,32,7,0,0,6,9,0,0
380046,53,41,20,0,0,0,1,0,0
409645,71,62,15,0,0,1,5,0,0
104050,43,33,4,0,0,7,14,0,0
326631,28,25,7,0,0,0,1,0,0
412221,317,151,103,0,0,0,40,0,0
279354,160,109,56,2,1,1,10,0,0
175701,231,125,74,0,0,2,21,0,0
420511,122,76,26,1,1,4,18,1,0
496153,619,261,186,0,0,0,52,2,0
251620,18,18,3,0,0,0,1,0,0
185089,148,128,11,0,0,0,32,0,0
219817,888,359,263,0,0,0,83,1,0
188589,130,90,34,0,0,0,17,0,0
404045,49,44,11,0,0,0,4,1,0
69035,195,132,49,1,1,2,11,0,0
429746,46,40,17,0,0,0,2,0,0
181800,39,29,19,0,0,0,3,0,0
139982,71,50,25,0,0,0,1,0,0
427472,298,166,125,0,0,2,4,0,0
320011,361,204,141,0,0,0,16,0,0
88559,3117,968,358,0,0,3,771,1,0
63310,11,11,3,0,0,0,1,0,0
3581,36,34,13,0,0,0,2,0,0
111709,61,51,5,0,0,3,15,0,0
247227,588,288,170,0,0,4,90,0,0
433970,1045,613,257,9,9,1,170,0,0
196844,135,96,31,0,0,0,17,0,0
360370,118,88,41,1,1,5,16,0,0
412372,334,154,115,0,0,0,16,1,0
41854,86,56,36,0,0,0,7,0,0
193522,56,44,11,0,0,0,8,0,0
223198,485,255,151,0,0,0,50,0,0
168125,219,122,88,0,0,0,17,0,0
402028,85,57,31,0,0,0,11,0,0
411031,53,42,13,0,0,1,5,0,0
372328,58,47,15,0,0,0,9,0,0
209434,44,34,9,0,0,0,8,0,0
174651,120,79,42,0,0,0,4,0,0
118721,154,63,24,0,0,17,42,0,0
21587,22,22,6,0,0,0,1,0,0
130761,10,9,3,0,0,0,0,0,0
138500,188,125,54,2,1,1,7,0,0
133543,19,18,5,0,0,0,0,0,0
472787,330,177,130,0,0,0,8,1,0
488944,39,29,16,0,0,0,1,0,0
147969,50,33,4,0,0,0,6,0,0
86911,33,29,12,0,0,0,1,0,0
335330,5,5,2,0,0,0,0,0,0
7018,9,9,0,0,0,0,1,0,0
113986,150,89,38,0,0,0,15,0,0
433327,85,61,35,0,0,0,3,0,0
220096,289,156,89,0,0,0,24,0,0
323795,125,86,53,0,0,0,2,1,0
215442,87,67,30,0,0,0,1,0,0
166191,482,263,88,0,0,1,78,0,0
124204,15,13,5,0,0,0,0,0,0
98038,9,8,0,0,0,0,5,0,0
257631,59,40,34,0,0,0,0,0,0
183796,80,61,25,0,0,2,3,0,0
309519,185,110,46,0,0,0,15,0,0
154631,79,63,22,0,0,0,4,0,0
119524,193,81,60,0,0,0,25,0,0
234883,25,23,6,0,0,0,2,0,0
458546,36,30,5,0,0,0,10,0,0
25813,182,100,47,0,0,0,39,0,0
382757,75,55,21,0,0,0,2,0,0
463589,15,14,6,0,0,0,1,0,0
175368,60,47,26,0,0,0,4,0,0
166406,400,231,116,0,0,1,43,0,0
498450,246,146,95,0,0,2,18,0,0
346608,146,90,61,0,0,0,5,0,0
244939,182,110,22,0,0,0,38,0,0
459224,82,59,32,0,0,0,11,0,0
33861,24,21,2,0,0,0,1,0,0
438886,123,66,27,1,1,0,11,0,0
428173,173,117,71,0,0,2,4,0,0
481516,175,110,50,0,0,4,9,0,0
41381,396,194,143,0,0,0,20,1,0
467877,94,76,33,0,0,0,2,0,0
489450,450,235,176,0,0,0,26,0,0
117703,12,11,5,0,0,0,0,0,0
337483,275,136,82,0,0,0,33,0,0
112674,235,109,54,0,0,0,18,0,0
334880,24,23,10,0,0,0,0,0,0
474890,31,27,14,0,0,0,0,0,0
85906,172,97,48,0,0,0,19,0,0
51454,119,97,14,0,0,0,25,1,0
384466,201,120,53,0,0,6,29,0,0
10431,5,5,2,0,0,0,1,0,0
427063,152,100,60,0,0,0,7,0,0
183150,60,48,24,0,0,0,2,0,0
513709,389,183,122,0,0,0,20,0,0
396384,640,322,165,0,0,0,41,0,0
392415,47,41,6,0,0,0,7,0,0
160778,401,190,130,1,1,4,30,1,0
493606,4,4,0,0,0,0,0,0,0
484389,27,22,5,1,1,0,2,0,0
277945,98,41,9,0,0,0,18,0,0
72636,4637,1286,1108,25,24,13,452,2,0
197541,37,34,8,0,0,1,4,0,0
389797,34,28,13,0,0,0,1,0,0
288966,423,224,89,0,0,1,69,0,0
260647,187,100,56,0,0,0,4,0,0
334196,56,48,13,0,0,0,4,0,0
181390,87,68,31,0,0,0,3,0,0
260789,124,87,41,0,0,4,14,0,0
489219,196,121,49,0,0,1,13,0,0
349936,185,91,40,0,0,11,28,0,0
241979,482,261,146,0,0,0,32,0,0
490133,7,7,3,0,0,0,1,0,0
206319,54,46,10,1,1,1,6,0,0
221312,288,134,117,0,0,0,8,0,0
331914,205,118,83,0,0,0,3,1,0
320658,30,27,7,0,0,0,0,0,0
253917,23,22,9,0,0,0,1,0,0
32617,102,69,39,0,0,0,6,0,0
381534,3,2,0,0,0,0,2,0,0
380090,152,90,29,0,0,0,30,0,0
284523,30,28,10,0,0,0,2,0,0
227325,201,126,63,0,0,3,21,0,0
50796,97,65,35,0,0,0,0,0,0
156005,2009,759,646,2,1,1,178,1,0
283194,242,136,65,0,0,0,41,1,0
57048,76,47,27,0,0,0,6,0,0
207293,111,82,29,0,0,0,11,1,0
472198,144,88,44,2,1,0,9,2,0
200888,161,102,61,1,1,0,8,0,0
492695,15,13,3,0,0,0,2,0,0
152681,482,222,44,0,0,2,122,0,0
99845,120,74,35,0,0,0,20,0,0
234763,1517,575,438,0,0,0,44,1,0
323186,298,165,120,0,0,0,15,1,0
196808,694,282,238,0,0,4,28,0,0
453453,77,54,32,0,0,0,4,0,0
30873,269,137,48,0,0,0,102,0,0
55995,756,385,209,1,1,3,28,1,0
216762,134,104,47,0,0,0,10,0,0
439014,42,32,2,0,0,0,6,0,0
486201,58,52,16,0,0,1,5,0,0
414653,151,91,56,0,0,0,2,0,0
515955,75,71,4,0,0,0,19,0,0
425834,231,110,41,0,0,9,19,0,0
149718,80,47,18,0,0,5,12,0,0
244947,50,44,11,0,0,0,1,0,0
236771,711,298,221,0,0,5,58,1,0
295501,251,146,25,1,1,3,35,0,0
267111,298,177,97,0,0,0,4,0,0
184104,274,157,103,0,0,1,4,0,0
66737,42,29,6,0,0,2,3,0,0
101316,159,101,28,0,0,0,36,1,0
48962,216,126,74,0,0,5,12,1,0
115059,1265,555,413,5,2,2,111,0,0
391428,11,11,4,0,0,0,0,0,0
50288,150,122,16,0,0,0,33,0,0
488602,74,58,32,0,0,0,0,0,0
470814,276,162,90,7,2,1,8,1,0
132176,60,52,10,0,0,2,7,0,0
334533,314,159,115,0,0,0,15,0,0
24555,104,81,28,1,1,2,14,0,0
494948,21,15,3,0,0,0,5,0,0
202388,180,112,63,0,0,2,20,0,0
86191,138,88,41,0,0,0,20,0,0
96635,72,51,27,0,0,0,7,0,0
410638,73,57,24,0,0,0,0,0,0
12735,35,32,3,0,0,0,4,0,0
404393,117,77,29,0,0,1,11,0,0
52596,109,77,38,1,1,1,7,0,0
167562,839,350,315,2,2,2,32,2,0
310566,138,93,55,0,0,2,6,0,0
4088,73,63,14,0,0,1,7,0,0
224543,98,72,39,0,0,0,3,0,0
73164,403,178,36,0,0,90,149,0,0
439177,66,56,20,0,0,0,1,0,0
15182,236,113,45,0,0,0,51,0,0
152650,184,115,45,0,0,7,26,0,0
135344,191,88,4,0,0,0,93,0,0
500120,24,22,0,0,0,0,4,0,0
73863,37,30,9,0,0,0,7,0,0
116371,104,83,37,0,0,0,4,0,0
196191,91,57,27,0,0,0,20,0,0
434433,110,76,34,0,0,1,2,0,0
88129,317,164,118,0,0,0,20,0,0
187935,148,75,33,0,0,0,24,0,0
43572,165,115,45,0,0,0,6,0,0
251263,73,57,20,0,0,0,10,0,0
142449,124,88,41,0,0,0,1,0,0
406629,37,32,15,0,0,0,1,0,0
234361,232,138,53,0,0,0,14,1,0
275784,24,22,0,0,0,0,4,0,0
391264,8,6,0,0,0,0,3,0,0
8937,87,63,28,0,0,2,7,1,0
388025,324,155,99,0,0,8,38,0,0
137565,164,113,69,0,0,0,0,1,0
396249,923,456,304,0,0,14,63,0,0
151436,160,111,53,0,0,0,8,0,0
444751,232,143,72,1,1,0,9,0,0
35200,35,34,15,0,0,0,0,0,0
149950,235,140,53,0,0,1,51,0,0
399880,381,235,80,3,1,1,46,1,0
488309,37,35,15,0,0,0,1,0,0
370281,59,41,26,0,0,0,1,0,0
303228,177,102,31,0,0,4,30,0,0
268694,85,58,40,0,0,0,1,0,0
468881,86,60,36,1,1,0,11,0,0
73104,37,29,15,1,1,0,1,0,0
232170,585,296,153,0,0,2,33,2,0
77921,60,45,20,0,0,0,6,0,0
74653,34,30,9,0,0,0,2,0,0
29068,714,347,208,0,0,0,75,0,0
79898,110,74,38,0,0,0,5,0,0
416187,448,214,170,0,0,1,10,0,0
255018,15,15,6,0,0,0,1,0,0
65578,39,36,7,0,0,1,1,0,0
252256,7,7,1,0,0,0,1,0,0
371435,248,149,96,0,0,0,5,0,0
228926,74,43,13,1,1,3,3,0,0
303628,220,129,74,1,1,5,13,1,0
464780,312,164,73,0,0,0,23,0,0
241707,106,68,47,0,0,0,2,0,0
368960,417,211,175,0,0,2,6,0,0
311110,16,15,5,1,1,0,0,0,0
214095,70,51,11,0,0,0,13,0,0
213458,213,116,69,0,0,0,27,1,0
201199,472,226,173,0,0,4,32,0,0
407709,469,198,141,0,0,3,52,0,0
412599,58,45,18,0,0,0,3,0,0
524784,87,61,29,0,0,0,14,0,0
478870,71,53,21,1,1,1,13,1,0
207436,161,100,44,0,0,0,1,1,0
435502,132,101,34,1,1,0,2,0,0
394494,275,145,24,0,0,0,86,0,0
355285,49,42,12,0,0,1,5,0,0
80966,154,93,28,0,0,3,19,0,0
163591,374,190,78,0,0,0,51,1,0
32904,553,156,93,0,0,0,91,0,0
391575,123,65,35,0,0,0,7,1,0
385812,380,204,129,0,0,3,27,0,0
257464,21,20,4,0,0,0,4,0,0
152208,1029,542,87,0,0,204,334,0,0
109541,120,82,47,0,0,0,2,0,0
423855,32,26,8,0,0,0,1,0,0
440248,34,33,16,0,0,0,1,0,0
375056,29,28,11,0,0,0,1,0,0
494609,326,231,63,1,1,0,40,0,0
26698,173,122,66,0,0,0,2,0,0
152044,166,90,44,1,1,8,32,0,0
181914,111,83,40,0,0,0,1,0,0
432641,230,120,20,0,0,0,100,0,0
376542,6,6,2,0,0,0,0,0,0
454187,124,66,29,0,0,0,28,0,0
259369,25,24,10,0,0,0,2,1,0
92160,131,104,41,0,0,0,11,0,0
501684,52,44,18,0,0,0,0,0,0
384098,123,99,24,0,0,3,18,1,0
360128,175,86,41,2,1,10,24,0,0
81448,65,46,21,0,0,0,8,0,0
338812,429,187,121,0,0,0,11,2,0
108514,327,123,124,0,0,0,30,2,0
41146,40,36,3,0,0,2,7,0,0
482321,241,135,83,0,0,0,8,0,0
71012,505,286,174,0,0,1,15,1,0
358910,255,148,109,0,0,2,4,1,0
357929,73,60,23,0,0,0,4,0,0
299381,216,124,71,0,0,0,18,1,0
457289,140,89,45,0,0,0,14,0,0
78379,290,187,47,0,0,40,83,0,0
452484,283,123,94,0,0,0,41,0,0
76932,509,243,104,0,0,2,53,0,0
140508,77,56,35,0,0,0,0,0,0
228473,20,20,5,0,0,0,5,0,0
330984,24,22,0,0,0,0,4,0,0
257330,45,37,12,0,0,0,3,0,0
340113,54,35,28,0,0,0,1,0,0
507418,57,45,20,0,0,0,1,0,0
249165,49,44,11,0,0,0,4,1,0
119528,234,125,70,7,2,2,26,0,0
58011,29,27,11,0,0,0,1,0,0
357938,74,53,15,0,0,3,8,0,0
367833,12,11,5,0,0,0,3,0,0
108480,16,16,7,0,0,0,0,0,0
371187,23,22,7,0,0,0,0,0,0
273701,402,274,93,4,2,2,21,0,0
77823,16,15,4,0,0,0,1,0,0
290438,428,155,39,1,1,3,106,0,0
402982,83,62,11,1,1,6,20,0,0
311811,231,83,40,0,0,3,43,0,0
309501,83,62,27,0,0,1,2,0,0
130561,105,78,40,0,0,0,5,0,0
330925,24,22,0,0,0,0,4,0,0
105124,576,253,176,0,0,0,78,0,0
133600,2,2,0,0,0,0,0,0,0
12260,175,92,48,1,1,0,23,2,0
54135,51,38,25,0,0,0,1,0,0
241920,401,191,148,0,0,0,13,1,0
297229,37,33,13,0,0,0,1,0,0
315392,179,94,44,0,0,0,23,0,0
393618,62,40,5,0,0,2,7,0,0
331947,196,99,44,0,0,0,15,0,0
198941,46,32,15,0,0,0,6,0,0
27762,291,147,75,2,1,3,53,0,0
410830,84,52,18,0,0,1,10,0,0
404265,27,26,4,1,1,0,4,0,0
468256,608,223,222,0,0,0,30,0,0
335668,207,130,63,1,1,2,10,1,0
231166,11,11,4,0,0,0,0,0,0
131322,62,48,24,0,0,0,6,0,0
400362,32,27,11,0,0,0,1,0,0
453977,23,19,6,0,0,0,1,0,0
149341,2461,640,554,46,4,1,127,2,0
354834,39,37,4,0,0,1,6,0,0
463100,28,27,10,0,0,0,0,0,0
390029,8,8,5,0,0,0,0,0,0
132811,171,92,48,2,1,2,7,0,0
211399,95,68,26,0,0,0,23,0,0
104068,5,4,0,0,0,0,2,0,0
59339,57,46,20,0,0,0,3,0,0
303974,244,136,31,1,1,2,32,0,0
308955,645,291,230,0,0,3,59,1,0
76217,4956,1302,1150,128,84,3,450,0,0
86229,322,178,106,0,0,0,31,0,0
451715,37,34,13,0,0,0,2,0,0
100796,52,43,21,0,0,0,6,0,0
7401,91,77,25,0,0,2,17,0,0
174567,159,106,54,0,0,3,19,0,0
435753,38,33,14,0,0,0,2,0,0
68941,23,22,6,0,0,0,1,0,0
231161,313,170,107,1,1,1,21,0,0
427439,51,41,23,0,0,0,2,0,0
446720,774,271,235,2,2,2,77,1,0
281360,465,316,91,2,1,1,66,1,0
218886,172,92,47,0,0,0,21,0,0
95818,10,7,1,0,0,0,0,0,0
125717,9,9,2,0,0,0,0,0,0
499029,96,77,31,0,0,0,1,0,0
263462,159,105,62,1,1,1,8,0,0
444616,17,17,4,0,0,0,0,0,0
280438,37,29,10,0,0,0,0,0,0
289641,104,76,44,0,0,0,4,1,0
57419,116,70,42,0,0,0,2,0,0
519806,180,119,52,0,0,0,13,0,0
364389,217,159,78,1,1,0,3,0,0
466915,539,267,167,0,0,4,24,0,0
229693,200,128,68,0,0,0,14,1,0
73971,133,99,47,0,0,0,11,0,0
226440,452,253,150,1,1,0,24,0,0
193513,483,241,176,0,0,5,18,2,0
382578,32,29,13,0,0,0,2,0,0
50173,15,15,6,0,0,0,1,0,0
362198,9,9,4,0,0,0,0,0,0
260068,34,30,13,0,0,0,2,0,0
76066,1822,721,565,1,1,0,126,2,0
182233,242,133,48,0,0,0,27,1,0
125570,75,53,23,0,0,0,4,0,0
9237,258,156,46,0,0,0,33,0,0
464758,13,13,7,0,0,0,0,0,0
462899,21,20,8,0,0,0,0,0,0
369312,127,82,51,0,0,0,4,0,0
485104,27,22,5,1,1,0,2,0,0
140615,173,139,34,0,0,0,23,1,0
421429,519,259,149,11,7,2,46,2,0
124715,655,256,169,0,0,0,90,2,0
245682,67,59,3,0,0,2,14,0,0
53252,29,25,9,0,0,0,3,0,0
222928,1330,540,503,0,0,0,14,1,0
457424,121,70,34,0,0,0,19,0,0
330592,120,34,21,0,0,0,5,0,0
361835,249,140,97,0,0,4,9,1,0
274345,201,120,71,0,0,0,7,0,0
185206,134,87,43,0,0,1,18,0,0
502452,269,133,39,6,3,15,46,2,0
380722,30,25,15,0,0,0,1,0,0
384806,2342,846,131,0,0,0,1012,0,0
420657,206,109,47,0,0,2,21,0,0
196207,31,31,12,0,0,0,1,0,0
393808,506,186,122,8,2,0,57,1,0
259228,39,34,8,0,0,0,3,0,0
467404,266,126,86,0,0,1,35,0,0
226158,18,17,6,0,0,0,0,0,0
301000,24,21,6,0,0,0,0,1,0
96341,173,111,48,2,1,0,6,0,0
197379,5,5,0,0,0,0,0,0,0
384871,87,64,29,0,0,0,7,0,0
2226,183,112,63,0,0,2,17,0,0
226155,382,180,129,0,0,0,20,1,0
474785,131,83,32,0,0,4,27,0,0
322995,260,153,81,0,0,0,20,0,0
419105,155,91,30,0,0,0,27,1,0
128887,87,67,32,0,0,0,10,0,0
322026,630,243,229,0,0,0,14,0,0
67213,57,41,13,2,1,0,5,0,0
112281,85,54,16,0,0,0,11,0,0
240413,12,12,6,0,0,0,0,0,0
343561,421,162,157,15,4,0,12,1,0
344420,147,105,46,0,0,0,10,0,0
94657,14,12,2,1,1,0,3,0,0
81047,187,102,38,0,0,4,23,0,0
102988,10,8,0,0,0,0,6,0,0
429537,284,159,78,6,1,0,7,1,0
135135,330,190,74,0,0,22,65,0,0
71166,124,91,42,0,0,3,10,0,0
426704,138,90,57,0,0,0,4,0,0
252526,92,67,26,0,0,0,4,0,0
297945,156,93,56,0,0,0,15,0,0
506016,58,52,4,0,0,1,10,0,0
53427,341,203,122,2,1,3,13,1,0
264511,212,124,72,0,0,1,2,0,0
377585,72,53,26,0,0,0,2,0,0
46376,99,55,33,0,0,3,2,0,0
416291,18,18,7,0,0,0,0,0,0
457447,66,44,15,0,0,0,16,0,0
165729,284,158,106,0,0,0,7,0,0
214023,44,38,13,0,0,0,0,0,0
26276,564,276,150,0,0,0,34,3,0
373603,6,6,2,0,0,0,1,0,0
250923,310,189,86,0,0,1,34,0,0
425163,168,87,26,0,0,0,54,0,0
510097,19,15,9,0,0,0,2,0,0
182938,52,39,22,0,0,0,1,0,0
489099,37,32,8,1,1,0,2,0,0
382839,585,244,160,0,0,4,46,1,0
461067,81,55,39,0,0,0,1,0,0
64635,264,146,72,0,0,0,8,0,0
236913,128,95,31,0,0,5,14,0,0
117072,30,30,4,0,0,1,1,0,0
361582,215,136,71,0,0,0,5,1,0
79248,449,215,148,0,0,11,31,1,0
492941,1499,735,377,7,4,1,95,1,0
515804,29,21,9,0,0,0,4,0,0
487589,69,59,30,0,0,0,2,0,0
161977,231,117,85,1,1,1,7,2,0
65811,357,154,85,0,0,0,21,1,0
236926,3713,1293,1327,2,2,4,168,2,0
263341,69,53,19,0,0,7,15,0,0
125246,268,138,105,0,0,3,9,0,0
427300,86,64,23,0,0,0,2,0,0
141905,23,21,7,0,0,0,1,0,0
146989,125,83,50,0,0,0,0,0,0
54017,822,361,57,0,0,91,194,1,0
429874,32,29,10,0,0,0,3,0,0
103045,78,61,20,0,0,2,7,0,0
46540,104,55,27,0,0,0,13,1,0
388347,282,172,86,0,0,2,30,1,0
156885,229,116,104,0,0,0,3,1,0
436504,164,124,45,0,0,0,11,0,0
439615,24,22,0,0,0,0,4,0,0
350990,34,31,7,0,0,1,3,0,0
333360,116,77,47,0,0,0,8,0,0
288687,116,79,32,0,0,0,5,0,0
471781,757,315,287,0,0,0,27,0,0
416550,135,86,35,0,0,0,15,1,0
431846,24,23,8,0,0,0,0,0,0
392368,5,5,0,0,0,0,1,0,0
374631,308,179,105,0,0,0,18,0,0
105282,81,55,29,1,1,0,1,0,0
476357,77,70,10,0,0,0,6,1,0
252725,759,327,259,0,0,0,63,1,0
381642,85,68,20,0,0,0,11,0,0
183319,5,5,0,0,0,0,0,0,0
203929,173,122,69,0,0,0,7,1,0
428558,869,403,354,0,0,0,41,1,0
404601,57,43,23,0,0,0,2,0,0
150997,24,19,15,0,0,0,0,0,0
202537,115,74,26,0,0,1,24,0,0
289803,12,11,6,0,0,0,0,0,0
113364,254,141,81,0,0,0,27,0,0
428307,201,133,47,6,3,0,16,1,0
289897,90,69,26,1,1,2,7,0,0
105307,71,45,34,0,0,0,2,0,0
406536,124,59,30,0,0,0,24,0,0
263970,212,123,72,0,0,1,6,0,0
150003,430,131,110,1,1,16,50,0,0
376227,71,55,19,0,0,0,2,1,0
457638,86,63,22,0,0,0,12,1,0
374308,253,169,63,0,0,0,27,0,0
254105,457,265,78,1,1,36,82,1,0
401251,409,226,152,0,0,2,11,0,0
67870,661,322,89,0,0,78,176,0,0
187468,256,149,82,0,0,1,24,0,0
305198,73,51,30,0,0,0,1,0,0
91758,179,75,22,0,0,3,22,0,0
423054,191,113,84,0,0,0,1,1,0
461701,76,63,17,0,0,0,16,0,0
472199,222,108,64,0,0,0,33,0,0
33752,18,15,0,0,0,0,1,0,0
424183,105,83,33,0,0,0,2,0,0
71544,229,142,100,1,1,0,8,0,0
245104,255,159,98,0,0,3,6,0,0
402501,87,61,36,0,0,0,2,0,0
427848,216,128,68,3,2,1,8,0,0
5361,50,43,13,0,0,1,4,0,0
377610,308,152,63,0,0,4,44,0,0
221725,32,28,4,0,0,2,13,0,0
258555,80,57,14,0,0,1,7,0,0
475209,1102,381,434,0,0,7,57,0,0
214148,445,177,132,0,0,0,73,0,0
295261,92,65,39,0,0,0,2,0,0
31880,46,41,6,0,0,0,3,0,0
301119,563,206,206,0,0,17,41,2,0
436208,394,240,107,4,1,2,46,1,0
436838,291,167,109,0,0,1,8,0,0
493089,194,121,66,1,1,1,1,0,0
447241,31,28,4,0,0,0,5,0,0
339138,359,207,128,0,0,0,8,0,0
17193,306,185,111,0,0,3,6,0,0
461337,2561,1019,482,40,11,2,199,3,0
489901,1762,607,645,0,0,0,88,1,0
163521,163,87,64,0,0,0,2,0,0
502750,366,167,121,0,0,0,75,2,0
418010,502,246,45,0,0,0,219,1,0
236740,911,354,278,0,0,0,56,0,0
42009,54,45,19,0,0,0,2,0,0
4124,15,15,7,0,0,0,0,0,0
449441,127,81,31,1,1,0,11,1,0
375216,202,128,83,0,0,0,5,0,0
342987,61,49,14,0,0,0,7,0,0
280902,3837,1079,893,31,2,1,247,2,0
388367,651,297,250,0,0,1,46,1,0
172205,872,252,248,0,0,0,150,0,0
460598,185,123,81,0,0,0,2,0,0
70171,15929,2983,5102,8,4,3,430,6,0
123749,275,163,88,0,0,2,14,0,0
202358,701,342,189,0,0,1,24,0,0
65490,168,101,57,0,0,0,12,0,0
493330,171,104,38,1,1,3,25,0,0
168277,18,17,3,0,0,0,0,0,0
417182,615,249,230,0,0,5,27,0,0
428976,27,24,8,0,0,0,1,0,0
328888,24,22,0,0,0,0,4,0,0
36117,52,47,15,0,0,0,3,1,0
107614,12,11,5,0,0,0,1,0,0
309395,20,18,7,0,0,0,0,0,0
346940,97,71,40,0,0,0,1,0,0
99788,226,127,40,0,0,0,38,0,0
237812,290,182,57,10,4,0,38,0,0
489406,153,81,29,0,0,0,13,1,0
44433,241,127,91,0,0,0,15,0,0
39487,49,41,21,0,0,0,3,0,0
134956,89,62,38,0,0,0,0,0,0
169034,214,137,55,0,0,0,17,0,0
215517,173,109,49,0,0,0,24,0,0
48845,38,34,18,0,0,0,0,0,0
329716,36,30,2,0,0,0,4,0,0
107687,144,99,44,0,0,0,11,0,0
190302,82,65,24,0,0,0,2,0,0
275149,969,410,298,20,7,1,32,2,0
67598,60,37,14,0,0,0,4,0,0
356481,41,38,5,0,0,1,7,0,0
111250,42,36,15,0,0,0,1,0,0
269953,121,62,37,0,0,2,9,0,0
257531,22,16,7,0,0,0,2,0,0
432494,193,117,81,0,0,0,2,0,0
36780,443,189,141,1,1,33,64,0,0
38149,698,275,243,0,0,0,19,2,0
129032,16,16,4,0,0,0,1,0,0
31,330,157,142,0,0,3,13,0,0
434406,244,145,65,2,2,0,14,0,0
88382,269,154,72,0,0,0,45,0,0
434020,45,41,16,0,0,0,4,0,0
58781,83,49,19,0,0,6,12,0,0
433095,8,8,2,0,0,0,0,0,0
338742,188,111,56,0,0,0,8,0,0
394785,1761,613,412,0,0,0,140,1,0
461478,48,31,3,0,0,0,19,0,0
93886,15,14,5,0,0,0,1,0,0
323957,396,199,84,0,0,0,48,1,0
476309,15,13,4,0,0,0,1,0,0
358102,421,214,153,0,0,0,26,1,0
238525,140,107,43,0,0,0,15,0,0
160431,56,39,13,0,0,1,5,0,0
398934,201,90,21,0,0,0,24,0,0
478087,88,44,21,0,0,0,5,0,0
326777,215,115,73,0,0,0,12,1,0
284037,112,82,44,0,0,3,8,0,0
163886,145,86,45,0,0,2,8,0,0
108767,156,79,56,0,0,0,18,0,0
487086,108,82,35,0,0,2,8,0,0
306393,59,48,23,0,0,0,0,0,0
183259,6,6,2,0,0,0,1,0,0
499519,619,273,182,0,0,0,59,0,0
400799,1189,414,460,0,0,12,45,0,0
303655,34,31,16,0,0,0,0,0,0
433121,131,76,24,0,0,0,47,0,0
401217,37,30,13,0,0,0,3,0,0
377285,72,49,23,0,0,0,7,0,0
277657,58,34,4,0,0,0,7,0,0
504502,98,64,35,0,0,0,3,2,0
92548,109,69,34,0,0,0,13,0,0
304558,162,105,62,0,0,2,6,1,0
358653,770,322,215,10,1,4,58,1,0
426974,525,312,28,0,0,80,183,0,0
435916,555,300,200,0,0,0,22,1,0
128983,94,55,22,0,0,0,13,0,0
48336,460,230,156,0,0,5,26,0,0
102659,5,4,0,0,0,0,2,0,0
423573,147,106,46,1,1,0,4,0,0
277115,24,22,0,0,0,0,4,0,0
234608,98,65,22,0,0,0,5,1,0
314729,663,277,203,0,0,3,38,1,0
433431,580,307,127,0,0,0,66,1,0
258917,5,4,0,0,0,0,0,0,0
291289,187,71,47,0,0,0,9,0,0
479210,103,79,24,0,0,0,6,0,0
27778,50,44,15,0,0,0,2,0,0
66672,274,144,89,0,0,0,9,0,0
471236,32,27,13,0,0,0,0,0,0
83794,213,120,59,1,1,3,20,0,0
151312,233,127,54,0,0,1,35,0,0
239844,64,45,26,0,0,0,5,0,0
252875,609,318,171,0,0,0,36,0,0
183681,138,90,55,0,0,0,12,0,0
176925,113,75,46,1,1,0,7,0,0
461602,162,108,63,0,0,0,18,0,0
370894,707,310,159,26,3,2,23,2,0
10153,114,45,9,0,0,2,32,0,0
136520,30,26,16,0,0,0,1,0,0
494858,13,13,3,0,0,0,1,0,0
421693,202,122,46,1,1,3,26,0,0
106802,91,58,24,0,0,0,5,0,0
510874,115,69,40,0,0,0,6,0,0
61621,975,430,66,1,1,216,391,0,0
229446,423,208,134,0,0,0,7,1,0
183338,292,162,85,1,1,3,12,0,0
63854,542,289,92,0,0,3,111,1,0
350708,16,15,7,0,0,0,1,0,0
483326,10,10,3,0,0,0,1,0,0
513423,33,20,7,0,0,0,6,0,0
75926,43,38,15,0,0,0,1,0,0
108134,175,105,61,0,0,0,14,1,0
193407,138,89,53,0,0,2,6,0,0
139878,174,90,48,0,0,0,35,1,0
518467,108,67,23,0,0,0,24,0,0
155490,51,43,24,0,0,0,4,0,0
852,24,22,8,0,0,0,0,0,0
455766,230,141,88,0,0,0,7,0,0
395687,829,442,235,3,2,1,57,0,0
26554,162,110,55,0,0,0,4,1,0
485639,186,119,64,0,0,0,13,0,0
87914,385,192,50,0,0,43,92,0,0
331824,346,210,94,4,3,0,24,2,0
412059,124,69,13,0,0,0,6,0,0
387268,226,123,78,2,2,1,22,0,0
306337,436,206,172,0,0,2,17,2,0
323239,135,94,43,0,0,0,13,1,0
299342,215,133,27,1,1,2,24,0,0
97184,32,25,16,0,0,0,1,0,0
234581,261,154,68,1,1,22,49,0,0
110891,69,51,28,0,0,0,7,0,0
202725,81,60,27,0,0,0,1,0,0
409179,447,229,149,0,0,0,39,1,0
239565,252,148,90,0,0,1,9,0,0
222550,49,45,15,0,0,0,0,0,0
429205,388,208,147,0,0,0,22,0,0
64389,1730,614,498,0,0,2,96,1,0
44551,189,108,63,2,1,0,11,0,0
209854,270,144,77,1,1,9,35,0,0
53680,343,209,96,3,1,1,19,0,0
430758,426,203,137,2,2,1,13,1,0
390868,201,120,53,0,0,6,29,0,0
319572,454,230,159,0,0,0,21,0,0
370341,10,10,4,0,0,0,1,0,0
304757,204,118,54,0,0,8,18,1,0
321288,400,238,110,1,1,0,44,1,0
395308,77,64,29,0,0,0,1,0,0
131874,68,47,33,0,0,0,5,0,0
294119,47,39,18,0,0,0,1,0,0
43268,143,56,17,11,1,1,22,0,0
210052,285,175,100,1,1,3,15,0,0
515019,114,81,33,0,0,0,11,0,0
228605,88,66,30,0,0,0,4,0,0
404564,265,136,54,12,4,7,53,0,0
72225,219,111,55,0,0,0,40,1,0
312107,42,35,14,0,0,0,1,0,0
59230,13,12,4,0,0,0,0,0,0
345680,17,17,5,0,0,0,1,0,0
517408,66,56,24,0,0,0,1,0,0
404854,50,36,4,0,0,1,14,1,0
319807,489,242,201,2,1,0,19,1,0
194968,53,41,18,0,0,0,5,0,0
100380,5,4,0,0,0,0,2,0,0
91459,14,14,4,0,0,0,0,0,0
246659,2897,886,998,0,0,12,158,1,0
243936,301,155,114,0,0,0,10,0,0
19252,308,156,101,1,1,4,25,1,0
392141,715,398,234,0,0,0,53,0,0
306821,24,20,10,0,0,0,1,0,0
390110,60,45,26,0,0,0,1,0,0
465349,172,106,51,4,3,2,12,0,0
127368,111,77,26,0,0,1,30,0,0
396616,182,91,68,0,0,0,12,0,0
165871,201,119,72,0,0,0,12,0,0
731,43,35,8,1,1,0,11,0,0
32786,30,24,15,0,0,0,1,0,0
23124,345,171,54,0,0,0,76,0,0
1238,424,165,84,4,2,0,62,0,0
165498,457,216,179,0,0,0,19,0,0
493848,329,173,92,3,2,4,20,0,0
157515,80,60,28,0,0,0,1,0,0
79056,1146,521,117,0,0,71,423,0,0
198085,143,99,47,1,1,3,18,0,0
268143,23,19,10,0,0,0,1,0,0
9207,10,10,5,0,0,0,1,0,0
279407,521,188,176,0,0,0,5,0,0
321237,27,18,3,0,0,0,10,0,0
265502,295,153,111,0,0,0,6,0,0
186365,124,82,48,0,0,0,4,1,0
464278,203,124,67,0,0,0,18,0,0
25906,101,74,43,0,0,0,4,1,0
366863,15,14,6,0,0,0,1,0,0
484852,1252,373,439,0,0,0,37,0,0
490761,225,118,85,0,0,0,11,0,0
386611,811,350,271,0,0,6,39,0,0
453521,245,130,95,0,0,0,28,0,0
163749,856,375,269,6,3,8,47,0,0
453022,86,60,23,0,0,0,15,0,0
73461,5,5,0,0,0,0,1,0,0
339598,72,52,33,0,0,0,1,0,0
489198,41,38,13,0,0,0,0,0,0
405612,357,197,101,0,0,0,16,0,0
71008,29,27,3,0,0,0,4,0,0
215726,191,112,61,0,0,2,5,1,0
400661,67,55,23,0,0,0,1,0,0
487423,642,262,127,1,1,0,43,2,0
368161,100,70,45,0,0,0,4,0,0
55167,38,33,13,0,0,0,3,0,0
34991,203,109,51,0,0,0,11,0,0
338840,7,7,3,0,0,0,0,0,0
121595,8,8,3,0,0,0,0,0,0
331279,45,35,22,0,0,0,0,0,0
191401,148,75,6,0,0,0,72,0,0
36251,199,78,90,0,0,0,0,0,0
175702,73,45,29,1,1,0,9,0,0
204885,26,24,13,0,0,0,1,0,0
59690,32,25,6,0,0,0,0,0,0
449816,2481,656,512,30,4,1,292,2,0
38212,19,18,6,0,0,0,0,0,0
261081,141,86,55,0,0,0,9,1,0
501537,216,136,73,0,0,0,7,1,0
376698,41,35,16,0,0,0,4,0,0
294417,63,52,25,0,0,0,4,0,0
50891,423,253,93,4,2,8,44,0,0
103334,34,31,15,0,0,0,4,1,0
218386,17,15,8,0,0,0,0,0,0
408196,91,71,19,0,0,0,13,0,0
486809,226,152,48,0,0,0,30,0,0
266461,195,105,84,0,0,1,9,0,0
239870,44,38,18,0,0,0,1,0,0
179029,98,72,20,0,0,0,20,0,0
461686,89,60,15,0,0,0,19,0,0
399909,194,121,66,1,1,1,1,0,0
498816,137,83,49,0,0,0,8,1,0
471884,1076,427,302,14,1,1,85,0,0
68535,51,47,16,0,0,0,3,0,0
183984,41,34,17,0,0,0,1,0,0
485870,151,104,34,0,0,2,16,0,0
11581,102,58,31,0,0,0,12,0,0
125458,79,57,17,0,0,1,13,0,0
311112,20,19,4,1,1,0,0,0,0
215959,266,153,76,0,0,10,42,0,0
95032,89,67,31,0,0,2,5,0,0
75020,143,80,16,5,4,7,39,0,0
87918,74,49,22,0,0,0,19,0,0
265108,362,206,90,1,1,0,32,0,0
502644,47,34,20,1,1,0,0,0,0
62326,70,61,19,1,1,0,4,0,0
484958,32,31,6,1,1,1,7,0,0
311629,138,92,47,0,0,0,9,0,0
426336,722,333,247,0,0,12,31,1,0
448352,143,100,51,0,0,0,6,0,0
355921,307,182,68,5,3,17,39,0,0
311614,82,54,31,0,0,1,3,0,0
384493,137,86,20,3,3,11,30,0,0
113191,75,58,33,0,0,0,4,0,0
100590,230,125,89,5,2,0,3,1,0
218451,164,87,36,0,0,0,20,0,0
165673,8,8,3,0,0,0,0,0,0
185442,132,92,35,1,1,3,15,0,0
519218,50,38,9,3,2,1,7,0,0
338774,157,99,54,0,0,1,12,0,0
454232,22,21,4,0,0,0,7,0,0
508043,127,95,44,0,0,0,6,1,0
166419,109,79,20,2,1,0,7,0,0
223039,379,193,159,1,1,3,14,0,0
91371,13,13,4,0,0,0,0,0,0
317366,161,96,62,3,1,0,6,0,0
463013,124,92,48,0,0,0,2,0,0
485984,165,121,45,0,0,3,6,0,0
127592,219,96,54,0,0,5,36,0,0
449232,291,155,79,1,1,9,21,0,0
452799,114,75,40,0,0,0,2,0,0
272634,16,15,7,0,0,0,1,0,0
174637,196,123,65,0,0,0,5,0,0
100181,36,31,11,0,0,0,2,0,0
48602,44,38,15,1,1,0,0,0,0
6201,55,49,17,0,0,0,1,0,0
376630,139,93,48,0,0,1,7,1,0
91500,12,2,0,0,0,0,12,0,0
223613,273,146,126,0,0,0,7,0,0
483088,63,55,15,0,0,0,5,0,0
247309,345,189,123,0,0,0,6,1,0
304615,137,84,42,0,0,1,8,1,0
326703,1309,512,445,0,0,0,30,1,0
209897,95,70,30,1,1,0,4,1,0
119877,21,20,4,0,0,0,1,0,0
135415,236,142,10,0,0,28,70,0,0
114658,787,317,258,0,0,3,61,1,0
271960,39,31,23,0,0,0,1,0,0
63988,15,15,7,0,0,0,0,0,0
183777,14,13,6,0,0,0,0,0,0
486788,79,62,28,0,0,0,2,0,0
181297,84,66,37,0,0,0,2,0,0
31572,36,30,12,0,0,0,1,0,0
28447,47,43,10,1,1,0,4,0,0
25828,53,45,21,0,0,0,4,0,0
411202,72,55,26,0,0,0,13,0,0
180914,11,11,2,0,0,0,0,0,0
482385,12,12,4,0,0,0,1,0,0
32797,80,53,30,0,0,0,5,1,0
346284,32,28,11,0,0,0,3,0,0
360980,501,214,110,24,3,0,50,1,0
245056,150,99,42,0,0,4,17,0,0
149788,280,163,100,0,0,1,8,0,0
372083,14,13,4,0,0,0,0,0,0
382513,365,178,102,0,0,0,33,0,0
269473,28,26,10,0,0,0,0,0,0
416518,15,11,3,1,1,0,1,0,0
370244,432,233,114,3,3,0,12,0,0
453231,94,73,32,0,0,0,5,0,0
60017,608,280,192,0,0,0,29,0,0
392672,43,39,2,0,0,1,11,0,0
392874,71,59,16,0,0,0,7,0,0
236418,141,100,56,0,0,0,7,0,0
482564,316,174,63,0,0,1,73,0,0
217008,94,65,24,2,1,1,9,0,0
456362,632,340,165,0,0,1,44,1,0
385988,112,80,34,0,0,0,10,0,0
503480,143,112,37,0,0,0,21,0,0
521977,9,9,0,1,1,0,2,0,0
306382,124,85,54,0,0,0,3,0,0
486987,87,67,31,0,0,0,12,1,0
345429,289,164,108,0,0,2,11,0,0
42695,244,121,41,2,1,0,30,0,0
425678,344,156,121,0,0,0,18,0,0
230929,266,138,111,0,0,0,6,0,0
322394,111,75,53,0,0,0,2,0,0
280192,138,92,53,0,0,0,5,0,0
195203,292,123,93,0,0,4,39,0,0
514603,54,41,8,5,5,0,13,0,0
110619,207,101,92,0,0,0,1,0,0
371824,22,21,7,0,0,0,0,0,0
344347,55,40,11,0,0,0,7,0,0
133848,33,29,5,0,0,0,10,0,0
102792,23,19,7,0,0,0,0,0,0
65262,731,384,180,3,2,2,67,2,0
196986,243,154,72,3,1,4,25,1,0
27607,50,39,11,0,0,0,9,0,0
489928,84,62,27,0,0,0,0,1,0
438541,96,63,17,3,1,0,18,0,0
261654,26,23,14,0,0,0,2,0,0
444487,349,188,107,0,0,0,29,0,0
468214,263,154,86,1,1,2,14,1,0
26184,1347,470,542,0,0,0,70,1,0
215718,413,183,123,1,1,0,60,0,0
192133,268,121,89,0,0,0,13,0,0
156623,109,83,31,1,1,0,4,0,0
376234,5,5,0,0,0,0,0,0,0
358016,123,82,40,0,0,0,10,0,0
210630,85,58,29,0,0,0,11,0,0
10013,139,66,18,0,0,1,38,0,0
176644,204,116,67,0,0,1,13,0,0
12640,66,52,9,2,2,6,8,0,0
248840,195,106,62,6,1,1,17,0,0
73462,60,46,20,0,0,0,5,0,0
511814,182,119,62,3,2,0,14,0,0
282746,84,60,33,0,0,0,1,0,0
196745,182,102,68,0,0,3,24,0,0
279124,258,128,82,0,0,0,6,2,0
198253,21,19,5,1,1,0,5,0,0
452153,97,45,14,0,0,0,12,0,0
502995,562,262,200,1,1,0,18,1,0
131346,21,19,8,0,0,0,2,0,0
371378,55,43,24,0,0,0,0,0,0
197626,168,111,41,1,1,2,32,0,0
59743,14841,3054,4789,4,4,1,479,2,0
132813,102,71,30,0,0,0,4,1,0
464342,281,140,91,0,0,0,3,0,0
200895,172,92,47,0,0,0,21,0,0
95321,460,252,116,1,1,22,59,1,0
354466,29,26,5,0,0,1,3,0,0
288086,99,74,32,0,0,0,8,0,0
174505,117,80,38,0,0,2,10,0,0
140796,225,101,12,0,0,0,102,0,0
367550,16,15,8,0,0,0,0,0,0
275018,1558,572,481,9,4,2,83,1,0
436625,163,93,66,0,0,0,6,0,0
127898,44,37,11,0,0,2,8,0,0
330495,129,34,21,0,0,0,5,0,0
484860,119,102,15,0,0,1,17,0,0
157474,224,124,73,2,1,0,11,0,0
469631,576,178,115,1,1,14,71,0,0
489597,311,177,35,0,0,2,36,0,0
430138,12,11,5,0,0,0,1,0,0
403272,874,228,275,0,0,0,54,0,0
158311,77,57,29,0,0,0,4,1,0
154889,98,70,26,2,1,0,13,0,0
201606,235,153,95,0,0,2,8,0,0
165459,341,170,80,2,2,13,39,0,0
215307,679,301,244,0,0,7,19,0,0
436423,280,175,92,1,1,0,7,0,0
274994,300,179,79,9,2,1,18,0,0
447468,53,38,9,1,1,2,11,0,0
216812,64,50,18,0,0,2,7,1,0
57798,286,159,93,1,1,3,20,1,0
221110,186,116,60,1,1,2,32,0,0
439577,11,10,0,0,0,0,2,0,0
396803,149,59,24,0,0,13,15,0,0
480605,109,77,46,0,0,0,2,1,0
459849,103,69,32,0,0,0,2,0,0
373186,281,154,106,2,1,1,5,0,0
216292,154,105,42,1,1,4,16,0,0
516951,462,223,163,0,0,0,19,1,0
70641,52,44,18,0,0,0,1,0,0
404715,51,40,13,0,0,2,5,0,0
402351,73,44,8,0,0,0,0,0,0
485721,68,55,9,0,0,1,13,0,0
445785,233,122,63,0,0,0,24,1,0
50841,193,115,54,0,0,1,25,0,0
140958,14,14,4,0,0,0,1,0,0
117143,240,125,64,0,0,1,17,1,0
504233,75,54,30,0,0,0,2,0,0
217567,196,141,45,0,0,0,19,0,0
287892,184,88,5,0,0,0,75,0,0
392077,8,8,1,0,0,0,0,0,0
57186,117,72,16,4,2,8,29,0,0
492254,866,363,280,0,0,0,55,0,0
176932,1206,417,405,1,1,1,40,0,0
175731,167,102,30,0,0,0,26,0,0
455795,35,31,9,1,1,0,5,0,0
488225,13,13,5,0,0,0,0,0,0
276528,24,22,0,0,0,0,4,0,0
453670,13,12,4,0,0,0,3,0,0
391400,439,218,154,0,0,0,29,1,0
266773,186,123,67,0,0,1,6,0,0
239280,2356,792,671,29,6,5,280,1,0
130618,11,10,5,0,0,0,2,0,0
50559,349,195,111,1,1,0,12,0,0
174824,88,64,32,0,0,0,5,1,0
69965,89,61,22,0,0,4,5,0,0
240631,65,55,14,0,0,2,6,0,0
303950,235,145,92,1,1,3,5,0,0
377909,492,230,157,0,0,1,47,0,0
363400,190,97,69,0,0,0,7,0,0
267228,21,18,5,0,0,0,0,0,0
341034,156,107,58,1,1,0,3,0,0
274288,94,61,30,2,2,3,5,0,0
152443,21,20,11,0,0,0,1,0,0
443393,437,190,153,0,0,6,35,1,0
479150,56,50,10,0,0,0,8,0,0
236627,135,81,33,0,0,2,9,0,0
104799,166,94,48,0,0,0,25,0,0
171767,123,60,22,0,0,0,17,1,0
138771,64,52,28,0,0,0,1,0,0
416285,50,37,7,0,0,0,8,0,0
174317,428,217,135,0,0,0,43,1,0
404077,222,111,76,0,0,0,14,0,0
405256,156,96,62,0,0,0,3,0,0
389624,38,30,12,0,0,0,0,0,0
148523,198,136,41,0,0,9,44,0,0
352675,2000,674,617,13,5,0,71,3,0
391231,13,12,4,0,0,0,1,0,0
458260,12,11,2,0,0,0,0,0,0
296480,318,167,102,0,0,5,16,1,0
465130,80,50,22,0,0,0,13,0,0
45413,491,256,20,0,0,107,202,0,0
70221,201,123,51,0,0,6,33,0,0
26644,242,137,97,1,1,4,14,0,0
235158,33,28,13,0,0,0,2,0,0
183330,80,43,5,0,0,0,35,0,0
333446,161,118,47,0,0,0,12,0,0
503807,287,164,89,0,0,3,29,1,0
109485,5,4,0,0,0,0,2,0,0
275853,11,10,0,0,0,0,2,0,0
436494,62,50,28,0,0,0,2,0,0
62910,212,146,82,0,0,0,9,0,0
123856,62,40,32,0,0,0,0,0,0
216690,282,144,120,0,0,0,7,0,0
476944,174,93,57,5,2,0,6,0,0
499723,61,51,21,0,0,0,4,0,0
223743,16,16,3,0,0,0,0,0,0
48878,11,9,3,1,1,0,0,0,0
258971,15,15,5,0,0,0,1,0,0
266551,1055,525,343,0,0,0,20,4,0
122864,22,22,8,0,0,0,2,0,0
398306,29,27,11,0,0,0,5,0,0
451322,110,81,30,0,0,6,23,0,0
243246,201,122,31,0,0,0,51,0,0
301796,79,59,32,0,0,0,0,0,0
434189,66,49,29,0,0,0,0,0,0
71313,1167,491,313,7,4,10,99,1,0
325046,109,75,19,0,0,1,10,0,0
49224,237,108,86,0,0,0,36,0,0
130683,26,23,13,0,0,0,2,0,0
481412,128,93,43,0,0,0,11,0,0
162052,265,149,55,1,1,0,27,1,0
57117,109,65,41,0,0,0,6,0,0
90077,443,215,141,0,0,1,17,0,0
302948,458,197,121,1,1,9,45,0,0
494448,353,178,111,4,3,4,20,0,0
44252,54,45,19,0,0,0,2,0,0
473890,101,59,34,0,0,0,2,0,0
288072,751,317,268,0,0,0,15,1,0
377310,35,32,14,0,0,0,2,0,0
109189,5,5,2,0,0,0,0,0,0
429156,291,156,91,0,0,0,9,0,0
506778,342,230,69,0,0,0,52,0,0
384441,114,67,6,0,0,7,59,0,0
19642,19,19,8,0,0,0,2,0,0
85036,31,28,0,0,0,0,5,0,0
452387,200,129,37,1,1,9,52,0,0
144636,56,39,4,0,0,0,7,0,0
165866,195,118,55,0,0,1,20,1,0
513296,992,356,397,0,0,0,45,1,0
515813,289,157,108,0,0,0,3,0,0
421577,48,44,18,0,0,0,1,0,0
236077,54,40,8,0,0,0,6,0,0
312044,56,46,18,0,0,2,10,0,0
69006,333,188,118,1,1,1,4,1,0
272358,11,10,5,0,0,0,0,0,0
288435,397,181,160,1,1,3,3,0,0
391367,28,25,8,0,0,0,0,0,0
108168,87,64,37,0,0,0,0,0,0
371957,534,230,190,0,0,0,15,1,0
403891,190,115,50,0,0,2,21,0,0
436291,51,45,20,0,0,1,4,0,0
478635,487,211,150,6,2,3,16,1,0
447096,88,67,34,0,0,0,2,0,0
300098,26,23,11,0,0,0,0,0,0
118612,104,80,26,0,0,4,9,0,0
497724,582,191,48,1,1,1,89,1,0
381224,834,354,228,20,4,5,102,0,0
260296,2,2,0,0,0,0,0,0,0
515790,537,279,191,0,0,0,27,0,0
236133,2657,921,842,1,1,1,103,0,0
522275,53,44,13,0,0,0,2,0,0
367286,65,54,28,0,0,0,1,0,0
232590,8,8,2,0,0,0,0,0,0
288178,214,125,67,0,0,0,20,1,0
462870,175,99,42,0,0,0,23,0,0
282237,204,119,73,0,0,0,3,0,0
157370,649,340,104,11,3,35,146,1,0
229829,266,173,94,0,0,0,10,1,0
103594,63,47,25,0,0,0,1,0,0
511739,339,191,130,1,1,2,22,0,0
98794,99,71,34,0,0,0,16,0,0
292186,21,21,5,0,0,0,2,0,0
400357,1870,637,518,57,5,0,47,2,0
54872,304,167,120,0,0,0,9,0,0
319528,57,44,9,1,1,4,12,0,0
75122,40,36,9,0,0,0,3,0,0
450339,234,138,96,0,0,0,3,0,0
173943,246,134,72,0,0,4,16,1,0
18517,46,39,21,0,0,0,0,0,0
11362,79,38,18,0,0,0,15,0,0
227954,92,68,35,0,0,0,4,0,0
247167,1476,162,512,0,0,4,56,0,0
120051,339,188,100,0,0,0,15,0,0
424823,92,70,30,0,0,3,8,0,0
332987,5,5,1,0,0,0,0,0,0
284698,169,103,51,0,0,3,10,0,0
318896,152,113,48,0,0,0,13,0,0
108421,157,85,69,0,0,0,11,0,0
166579,94,73,12,1,1,0,14,0,0
185780,71,53,26,0,0,0,4,1,0
387654,25,21,14,0,0,0,0,0,0
402179,206,132,63,4,1,1,18,0,0
359441,426,242,147,0,0,1,23,0,0
221206,14,14,4,0,0,0,0,0,0
283892,92,67,41,0,0,0,0,0,0
85202,17,17,4,0,0,0,0,0,0
24773,96,73,36,0,0,0,6,0,0
475976,132,64,5,0,0,0,69,0,0
51852,86,69,29,0,0,0,4,0,0
426565,94,78,21,0,0,0,15,0,0
62628,48,26,9,0,0,0,13,0,0
250062,80,60,26,0,0,0,3,0,0
432836,243,143,66,0,0,0,25,0,0
481599,354,186,143,1,1,2,4,0,0
32932,71,54,23,0,0,0,5,0,0
207363,161,85,44,0,0,0,13,0,0
409354,291,151,96,0,0,0,24,0,0
210552,146,96,53,0,0,0,12,0,0
308325,9,9,3,0,0,0,0,0,0
402883,57,39,26,0,0,0,0,0,0
185674,125,75,39,0,0,0,16,0,0
92428,306,157,95,0,0,0,33,0,0
253257,357,172,131,0,0,0,9,0,0
513508,236,123,83,0,0,0,24,0,0
415467,79,59,18,0,0,1,6,1,0
141646,86,65,19,1,1,0,10,0,0
101177,39,32,16,0,0,0,3,0,0
58610,908,431,269,0,0,11,61,0,0
69889,434,229,94,1,1,0,21,0,0
4301,24,22,10,0,0,0,1,0,0
265993,458,189,172,1,1,0,5,3,0
231776,9,9,3,0,0,0,0,0,0
183651,51,43,23,0,0,0,3,0,0
329763,62,36,4,0,0,0,9,0,0
258402,85,77,24,0,0,0,7,0,0
177353,234,123,84,0,0,1,10,2,0
403529,294,146,79,0,0,1,11,0,0
340403,14,14,4,0,0,0,0,0,0
265699,2947,1105,892,7,7,5,230,3,0
199413,174,74,46,0,0,0,26,0,0
265855,57,48,9,1,1,1,3,0,0
269264,35,28,18,0,0,0,0,0,0
424458,80,55,28,0,0,0,15,0,0
154280,451,236,129,0,0,14,44,0,0
137459,333,130,97,8,1,1,20,1,0
323750,31,25,7,1,1,0,2,0,0
42643,62,41,24,0,0,0,0,0,0
511044,916,442,182,0,0,0,113,0,0
394691,27,26,14,0,0,0,1,0,0
116415,217,108,31,0,0,0,22,0,0
112371,302,167,94,0,0,3,18,0,0
110113,62,44,17,0,0,0,4,0,0
455253,53,42,12,0,0,0,8,0,0
490243,510,248,46,0,0,0,131,0,0
120093,287,159,106,0,0,0,10,0,0
201390,28,20,4,0,0,0,9,0,0
460693,128,80,47,0,0,0,13,0,0
400863,68,56,24,0,0,0,1,0,0
137674,38,35,11,0,0,0,5,0,0
306181,96,59,43,0,0,0,0,0,0
464221,92,64,43,0,0,0,1,0,0
41334,155,86,25,0,0,0,32,0,0
497310,575,250,214,0,0,4,24,0,0
34878,142,89,54,0,0,0,5,0,0
351311,32,30,6,0,0,1,3,0,0
343339,74,46,18,0,0,1,5,0,0
16624,142,65,34,0,0,0,25,0,0
179818,32,25,16,0,0,0,2,0,0
142092,10,9,4,0,0,0,0,0,0
506096,16,15,1,0,0,0,4,0,0
371079,277,165,86,0,0,0,34,0,0
320267,661,313,234,0,0,0,45,0,0
447438,42,20,10,0,0,0,7,0,0
267850,262,134,95,0,0,6,10,0,0
174587,24,23,8,0,0,0,0,0,0
300273,180,118,80,0,0,2,6,1,0
121209,160,94,42,0,0,1,49,0,0
362753,245,169,77,0,0,0,14,0,0
367080,4,4,1,0,0,0,0,0,0
101873,99,73,26,1,1,4,13,0,0
251360,232,115,46,4,1,3,22,0,0
133869,58,40,17,0,0,0,17,0,0
343905,102,72,43,0,0,0,4,0,0
26533,313,178,50,0,0,4,27,0,0
105338,14,9,0,0,0,0,2,0,0
490914,14,12,0,0,0,0,4,0,0
190105,112,74,32,0,0,0,6,0,0
474215,133,84,20,0,0,1,15,0,0
504312,77,69,9,0,0,0,14,0,0
201308,185,113,62,0,0,0,33,0,0
251694,60,49,24,0,0,0,2,1,0
100524,5,4,0,0,0,0,2,0,0
74841,278,155,111,0,0,0,6,1,0
2208,81,61,34,0,0,0,2,0,0
100033,85,55,17,0,0,0,18,0,0
142372,6,6,2,0,0,0,2,0,0
304894,708,341,243,0,0,1,14,0,0
302036,84,49,22,0,0,0,19,0,0
81186,142,90,23,0,0,2,45,0,0
192900,170,84,62,0,0,0,5,0,0
506106,10,10,2,0,0,0,1,0,0
218050,26,25,8,1,1,0,6,0,0
93241,430,177,130,3,2,1,11,0,0
379151,40,35,16,0,0,0,2,0,0
467163,41,35,13,0,0,0,1,0,0
192561,14,14,4,0,0,0,0,0,0
38799,367,159,70,0,0,0,73,0,0
22997,174,112,48,0,0,0,35,0,0
43195,19,19,5,0,0,0,5,0,0
23552,135,88,43,0,0,0,7,0,0
460286,25,21,3,0,0,0,6,0,0
49493,31,28,0,0,0,0,5,0,0
88694,106,80,35,0,0,0,4,0,0
343654,101,52,26,0,0,0,23,0,0
236200,212,126,58,1,1,7,25,0,0
85826,996,408,318,1,1,10,59,1,0
276148,45,34,2,0,0,0,5,0,0
194274,71,55,28,0,0,0,1,0,0
430827,547,283,116,0,0,0,80,0,0
10902,47,34,22,0,0,0,2,0,0
243500,180,129,43,2,1,1,7,0,0
268117,6,6,3,0,0,0,0,0,0
89141,44,33,9,0,0,0,10,0,0
365291,82,60,27,0,0,0,1,0,0
88271,461,259,121,0,0,0,95,2,0
237658,232,120,39,4,3,0,26,0,0
458267,36,32,7,0,0,0,7,0,0
446765,956,398,348,0,0,0,78,1,0
177840,27,24,14,0,0,0,0,0,0
192167,565,243,170,4,3,18,58,2,0
96306,9,8,3,0,0,0,0,0,0
109585,30,24,13,0,0,0,4,0,0
422103,409,202,141,0,0,0,29,0,0
322570,45,42,11,0,0,1,4,0,0
398004,14,13,4,0,0,0,2,0,0
517993,143,95,42,3,3,0,18,0,0
436987,525,251,32,0,0,49,155,0,0
67669,67,51,27,0,0,0,2,0,0
329563,24,22,0,0,0,0,4,0,0
136650,39,35,15,0,0,0,1,0,0
217866,1247,494,341,16,2,14,133,1,0
345748,5,5,2,0,0,0,0,0,0
92884,231,156,74,0,0,0,9,0,0
97716,201,124,71,0,0,3,9,0,0
228893,157,114,54,0,0,0,12,0,0
403904,395,187,115,0,0,0,30,1,0
429646,138,90,57,0,0,0,4,0,0
112609,210,111,64,0,0,1,17,1,0
181878,102,69,25,0,0,0,12,0,0
235681,548,224,151,0,0,0,100,1,0
253718,652,319,234,1,1,0,50,0,0
37476,80,61,30,1,1,0,0,0,0
356643,166,119,33,0,0,2,28,0,0
457911,134,72,47,0,0,0,15,0,0
90547,123,85,20,0,0,10,33,0,0
488308,23,19,7,0,0,2,0,0,0
285678,239,121,93,0,0,0,28,1,0
415501,338,150,94,1,1,3,56,0,0
119325,253,152,99,0,0,0,11,1,0
284255,77,71,18,0,0,0,10,0,0
310140,122,81,36,1,1,0,13,0,0
168320,92,71,21,0,0,1,5,0,0
339134,244,128,71,0,0,0,26,0,0
489735,80,63,26,1,1,0,7,0,0
231332,440,224,153,0,0,0,18,0,0
237154,27,24,10,0,0,0,2,0,0
273502,14,14,6,0,0,0,0,0,0
241386,75,46,12,0,0,3,3,0,0
201259,354,153,148,0,0,0,7,0,0
283573,35,27,11,0,0,0,2,1,0
38778,204,160,32,0,0,0,28,0,0
19968,88,63,45,0,0,0,1,0,0
11413,119,87,38,0,0,4,7,1,0
365514,94,63,25,0,0,0,12,0,0
40599,15,15,5,0,0,0,2,0,0
191734,449,231,145,0,0,6,59,0,0
11670,21,20,6,0,0,0,0,1,0
382564,33,29,9,0,0,0,2,0,0
434508,179,112,68,1,1,0,5,0,0
236762,440,259,80,0,0,0,70,0,0
167627,21,20,4,0,0,0,4,0,0
341006,541,275,95,3,3,16,66,0,0
164331,113,66,39,0,0,0,5,0,0
380311,486,206,32,0,0,0,179,0,0
296652,27,27,10,0,0,0,0,0,0
456481,136,90,48,0,0,0,12,0,0
202761,154,85,37,0,0,0,16,0,0
277526,283,157,106,0,0,0,7,0,0
499794,213,122,82,0,0,3,14,0,0
158148,90,60,23,0,0,0,10,0,0
132919,131,84,57,0,0,0,2,0,0
317148,848,357,267,0,0,3,59,0,0
335039,202,101,62,0,0,0,1,0,0
369463,58,52,12,0,0,0,9,0,0
136200,19,19,7,0,0,1,1,0,0
265653,283,177,94,0,0,2,26,0,0
433028,69,36,15,0,0,3,18,0,0
355230,7,7,4,0,0,0,0,0,0
177143,120,85,35,1,1,2,2,0,0
276678,112,38,9,0,0,0,16,0,0
177938,86,59,28,0,0,0,7,0,0
200646,1980,659,662,5,1,1,87,2,0
98111,10,4,0,0,0,0,4,0,0
151080,801,307,220,11,1,2,65,1,0
386324,52,41,13,0,0,3,6,0,0
362538,88,66,20,0,0,1,12,0,0
139415,147,94,62,1,1,0,2,0,0
467418,513,246,174,0,0,4,32,1,0
332899,154,102,50,0,0,2,9,0,0
388683,314,164,120,0,0,0,26,1,0
118865,102,72,41,0,0,0,6,0,0
45488,10,9,7,0,0,0,0,0,0
494741,728,278,227,1,1,0,22,0,0
94325,73,44,8,0,0,0,0,0,0
321652,25,25,10,0,0,0,2,0,0
145647,488,259,141,0,0,2,26,0,0
83547,76,59,19,0,0,2,8,0,0
228773,409,228,135,0,0,0,37,0,0
232643,406,225,151,0,0,0,22,0,0
417796,83,61,28,0,0,0,12,0,0
246931,83,63,25,0,0,0,4,0,0
239359,75,57,22,0,0,0,4,0,0
489071,644,318,207,0,0,1,41,2,0
423134,89,67,33,0,0,0,0,0,0
397346,284,150,64,22,18,3,25,2,0
180147,55,44,17,0,0,0,7,0,0
217438,151,86,35,0,0,0,15,0,0
412253,49,46,17,0,0,0,1,0,0
469237,170,117,48,0,0,2,15,0,0
397176,158,89,15,0,0,32,57,0,0
447290,10,10,3,0,0,0,1,1,0
211652,181,102,65,0,0,0,16,0,0
321445,159,94,69,0,0,0,1,0,0
218611,167,81,26,0,0,3,40,0,0
10928,458,204,177,0,0,4,23,0,0
177707,43,38,8,0,0,0,3,0,0
363843,19,16,9,0,0,0,0,0,0
120779,26,24,9,0,0,0,0,0,0
436717,872,385,311,2,1,5,28,1,0
431853,137,78,52,0,0,0,1,0,0
375486,478,246,158,0,0,0,13,0,0
222347,364,156,124,0,0,13,27,0,0
410026,632,242,183,2,1,14,29,1,0
208254,315,193,84,8,4,2,29,1,0
172950,233,113,58,0,0,0,57,0,0
460029,8,8,3,0,0,0,0,0,0
518459,290,169,77,0,0,0,16,1,0
405250,66,53,23,0,0,0,2,0,0
322325,102,75,38,0,0,0,7,0,0
91983,224,124,73,2,1,0,11,0,0
378075,141,96,50,0,0,1,7,0,0
352275,30,29,3,0,0,1,3,0,0
203977,31,22,4,0,0,0,13,0,0
344595,264,133,59,0,0,17,67,0,0
25889,128,90,51,0,0,0,8,0,0
179775,191,90,48,0,0,0,25,0,0
505073,4,4,0,0,0,0,1,0,0
102631,40,37,13,0,0,0,4,0,0
499251,442,199,142,1,1,5,46,0,0
269705,9,9,4,0,0,0,0,0,0
348950,180,121,38,0,0,0,52,1,0
32262,334,160,107,0,0,0,20,0,0
121669,537,250,104,0,0,38,75,0,0
308501,35,33,16,0,0,0,0,1,0
126110,1511,715,395,3,3,1,129,1,0
7710,224,100,89,0,0,4,10,1,0
257432,76,61,20,0,0,2,7,2,0
484052,578,244,209,0,0,5,17,1,0
80051,1581,644,335,0,0,79,198,1,0
373084,623,229,259,0,0,0,25,0,0
96264,183,126,61,1,1,0,8,0,0
458557,2679,1095,481,17,7,2,264,4,0
190139,46,30,23,0,0,0,1,0,0
192277,334,130,53,1,1,3,24,0,0
4119,71,55,9,2,1,2,15,0,0
323952,483,248,148,2,1,0,15,1,0
301367,107,75,30,0,0,0,12,0,0
12136,26,24,10,0,0,0,2,0,0
183904,121,85,47,0,0,0,7,0,0
340664,44,40,16,0,0,0,2,1,0
32608,370,116,78,28,5,0,70,0,0
268189,33,27,17,0,0,0,0,0,0
504470,55,42,8,0,0,0,9,0,0
28245,31,29,11,0,0,0,2,0,0
46835,405,215,119,0,0,0,47,0,0
328489,40,31,2,0,0,0,4,0,0
237970,209,130,75,0,0,0,19,0,0
308163,91,66,22,1,1,4,17,0,0
511950,160,112,49,0,0,0,16,0,0
116956,59,45,21,0,0,0,1,0,0
468142,193,118,65,0,0,4,3,0,0
147807,923,256,180,5,3,0,130,1,0
21284,264,146,90,0,0,0,18,1,0
36369,378,169,133,0,0,1,16,0,0
145399,1118,38,238,0,0,0,5,0,0
441160,55,42,28,0,0,0,0,0,0
42139,257,134,77,0,0,0,18,0,0
282998,74,69,18,0,0,0,5,0,0
382469,366,53,30,0,0,0,79,0,0
41861,1602,515,547,0,0,0,114,3,0
372940,1072,405,282,22,5,2,43,1,0
199001,8,8,3,0,0,0,0,0,0
410197,127,94,32,0,0,1,5,1,0
346931,94,61,35,0,0,2,4,0,0
418547,324,164,99,0,0,2,27,3,0
359598,179,111,67,0,0,0,0,0,0
413989,197,125,60,2,1,0,20,1,0
396147,214,117,73,0,0,0,4,0,0
127485,72,51,28,0,0,1,16,0,0
63979,50,40,20,0,0,0,1,0,0
467100,520,225,189,0,0,0,31,0,0
443944,327,190,115,1,1,1,11,1,0
129555,351,208,104,0,0,3,25,0,0
183064,28,24,10,0,0,0,1,0,0
423655,13,13,4,0,0,0,0,0,0
235255,577,261,156,4,3,0,60,0,0
97349,147,92,42,0,0,0,18,0,0
398885,58,35,12,0,0,0,5,1,0
414621,82,67,26,0,0,0,8,0,0
274563,123,73,63,0,0,0,1,0,0
110841,240,128,109,0,0,0,4,1,0
431819,8,8,2,0,0,0,0,0,0
290304,201,128,56,7,2,1,6,1,0
288908,841,295,247,0,0,0,75,1,0
295473,112,74,21,0,0,1,25,0,0
285138,39,31,15,0,0,0,5,0,0
233358,69,51,19,0,0,1,4,0,0
44985,93,66,34,0,0,0,5,0,0
5969,920,411,232,3,2,0,64,1,0
306847,15,15,9,0,0,0,0,0,0
88052,49,40,13,0,0,0,1,0,0
331886,321,197,92,3,2,2,36,0,0
171648,19,19,2,0,0,0,2,0,0
328958,11,11,2,0,0,0,0,0,0
320879,397,215,150,0,0,0,11,1,0
145851,752,350,230,0,0,2,30,3,0
378843,56,48,17,0,0,0,7,0,0
87858,137,76,17,0,0,0,47,0,0
434096,18,13,3,0,0,1,0,0,0
237567,931,393,336,0,0,0,24,1,0
373942,32,32,8,0,0,0,0,0,0
91832,13,13,4,0,0,0,1,0,0
385661,223,125,89,0,0,0,6,0,0
344534,81,62,26,0,0,2,3,0,0
162090,97,73,18,2,1,0,7,0,0
129171,16,15,10,0,0,0,0,0,0
237338,209,132,43,0,0,0,38,0,0
211341,107,80,26,2,1,1,14,0,0
154318,193,119,66,0,0,3,16,0,0
189839,77,54,17,0,0,0,5,0,0
465606,226,120,62,0,0,0,31,1,0
116893,52,40,4,0,0,3,11,1,0
99825,75,53,27,0,0,0,9,0,0
51187,862,346,240,8,2,1,31,2,0
353964,30,28,4,0,0,1,4,0,0
374644,165,107,51,0,0,5,23,0,0
77419,153,78,23,0,0,1,29,0,0
329014,24,22,0,0,0,0,4,0,0
891,21,20,7,0,0,0,1,0,0
483431,203,105,66,0,0,0,10,0,0
218863,72,50,18,0,0,0,18,0,0
103888,1639,510,495,0,0,0,89,1,0
160426,128,72,27,0,0,1,4,0,0
189092,178,102,63,1,1,2,1,1,0
263830,210,123,72,0,0,1,4,0,0
174344,26,25,8,0,0,0,0,0,0
318772,40,32,13,0,0,0,1,1,0
503013,183,111,66,3,1,0,7,0,0
263463,99,74,31,0,0,0,3,0,0
132481,55,46,15,0,0,0,2,0,0
523453,442,220,166,0,0,0,12,0,0
291918,649,300,246,0,0,1,43,0,0
402671,217,118,97,0,0,0,2,0,0
449703,26,22,9,0,0,0,2,0,0
212009,75,57,32,0,0,0,2,0,0
493908,12,11,0,0,0,0,2,0,0
220444,16,14,8,0,0,0,0,0,0
516076,242,166,83,1,1,0,8,0,0
271627,549,185,166,0,0,24,53,0,0
184072,45,37,16,0,0,0,3,0,0
201208,224,135,71,5,2,0,9,0,0
71303,406,222,110,0,0,0,35,1,0
97145,49,39,11,0,0,0,6,0,0
411878,545,253,162,15,4,2,49,2,0
389717,219,123,71,0,0,6,10,1,0
117049,58,46,6,0,0,3,13,1,0
239541,41,38,8,0,0,0,6,0,0
173140,79,52,30,0,0,0,11,0,0
409370,53,51,17,0,0,0,3,0,0
430731,38,31,8,0,0,1,4,0,0
305646,26,26,7,0,0,0,0,0,0
228801,156,111,56,0,0,0,3,0,0
210317,122,82,43,0,0,0,15,0,0
414701,333,176,97,0,0,0,45,0,0
35760,24,22,4,0,0,1,3,0,0
186359,276,112,85,0,0,0,44,0,0
258921,13,13,3,0,0,0,1,0,0
434208,8,7,1,0,0,0,1,0,0
17392,231,145,84,2,2,1,13,0,0
406185,20,17,0,0,0,1,1,0,0
244523,69,48,24,0,0,0,10,0,0
515306,8,8,3,0,0,0,0,1,0
203399,467,217,153,1,1,8,47,0,0
122694,72,53,23,0,0,0,4,0,0
56153,561,281,161,0,0,25,56,0,0
240154,588,288,170,0,0,4,90,0,0
429896,201,128,63,0,0,0,15,0,0
170202,2248,517,559,26,10,7,199,2,0
326632,413,208,123,0,0,0,23,2,0
468168,1483,604,369,0,0,0,255,1,0
171619,300,170,114,0,0,0,4,1,0
15802,138,101,58,0,0,1,4,0,0
492107,21,20,7,0,0,0,2,0,0
186908,11,11,6,0,0,0,0,0,0
448606,239,124,67,0,0,0,20,1,0
236086,255,140,56,0,0,16,47,0,0
455258,179,108,40,0,0,0,27,0,0
36070,17,17,7,0,0,0,0,0,0
425907,24,23,5,0,0,1,0,0,0
427861,146,84,26,7,2,0,17,0,0
433763,748,335,231,1,1,3,24,0,0
237107,16777,3239,5503,8,3,6,289,4,0
125237,16,16,5,0,0,0,0,0,0
63667,527,225,178,0,0,0,27,2,0
4006,101,74,35,0,0,0,5,0,0
241361,820,347,278,0,0,0,27,0,0
13040,333,115,61,24,1,1,56,0,0
396,14,13,4,0,0,0,1,0,0
183625,381,200,144,0,0,1,10,2,0
142421,14,14,8,0,0,0,0,0,0
267601,63,54,20,0,0,1,5,0,0
419940,153,97,39,0,0,1,26,0,0
153957,11,11,2,0,0,0,3,0,0
453634,30,28,12,0,0,0,2,0,0
168821,75,52,31,0,0,0,2,0,0
430625,57,51,16,0,0,0,2,1,0
5201,166,100,63,1,1,0,7,1,0
308334,124,81,46,0,0,0,6,1,0
402876,84,64,26,0,0,0,3,0,0
229180,17,12,5,0,0,0,2,0,0
504989,135,96,36,3,1,0,18,0,0
244018,232,149,67,0,0,0,11,0,0
292947,1204,390,455,0,0,1,65,1,0
262434,18,16,8,0,0,0,0,0,0
512578,1199,450,409,0,0,0,104,1,0
207361,296,178,77,2,2,0,44,0,0
15598,2255,690,627,7,6,0,145,3,0
15398,42,36,2,0,0,0,7,0,0
205761,55,44,22,1,1,0,3,1,0
175884,188,87,3,0,0,0,70,0,0
217732,138,91,33,0,0,2,12,0,0
435528,676,304,217,2,1,3,14,0,0
268530,14,13,8,0,0,0,0,0,0
110229,48,40,22,0,0,0,2,0,0
28767,88,68,23,0,0,0,2,1,0
199868,638,263,203,2,1,5,59,2,0
195364,171,95,38,1,1,6,35,0,0
328775,22,22,9,0,0,0,0,0,0
256282,21,21,9,0,0,0,0,0,0
470777,99,68,43,0,0,0,3,1,0
392724,50,40,25,0,0,0,2,0,0
422783,301,175,88,1,1,1,12,1,0
227992,666,311,220,2,1,7,66,0,0
223207,135,92,55,0,0,0,1,0,0
211210,147,89,36,0,0,0,21,0,0
330940,41,32,2,0,0,0,6,0,0
279187,113,78,40,0,0,0,2,0,0
372426,47,43,13,0,0,0,7,0,0
143372,375,198,122,0,0,2,32,0,0
297044,122,85,48,0,0,0,5,0,0
383675,94,60,28,0,0,3,8,0,0
268418,9,8,3,0,0,0,0,0,0
442269,747,250,200,2,1,16,52,1,0
252087,107,77,40,0,0,0,7,0,0
289790,7,7,2,0,0,0,0,0,0
69161,224,130,87,0,0,1,9,0,0
511393,890,212,275,5,2,5,71,0,0
160215,111,74,47,0,0,0,7,0,0
34011,24,21,0,0,0,0,2,0,0
363857,60,52,11,0,0,2,9,0,0
480064,105,88,25,0,0,0,14,0,0
357638,206,156,56,0,0,0,19,0,0
85635,4018,367,221,143,4,0,1337,3,0
69599,233,131,64,3,2,8,24,0,0
110278,11,11,1,0,0,0,0,0,0
12063,132,53,24,0,0,11,7,0,0
100977,505,206,127,0,0,0,77,1,0
178691,310,153,111,0,0,0,35,0,0
393738,52,47,10,0,0,0,3,0,0
240457,232,151,68,0,0,0,9,0,0
392489,33,31,13,0,0,0,2,0,0
74286,75,60,24,0,0,0,7,0,0
455893,574,305,164,3,2,1,15,0,0
220060,375,135,112,0,0,0,67,0,0
137218,25,23,8,0,0,0,2,0,0
253473,92,75,12,0,0,6,20,0,0
112093,545,251,191,0,0,0,46,0,0
473563,26,24,5,0,0,0,1,0,0
141526,3617,864,1003,34,4,1,108,2,0
160028,20,20,9,0,0,0,0,0,0
80566,8,8,3,0,0,0,0,0,0
213415,247,125,63,0,0,0,27,1,0
349463,214,119,68,0,0,0,18,1,0
273934,1847,754,457,39,19,8,154,1,0
179292,39,33,17,0,0,0,2,0,0
349019,282,149,105,0,0,3,13,1,0
9261,91,69,34,0,0,0,5,0,0
474178,114,82,27,0,0,0,8,0,0
423661,21,19,9,0,0,0,0,0,0
380365,66,52,28,0,0,0,1,0,0
50154,205,118,83,0,0,0,3,1,0
371770,34,30,12,0,0,0,2,0,0
270534,282,115,47,0,0,16,85,0,0
451946,322,182,86,2,1,2,31,0,0
325483,805,315,334,0,0,0,22,0,0
187168,24,22,11,0,0,0,0,0,0
282136,51,32,9,1,1,0,1,0,0
180806,81,63,27,0,0,0,4,0,0
307701,492,238,188,0,0,0,19,0,0
463355,278,116,67,5,1,0,74,0,0
349134,34,32,8,0,0,1,5,1,0
421732,302,145,111,0,0,9,29,1,0
461716,37,29,17,0,0,0,1,0,0
352885,22,21,1,0,0,1,3,0,0
446852,178,104,56,0,0,0,16,0,0
121889,589,288,61,0,0,2,198,1,0
254913,35,28,17,0,0,0,0,0,0
71940,64,53,22,0,0,0,4,0,0
198372,300,145,87,0,0,5,52,0,0
495347,90,75,27,0,0,0,3,0,0
250992,640,311,213,14,4,2,11,1,0
186784,216,107,65,0,0,1,38,0,0
330269,11,10,0,0,0,0,2,0,0
366408,60,49,21,0,0,0,2,0,0
156052,124,77,29,0,0,3,7,0,0
461799,163,79,54,0,0,0,21,0,0
35311,523,241,187,0,0,0,27,1,0
175736,27,23,3,0,0,1,4,0,0
36734,5,5,2,0,0,0,2,0,0
433366,137,102,44,0,0,1,6,0,0
112973,144,93,41,0,0,0,21,0,0
462942,326,166,110,0,0,0,44,0,0
333937,446,235,64,0,0,0,122,0,0
14182,35,32,3,0,0,0,4,0,0
290376,27,27,9,0,0,0,1,0,0
52873,1846,764,481,0,0,0,261,0,0
387218,72,60,23,0,0,0,6,0,0
354833,123,86,26,0,0,2,29,0,0
118882,582,152,111,0,0,0,78,0,0
133334,108,73,36,0,0,0,22,1,0
1507,126,88,45,0,0,0,3,0,0
369457,71,58,18,0,0,0,6,0,0
455804,53,38,4,0,0,0,20,0,0
140644,57,45,15,0,0,0,0,0,0
105352,106,69,33,0,0,0,14,0,0
287614,100,68,44,0,0,0,0,0,0
28247,185,111,79,0,0,0,2,0,0
238017,534,251,188,0,0,3,9,1,0
124593,220,118,74,0,0,0,26,0,0
275437,96,71,42,1,1,0,0,0,0
175683,876,460,288,0,0,0,31,3,0
144052,40,31,2,0,0,0,5,0,0
121023,122,69,34,0,0,0,26,0,0
148539,339,165,157,0,0,0,8,0,0
230095,396,207,125,0,0,2,12,0,0
437490,214,118,89,0,0,0,7,0,0
477473,17,16,8,0,0,0,0,0,0
499985,96,38,20,0,0,0,4,0,0
168650,93,73,32,0,0,2,6,0,0
364510,14,14,4,0,0,0,0,0,0
475039,10,10,4,0,0,0,0,0,0
295699,264,143,83,0,0,8,15,1,0
521561,96,76,34,0,0,0,6,1,0
242977,1210,482,466,1,1,3,24,0,0
90824,247,143,76,0,0,4,21,1,0
519487,176,114,63,0,0,0,19,0,0
121461,17,14,5,0,0,0,0,0,0
84145,551,215,198,0,0,9,31,0,0
148026,98,64,27,1,1,0,8,1,0
443480,73,52,30,0,0,0,0,0,0
98493,6,6,0,0,0,0,2,0,0
44765,179,96,53,0,0,0,10,0,0
59866,1039,455,328,0,0,0,20,0,0
255764,60,42,8,1,1,0,9,0,0
479960,247,126,82,0,0,0,9,0,0
333062,41,39,14,1,1,0,3,0,0
485189,145,98,52,0,0,0,8,0,0
444075,5,5,2,0,0,0,0,0,0
339082,14,14,0,0,0,0,0,0,0
436630,412,229,123,0,0,0,38,0,0
469117,126,82,47,0,0,0,9,0,0
213613,39,37,13,0,0,0,9,0,0
33405,112,90,27,0,0,0,13,0,0
362738,191,106,68,0,0,0,1,1,0
130917,34,28,8,0,0,0,7,0,0
243037,559,277,186,0,0,1,42,0,0
458302,22,21,6,0,0,0,3,0,0
404714,42,38,16,0,0,0,0,0,0
334889,125,86,42,0,0,1,1,0,0
433627,700,302,239,1,1,11,65,1,0
330491,86,37,20,0,0,3,4,0,0
284042,136,78,41,1,1,0,8,0,0
335350,528,212,87,0,0,0,113,1,0
418565,130,91,48,0,0,0,7,0,0
99866,136,83,45,0,0,0,0,0,0
416735,363,193,111,0,0,1,37,1,0
190972,16,13,7,0,0,0,1,0,0
93112,402,247,119,0,0,1,31,0,0
416679,225,111,52,8,2,6,29,0,0
404788,243,159,85,0,0,4,11,0,0
450424,247,122,51,0,0,0,31,1,0
42710,264,107,45,9,1,0,73,0,0
313620,6,6,3,0,0,0,0,0,0
506634,54,45,22,0,0,0,3,1,0
420543,235,134,70,0,0,5,29,0,0
9105,100,69,36,0,0,0,7,0,0
354704,49,31,6,0,0,2,8,0,0
152861,323,141,104,0,0,1,34,0,0
407978,108,72,37,0,0,1,0,0,0
251719,592,294,183,0,0,0,40,1,0
461259,216,113,54,0,0,0,32,0,0
321928,269,141,71,0,0,0,27,0,0
90637,241,142,80,0,0,6,23,0,0
101327,27,23,8,0,0,0,1,0,0
38942,192,132,62,0,0,0,10,1,0
433235,21,17,9,0,0,0,0,0,0
495155,36,27,7,1,1,0,2,0,0
322391,201,126,63,0,0,0,4,0,0
480451,191,106,68,0,0,0,1,1,0
475533,1591,456,592,0,0,0,72,0,0
244931,434,237,160,0,0,1,24,0,0
469626,79,58,26,0,0,0,5,0,0
255599,191,112,78,3,2,0,3,1,0
393339,15,15,2,0,0,0,4,0,0
351258,38,36,5,0,0,1,4,0,0
384724,210,122,27,1,1,3,32,1,0
448698,449,198,125,0,0,5,60,1,0
92735,6,6,3,0,0,0,0,0,0
437864,7,7,2,0,0,0,0,0,0
499928,157,107,62,0,0,0,5,0,0
337658,24,22,5,0,0,0,0,0,0
491316,69,53,30,0,0,1,2,0,0
3887,34,31,9,0,0,0,6,0,0
102852,156,78,29,0,0,0,42,0,0
285320,73,59,24,0,0,0,9,0,0
473494,640,272,207,0,0,1,51,2,0
384253,102,71,32,0,0,7,18,1,0
167938,22,20,9,0,0,0,1,0,0
147074,266,113,23,0,0,4,66,0,0
118011,1316,565,406,0,0,0,82,1,0
173898,231,138,77,0,0,2,17,0,0
87403,79,58,26,0,0,0,5,0,0
236412,66,52,28,0,0,0,3,0,0
131604,65,46,26,0,0,0,0,0,0
73163,465,243,178,0,0,1,31,0,0
19727,109,81,41,0,0,0,3,0,0
438098,186,103,50,6,1,0,11,1,0
518288,292,140,34,0,0,0,112,0,0
405120,46,34,9,0,0,0,11,0,0
391773,28,25,6,0,0,0,1,0,0
524458,404,213,145,0,0,0,19,1,0
392880,5,4,0,0,0,0,2,0,0
31121,323,170,128,0,0,0,16,1,0
44380,178,121,54,1,1,0,3,0,0
35630,472,216,150,1,1,17,25,0,0
85656,1410,568,407,0,0,1,67,1,0
49330,250,133,72,0,0,0,36,0,0
152910,150,73,33,0,0,0,37,0,0
523116,710,291,266,0,0,0,27,0,0
438363,22,20,9,0,0,0,1,0,0
422415,56,46,17,0,0,0,9,0,0
137936,166,105,71,0,0,0,2,0,0
229938,555,258,190,0,0,0,21,0,0
279588,54,46,21,0,0,0,1,0,0
440365,146,99,39,0,0,1,11,0,0
360503,11,11,3,0,0,0,0,0,0
246963,96,57,20,0,0,12,12,1,0
104454,5,4,0,0,0,0,2,0,0
117515,69,52,29,0,0,0,0,0,0
513521,196,127,53,0,0,0,11,0,0
246786,193,116,68,0,0,2,9,0,0
166229,111,62,29,0,0,0,0,1,0
54435,1561,590,517,0,0,0,45,1,0
301886,439,165,163,0,0,10,27,1,0
120548,8,8,4,0,0,0,0,0,0
480560,213,124,78,0,0,0,3,4,0
180219,131,94,42,0,0,0,0,0,0
313845,288,152,68,2,1,11,35,0,0
514168,122,94,43,3,3,0,10,0,0
274606,959,429,89,1,1,183,334,0,0
509774,1027,494,289,0,0,0,43,1,0
154017,282,171,84,0,0,0,9,0,0
487549,130,84,40,1,1,0,9,1,0
262658,36,31,12,0,0,0,0,0,0
290994,16,15,2,0,0,0,0,0,0
87930,137,92,48,0,0,0,12,0,0
499974,34,31,16,0,0,0,0,0,0
511158,183,114,63,0,0,0,8,0,0
64587,1255,512,315,0,0,3,286,1,0
218821,31,30,12,0,0,0,1,0,0
211192,58,50,9,1,1,2,12,0,0
15991,104,43,20,0,0,0,30,0,0
459923,64,45,8,0,0,0,6,0,0
56535,658,313,167,0,0,11,54,0,0
27210,229,123,101,0,0,0,19,0,0
196993,210,120,66,0,0,0,25,0,0
313749,71,57,29,0,0,0,3,0,0
273960,727,341,231,5,3,0,65,2,0
235042,58,52,17,0,0,0,9,0,0
404613,1044,549,291,2,2,0,61,1,0
20668,204,106,91,0,0,0,2,0,0
475645,582,304,176,2,1,0,14,2,0
422952,244,134,94,0,0,3,24,0,0
261229,148,95,34,0,0,1,24,0,0
486665,177,117,23,0,0,0,33,0,0
337427,275,166,33,0,0,32,75,0,0
275186,166,94,57,1,1,0,20,0,0
208172,123,81,45,0,0,0,4,0,0
311829,205,108,58,0,0,4,16,0,0
142056,160,83,59,0,0,0,22,0,0
73206,83,45,14,0,0,0,8,0,0
353407,29,26,7,0,0,0,5,0,0
154210,1623,719,495,4,4,4,67,1,0
102337,155,92,71,0,0,0,2,0,0
503194,45,36,14,1,1,0,1,0,0
396847,101,74,23,0,0,0,8,0,0
95740,274,153,71,1,1,11,36,1,0
394364,408,199,149,0,0,0,7,0,0
361114,44,38,21,0,0,0,1,0,0
118172,249,156,82,0,0,5,12,0,0
258994,7,7,1,0,0,0,1,0,0
339070,133,85,31,0,0,5,12,0,0
206799,308,172,104,0,0,0,8,0,0
12334,77,55,16,0,0,4,9,0,0
124112,44,35,15,0,0,0,8,0,0
210179,104,66,28,1,1,2,15,0,0
437113,421,214,141,0,0,0,22,0,0
344461,175,112,12,0,0,21,57,0,0
200870,150,82,43,0,0,0,20,0,0
442017,133,86,36,0,0,0,21,0,0
214381,244,138,69,0,0,0,23,0,0
117,21,19,7,0,0,0,2,0,0
1732,16,16,1,0,0,0,8,0,0
286701,561,283,85,10,5,52,111,0,0
390430,280,158,106,1,1,4,17,0,0
184360,466,221,171,0,0,4,19,0,0
391210,130,93,35,1,1,4,17,0,0
249729,75,59,17,0,0,0,6,1,0
452564,130,69,26,0,0,0,30,0,0
280877,338,139,25,0,0,0,50,0,0
162714,187,93,59,5,4,3,19,0,0
57556,134,98,35,1,1,3,9,0,0
294384,115,72,31,0,0,8,11,0,0
37447,68,55,24,0,0,0,1,0,0
23644,556,260,187,0,0,0,57,0,0
36670,38,28,5,0,0,2,12,0,0
95499,44,39,14,0,0,0,2,0,0
426218,63,55,24,0,0,0,1,0,0
400073,327,146,29,0,0,0,32,0,0
490825,40,35,15,0,0,0,3,0,0
86058,21,20,6,0,0,0,3,0,0
471075,27,24,10,0,0,0,0,0,0
311627,95,42,14,0,0,6,17,0,0
298172,177,101,57,0,0,2,7,0,0
203049,665,277,187,3,2,0,141,0,0
504324,467,240,150,1,1,0,22,1,0
463848,1438,450,405,17,6,0,182,2,0
33999,15,12,0,0,0,0,0,0,0
338254,28,24,10,0,0,0,0,0,0
165504,749,314,270,0,0,3,61,0,0
475711,224,121,52,0,0,18,41,1,0
162599,233,104,15,0,0,25,87,0,0
144987,56,38,4,0,0,0,9,0,0
166208,84,29,7,0,0,0,1,1,0
270600,61,37,3,0,0,0,31,0,0
435351,231,113,78,0,0,0,1,0,0
463204,165,89,60,0,0,0,3,0,0
138321,324,144,134,0,0,0,4,0,0
311155,146,98,39,0,0,0,28,0,0
397359,243,99,64,0,0,1,4,0,0
204760,14,14,5,0,0,0,2,0,0
371812,101,59,14,0,0,1,27,0,0
36339,69,57,16,0,0,0,6,0,0
405776,64,51,22,0,0,1,3,0,0
316640,296,148,88,0,0,0,22,0,0
257759,447,221,147,4,4,13,45,1,0
489393,174,94,45,0,0,7,39,0,0
327631,1105,544,231,0,0,0,157,1,0
448138,56,39,10,1,1,0,2,0,0
293445,56,40,12,0,0,0,16,0,0
298936,328,156,100,0,0,8,23,2,0
48112,1006,448,296,0,0,0,59,1,0
102309,90,46,17,0,0,0,25,1,0
380656,608,288,96,0,0,0,150,0,0
102059,1576,222,114,48,3,12,525,0,0
341123,238,130,83,0,0,4,14,0,0
156675,3,3,0,0,0,0,0,0,0
378069,139,90,54,0,0,0,1,0,0
80245,42,35,18,0,0,0,1,0,0
450217,93,54,11,2,1,4,10,0,0
396105,60,50,20,0,0,0,7,0,0
476771,20,16,10,0,0,0,0,0,0
435586,2250,834,691,0,0,1,113,0,0
339282,390,203,143,0,0,2,13,0,0
219740,17,17,5,0,0,0,1,0,0
171684,12,9,1,0,0,0,0,0,0
138794,26,24,7,0,0,0,4,0,0
511163,129,88,36,1,1,0,6,0,0
411694,146,100,30,0,0,0,14,1,0
349453,23,23,7,0,0,0,6,0,0
131343,9,8,4,0,0,0,0,1,0
124010,171,103,54,0,0,2,8,0,0
354176,33,32,5,0,0,1,3,0,0
460545,16,15,2,0,0,0,2,0,0
11561,251,150,32,0,0,1,96,0,0
119846,209,125,55,7,2,2,28,1,0
503568,48,38,5,0,0,0,9,1,0
396153,31,26,15,0,0,0,0,0,0
213079,48,41,20,0,0,0,3,0,0
12861,23,20,10,0,0,0,1,0,0
221169,5,5,0,0,0,0,0,0,0
31702,66,52,25,0,0,0,1,0,0
429784,193,122,70,0,0,0,2,1,0
67137,30,24,16,0,0,0,1,1,0
325833,6,6,3,0,0,0,0,0,0
453348,321,159,120,0,0,0,47,0,0
379835,28,25,13,0,0,0,0,0,0
114017,109,62,13,0,0,0,13,0,0
34161,22,20,1,0,0,0,2,0,0
206243,160,97,57,0,0,0,20,0,0
307263,122,71,36,0,0,7,11,0,0
112145,493,275,94,1,1,0,83,0,0
268209,147,97,14,0,0,28,53,0,0
261430,306,233,41,0,0,1,79,0,0
246833,143,100,48,0,0,4,11,0,0
516777,104,66,37,0,0,0,5,0,0
170714,815,256,132,33,3,1,133,0,0
22821,161,104,57,0,0,2,8,0,0
110341,77,47,19,0,0,0,14,0,0
486564,60,53,6,0,0,1,8,0,0
267035,9,9,2,0,0,0,0,0,0
1681,48,38,7,1,1,1,6,0,0
501259,24,22,0,0,0,0,4,0,0
164173,41,30,9,0,0,0,8,0,0
229608,125,85,48,0,0,2,5,0,0
60240,346,194,37,4,2,41,92,0,0
222279,80,66,24,0,0,0,2,0,0
419969,579,225,162,0,0,3,50,1,0
3241,21,20,10,0,0,0,0,0,0
38471,31,27,2,0,0,2,5,0,0
201852,49,40,7,0,0,2,14,1,0
408014,180,106,27,0,0,1,50,0,0
325015,37,33,17,0,0,0,1,0,0
365604,10,6,0,0,0,0,3,0,0
209187,270,191,30,0,0,48,87,0,0
453202,24,23,10,0,0,0,0,0,0
116366,115,74,40,0,0,0,7,0,0
452155,17,17,7,0,0,0,3,0,0
211678,552,211,170,3,1,13,74,2,0
191754,651,281,175,0,0,0,133,0,0
149372,614,263,216,0,0,0,37,1,0
256778,142,100,56,0,0,0,2,0,0
475443,360,144,58,0,0,0,86,0,0
390676,71,55,25,0,0,2,6,0,0
78790,7,7,3,0,0,0,1,0,0
52387,58,41,13,0,0,0,4,0,0
133303,11,11,5,0,0,0,1,0,0
369491,23,21,14,0,0,0,0,0,0
500443,24,22,0,0,0,0,4,0,0
118931,155,93,50,0,0,4,11,0,0
212562,13,13,4,0,0,0,1,0,0
49351,630,283,207,3,2,13,45,1,0
378570,353,162,105,0,0,0,21,0,0
56498,9368,2453,2996,0,0,2,410,2,0
409880,30,27,7,0,0,1,1,0,0
194505,51,36,23,0,0,0,4,0,0
265917,1617,650,506,10,1,6,102,2,0
367193,58,38,9,0,0,0,12,0,0
323347,189,114,70,0,0,3,8,0,0
188819,170,115,71,0,0,1,10,0,0
50466,11,11,3,0,0,0,0,0,0
322965,107,81,39,0,0,0,9,0,0
145264,24,22,0,0,0,0,4,0,0
84914,112,81,43,0,0,0,2,0,0
260969,343,199,95,0,0,0,10,1,0
414606,144,100,50,0,0,0,5,1,0
413472,1050,320,300,2,1,22,82,0,0
428998,218,123,94,0,0,0,7,0,0
278886,13,12,3,0,0,0,2,1,0
57298,488,235,127,0,0,2,65,1,0
59112,19,18,9,0,0,0,0,0,0
308813,37,33,13,0,0,0,1,0,0
102612,730,328,177,0,0,0,179,0,0
77580,370,173,114,0,0,0,10,0,0
389298,204,123,40,0,0,3,25,1,0
470614,87,59,30,3,2,0,6,0,0
187110,28,25,8,0,0,0,2,0,0
4166,23,23,10,0,0,0,0,0,0
46723,216,127,63,0,0,1,33,0,0
318818,79,67,30,0,0,0,1,0,0
92354,310,153,103,1,1,1,29,0,0
68986,908,399,299,1,1,1,35,0,0
96787,353,181,147,0,0,0,0,1,0
317981,1132,528,299,4,3,5,38,0,0
207110,313,160,91,2,1,4,30,0,0
73272,754,336,291,0,0,0,37,2,0
172915,130,90,47,0,0,0,11,0,0
243934,624,335,170,0,0,2,16,1,0
149960,66,47,27,0,0,0,1,0,0
207146,139,88,61,0,0,0,1,0,0
83105,107,60,10,1,1,25,38,0,0
442692,65,56,27,0,0,0,2,0,0
103200,71,50,21,0,0,0,4,1,0
241208,1330,633,283,4,4,65,205,0,0
324613,71,56,28,0,0,0,0,0,0
67600,1280,527,379,9,5,2,37,1,0
312857,266,157,93,0,0,2,7,0,0
171415,446,225,145,0,0,0,25,1,0
194577,59,43,33,0,0,0,1,0,0
341274,37,29,20,0,0,0,0,0,0
242988,301,155,114,0,0,0,10,0,0
226358,1133,521,379,0,0,5,17,1,0
352274,36,34,8,0,0,1,3,0,0
66360,63,50,23,0,0,1,1,0,0
126763,260,146,94,0,0,0,23,0,0
187080,39,32,9,0,0,0,10,0,0
24876,49,40,18,0,0,0,2,0,0
326384,135,112,15,0,0,0,31,0,0
67231,41,36,18,0,0,0,2,0,0
519735,554,349,116,0,0,0,83,0,0
268037,22,20,9,0,0,0,0,0,0
463873,174,104,44,0,0,0,25,0,0
108511,55,47,22,0,0,0,2,1,0
176011,98,72,34,0,0,0,1,0,0
286383,15,15,5,0,0,0,3,0,0
447413,186,110,51,2,1,0,11,0,0
34919,75,53,16,1,1,1,2,1,0
339280,209,116,91,0,0,0,0,0,0
296288,58,52,21,0,0,0,0,0,0
475005,85,66,32,0,0,0,6,0,0
300870,262,142,64,0,0,1,57,0,0
199863,530,206,129,0,0,12,94,0,0
473142,312,157,133,0,0,0,10,0,0
180859,459,166,150,0,0,0,63,0,0
111942,20,19,7,0,0,0,1,0,0
33228,52,44,17,0,0,0,5,0,0
409839,178,116,48,0,0,4,10,1,0
239357,130,118,15,0,0,0,25,0,0
315882,5,5,1,0,0,0,1,0,0
424796,13,13,4,0,0,0,0,0,0
466585,120,80,37,0,0,1,16,0,0
514660,2352,955,704,0,0,0,149,2,0
188315,48,43,19,0,0,1,3,0,0
393098,158,104,8,0,0,19,39,0,0
346011,100,70,47,0,0,2,4,0,0
160376,299,152,57,0,0,4,28,0,0
260848,89,67,12,0,0,0,11,0,0
270447,43,35,10,0,0,0,9,0,0
435148,254,147,96,0,0,0,18,0,0
467949,208,116,57,0,0,0,33,0,0
189066,141,95,49,0,0,1,9,0,0
229441,423,170,131,0,0,0,19,0,0
313060,33,28,15,0,0,0,1,0,0
243657,95,63,22,0,0,3,18,0,0
260918,150,115,24,1,1,0,8,0,0
176270,100,72,41,0,0,0,10,0,0
124700,62,44,18,0,0,0,2,0,0
144601,24,22,0,0,0,0,4,0,0
233161,176,108,57,0,0,0,11,2,0
120915,35,33,11,0,0,0,1,0,0
168250,172,117,27,0,0,0,27,1,0
6936,103,77,39,0,0,0,8,0,0
381976,103,76,41,0,0,0,0,0,0
373188,152,98,66,0,0,1,3,0,0
350368,241,118,81,0,0,4,7,0,0
96704,85,53,25,0,0,0,0,1,0
95197,183,125,64,1,1,1,11,0,0
124160,72,56,14,0,0,0,15,0,0
41368,173,101,44,0,0,4,23,0,0
244551,195,118,55,0,0,12,19,1,0
93035,203,119,77,0,0,0,4,0,0
62455,227,143,79,0,0,0,14,0,0
169387,308,165,91,0,0,0,25,0,0
259253,168,102,57,0,0,0,5,0,0
258698,198,117,63,0,0,0,17,0,0
50482,12,12,5,0,0,0,1,0,0
75431,129,93,30,0,0,4,14,0,0
276478,39,33,2,0,0,0,6,0,0
110713,89,51,33,0,0,0,2,0,0
116679,114,68,13,0,0,0,9,0,0
308654,317,166,118,0,0,0,12,0,0
29823,238,111,74,0,0,3,18,0,0
285421,239,127,29,0,0,0,57,0,0
112182,143,89,26,0,0,0,24,0,0
426869,256,146,54,0,0,11,35,1,0
523681,60,55,18,1,1,0,4,0,0
188737,142,78,28,0,0,9,20,0,0
74251,104,66,47,0,0,0,2,0,0
296741,69,54,21,0,0,3,6,0,0
428020,55,46,15,0,0,3,5,0,0
81664,21,17,4,0,0,1,3,0,0
484522,24,23,11,0,0,0,0,0,0
153089,29,24,15,0,0,0,0,0,0
330545,129,34,21,0,0,0,5,0,0
125192,162,115,40,0,0,0,11,1,0
318584,111,75,42,0,0,0,1,0,0
405026,63,49,28,0,0,0,0,0,0
253111,184,104,61,0,0,0,9,0,0
329126,24,22,0,0,0,0,4,0,0
179600,151,69,38,0,0,0,33,0,0
469830,669,218,207,0,0,13,11,0,0
90773,77,48,11,0,0,3,7,0,0
426455,213,121,57,0,0,0,24,0,0
65899,2625,801,949,1,1,0,47,0,0
85118,49,37,2,0,0,0,7,0,0
19495,90,68,28,0,0,0,3,0,0
23412,86,62,34,0,0,0,0,0,0
203923,288,149,96,0,0,0,23,1,0
334243,295,159,38,0,0,1,106,0,0
22403,447,187,184,0,0,0,16,1,0
329116,50,46,3,0,0,0,9,0,0
466370,53,47,15,0,0,0,4,0,0
405647,87,71,30,0,0,0,0,1,0
399724,508,262,198,1,1,4,15,0,0
44468,76,57,22,0,0,0,3,0,0
237184,713,317,45,0,0,82,175,0,0
242242,192,130,57,0,0,0,5,0,0
78353,46,40,19,0,0,0,1,0,0
441980,9,9,4,0,0,0,0,0,0
317707,101,63,23,0,0,4,12,0,0
263742,212,125,72,0,0,1,4,0,0
228465,27,25,6,0,0,0,2,0,0
500139,24,22,0,0,0,0,4,0,0
475432,424,186,162,0,0,0,27,0,0
491165,142,95,54,0,0,0,6,0,0
309721,265,110,60,0,0,14,26,0,0
221371,26,26,1,0,0,0,18,0,0
91644,38,31,8,0,0,0,9,0,0
410633,658,180,201,0,0,1,74,1,0
89454,22,21,11,0,0,0,1,0,0
372337,190,104,48,0,0,2,28,0,0
80241,55,38,10,0,0,3,14,0,0
153996,1453,608,432,6,4,3,70,1,0
351724,32,31,3,0,0,1,3,0,0
313691,89,66,39,0,0,0,2,0,0
466303,582,304,176,2,1,0,14,2,0
379855,31,31,11,0,0,0,1,0,0
25504,357,184,117,0,0,0,29,0,0
297452,178,101,55,3,2,1,7,1,0
36843,173,102,56,0,0,0,11,0,0
325696,29,24,12,0,0,0,2,0,0
347826,171,98,65,0,0,0,5,0,0
170705,320,177,72,6,1,1,20,2,0
259038,22,20,4,0,0,0,4,0,0
131995,35,28,15,0,0,0,4,0,0
140006,764,288,239,0,0,0,62,1,0
226655,1226,470,388,0,0,17,130,0,0
152584,25,22,12,0,0,0,0,0,0
446915,266,148,52,0,0,0,37,0,0
91572,75,50,32,0,0,0,0,0,0
510803,28,25,6,0,0,0,5,0,0
79708,136,65,11,0,0,21,26,1,0
225340,32,30,11,0,0,0,2,0,0
140098,41,36,12,0,0,0,1,0,0
40536,350,185,105,0,0,10,21,0,0
453861,328,153,126,0,0,0,35,0,0
11522,57,48,22,0,0,0,0,0,0
214374,165,102,63,0,0,0,3,0,0
286648,386,201,47,1,1,10,113,0,0
354111,24,23,3,0,0,1,3,0,0
350591,51,36,19,0,0,0,9,0,0
488302,48,41,21,0,0,0,1,0,0
273454,14,12,7,0,0,0,0,0,0
249103,851,378,276,7,2,2,16,0,0
449518,65,49,19,0,0,0,9,1,0
266940,84,69,19,0,0,0,9,0,0
148776,2563,855,872,0,0,0,71,2,0
201035,191,116,69,0,0,0,4,0,0
166068,360,15,0,0,0,0,40,0,0
227242,315,174,84,2,1,6,60,0,0
176516,27,21,6,0,0,0,2,0,0
429650,138,88,64,0,0,0,9,0,0
63737,376,184,121,1,1,9,15,0,0
46534,255,141,63,1,1,4,37,0,0
349424,9,9,3,0,0,0,0,0,0
439224,129,34,21,0,0,0,5,0,0
421942,379,243,56,0,0,39,90,0,0
461957,44,34,17,0,0,0,5,0,0
284685,80,56,37,0,0,0,2,0,0
523366,256,141,86,0,0,0,15,0,0
178737,418,202,144,0,0,0,39,0,0
44094,319,161,137,0,0,0,2,0,0
6209,448,232,133,1,1,8,50,0,0
244808,446,219,86,5,1,3,49,2,0
483130,25,24,6,0,0,0,0,0,0
351202,58,54,11,0,0,1,3,0,0
429520,98,60,33,0,0,0,11,0,0
22719,236,118,85,0,0,0,40,0,0
17811,102,78,3,0,0,0,24,0,0
165256,91,66,21,0,0,0,8,0,0
137967,27,22,11,0,0,0,0,0,0
211930,215,115,68,6,2,0,18,1,0
12461,47,38,13,2,2,0,8,0,0
250340,45,36,10,0,0,0,8,0,0
338919,327,167,46,0,0,1,43,0,0
435715,48,25,21,0,0,0,0,0,0
130147,120,72,31,0,0,0,6,0,0
350128,105,74,39,0,0,0,3,0,0
379266,93,66,28,0,0,2,9,0,0
502517,268,167,107,2,2,0,9,1,0
300754,351,152,89,0,0,14,18,0,0
12028,191,106,60,2,1,1,11,0,0
100413,110,73,32,2,1,1,11,0,0
77325,8,8,3,0,0,0,1,0,0
444260,122,68,26,0,0,0,20,0,0
39555,64,54,18,0,0,1,4,1,0
349925,330,186,93,0,0,0,54,0,0
456235,44,39,15,0,0,0,2,0,0
390460,92,67,30,0,0,0,10,1,0
85832,2210,718,779,1,1,0,106,1,0
469381,700,395,229,2,2,1,54,0,0
307511,67,57,22,0,0,0,2,0,0
384175,694,264,212,0,0,10,119,0,0
481945,168,121,50,1,1,3,24,0,0
264540,217,128,74,0,0,1,6,0,0
46267,372,212,119,2,2,3,24,0,0
135950,1042,366,297,22,3,7,110,1,0
77758,30,29,6,0,0,0,1,0,0
74420,48,36,16,0,0,0,4,0,0
291555,16,15,2,0,0,0,0,0,0
22061,7,7,4,0,0,0,0,0,0
178139,80,56,38,0,0,0,3,0,0
269922,194,108,57,2,1,6,14,0,0
78503,134,91,51,0,0,0,8,0,0
277807,24,22,0,0,0,0,4,0,0
113441,226,132,64,0,0,0,18,1,0
83821,324,139,81,0,0,0,54,0,0
406639,244,157,64,1,1,3,30,1,0
190853,272,97,33,0,0,1,16,0,0
279782,201,148,59,0,0,2,17,0,0
456355,86,60,23,0,0,0,10,0,0
408381,18,18,5,0,0,0,1,0,0
601,139,56,16,0,0,0,49,0,0
269527,48,37,20,0,0,0,1,0,0
388610,526,264,168,0,0,2,19,1,0
340949,719,328,239,4,2,5,21,2,0
410935,13,10,0,0,0,1,4,0,0
87348,102,66,20,0,0,0,28,1,0
336014,39,28,5,0,0,0,15,0,0
30016,89,67,30,0,0,0,6,0,0
441373,563,251,194,1,1,10,26,2,0
369500,91,68,31,0,0,0,2,0,0
200690,26,24,10,0,0,0,1,0,0
411774,797,443,244,4,1,0,76,0,0
412360,839,350,315,2,2,2,32,2,0
175938,56,44,17,0,0,0,9,0,0
366239,115,84,33,0,0,0,10,0,0
63353,455,222,139,0,0,0,21,0,0
109500,5,4,0,0,0,0,2,0,0
133828,333,175,43,1,1,29,95,0,0
13885,1117,484,410,0,0,0,60,0,0
323251,41,32,11,0,0,1,5,0,0
277146,74,37,5,0,0,0,9,0,0
244225,93,73,30,0,0,0,7,0,0
333460,297,165,116,0,0,2,4,0,0
76862,11,11,3,0,0,0,1,0,0
513300,924,401,256,2,2,2,45,1,0
254724,532,248,190,0,0,0,2,0,0
235429,164,92,62,0,0,0,2,0,0
133952,89,55,15,0,0,0,28,0,0
82138,230,117,114,0,0,0,2,0,0
295831,147,95,57,0,0,0,4,0,0
42494,9,9,3,0,0,0,0,0,0
106633,77,60,32,0,0,0,2,0,0
495666,21,18,1,0,0,0,0,0,0
116660,102,55,17,0,0,0,7,0,0
341444,430,196,146,0,0,0,24,1,0
351916,28,27,4,0,0,1,3,0,0
56139,249,144,89,0,0,1,8,0,0
459275,27,25,7,0,0,0,7,0,0
137764,141,81,35,3,1,2,15,1,0
208765,101,75,15,2,1,1,12,0,0
19604,233,159,56,0,0,0,26,0,0
47268,76,65,27,0,0,1,5,0,0
60047,179,104,44,0,0,2,17,0,0
375203,31,29,12,0,0,0,1,0,0
496933,137,98,55,0,0,0,4,0,0
83520,30,29,15,0,0,0,0,0,0
380573,13,13,4,0,0,0,2,0,0
109558,112,80,43,0,0,0,2,0,0
45478,89,56,14,2,2,6,19,0,0
264807,605,292,240,1,1,0,12,0,0
125816,371,177,128,0,0,0,19,0,0
16070,36,33,12,1,1,0,2,0,0
274936,788,368,215,5,1,3,15,1,0
197204,154,103,45,2,2,2,13,0,0
497116,2943,525,356,96,2,1,212,1,0
516817,550,272,168,8,2,0,74,0,0
461177,178,112,54,0,0,0,23,0,0
394627,428,214,48,0,0,31,144,0,0
135663,25,20,9,0,0,0,0,0,0
388529,144,102,44,1,1,2,12,1,0
507890,17,16,5,0,0,0,3,0,0
362610,241,143,97,0,0,1,12,0,0
79889,451,239,131,0,0,3,26,0,0
203065,37,34,11,0,0,0,1,0,0
336904,57,49,18,0,0,0,0,0,0
448273,220,126,68,0,0,0,15,1,0
382418,355,48,35,0,0,0,75,0,0
395691,8,8,3,0,0,0,0,0,0
340139,13,13,5,0,0,0,0,0,0
246698,23,21,3,0,0,1,3,0,0
361836,300,148,59,0,0,2,24,1,0
397154,948,445,287,11,3,34,89,0,0
263177,21,15,5,0,0,0,3,0,0
21039,130,85,44,0,0,0,11,0,0
460592,64,53,21,0,0,0,2,0,0
201154,173,105,66,0,0,0,5,0,0
468284,47,38,18,0,0,0,1,0,0
81192,93,70,33,0,0,2,5,0,0
206731,282,122,55,14,3,13,42,0,0
490416,826,391,266,0,0,0,49,3,0
280919,918,418,312,5,1,2,39,1,0
256506,17,16,7,0,0,0,0,0,0
124414,127,81,40,0,0,0,25,0,0
242132,509,260,179,0,0,0,10,0,0
130804,447,152,108,0,0,1,156,0,0
107521,21,18,6,0,0,0,5,0,0
80361,35,31,10,0,0,0,0,0,0
207307,189,112,43,2,2,7,22,0,0
293495,328,147,102,1,1,8,27,0,0
131541,29,16,4,0,0,0,5,0,0
262610,173,112,64,1,1,2,10,0,0
147415,61,44,4,0,0,0,7,0,0
443213,43,39,18,0,0,0,1,0,0
67288,145,83,16,0,0,1,19,0,0
9664,61,45,17,0,0,0,8,0,0
163511,84,65,24,2,2,1,1,0,0
497045,43,40,16,0,0,0,2,0,0
61582,5,5,3,0,0,0,0,0,0
376453,9,9,3,0,0,0,0,0,0
413254,171,117,60,0,0,2,13,1,0
87884,151,102,58,0,0,1,6,0,0
507209,476,295,108,0,0,0,76,0,0
143120,111,71,52,0,0,1,2,0,0
108040,138,107,37,0,0,2,6,0,0
266361,144,98,53,0,0,0,2,1,0
211331,339,193,111,0,0,0,26,0,0
75268,28,25,12,0,0,0,3,0,0
216237,209,135,64,1,1,3,24,0,0
513516,40,38,15,0,0,0,3,0,0
420076,22,21,8,0,0,0,1,0,0
357709,175,96,52,3,1,2,8,0,0
411076,117,74,24,0,0,0,31,0,0
303814,51,34,7,1,1,0,9,0,0
297709,443,195,124,0,0,15,27,1,0
83522,220,107,55,0,0,20,31,0,0
226335,645,275,188,0,0,0,72,1,0
277010,45,34,2,0,0,0,5,0,0
191194,32,28,14,0,0,0,1,0,0
285774,18,17,5,0,0,0,0,0,0
318877,416,259,103,0,0,1,72,1,0
107954,262,146,107,0,0,0,14,0,0
256107,162,109,54,0,0,0,6,1,0
49590,34,30,12,0,0,0,1,0,0
292050,306,127,110,0,0,0,19,0,0
81980,17,16,3,0,0,0,3,0,0
40215,1052,420,328,11,3,26,91,0,0
36352,186,111,64,0,0,4,14,0,0
260673,367,122,44,0,0,0,107,1,0
465781,143,94,47,0,0,0,14,0,0
241149,1486,520,490,2,1,0,102,2,0
500571,42,38,5,0,0,0,4,0,0
331918,232,143,72,1,1,0,9,0,0
12663,1993,387,548,10,2,2,167,2,0
271230,383,195,145,0,0,7,19,0,0
478006,2361,572,550,12,5,127,445,0,0
121813,34,29,14,0,0,0,2,0,0
158906,27,25,10,1,1,0,0,0,0
35942,378,169,133,0,0,1,16,0,0
5198,316,175,89,1,1,0,18,1,0
345367,135,74,40,0,0,0,21,0,0
292106,149,88,63,0,0,0,5,0,0
157962,32,32,12,0,0,0,0,0,0
127088,48,34,6,0,0,3,13,0,0
404617,65,51,20,0,0,0,1,1,0
126811,112,72,38,0,0,3,14,0,0
329956,37,31,12,0,0,0,0,0,0
388630,377,210,149,1,1,1,11,1,0
506394,401,191,137,0,0,2,28,3,0
230286,293,149,101,0,0,4,23,0,0
472660,29,27,7,0,0,0,1,0,0
412024,699,379,187,4,1,0,72,1,0
266236,210,130,77,0,0,0,3,0,0
225595,338,175,104,0,0,0,8,0,0
379815,17,15,8,0,0,0,0,0,0
303583,61,46,17,0,0,0,6,0,0
5247,719,246,143,0,0,0,52,0,0
115854,12,12,2,0,0,0,0,0,0
159634,269,141,82,0,0,0,33,0,0
505800,80,67,30,0,0,0,2,0,0
150880,11,10,0,0,0,0,1,0,0
309278,178,101,55,3,2,1,7,1,0
146617,87,61,21,0,0,0,17,0,0
418385,93,72,18,0,0,6,21,0,0
497725,526,201,175,0,0,2,14,0,0
283275,68,49,14,0,0,0,3,0,0
231734,262,153,99,0,0,0,7,0,0
87037,42,37,13,0,0,0,6,0,0
488245,457,198,137,6,1,6,24,0,0
157643,77,57,29,0,0,0,4,1,0
234591,24,23,9,0,0,0,2,0,0
331240,183,110,85,0,0,0,2,0,0
16217,129,80,36,0,0,0,15,0,0
23483,36,33,13,0,0,0,0,0,0
77920,11,11,3,0,0,0,1,0,0
107794,127,75,42,5,2,2,0,1,0
221993,54,43,10,1,1,1,8,0,0
110216,198,99,85,0,0,0,2,0,0
304589,52,41,23,0,0,0,0,0,0
378935,1624,458,366,21,2,1,92,2,0
377543,173,117,66,0,0,0,15,0,0
208378,17,17,6,0,0,0,2,0,0
406414,4192,537,1498,0,0,0,48,2,0
456744,726,335,33,0,0,0,167,1,0
184983,11,11,3,0,0,0,1,0,0
462147,97,68,34,0,0,0,14,0,0
290731,390,185,121,2,1,7,19,0,0
173832,403,205,151,0,0,0,33,1,0
293312,164,106,49,0,0,0,22,0,0
4797,200,117,44,0,0,0,2,0,0
304154,292,159,89,1,1,11,21,0,0
507297,47,40,10,0,0,0,8,0,0
17233,92,64,32,0,0,0,1,0,0
152507,7,7,2,0,0,0,2,0,0
120011,96,65,13,1,1,1,21,0,0
460803,23,21,7,0,0,0,1,1,0
398955,2337,699,668,4,1,3,82,1,0
434731,920,510,203,1,1,0,59,1,0
469565,1360,685,359,2,1,0,94,0,0
369883,553,227,190,19,5,1,35,2,0
280964,59,51,23,0,0,0,4,0,0
12797,148,94,36,1,1,11,17,0,0
184223,34,32,12,0,0,0,1,0,0
119583,199,110,88,0,0,0,8,0,0
228709,346,198,125,0,0,0,3,0,0
79251,19,19,8,0,0,0,1,0,0
419034,199,73,37,0,0,0,55,1,0
231781,103,47,19,0,0,0,12,0,0
93617,38,33,18,0,0,0,2,0,0
424072,586,247,169,0,0,0,45,2,0
288918,12,12,5,0,0,0,1,0,0
327388,82,63,31,0,0,0,7,0,0
29673,54,49,18,0,0,0,1,0,0
202771,80,62,23,1,1,2,8,0,0
420230,39,27,3,0,0,1,8,0,0
116922,56,46,20,0,0,1,1,0,0
68595,299,150,81,1,1,1,19,0,0
47005,605,311,226,0,0,7,20,0,0
170043,103,74,39,0,0,0,4,0,0
356432,18,17,3,1,1,0,2,0,0
82027,80,55,31,0,0,1,1,0,0
385059,421,220,169,0,0,5,17,1,0
495262,242,126,91,0,0,0,11,0,0
305929,45,40,15,0,0,0,1,0,0
86715,264,143,85,0,0,0,25,0,0
350486,229,102,67,0,0,5,28,0,0
434661,171,94,62,0,0,1,14,1,0
79537,646,281,206,0,0,10,66,0,0
105322,360,148,132,0,0,0,36,1,0
86907,47,35,12,0,0,0,9,0,0
410733,411,192,156,1,1,0,13,0,0
70597,520,259,140,0,0,5,41,0,0
251962,159,106,65,0,0,0,13,0,0
353110,54,43,24,0,0,0,5,0,0
52233,50,40,13,0,0,0,2,1,0
179491,280,86,15,0,0,0,132,0,0
327573,16,16,0,0,0,0,3,0,0
35166,130,90,33,0,0,0,20,0,0
117818,30,29,10,0,0,0,0,0,0
458647,582,256,186,1,1,1,60,0,0
476194,307,141,101,0,0,0,28,0,0
369314,58,47,15,0,0,0,9,0,0
359996,639,268,164,2,2,57,78,1,0
227353,40,34,16,0,0,0,1,0,0
290677,202,149,56,0,0,1,20,0,0
25299,693,277,221,1,1,0,29,0,0
14091,15,14,6,0,0,0,0,0,0
110890,52,41,21,0,0,0,2,0,0
1731,114,85,22,1,1,4,17,0,0
255206,292,153,121,0,0,0,6,0,0
433684,71,58,14,0,0,0,9,0,0
286508,311,167,32,9,4,27,74,0,0
181685,255,131,43,9,3,11,35,0,0
508324,103,73,37,0,0,0,3,0,0
447077,215,122,41,0,0,4,31,0,0
271764,39,33,24,0,0,0,0,0,0
463603,63,49,20,0,0,0,5,0,0
138680,60,57,13,0,0,0,3,0,0
68978,281,171,86,1,1,1,5,0,0
377695,198,117,58,1,1,2,34,0,0
490585,68,54,28,0,0,0,0,0,0
407876,169,113,44,2,2,6,26,0,0
515432,242,145,70,0,0,0,32,1,0
400937,12,11,4,0,0,0,0,0,0
183475,107,62,29,0,0,0,22,0,0
310794,121,84,49,0,0,1,5,1,0
258577,5,5,2,0,0,0,1,0,0
51909,268,157,96,0,0,0,13,0,0
130111,44,36,12,0,0,0,1,0,0
90614,18,18,6,0,0,0,1,0,0
354462,25,24,2,0,0,1,5,0,0
152126,493,247,173,1,1,2,15,0,0
403749,55,28,3,0,0,2,7,0,0
342404,176,110,48,1,1,1,10,1,0
361753,10,9,1,0,0,0,3,0,0
464930,153,83,41,0,0,0,19,0,0
225550,136,85,34,0,0,1,19,0,0
181942,253,129,88,0,0,6,17,0,0
215620,115,80,45,0,0,0,2,0,0
66449,93,55,21,0,0,4,13,0,0
443841,246,122,101,0,0,2,16,0,0
252826,49,40,23,0,0,0,1,0,0
99163,217,122,18,0,0,14,45,0,0
354413,185,89,26,0,0,13,29,0,0
441193,46,39,14,0,0,0,2,0,0
252805,871,371,356,0,0,3,14,1,0
381315,139,94,46,0,0,1,6,0,0
24322,123,67,48,0,0,0,2,0,0
425829,442,204,191,0,0,0,6,0,0
289895,63,51,15,0,0,1,5,0,0
37767,67,51,29,0,0,0,3,1,0
456670,229,120,75,0,0,0,11,0,0
445429,367,191,121,0,0,4,24,0,0
215274,22,17,2,0,0,2,6,0,0
34447,21,19,0,0,0,0,1,0,0
14904,2007,348,262,45,6,3,417,1,0
287560,65,46,26,0,0,0,4,0,0
69462,204,110,86,0,0,1,3,0,0
253972,128,87,44,0,0,0,11,0,0
455018,220,121,89,0,0,0,15,0,0
425402,386,204,147,0,0,0,4,0,0
152290,23,23,8,0,0,0,1,0,0
34157,20,17,0,0,0,0,1,0,0
133797,73,55,24,1,1,0,5,0,0
492086,78,66,26,0,0,0,0,0,0
362028,39,33,10,0,0,0,1,0,0
427220,431,225,78,0,0,51,107,0,0
76741,171,116,57,0,0,0,13,0,0
355661,464,157,61,0,0,0,30,2,0
333747,172,116,44,1,1,16,29,0,0
229439,6,6,1,0,0,0,1,0,0
405459,147,101,52,0,0,0,5,1,0
55801,451,238,117,0,0,1,20,0,0
439625,29,25,10,0,0,2,4,0,0
47426,61,54,21,1,1,0,3,0,0
299572,194,118,57,0,0,1,18,0,0
300701,19,17,9,0,0,0,0,0,0
5251,279,144,85,6,2,0,7,1,0
280651,36,31,2,0,0,1,6,0,0
178543,196,109,85,0,0,0,1,0,0
99860,114,79,38,0,0,0,15,0,0
374287,393,185,151,0,0,3,15,0,0
498322,67,50,10,1,1,2,12,0,0
305837,442,185,162,0,0,13,25,0,0
141418,1063,457,312,0,0,0,73,0,0
375155,190,74,6,0,0,12,78,0,0
405962,135,92,49,0,0,0,9,1,0
388539,254,187,57,0,0,1,20,0,0
171380,112,78,33,1,1,2,11,0,0
199732,178,123,60,0,0,0,18,1,0
44191,250,133,83,1,1,2,8,0,0
185465,15,14,5,0,0,0,1,0,0
342362,117,90,41,0,0,1,6,0,0
145916,18,17,2,1,1,1,5,0,0
80273,5,5,1,0,0,0,0,0,0
283156,52,42,21,0,0,0,5,0,0
411633,131,83,48,0,0,2,4,3,0
147625,45,34,2,0,0,0,5,0,0
238718,34,32,9,0,0,0,1,0,0
223024,184,102,7,0,0,3,59,0,0
222401,191,124,62,1,1,1,8,0,0
476583,253,140,110,0,0,0,20,0,0
272044,7,7,3,0,0,0,0,0,0
379140,135,70,20,1,1,4,25,0,0
33034,28,26,7,0,0,0,2,1,0
380066,81,61,21,0,0,1,11,0,0
97974,45,37,20,0,0,0,1,0,0
183178,54,43,17,0,0,0,9,0,0
434682,35,32,8,0,0,0,0,0,0
505244,40,38,16,0,0,0,0,1,0
399097,214,117,73,0,0,0,4,0,0
261166,82,70,27,0,0,0,1,1,0
475116,112,81,45,0,0,0,3,0,0
403679,531,173,118,0,0,22,53,0,0
21204,485,232,159,0,0,0,56,1,0
91095,212,111,60,0,0,0,17,0,0
419871,57,49,21,0,0,0,7,0,0
427012,548,294,102,2,2,1,85,0,0
431980,647,310,211,4,1,3,26,1,0
275313,2766,730,681,33,3,1,132,2,0
447539,124,70,48,0,0,0,6,0,0
162731,384,189,155,0,0,0,10,0,0
301980,45,39,19,0,0,0,0,0,0
516284,62,48,16,0,0,0,1,0,0
263006,40,30,10,1,1,1,2,0,0
101871,347,233,19,2,2,0,30,0,0
433606,396,207,89,0,0,17,27,0,0
89737,994,378,395,0,0,5,25,1,0
350909,31,29,7,0,0,1,3,0,0
320013,92,62,38,0,0,0,2,0,0
375863,58,47,27,0,0,0,2,0,0
146764,328,191,132,0,0,1,11,0,0
209404,470,237,160,0,0,0,24,1,0
517957,802,371,279,6,4,0,20,0,0
65048,901,339,295,0,0,8,102,1,0
361414,177,110,70,0,0,1,8,0,0
488007,354,181,81,0,0,0,27,0,0
330688,132,34,21,0,0,0,5,0,0
397987,81,55,36,0,0,0,8,0,0
191574,132,70,22,0,0,0,20,0,0
491152,167,123,40,0,0,0,11,0,0
11193,127,69,38,0,0,0,18,0,0
42032,9,9,1,0,0,0,3,0,0
321716,589,268,160,0,0,0,24,0,0
481365,18,18,2,0,0,0,3,0,0
523499,697,348,207,0,0,0,55,0,0
460179,244,132,64,0,0,0,15,0,0
74563,193,117,61,0,0,4,14,0,0
224920,73,42,13,1,1,3,3,0,0
335462,136,96,51,0,0,0,10,1,0
323705,594,313,169,1,1,0,66,1,0
304211,844,323,298,0,0,0,53,2,0
417829,170,99,50,0,0,0,21,1,0
391881,111,77,46,0,0,0,0,0,0
392636,124,70,26,0,0,0,9,0,0
473438,73,61,23,0,0,0,4,0,0
377378,19,19,5,0,0,0,0,0,0
476897,6,6,3,0,0,0,0,0,0
240874,617,195,218,0,0,0,0,2,0
462801,58,53,17,0,0,0,7,0,0
394615,53,44,22,0,0,0,3,0,0
440801,172,112,67,0,0,0,3,0,0
215975,19,17,5,0,0,0,0,0,0
374241,244,140,58,1,1,0,31,0,0
79462,1132,502,53,16,6,217,499,0,0
257363,84,55,8,4,1,12,29,0,0
115397,252,126,67,0,0,0,19,0,0
79669,92,71,30,0,0,0,2,0,0
497695,601,255,184,9,2,0,46,2,0
252071,59,51,11,1,1,0,5,1,0
404949,174,95,52,0,0,5,14,0,0
331543,38,33,20,0,0,0,0,0,0
412090,73,50,24,1,1,0,3,0,0
126294,60,49,24,1,1,0,6,0,0
490132,6,6,1,0,0,0,0,0,0
153543,415,203,137,0,0,5,44,0,0
122724,15,15,7,0,0,0,0,0,0
116924,55,43,4,0,0,3,13,1,0
407157,556,182,197,1,1,1,20,1,0
62839,80,60,11,1,1,4,8,0,0
365075,135,85,31,0,0,1,18,0,0
381110,63,49,13,0,0,0,6,0,0
285838,5,5,1,0,0,0,0,0,0
462691,69,55,14,0,0,0,15,0,0
95734,25,24,11,0,0,0,0,0,0
408469,153,105,44,0,0,4,20,0,0
419415,23,20,11,0,0,0,1,0,0
326302,99,64,30,0,0,1,6,0,0
220428,892,324,265,20,3,13,69,0,0
206656,132,87,56,0,0,0,3,0,0
357425,179,101,43,0,0,4,30,0,0
187783,73,46,22,0,0,0,7,0,0
519350,47,40,14,2,2,0,5,0,0
437048,97,74,32,0,0,1,6,0,0
40945,26,23,10,1,1,0,1,0,0
387614,572,246,237,0,0,0,21,2,0
192098,26,23,9,0,0,0,0,0,0
19409,325,181,99,1,1,3,30,0,0
273547,140,81,47,1,1,0,20,0,0
168832,76,53,30,0,0,0,1,0,0
117525,94,37,16,0,0,1,23,0,0
121268,12,11,5,0,0,0,1,0,0
95845,178,109,52,1,1,0,18,1,0
362350,54,44,22,0,0,0,1,0,0
440934,26,23,6,0,0,1,2,0,0
292935,8,8,3,0,0,0,0,0,0
481111,57,44,24,0,0,0,2,0,0
26685,62,47,15,0,0,0,8,0,0
79631,969,433,319,0,0,1,36,0,0
135018,59,47,22,0,0,0,0,0,0
375358,627,195,219,0,0,0,33,0,0
46275,272,176,74,2,2,1,35,0,0
40523,105,67,45,0,0,0,13,0,0
192817,155,93,55,0,0,0,10,0,0
232335,33,28,13,0,0,0,2,0,0
394149,3,3,0,0,0,0,1,0,0
78458,47,41,19,0,0,0,0,0,0
20397,321,168,69,0,0,0,105,0,0
219667,8,8,2,0,0,0,0,0,0
223636,311,186,95,1,1,3,21,0,0
517407,384,183,124,0,0,0,13,0,0
264620,212,123,72,0,0,1,3,0,0
323403,12,9,1,0,0,0,0,0,0
355920,34,20,0,9,9,0,6,0,0
176582,215,115,73,0,0,0,12,1,0
100272,31,28,11,0,0,0,1,0,0
51336,5292,1471,1512,5,3,2,211,2,0
95471,12,12,3,0,0,0,0,0,0
110330,266,139,103,0,0,0,21,0,0
80689,253,152,69,0,0,3,24,0,0
140762,95,75,30,0,0,0,7,0,0
411801,73,60,33,0,0,0,1,0,0
242875,65,56,15,0,0,1,6,0,0
391228,24,22,13,0,0,0,0,0,0
436024,45,37,20,0,0,0,0,0,0
361195,667,259,105,0,0,0,66,1,0
90039,53,36,9,1,1,0,3,0,0
461840,39,33,6,0,0,0,10,0,0
296349,225,127,78,0,0,4,21,1,0
266459,1705,585,612,2,1,0,17,3,0
463614,193,113,23,0,0,0,24,0,0
287937,63,49,23,0,0,0,1,0,0
142271,7,7,4,0,0,0,0,0,0
141789,59,45,24,0,0,0,2,0,0
88262,170,110,56,0,0,0,22,0,0
454635,43,36,16,0,0,0,2,0,0
206886,513,265,183,0,0,2,25,0,0
448928,98,61,27,0,0,0,16,0,0
58317,17,14,3,0,0,0,1,0,0
479518,940,378,346,0,0,0,21,1,0
467826,321,166,94,0,0,0,12,0,0
281735,249,141,71,0,0,0,23,0,0
277820,39,33,2,0,0,0,5,0,0
183072,32,29,6,0,0,0,4,1,0
450173,38,28,15,0,0,0,0,0,0
198599,66,50,20,0,0,2,6,0,0
484973,47,37,15,1,1,0,4,1,0
191276,237,113,44,0,0,0,79,0,0
11824,289,141,72,2,2,0,54,0,0
377425,69,55,24,0,0,0,0,0,0
510914,801,396,122,0,0,0,234,0,0
397435,257,166,67,7,2,0,24,0,0
410569,136,77,30,0,0,2,9,1,0
405925,116,80,31,0,0,2,10,0,0
225274,135,98,37,0,0,0,3,0,0
4772,686,335,196,3,3,4,60,0,0
397605,208,137,59,5,3,0,17,0,0
217876,2010,774,717,1,1,1,39,1,0
204540,604,322,176,0,0,4,57,0,0
520521,107,81,24,2,1,0,10,0,0
19244,549,220,144,6,2,7,48,1,0
299411,30,27,5,0,0,0,3,0,0
231854,59,51,17,0,0,0,7,0,0
210963,61,52,21,1,1,0,4,0,0
383521,158,99,55,0,0,0,4,0,0
413777,540,251,161,0,0,5,34,2,0
45359,194,117,14,1,1,28,55,0,0
134960,19,18,2,0,0,0,2,0,0
408380,178,98,43,0,0,2,28,1,0
1309,177,103,55,2,2,2,11,0,0
30631,192,94,61,0,0,0,25,0,0
208825,44,40,12,0,0,0,9,0,0
5159,83,57,18,0,0,0,13,0,0
405332,183,117,57,0,0,0,31,0,0
233137,97,64,36,0,0,0,2,1,0
376357,51,42,16,0,0,0,5,0,0
230036,54,48,22,0,0,0,3,0,0
103262,118,73,16,0,0,0,27,0,0
22509,66,54,23,0,0,0,6,1,0
501240,24,22,0,0,0,0,4,0,0
233667,198,122,44,0,0,0,30,0,0
48402,348,211,118,0,0,0,27,0,0
240040,205,120,54,0,0,0,15,0,0
370758,259,128,64,0,0,10,53,1,0
33297,146,95,61,0,0,0,7,0,0
490985,150,98,66,0,0,0,0,0,0
156399,50,48,19,0,0,0,3,0,0
290322,17,17,8,0,0,0,0,0,0
52866,30,27,3,0,0,0,3,0,0
81695,409,203,96,0,0,0,61,2,0
335416,110,86,27,1,1,2,8,0,0
216766,73,49,19,0,0,2,10,0,0
426582,631,320,216,0,0,0,31,1,0
336612,38,29,8,0,0,0,8,1,0
424809,165,109,53,0,0,0,18,0,0
174506,107,74,38,0,0,0,10,0,0
419322,302,161,95,0,0,1,29,0,0
352666,122,85,35,0,0,0,5,0,0
210490,375,194,146,0,0,0,1,1,0
171480,890,391,238,0,0,32,80,0,0
249614,632,340,165,0,0,1,44,1,0
122734,10,10,4,0,0,0,0,0,0
70833,115,66,39,0,0,4,9,0,0
117714,440,169,110,0,0,0,63,0,0
474633,188,99,39,0,0,0,13,0,0
131088,9,9,2,0,0,0,1,0,0
417006,726,335,33,0,0,0,167,1,0
355284,47,41,11,0,0,1,3,0,0
107098,657,175,208,0,0,0,116,0,0
407277,14,14,6,0,0,0,0,0,0
230231,285,168,86,0,0,0,37,0,0
190450,10,10,1,0,0,0,1,0,0
267106,364,190,158,0,0,0,17,0,0
379116,837,222,268,0,0,4,48,0,0
509082,92,70,30,0,0,0,12,0,0
488231,21,17,9,0,0,0,0,0,0
389655,79,58,20,0,0,0,11,0,0
257237,91,67,28,1,1,1,2,0,0
117119,302,161,116,0,0,3,10,0,0
405800,44,38,13,0,0,0,1,0,0
202064,69,55,23,0,0,0,10,0,0
198158,210,140,67,3,1,1,18,1,0
113177,387,184,133,0,0,0,24,1,0
130307,44,37,16,0,0,0,7,0,0
265328,84,64,26,0,0,0,2,0,0
392147,44,34,20,0,0,0,0,0,0
350648,37,34,12,0,0,0,6,0,0
465738,39,34,16,0,0,0,1,0,0
197861,98,66,28,1,1,3,10,0,0
478960,90,61,21,3,2,1,12,1,0
21700,26,23,13,0,0,0,0,0,0
54298,19,19,5,0,0,0,1,0,0
384051,484,282,148,1,1,7,22,1,0
389062,17,16,7,0,0,0,0,0,0
271469,1942,333,523,3,3,103,233,0,0
122536,14,13,6,0,0,0,0,0,0
520421,62,45,16,0,0,0,3,0,0
179483,19,18,8,0,0,0,2,0,0
343074,122,76,38,0,0,0,2,0,0
874,177,105,47,0,0,0,23,1,0
329952,166,97,54,0,0,0,18,0,0
256705,239,94,49,0,0,0,3,1,0
419084,36,31,14,0,0,0,2,0,0
462776,17,14,8,0,0,0,0,0,0
279234,10,7,0,1,1,0,3,0,0
284052,224,133,67,4,1,3,19,0,0
88593,77,56,20,0,0,1,3,0,0
288884,70,61,20,0,0,0,3,0,0
73375,445,236,113,0,0,1,21,0,0
71364,376,187,105,2,1,14,21,0,0
425983,213,130,71,0,0,4,16,0,0
470106,116,81,15,0,0,0,5,0,0
229917,222,116,66,1,1,2,22,0,0
306686,864,330,287,0,0,28,38,1,0
489429,35,32,10,0,0,0,0,0,0
19611,402,209,106,0,0,14,61,0,0
478390,7,7,0,0,0,0,0,0,0
80036,16,15,7,0,0,0,0,0,0
105222,128,77,26,0,0,0,25,0,0
278987,17,16,4,0,0,0,2,1,0
301110,160,104,64,0,0,2,8,1,0
362002,34,29,13,0,0,0,2,0,0
38573,149,100,43,0,0,0,18,0,0
331928,105,49,17,0,0,12,10,0,0
206099,79,53,26,0,0,0,16,0,0
44655,49,38,21,0,0,0,3,0,0
29955,91,64,39,0,0,0,3,0,0
358135,75,65,15,0,0,0,8,0,0
1374,54,44,7,1,1,1,5,0,0
111833,52,38,19,0,0,0,4,0,0
466747,217,117,98,0,0,0,9,0,0
318805,28,26,13,0,0,0,1,0,0
351745,36,34,8,0,0,1,3,0,0
272968,171,70,10,0,0,0,88,0,0
441603,250,119,70,0,0,12,19,0,0
228994,298,148,99,0,0,0,16,0,0
25713,18,17,7,0,0,0,3,0,0
252023,52,44,15,0,0,0,5,0,0
381901,188,125,54,2,1,1,7,0,0
479782,300,159,66,1,1,3,21,1,0
411472,76,55,33,0,0,0,1,0,0
203596,710,296,235,0,0,0,20,1,0
246791,61,49,29,0,0,0,7,0,0
425689,97,64,30,0,0,0,10,0,0
491996,785,365,199,14,11,0,64,0,0
403699,407,202,121,0,0,1,23,0,0
134505,109,78,28,0,0,2,31,0,0
450878,99,74,37,0,0,0,2,0,0
75322,163,76,28,0,0,2,48,0,0
232187,1599,613,531,0,0,2,39,1,0
81243,508,167,130,0,0,0,46,1,0
7068,27,26,10,0,0,0,2,0,0
430011,6,6,2,0,0,0,0,0,0
324564,34,20,0,9,9,0,6,0,0
41123,55,44,19,0,0,0,3,0,0
398979,190,113,26,0,0,0,71,0,0
499761,68,54,28,0,0,0,0,0,0
446215,185,116,52,0,0,0,12,1,0
421800,5,5,2,0,0,0,0,0,0
17490,11,11,4,0,0,0,0,0,0
197540,291,168,82,1,1,3,21,0,0
124795,1225,327,379,0,0,0,167,2,0
24953,87,61,26,0,0,0,12,0,0
326470,289,123,63,15,1,0,39,0,0
467427,119,68,11,0,0,2,34,0,0
187088,74,57,8,0,0,1,5,0,0
436739,380,252,130,1,1,0,7,0,0
109949,62,46,30,0,0,0,2,0,0
49078,284,167,86,4,2,2,12,0,0
175842,139,96,51,0,0,1,2,0,0
500950,11,10,0,0,0,0,2,0,0
13101,178,108,72,0,0,0,0,0,0
455508,42,35,4,0,0,0,10,0,0
481780,145,106,46,0,0,4,17,0,0
151378,532,225,188,0,0,0,17,0,0
503685,307,154,96,17,3,1,23,1,0
437681,72,58,29,0,0,0,2,0,0
498912,442,218,185,0,0,0,20,1,0
433432,413,251,82,0,0,0,52,1,0
35651,40,36,12,0,0,0,0,0,0
475023,156,95,65,0,0,0,6,0,0
112615,18,17,6,0,0,0,2,0,0
241992,149,89,36,0,0,2,9,0,0
394190,67,55,28,0,0,0,0,0,0
73048,330,141,89,0,0,7,18,0,0
417375,43,41,12,0,0,0,5,0,0
195468,166,119,57,0,0,2,13,0,0
126903,43,36,11,0,0,0,4,0,0
26896,177,110,56,0,0,3,15,0,0
276766,62,36,4,0,0,0,9,0,0
205312,248,152,74,1,1,0,11,0,0
265176,32,29,12,0,0,0,1,0,0
201108,47,37,21,0,0,0,0,0,0
286751,80,59,34,0,0,0,8,0,0
338965,114,85,37,0,0,1,1,0,0
416924,220,126,90,0,0,0,10,0,0
343467,204,114,86,2,1,0,5,1,0
504903,39,34,19,0,0,0,1,0,0
359737,86,56,21,0,0,0,3,0,0
489956,114,77,41,0,0,0,11,0,0
231947,204,94,42,0,0,5,25,0,0
296053,151,87,48,0,0,0,21,0,0
306662,116,87,21,0,0,1,8,1,0
491195,392,232,115,1,1,2,34,1,0
168291,36,31,14,0,0,0,2,0,0
229152,78,46,14,1,1,3,3,0,0
386887,53,40,20,0,0,0,2,0,0
215512,87,63,22,0,0,0,18,0,0
249142,92,68,40,1,1,0,3,0,0
133521,184,88,5,0,0,0,77,0,0
504484,114,77,49,0,0,0,1,1,0
136386,171,97,14,1,1,13,60,0,0
269998,805,553,95,2,2,1,236,1,0
503099,190,139,70,0,0,1,6,0,0
41776,51,36,17,0,0,0,4,0,0
117202,54,42,4,0,0,3,13,1,0
81864,31,28,13,0,0,0,0,0,0
187145,15,15,4,0,0,0,1,1,0
89385,404,218,130,0,0,0,39,2,0
413711,379,180,105,0,0,15,38,0,0
342138,309,179,115,14,6,0,13,0,0
254989,5571,1396,1698,7,6,2,168,4,0
489083,2117,771,609,2,2,1,77,3,0
79375,280,117,8,0,0,54,65,0,0
228718,54,42,20,0,0,0,4,0,0
434393,495,198,67,1,1,0,54,0,0
431798,14,13,6,0,0,0,0,0,0
65334,1240,372,155,0,0,75,207,0,0
499108,821,263,275,2,1,4,64,0,0
443861,101,73,27,0,0,3,16,0,0
209353,391,213,136,2,1,2,26,0,0
124282,462,219,144,0,0,11,42,0,0
266127,991,413,360,0,0,0,73,0,0
221547,373,173,157,1,1,3,12,0,0
462041,128,80,47,0,0,0,13,0,0
446196,51,43,10,0,0,1,5,0,0
193743,67,52,27,0,0,0,1,0,0
418059,101,76,28,0,0,0,13,0,0
107072,6,6,2,0,0,0,0,0,0
59542,55,39,24,0,0,0,5,0,0
136810,434,185,166,0,0,3,24,0,0
85680,91,72,33,0,0,0,2,0,0
330660,132,34,21,0,0,0,5,0,0
301695,107,74,50,0,0,0,0,1,0
292634,9,9,3,0,0,0,1,0,0
220763,251,131,67,0,0,0,50,0,0
195541,117,76,27,1,1,1,15,1,0
211962,283,133,11,0,0,0,117,0,0
319559,105,80,33,0,0,0,10,0,0
150384,257,153,89,1,1,1,12,0,0
383464,34,29,11,0,0,0,2,0,0
148752,159,105,62,1,1,1,8,0,0
29130,315,177,131,0,0,0,6,0,0
167533,39,32,16,0,0,0,1,1,0
104362,101,55,30,0,0,0,6,1,0
208446,470,228,178,0,0,6,21,0,0
487157,67,54,24,0,0,0,1,0,0
327154,18,17,4,0,0,0,0,0,0
266096,18,17,4,0,0,0,0,0,0
472271,181,127,63,1,1,1,6,0,0
230979,925,431,276,1,1,1,50,1,0
284209,78,59,21,0,0,1,9,0,0
430005,99,71,35,0,0,0,3,0,0
385582,761,337,274,0,0,0,47,0,0
94159,11,11,3,0,0,0,1,0,0
153317,53,47,20,0,0,0,1,0,0
301474,71,58,20,0,0,2,3,0,0
504453,1371,476,485,0,0,0,57,0,0
261494,214,132,38,0,0,0,19,0,0
493783,114,86,22,0,0,1,11,0,0
508333,51,45,17,1,1,0,7,0,0
115000,108,67,39,1,1,0,5,0,0
206187,174,112,74,0,0,0,5,0,0
470114,199,116,84,0,0,0,10,1,0
334895,280,175,92,1,1,0,7,0,0
259222,11,11,3,0,0,0,0,0,0
180325,29,26,7,0,0,0,1,0,0
380200,514,240,91,0,0,2,86,0,0
70898,48,35,5,1,1,3,9,0,0
24374,213,129,34,0,0,25,27,1,0
241441,1020,416,30,0,0,64,424,1,0
276090,45,34,2,0,0,0,5,0,0
46468,35,29,15,0,0,0,2,0,0
468147,575,261,153,2,1,17,52,1,0
408518,191,107,57,0,0,0,29,0,0
308254,186,102,62,0,0,0,4,0,0
391504,121,73,52,0,0,0,2,0,0
64509,338,158,127,0,0,0,16,0,0
407957,44,38,12,0,0,0,4,0,0
493849,280,160,109,0,0,0,3,1,0
17278,180,112,53,2,2,3,26,0,0
106338,312,191,97,0,0,0,19,2,0
370659,32,29,7,0,0,1,5,0,0
510378,28,28,8,1,1,0,3,0,0
15726,20,20,7,0,0,0,0,0,0
412939,114,67,41,0,0,1,3,1,0
135739,65,49,18,0,0,2,10,0,0
502668,279,141,76,0,0,0,15,0,0
51211,1182,425,228,8,2,1,89,2,0
239108,3630,951,1076,4,2,1,123,3,0
261090,35,31,18,0,0,0,1,0,0
67092,282,161,110,0,0,1,8,0,0
182937,18,14,11,0,0,0,0,0,0
150884,1201,409,288,10,1,40,141,2,0
519083,65,56,23,0,0,0,1,0,0
228462,12,12,0,0,0,0,4,0,0
150911,26,25,9,0,0,0,2,0,0
414587,190,109,78,0,0,0,2,0,0
228990,257,157,76,0,0,4,24,1,0
133439,127,83,43,0,0,0,19,0,0
203442,140,103,53,0,0,0,3,0,0
12603,338,162,118,2,2,1,11,1,0
249620,455,225,111,19,6,1,51,1,0
97626,175,105,61,0,0,0,14,1,0
509110,74,56,27,0,0,0,6,0,0
393428,16,16,2,0,0,0,3,0,0
326580,56,47,10,1,1,1,7,0,0
124613,88,62,35,0,0,0,4,0,0
272503,22,22,7,0,0,0,0,0,0
263373,153,81,29,0,0,0,13,1,0
522550,132,89,50,1,1,0,15,0,0
275809,78,25,5,0,0,0,17,0,0
223916,21,18,4,0,0,0,0,0,0
346878,607,263,194,0,0,0,61,0,0
419475,22,19,8,0,0,0,0,0,0
17731,207,102,16,0,0,0,19,0,0
20176,204,123,62,0,0,0,8,0,0
249179,517,284,125,19,6,4,61,2,0
316626,76,58,27,0,0,0,2,0,0
76521,61,46,7,0,0,2,10,0,0
77786,155,70,17,0,0,5,22,0,0
341966,319,161,118,0,0,1,12,0,0
53308,47,41,12,2,2,0,8,0,0
490041,61,38,10,0,0,0,7,0,0
286714,10,9,3,0,0,0,0,0,0
470182,575,283,230,0,0,0,40,0,0
241135,1164,417,368,0,0,1,128,3,0
180067,62,50,28,0,0,0,5,0,0
411660,167,107,36,0,0,1,17,0,0
390834,9,9,5,0,0,0,0,0,0
133213,157,91,65,0,0,0,21,0,0
466970,90,65,23,0,0,3,10,0,0
248723,66,49,17,3,3,0,9,0,0
335933,25,24,8,0,0,0,1,0,0
46533,23,22,4,0,0,0,3,0,0
277926,39,33,2,0,0,0,5,0,0
317841,93,66,21,2,1,0,5,0,0
368130,21,20,10,0,0,0,2,0,0
156269,183,98,54,2,2,0,6,0,0
515947,661,309,198,0,0,0,35,1,0
496718,44,37,21,0,0,0,1,0,0
127805,186,111,46,0,0,8,27,0,0
470507,43,35,8,0,0,1,0,0,0
136061,102,69,25,0,0,0,12,0,0
186434,111,87,39,0,0,0,2,0,0
466500,639,206,180,0,0,0,121,1,0
362643,567,231,214,0,0,1,13,0,0
291236,68,33,20,0,0,0,3,0,0
112727,7,7,2,0,0,0,1,0,0
443748,37,31,11,0,0,1,1,0,0
56857,79,64,32,0,0,0,3,0,0
155351,69,46,31,1,1,0,2,0,0
262064,78,56,12,0,0,0,18,0,0
80719,9,9,2,0,0,0,2,0,0
486988,27,24,11,0,0,0,0,0,0
231974,73,52,23,1,1,1,9,0,0
418699,57,45,18,0,0,0,3,1,0
435624,170,109,58,1,1,0,8,0,0
7605,7,7,1,0,0,0,0,0,0
168028,262,141,97,0,0,0,9,0,0
186694,635,247,197,0,0,0,64,0,0
105620,364,203,82,0,0,0,69,0,0
202463,194,113,62,0,0,0,21,0,0
103205,153,92,71,0,0,0,1,0,0
302615,35,28,12,0,0,0,0,0,0
162983,229,113,60,6,2,5,19,0,0
200022,228,137,75,0,0,1,27,0,0
211806,59,43,15,0,0,0,17,0,0
81953,147,79,51,0,0,0,16,0,0
2704,19,19,7,0,0,0,0,0,0
401355,47,36,15,0,0,0,2,0,0
437390,69,56,26,1,1,0,2,0,0
188056,138,86,49,0,0,0,12,0,0
325124,556,249,185,1,1,0,20,0,0
215988,224,122,57,12,4,6,32,0,0
87435,199,107,16,0,0,0,61,0,0
274043,58,42,27,0,0,0,1,0,0
478088,147,55,37,0,0,0,7,0,0
866,80,59,35,0,0,0,2,1,0
378626,353,177,106,0,0,7,12,0,0
158436,8,8,1,0,0,0,0,0,0
92870,238,128,25,0,0,0,27,0,0
34872,94,50,23,0,0,0,4,0,0
382143,102,72,28,2,1,0,13,0,0
464273,101,44,12,0,0,2,30,0,0
222776,23,20,5,0,0,0,7,0,0
268826,26,26,9,0,0,0,0,0,0
38847,268,164,85,0,0,0,23,0,0
495872,20,17,0,0,0,0,0,0,0
14618,476,244,173,1,1,1,19,0,0
425353,929,395,221,0,0,0,129,0,0
402251,80,60,28,0,0,0,10,0,0
232196,108,67,12,0,0,0,32,0,0
86482,133,79,17,0,0,9,37,0,0
9924,11,11,2,0,0,0,1,0,0
311327,75,52,28,0,0,0,3,0,0
342994,81,60,23,1,1,0,6,0,0
415240,71,52,21,0,0,0,5,0,0
457664,50,38,10,0,0,0,11,0,0
273414,389,212,47,0,0,18,99,0,0
43392,234,138,96,0,0,0,3,0,0
336906,34,28,11,0,0,0,2,0,0
441113,190,94,82,0,0,0,1,0,0
316739,368,158,100,0,0,0,24,1,0
240202,369,199,128,0,0,1,15,0,0
449799,91,52,35,0,0,0,10,0,0
18305,39,28,12,0,0,0,3,0,0
49214,20,19,10,0,0,0,0,0,0
458455,188,102,52,0,0,0,29,0,0
91302,288,164,113,0,0,4,16,1,0
178643,67,55,23,0,0,0,2,0,0
73973,33,28,8,0,0,0,8,0,0
275517,63,47,21,1,1,0,4,0,0
94491,265,146,80,0,0,6,18,0,0
223139,56,47,19,0,0,0,2,0,0
175692,290,152,81,0,0,7,46,1,0
105324,33,29,13,0,0,0,3,0,0
300801,517,231,198,0,0,6,24,2,0
171514,35,31,11,0,0,0,2,0,0
288824,242,167,73,0,0,0,8,0,0
358758,9,9,2,0,0,0,0,0,0
149125,5,5,2,0,0,0,0,0,0
178592,146,97,53,0,0,0,19,1,0
78707,16,15,7,0,0,0,1,0,0
262932,82,65,30,0,0,0,4,0,0
166844,89,67,27,0,0,0,5,0,0
358446,27,23,12,0,0,0,2,0,0
409874,301,147,53,0,0,3,62,0,0
1220,2876,861,714,9,3,2,243,2,0
259522,459,224,165,0,0,0,24,1,0
46107,180,130,49,0,0,0,25,1,0
436998,363,196,119,1,1,0,5,2,0
125455,335,169,110,0,0,3,10,0,0
197852,96,64,27,0,0,0,14,0,0
145014,24,22,0,0,0,0,4,0,0
126912,367,175,128,0,0,0,18,0,0
58913,13,13,5,0,0,0,0,0,0
286401,208,109,87,0,0,0,11,0,0
266728,119,80,48,1,1,0,4,0,0
339218,56,43,13,0,0,0,6,0,0
149420,233,127,54,0,0,1,35,0,0
53779,70,52,23,0,0,2,8,0,0
202622,112,82,35,0,0,0,13,0,0
231098,330,188,61,0,0,1,43,0,0
393608,5,5,0,0,0,0,1,1,0
422788,116,82,36,3,1,0,15,0,0
347273,514,218,147,0,0,4,40,0,0
257624,142,105,41,0,0,2,11,0,0
409111,36,28,6,0,0,1,7,0,0
466,99,69,41,1,1,2,11,0,0
224891,194,133,54,0,0,7,19,1,0
299123,29,28,9,0,0,0,3,0,0
291977,54,45,19,0,0,0,1,0,0
392714,39,35,16,0,0,0,4,0,0
131128,12,11,5,0,0,0,0,0,0
471783,1024,185,334,0,0,0,77,0,0
24031,24,23,8,1,1,0,3,0,0
346304,47,25,8,0,0,0,3,0,0
479349,714,292,209,1,1,0,54,2,0
289720,33,31,12,0,0,0,1,0,0
261429,252,124,77,0,0,0,43,0,0
113331,267,167,99,0,0,3,19,0,0
505712,8,8,3,0,0,0,1,0,0
121291,68,47,33,0,0,0,5,0,0
508904,146,100,53,1,1,1,14,0,0
522579,126,94,20,1,1,0,14,0,0
342622,82,61,24,0,0,0,10,1,0
4270,105,65,27,0,0,2,19,0,0
266454,248,145,85,0,0,1,13,0,0
283107,7,7,3,0,0,0,0,0,0
498764,308,165,122,0,0,1,9,0,0
17120,942,358,154,8,4,95,261,0,0
310333,355,174,112,0,0,2,39,1,0
199744,13,11,6,0,0,0,0,0,0
165410,423,192,69,0,0,17,132,0,0
131362,16,15,8,0,0,0,1,0,0
325317,1295,660,348,2,1,0,93,0,0
350510,79,62,27,0,0,2,7,0,0
63299,282,188,18,0,0,33,84,0,0
522974,10,10,2,0,0,0,0,0,0
348878,166,89,39,1,1,4,15,0,0
186714,7,7,1,0,0,0,1,0,0
58176,26,16,0,1,1,0,15,0,0
117103,57,45,6,0,0,3,13,1,0
253550,34,32,12,0,0,0,2,0,0
197083,233,124,61,0,0,2,51,0,0
141478,114,74,28,0,0,0,8,0,0
454765,2577,1047,461,40,11,2,213,3,0
219214,81,53,9,0,0,0,28,0,0
190096,136,86,56,0,0,0,3,0,0
4712,4,4,2,0,0,0,0,0,0
174460,209,118,76,0,0,0,24,0,0
113623,227,128,75,0,0,0,19,0,0
125916,45,39,20,0,0,0,3,0,0
437946,8,8,0,0,0,0,1,0,0
361621,29,28,6,0,0,0,2,0,0
471209,34,33,12,0,0,0,2,0,0
83437,394,238,115,2,1,0,25,0,0
355185,31,30,3,0,0,1,4,0,0
272085,29,27,9,0,0,0,1,0,0
61977,36,29,18,0,0,0,1,0,0
38135,266,159,104,0,0,0,8,1,0
101323,32,25,7,0,0,2,8,0,0
84334,575,155,80,31,3,4,105,1,0
196667,58,45,19,0,0,0,10,0,0
91829,839,350,315,2,2,2,32,2,0
16234,57,36,13,0,0,0,12,0,0
22198,703,277,213,0,0,2,46,1,0
78574,706,377,210,0,0,0,13,0,0
289431,289,154,34,0,0,5,102,0,0
126675,74,51,32,0,0,0,6,0,0
276607,283,157,106,0,0,0,7,0,0
295574,75,61,23,0,0,0,6,1,0
358562,24,21,9,0,0,0,0,0,0
501933,365,65,40,0,0,0,68,0,0
447447,726,335,33,0,0,0,167,1,0
99795,40,28,4,0,0,0,13,0,0
34250,22,19,0,0,0,0,2,0,0
249210,35,29,15,0,0,0,0,0,0
230268,353,200,114,0,0,0,39,1,0
66325,3544,1104,1136,0,0,0,74,2,0
232782,123,71,28,0,0,2,8,0,0
436336,109,75,32,1,1,2,7,0,0
244812,66,50,20,1,1,0,5,0,0
407728,187,114,73,0,0,0,3,0,0
477171,94,75,34,0,0,0,4,0,0
382477,154,106,54,0,0,0,4,1,0
409709,238,136,85,0,0,1,25,0,0
39036,11,10,3,0,0,0,0,0,0
299507,186,111,78,0,0,0,1,0,0
18926,76,54,29,0,0,0,4,1,0
291489,360,94,102,0,0,0,19,0,0
483310,34,31,9,0,0,0,2,0,0
65228,146,96,55,0,0,0,7,0,0
219109,100,70,41,0,0,0,12,0,0
408870,19,18,5,0,0,0,3,0,0
253755,202,122,64,0,0,0,18,0,0
231494,21,19,6,0,0,0,1,1,0
145563,324,179,144,0,0,1,11,0,0
7820,671,328,230,0,0,0,8,0,0
374806,124,88,25,0,0,0,4,0,0
230118,29,20,4,0,0,0,3,0,0
444512,387,225,92,0,0,0,32,0,0
452515,125,88,54,0,0,0,2,0,0
429885,280,167,107,0,0,0,6,1,0
487228,598,270,167,0,0,0,46,0,0
42653,618,332,158,3,3,0,49,0,0
169761,130,78,49,0,0,1,8,2,0
352777,53,27,1,0,0,0,2,1,0
263151,149,108,32,0,0,12,27,1,0
471114,12,12,2,0,0,0,0,0,0
60425,363,180,111,0,0,6,38,0,0
43639,224,125,88,0,0,1,10,1,0
127998,54,41,10,0,0,4,8,0,0
21164,31,24,10,0,0,0,0,0,0
165662,34,26,4,0,0,0,6,0,0
333061,37,34,16,0,0,0,1,0,0
313442,97,66,19,0,0,0,15,0,0
169971,104,67,27,0,0,0,10,0,0
92779,398,176,84,1,1,0,34,0,0
432837,57,44,8,1,1,1,7,0,0
401427,193,120,73,0,0,0,1,0,0
324313,22,22,4,0,0,0,1,0,0
126324,12,11,3,0,0,0,3,0,0
178727,31,31,6,0,0,0,4,0,0
60904,140,86,37,1,1,3,27,0,0
426080,171,97,58,0,0,0,9,1,0
227063,17,17,5,0,0,0,0,0,0
474300,139,92,53,0,0,1,5,1,0
179150,90,62,31,0,0,0,4,0,0
482125,515,248,211,0,0,3,29,0,0
152305,69,50,27,0,0,0,6,0,0
464455,208,124,53,0,0,0,22,1,0
421703,239,139,72,0,0,0,30,0,0
222598,79,56,24,0,0,0,1,0,0
381799,168,137,34,0,0,0,27,0,0
333073,68,50,29,0,0,0,0,0,0
112141,561,269,195,0,0,4,28,0,0
304461,1024,383,358,0,0,0,47,0,0
429227,2151,603,774,0,0,1,64,2,0
400071,55,46,19,0,0,0,3,0,0
274963,773,365,251,2,2,0,63,3,0
303106,249,144,76,0,0,0,25,0,0
114210,130,93,38,0,0,0,14,0,0
183352,180,83,6,0,0,0,79,0,0
232498,56,42,16,0,0,0,1,0,0
79491,437,219,125,0,0,0,24,0,0
469489,265,156,65,7,1,1,24,1,0
366553,165,93,10,2,2,37,66,0,0
496889,36,31,15,0,0,0,1,0,0
334756,96,68,42,0,0,0,0,1,0
256636,25,24,5,1,1,0,2,0,0
82701,177,103,26,9,4,24,52,0,0
482873,85,64,18,1,1,1,9,1,0
310825,148,101,58,0,0,1,7,1,0
262167,31,25,10,0,0,0,2,0,0
255501,104,79,27,0,0,0,4,0,0
153402,1101,413,24,0,0,0,461,0,0
445983,267,130,78,0,0,0,17,0,0
267810,180,105,61,1,1,3,10,0,0
425162,38,27,10,0,0,3,9,0,0
156356,89,63,19,2,1,0,5,0,0
340960,104,44,5,0,0,0,4,1,0
122828,1233,373,398,0,0,0,169,1,0
351399,60,53,16,0,0,1,3,0,0
316258,86,56,34,1,1,0,6,0,0
243444,151,100,43,0,0,0,26,0,0
423799,5,5,2,0,0,0,0,0,0
269627,14,13,7,0,0,0,0,0,0
372553,19,18,4,0,0,0,1,0,0
210111,251,145,79,0,0,2,13,0,0
69950,119,77,38,0,0,0,6,0,0
300936,618,265,249,0,0,0,37,0,0
232055,146,95,51,0,0,0,4,0,0
349238,767,287,198,0,0,0,84,3,0
298915,111,57,30,0,0,0,1,0,0
326792,90,64,38,0,0,0,1,1,0
351721,42,37,10,0,0,1,3,0,0
460400,33,28,12,0,0,0,0,0,0
416118,114,57,31,0,0,0,9,0,0
17245,75,59,25,1,1,0,2,1,0
394047,778,273,163,0,0,0,60,0,0
100829,520,285,179,0,0,0,30,0,0
241633,2097,577,605,0,0,0,11,0,0
88696,449,230,141,0,0,0,27,2,0
126124,9,9,4,0,0,0,2,0,0
52673,207,102,16,0,0,0,19,0,0
59601,425,232,153,0,0,0,24,0,0
401615,104,79,36,0,0,0,13,0,0
410576,13,13,4,0,0,0,0,0,0
1886,49,42,11,0,0,0,9,0,0
93354,163,107,40,0,0,0,11,0,0
405910,149,89,54,2,1,0,24,1,0
308909,142,90,55,0,0,0,4,0,0
374692,37,32,14,0,0,0,0,0,0
322715,313,171,114,0,0,0,26,1,0
326919,305,100,42,0,0,5,93,0,0
66154,30,28,9,0,0,0,3,0,0
420199,248,130,78,0,0,2,14,0,0
262707,143,104,58,0,0,0,5,1,0
109390,5,4,0,0,0,0,2,0,0
294541,76,48,7,0,0,0,27,0,0
328050,35,31,9,1,1,0,5,0,0
521525,62,55,20,1,1,0,7,0,0
176140,265,139,93,0,0,3,6,1,0
114511,66,50,20,1,1,0,5,0,0
72617,181,128,41,0,0,15,35,0,0
322344,175,108,66,0,0,0,7,0,0
134452,222,85,47,0,0,1,59,0,0
448598,158,106,37,1,1,1,17,1,0
105081,50,38,17,0,0,0,2,0,0
52907,976,348,435,0,0,2,22,0,0
436025,20,19,7,0,0,0,1,0,0
466965,263,153,41,0,0,1,68,1,0
209927,114,84,37,0,0,3,8,0,0
145666,300,175,87,4,3,2,27,0,0
396111,332,178,132,0,0,0,15,0,0
92705,273,148,67,1,1,1,26,0,0
228995,124,81,42,0,0,0,4,1,0
90610,383,203,136,1,1,0,5,1,0
214995,49,40,19,0,0,0,1,0,0
277363,39,33,2,0,0,0,7,0,0
273751,638,313,207,0,0,0,34,0,0
283625,355,188,133,0,0,4,19,0,0
312969,711,248,243,2,1,12,39,0,0
479405,174,118,59,0,0,0,5,1,0
456830,94,63,28,0,0,0,7,0,0
255313,23,21,9,0,0,0,0,0,0
410712,83,53,9,0,0,0,24,0,0
330409,24,22,0,0,0,0,4,0,0
512018,673,364,143,0,0,0,95,0,0
117910,598,294,189,0,0,23,80,0,0
50441,32,29,8,0,0,0,2,1,0
436242,505,229,165,1,1,3,27,0,0
470703,251,141,96,0,0,3,6,0,0
12844,1362,582,317,0,0,47,210,0,0
242954,137,94,39,0,0,2,11,0,0
114694,1874,694,605,3,3,1,58,0,0
506717,125,83,31,0,0,3,16,0,0
68298,106,74,38,0,0,0,7,0,0
461385,3401,1139,677,38,10,2,312,3,0
381442,230,97,57,0,0,3,34,0,0
129369,1068,352,286,0,0,0,118,3,0
506745,242,141,92,0,0,0,9,0,0
180755,162,88,41,0,0,0,25,0,0
194879,249,148,79,0,0,0,23,1,0
393745,165,111,67,0,0,0,1,0,0
392679,78,60,21,0,0,0,8,0,0
155485,36,31,9,0,0,0,2,0,0
81,31,30,8,0,0,0,0,0,0
59573,968,473,332,1,1,1,18,0,0
137587,25,21,0,1,1,1,11,0,0
387469,77,66,25,0,0,0,5,0,0
366072,20,19,6,0,0,0,4,0,0
222391,176,121,66,1,1,1,12,0,0
492963,25,23,6,0,0,0,2,0,0
40570,113,81,39,0,0,0,7,0,0
240024,1400,541,467,4,1,2,90,2,0
414973,111,72,37,0,0,0,6,1,0
189467,48,43,13,0,0,0,2,0,0
124394,104,76,32,0,0,1,10,1,0
267382,91,60,8,0,0,0,13,0,0
524085,740,374,219,0,0,0,95,0,0
49735,208,118,73,0,0,0,8,0,0
378846,82,66,27,0,0,0,1,0,0
75001,1129,535,326,5,2,0,65,0,0
443675,110,74,40,0,0,1,6,0,0
28235,89,68,35,0,0,0,1,0,0
468244,255,150,88,0,0,1,12,0,0
32096,731,321,72,0,0,1,211,0,0
437713,45,34,15,1,1,1,1,0,0
468060,46,33,12,0,0,1,10,0,0
41147,145,80,47,0,0,0,8,0,0
489127,122,58,18,0,0,0,14,1,0
370950,163,114,61,0,0,3,6,0,0
414755,129,88,36,0,0,1,14,0,0
149007,8,8,3,0,0,0,0,0,0
116146,247,135,68,0,0,1,19,0,0
51581,37,29,10,0,0,0,0,0,0
54646,4926,1285,1419,3,3,5,198,4,0
143313,201,153,33,0,0,0,27,0,0
115001,532,268,211,0,0,0,24,1,0
206175,39,26,17,0,0,0,3,0,0
322755,65,51,12,0,0,10,16,0,0
256074,281,157,56,0,0,0,21,1,0
392678,17,14,10,0,0,0,1,0,0
151838,478,235,86,0,0,2,74,0,0
459689,179,108,40,0,0,0,27,0,0
40505,39,34,9,0,0,1,9,0,0
124874,105,73,43,0,0,0,5,0,0
366832,24,22,8,0,0,0,1,0,0
276069,64,49,24,0,0,0,0,1,0
3185,41,35,16,0,0,0,2,0,0
300584,311,152,106,1,1,8,23,1,0
98176,82,49,29,0,0,0,7,0,0
36886,9,9,3,0,0,0,0,0,0
294276,19,19,11,0,0,0,1,0,0
442335,160,94,51,0,0,1,16,0,0
320872,143,100,61,0,0,0,3,0,0
192726,51,45,21,0,0,0,4,0,0
53376,401,223,123,0,0,0,13,1,0
171001,907,328,203,32,2,1,118,1,0
2455,112,73,20,1,1,5,10,0,0
195474,131,88,47,1,1,2,8,0,0
35251,54,46,5,0,0,0,7,0,0
336068,67,52,16,0,0,1,3,0,0
425399,26,25,10,0,0,0,1,0,0
67813,1997,620,139,0,0,447,790,1,0
469556,146,100,30,0,0,0,14,1,0
509615,50,43,13,0,0,0,8,0,0
393015,164,97,52,0,0,6,23,0,0
31102,228,131,66,0,0,0,17,0,0
510166,33,32,5,0,0,0,5,0,0
466928,68,57,22,0,0,1,4,0,0
427588,668,327,269,0,0,0,27,1,0
194566,40,29,10,0,0,0,6,0,0
198721,231,128,90,0,0,0,0,0,0
247856,188,108,62,5,1,1,18,0,0
113014,366,179,120,0,0,0,10,1,0
64443,79,42,19,0,0,2,18,0,0
217464,332,156,102,1,1,9,26,1,0
334075,469,191,179,0,0,0,36,0,0
422327,54,46,17,0,0,0,8,0,0
458404,47,32,22,0,0,0,0,0,0
171708,12,9,1,0,0,0,0,0,0
252188,69,56,17,0,0,1,3,0,0
339825,137,93,48,0,0,0,15,0,0
168193,352,178,134,0,0,0,19,1,0
482948,373,194,110,0,0,3,22,0,0
238390,14,11,2,0,0,0,3,0,0
413569,131,88,31,0,0,0,14,1,0
262855,99,72,37,0,0,0,4,0,0
495765,23,21,3,0,0,0,0,0,0
395368,212,133,77,0,0,0,8,0,0
403740,91,71,26,0,0,0,6,0,0
457430,155,85,61,0,0,0,11,0,0
42513,150,96,46,1,1,0,4,0,0
318730,53,45,18,1,1,0,4,0,0
151829,947,393,359,0,0,1,30,1,0
71052,61,51,22,0,0,1,5,0,0
291102,16,15,8,0,0,0,0,0,0
149914,777,303,325,0,0,0,27,0,0
390677,48,37,15,0,0,2,4,0,0
389551,189,144,49,0,0,4,16,0,0
431060,546,238,207,0,0,1,14,0,0
22633,40,29,8,0,0,0,2,0,0
273831,1164,513,289,11,7,1,150,2,0
192270,192,95,47,0,0,0,32,0,0
182697,177,108,29,0,0,0,56,0,0
23852,291,167,89,0,0,0,37,1,0
396619,154,89,67,0,0,0,2,0,0
163999,330,211,97,3,2,0,25,0,0
17555,132,90,47,1,1,0,1,0,0
258163,16,15,7,0,0,0,0,0,0
426382,309,194,111,0,0,0,10,0,0
62689,17,17,2,0,0,0,3,0,0
467660,520,251,70,0,0,1,177,0,0
195886,74,54,21,0,0,0,12,0,0
347815,1311,418,222,43,3,0,133,1,0
75518,217,123,69,0,0,11,19,0,0
495349,466,210,42,0,0,3,45,2,0
262022,108,75,29,0,0,0,15,0,0
159689,492,204,176,0,0,0,21,1,0
79890,10,10,2,0,0,0,0,0,0
125959,187,113,54,0,0,5,24,0,0
133323,98,62,16,0,0,0,43,0,0
420488,131,79,35,0,0,1,23,0,0
401425,33,31,11,0,0,0,2,0,0
13557,46,36,5,1,1,6,7,0,0
113974,651,227,144,0,0,0,55,1,0
299743,75,58,17,0,0,0,7,1,0
388673,153,108,54,1,1,1,15,2,0
43302,70,47,22,3,2,0,10,1,0
70861,97,78,24,0,0,1,7,0,0
221414,385,179,90,0,0,0,39,1,0
394146,75,54,36,0,0,0,2,0,0
5197,234,138,96,0,0,0,3,0,0
408831,357,181,93,0,0,6,38,0,0
112552,87,61,25,0,0,0,9,0,0
422744,95,68,31,0,0,0,6,0,0
170873,692,337,203,0,0,0,31,0,0
317126,96,59,14,0,0,8,23,0,0
170718,801,393,242,4,3,0,43,1,0
301506,23,19,9,0,0,0,0,0,0
203637,64,49,27,0,0,0,3,0,0
471580,190,112,56,0,0,0,34,0,0
252532,81,67,19,0,0,0,4,0,0
34219,22,18,0,0,0,0,1,0,0
421259,93,59,17,0,0,3,25,0,0
404981,242,152,98,0,0,0,2,1,0
70739,144,106,43,0,0,4,10,0,0
343752,42,33,16,0,0,0,2,0,0
217771,135,97,33,1,1,3,21,0,0
9558,79,63,19,1,1,0,2,1,0
54975,134,93,43,0,0,0,6,0,0
281586,471,228,152,0,0,0,12,0,0
393375,114,74,32,0,0,0,12,0,0
34320,21,18,0,0,0,0,2,0,0
299974,31,26,9,0,0,0,0,0,0
237124,195,129,56,1,1,2,15,0,0
408392,21,19,7,0,0,0,0,0,0
153321,857,668,67,2,2,3,529,0,0
453358,82,60,19,0,0,0,9,1,0
32053,57,35,19,0,0,0,0,1,0
321883,189,133,63,1,1,0,9,1,0
391965,1221,570,216,7,3,71,219,0,0
33910,24,21,1,0,0,0,0,0,0
73010,2157,751,713,0,0,1,47,1,0
80918,16,15,3,0,0,0,1,0,0
394500,189,126,71,1,1,2,11,0,0
351609,44,41,7,0,0,1,5,0,0
500206,24,22,0,0,0,0,4,0,0
120017,101,74,37,0,0,0,3,1,0
251152,32,26,4,0,0,0,6,0,0
136564,285,199,20,0,0,20,80,0,0
459456,133,38,38,0,0,0,25,0,0
241340,425,247,117,0,0,0,22,0,0
441792,46,35,16,0,0,0,3,0,0
16589,275,117,14,1,1,61,120,0,0
351850,204,140,51,0,0,1,22,0,0
72397,325,195,55,0,0,1,51,1,0
463474,291,162,95,1,1,5,10,0,0
267157,7,3,0,0,0,0,3,0,0
238229,448,247,116,5,3,1,28,1,0
502821,399,185,134,3,1,3,15,0,0
227638,199,105,32,0,0,11,38,0,0
174982,95,57,46,0,0,0,3,0,0
265435,28,18,17,0,0,0,0,0,0
481761,7,7,1,0,0,0,0,0,0
171847,39,29,10,0,0,0,8,0,0
450982,92,63,34,0,0,0,5,0,0
499058,222,116,76,0,0,0,7,0,0
503555,111,77,32,2,2,1,19,0,0
447776,396,216,118,0,0,0,18,0,0
497456,117,69,26,0,0,6,18,0,0
364285,8,5,0,0,0,0,3,0,0
28575,14,13,3,0,0,0,1,0,0
433169,179,104,52,0,0,0,21,0,0
129844,268,131,95,0,0,0,16,0,0
448935,401,154,153,0,0,4,15,1,0
134728,57,49,10,1,1,1,6,0,0
258192,7,7,1,0,0,0,0,0,0
338748,96,64,40,0,0,0,3,0,0
167618,1423,423,231,9,2,1,140,2,0
381176,630,340,199,1,1,0,61,2,0
191559,269,146,101,0,0,0,24,0,0
218756,2475,934,932,9,4,9,78,1,0
433124,165,96,62,0,0,0,3,0,0
304043,71,59,24,0,0,0,2,0,0
391702,93,68,27,1,1,0,11,1,0
151018,260,154,31,0,0,0,66,0,0
450737,43,36,18,0,0,0,1,0,0
294452,153,102,54,0,0,1,7,0,0
387296,74,54,29,0,0,0,1,0,0
497830,354,173,78,7,3,4,32,1,0
442944,89,55,10,1,1,7,13,0,0
459876,27,22,9,0,0,0,0,0,0
282743,162,98,58,0,0,0,1,0,0
379892,153,104,55,0,0,0,6,0,0
436226,268,166,84,2,2,0,5,1,0
385970,58,43,21,0,0,0,5,0,0
334442,166,110,51,0,0,0,17,0,0
176114,26,24,9,0,0,0,0,0,0
494491,114,47,23,0,0,0,10,0,0
213512,135,96,31,0,0,0,17,0,0
92368,65,55,24,0,0,1,4,0,0
57395,127,89,31,1,1,0,8,2,0
482686,103,70,35,0,0,0,1,0,0
158686,35,30,15,0,0,0,1,1,0
143154,120,73,42,0,0,0,14,0,0
196488,437,196,99,14,4,5,48,1,0
343635,113,67,32,0,0,3,13,0,0
40673,19,19,7,0,0,0,1,0,0
484535,84,47,17,0,0,0,17,0,0
345385,28,24,16,0,0,0,2,0,0
295159,713,256,287,0,0,0,37,0,0
152313,17,16,7,0,0,0,0,0,0
120518,297,137,130,0,0,1,8,0,0
193502,56,46,20,0,0,0,2,0,0
304091,15,13,7,0,0,0,0,1,0
465838,110,67,44,0,0,0,1,0,0
63335,199,119,37,0,0,1,48,0,0
180152,24,21,12,0,0,0,2,0,0
190806,359,172,128,0,0,0,16,0,0
194857,434,206,53,0,0,0,151,0,0
398136,2342,640,518,10,5,1,201,2,0
498638,99,71,25,2,1,0,13,0,0
387053,22,19,11,0,0,0,1,0,0
231826,311,162,39,0,0,0,71,0,0
238509,135,81,33,0,0,2,9,0,0
442215,57,44,27,0,0,0,0,0,0
60206,146,85,30,0,0,0,19,0,0
129859,103,85,26,0,0,0,9,0,0
262861,33,26,7,0,0,0,5,0,0
24740,28,23,10,1,1,0,0,0,0
432260,312,129,49,0,0,3,44,2,0
146990,56,52,18,0,0,0,7,0,0
239587,381,200,119,3,1,0,23,2,0
213636,31,28,11,0,0,0,0,0,0
414702,46,36,21,0,0,0,1,0,0
129412,95,69,30,0,0,1,10,0,0
470686,23,21,4,1,1,0,2,0,0
25306,34,30,13,0,0,0,1,1,0
92023,74,54,29,0,0,0,1,0,0
157156,77,57,29,0,0,0,4,0,0
256889,39,33,17,0,0,0,1,0,0
111760,106,76,42,0,0,0,11,0,0
316332,778,273,163,0,0,0,60,0,0
63423,1923,564,338,0,0,2,585,2,0
165004,103,74,39,0,0,0,3,0,0
319195,36,25,7,0,0,0,10,0,0
44843,122,82,51,0,0,0,10,0,0
281345,87,46,31,0,0,0,3,0,0
261291,206,140,77,0,0,0,8,0,0
257540,350,211,98,0,0,1,16,1,0
475383,32,22,4,0,0,3,8,0,0
190499,26,23,4,0,0,0,4,1,0
51910,304,137,110,0,0,0,4,1,0
134902,837,214,81,24,4,2,214,0,0
280127,100,62,41,0,0,0,4,0,0
485379,162,111,62,1,1,0,4,0,0
498573,338,167,131,1,1,0,17,1,0
14893,1479,401,366,32,3,3,145,0,0
31305,684,261,225,0,0,0,35,0,0
67794,5787,1260,1821,0,0,0,173,3,0
165495,29,27,8,0,0,0,1,0,0
210982,415,198,97,0,0,10,64,0,0
435856,50,43,17,0,0,0,2,0,0
268147,7,7,2,0,0,0,1,0,0
368975,1158,538,315,24,4,2,56,1,0
373842,15,15,4,0,0,0,0,0,0
247071,1573,586,513,7,4,3,81,0,0
254708,827,323,307,0,0,0,15,1,0
93071,84,67,22,0,0,0,8,0,0
446127,115,77,23,0,0,4,13,0,0
153833,1752,804,165,0,0,387,680,0,0
84616,53,38,22,0,0,0,2,0,0
387774,598,265,189,1,1,1,15,1,0
4661,27,25,6,0,0,0,0,0,0
336534,150,80,45,0,0,6,13,1,0
216781,160,99,54,1,1,3,17,0,0
114269,213,106,52,0,0,0,14,0,0
116919,55,43,4,0,0,3,13,1,0
308361,423,220,123,0,0,1,11,0,0
181664,5,5,3,0,0,0,0,0,0
479624,77,59,28,0,0,0,2,0,0
381376,163,88,24,0,0,0,19,0,0
11502,280,151,100,0,0,0,40,0,0
315636,27,25,7,0,0,0,2,0,0
271930,10,9,4,0,0,0,0,0,0
157919,390,215,141,0,0,0,9,2,0
408711,170,91,27,0,0,0,53,0,0
366127,68,49,21,0,0,0,6,0,0
8126,247,117,28,0,0,0,29,1,0
237722,173,108,51,0,0,0,5,1,0
22739,75,53,15,0,0,1,16,0,0
321105,6,6,0,0,0,0,1,0,0
454130,388,157,106,0,0,0,56,0,0
65983,32,29,4,0,0,1,3,0,0
160684,152,88,36,0,0,0,30,0,0
313977,27,27,10,0,0,0,0,0,0
393761,762,370,245,2,1,1,72,1,0
441989,74,37,16,0,0,0,8,0,0
180401,44,35,10,0,0,0,0,0,0
401542,948,445,287,11,3,34,89,0,0
264048,213,124,72,0,0,1,3,0,0
194372,36,31,11,0,0,0,1,0,0
343560,101,71,39,0,0,1,3,0,0
241787,102,77,42,0,0,0,2,0,0
368990,220,124,90,0,0,0,6,0,0
5795,5,5,0,0,0,0,0,0,0
128580,313,134,122,3,1,0,11,1,0
361315,157,91,55,0,0,0,9,0,0
459089,612,357,181,1,1,0,36,0,0
327314,124,83,41,0,0,0,20,0,0
258886,41,34,18,0,0,0,3,0,0
120619,127,80,28,0,0,5,13,1,0
311894,472,220,153,0,0,13,21,0,0
408943,1215,594,355,0,0,0,86,1,0
230223,269,145,109,0,0,0,5,0,0
22296,32,28,10,0,0,0,1,0,0
306676,293,151,81,0,0,17,38,2,0
102991,46,40,13,0,0,0,0,0,0
173009,453,226,159,0,0,9,24,1,0
339066,17,16,8,0,0,0,0,0,0
61774,23,23,8,0,0,0,1,0,0
165678,725,298,255,0,0,0,13,0,0
368458,582,253,208,0,0,0,6,0,0
175539,98,70,34,0,0,0,1,0,0
32647,103,79,24,0,0,0,6,0,0
386737,244,145,94,0,0,1,24,0,0
77591,141,90,43,0,0,0,8,0,0
59433,659,341,213,1,1,2,63,0,0
429427,127,79,41,0,0,0,2,1,0
484226,109,83,30,1,1,0,5,1,0
407939,138,94,39,0,0,0,10,0,0
19581,209,124,78,0,0,0,13,0,0
423922,29,25,11,0,0,0,0,0,0
406683,174,129,39,2,2,1,20,0,0
217954,378,154,146,1,1,6,14,0,0
148299,446,217,162,0,0,1,26,0,0
461476,127,76,42,3,3,0,5,0,0
58415,308,204,75,0,0,1,14,0,0
26674,285,161,101,0,0,0,16,0,0
463554,22,21,10,0,0,0,0,0,0
231236,131,86,24,0,0,1,12,0,0
26312,219,135,83,0,0,0,10,0,0
217102,217,179,40,0,0,0,50,0,0
220571,106,83,30,0,0,0,7,0,0
114393,408,191,124,1,1,3,22,0,0
477235,721,311,207,0,0,4,57,2,0
313893,193,108,66,0,0,8,14,1,0
117506,6,6,2,0,0,0,0,0,0
27034,457,248,116,0,0,0,18,1,0
246747,242,128,73,1,1,0,26,0,0
147652,76,38,5,0,0,0,9,0,0
445243,17,14,7,0,0,0,1,0,0
43858,96,70,37,0,0,0,1,0,0
255357,305,252,41,0,0,0,61,0,0
292119,28,25,5,0,0,0,3,0,0
523542,90,63,25,1,1,1,13,0,0
466763,22,20,5,0,0,0,0,0,0
110990,192,120,76,0,0,0,11,0,0
14262,43,36,5,1,1,5,7,0,0
353850,103,77,25,0,0,1,8,0,0
166137,1011,428,285,5,4,2,55,0,0
375596,280,175,92,1,1,0,7,0,0
475148,115,84,39,0,0,0,10,0,0
411888,1569,396,508,0,0,0,37,2,0
451228,117,72,34,0,0,0,17,0,0
132515,287,133,48,1,1,0,55,2,0
341464,144,85,61,0,0,0,8,0,0
91377,22,21,6,0,0,0,0,0,0
421101,46,40,13,0,0,0,2,0,0
358091,87,57,22,0,0,0,1,0,0
491305,10,10,6,0,0,0,0,0,0
28513,239,138,82,1,1,0,8,0,0
513934,40,35,9,0,0,0,4,0,0
289564,190,91,5,0,0,0,79,0,0
446588,89,74,13,0,0,0,16,0,0
266683,155,100,62,0,0,0,0,0,0
393775,147,104,35,0,0,1,12,0,0
375207,27,27,7,0,0,0,2,0,0
7751,10,10,5,0,0,0,0,1,0
79519,354,188,144,0,0,0,4,0,0
439391,132,34,21,0,0,0,5,0,0
329911,47,40,9,0,0,1,6,0,0
370229,157,96,64,0,0,1,4,1,0
239720,569,289,169,0,0,0,27,2,0
24875,463,231,183,1,1,2,11,0,0
469172,112,74,37,0,0,0,6,0,0
43108,1253,587,385,3,1,2,78,1,0
490626,47,39,14,0,0,0,3,0,0
177419,51,45,16,0,0,0,1,0,0
276930,41,32,2,0,0,0,6,0,0
213520,269,150,96,0,0,0,12,0,0
94227,5,5,2,0,0,0,0,0,0
494353,35,26,7,1,1,0,2,0,0
287712,63,56,22,0,0,0,2,0,0
74461,23,22,6,0,0,0,3,0,0
206785,450,211,142,2,2,4,50,0,0
141939,14,14,4,0,0,0,1,0,0
489243,51,46,8,0,0,2,11,0,0
245200,807,341,261,0,0,1,21,2,0
179866,28,24,10,0,0,0,0,0,0
150358,209,112,87,0,0,0,0,0,0
379411,399,181,124,0,0,0,48,0,0
410450,105,69,26,1,1,1,10,0,0
134731,65,50,30,0,0,0,0,0,0
51400,10,10,6,0,0,0,0,0,0
322492,51,44,3,0,0,1,7,0,0
141437,303,158,66,0,0,1,42,1,0
148823,437,248,134,0,0,1,23,1,0
484359,161,106,57,0,0,1,6,0,0
328173,32,27,7,1,1,0,6,0,0
422312,795,303,306,0,0,0,66,0,0
327578,104,78,37,0,0,1,4,1,0
295036,108,77,23,0,0,0,8,0,0
69558,71,56,25,0,0,0,8,0,0
379128,553,222,108,0,0,38,110,0,0
442815,18,18,7,0,0,0,0,0,0
406196,141,101,45,0,0,0,10,1,0
176672,224,123,68,0,0,6,14,0,0
325109,36,26,9,0,0,0,10,1,0
12556,1673,649,429,7,5,0,150,2,0
446998,166,109,60,0,0,0,11,0,0
87329,392,174,5,0,0,0,122,0,0
13143,5190,598,483,88,7,0,1490,2,0
522486,1084,418,319,0,0,0,74,3,0
1407,412,143,56,13,1,7,93,0,0
63930,28,17,8,0,0,0,1,0,0
92256,29,26,0,0,0,1,4,0,0
123895,143,89,40,0,0,5,13,0,0
327609,78,58,27,1,1,0,1,1,0
306853,88,60,17,0,0,0,8,0,0
120157,40,31,15,0,0,0,1,0,0
47659,123,99,29,0,0,0,8,0,0
350242,364,266,69,0,0,1,53,2,0
473198,334,191,115,0,0,0,15,0,0
348721,38,31,14,0,0,0,5,0,0
413130,24,24,9,0,0,0,1,1,0
490442,520,234,192,0,0,8,16,1,0
279512,47,39,20,1,1,0,2,0,0
456164,94,63,28,0,0,0,12,0,0
514230,131,76,30,0,0,0,12,1,0
396501,1799,488,202,6,4,102,436,0,0
302352,26,24,8,0,0,0,0,0,0
196238,39,28,17,0,0,0,0,0,0
480065,1657,570,596,2,1,0,14,3,0
457541,8,8,2,0,0,0,1,0,0
228355,213,128,68,0,0,0,20,0,0
116834,445,224,171,0,0,0,29,0,0
349308,340,116,20,4,2,0,67,0,0
95342,14,13,5,0,0,0,1,0,0
270480,5,5,2,0,0,0,0,0,0
94993,65,54,28,0,0,0,2,0,0
245566,536,245,114,0,0,3,77,0,0
467187,379,197,129,0,0,0,9,1,0
326530,166,105,71,0,0,0,2,0,0
450264,7,7,1,0,0,0,1,0,0
237732,166,100,58,0,0,3,8,1,0
104168,22,21,7,0,0,0,1,1,0
16487,265,113,75,0,0,12,16,0,0
455512,28,25,13,0,0,0,3,0,0
88684,314,162,128,0,0,0,17,0,0
379431,152,92,41,0,0,1,29,0,0
386026,235,145,83,1,1,2,14,0,0
220902,51,44,11,0,0,0,10,0,0
350512,276,86,14,0,0,21,50,0,0
282476,103,83,29,0,0,0,10,0,0
58637,1068,366,17,0,0,276,484,0,0
122815,241,146,63,0,0,0,19,0,0
448201,75,62,22,0,0,1,9,0,0
223441,40,29,14,0,0,0,3,0,0
298994,263,133,78,0,0,10,21,1,0
256567,54,46,19,0,0,0,2,0,0
104902,67,54,32,0,0,0,3,0,0
66970,652,308,201,0,0,3,24,0,0
334019,665,261,238,0,0,2,27,0,0
100321,32,28,11,0,0,0,1,0,0
466595,149,87,41,0,0,1,22,0,0
404302,181,110,44,0,0,0,7,0,0
56261,59,45,11,0,0,4,14,0,0
356153,31,31,6,0,0,1,1,0,0
39421,102,71,36,0,0,1,6,1,0
273704,1153,540,264,15,8,3,155,0,0
290080,28,27,12,0,0,0,3,0,0
371229,87,66,17,0,0,0,17,0,0
426019,134,78,36,0,0,0,8,0,0
220477,692,350,203,0,0,5,72,0,0
455772,163,79,54,0,0,0,21,0,0
21236,256,154,98,0,0,0,3,0,0
36669,7,7,2,0,0,0,0,0,0
283180,27,25,11,0,0,0,0,0,0
251819,400,186,112,21,6,0,21,1,0
499125,141,91,45,0,0,0,23,0,0
406998,113,82,42,0,0,0,2,0,0
162695,70,62,25,0,0,0,5,0,0
65844,257,156,80,0,0,0,22,2,0
457155,104,53,17,0,0,0,24,0,0
428743,261,158,63,0,0,0,43,0,0
473163,125,84,44,0,0,0,4,0,0
21220,45,40,14,0,0,0,4,0,0
431617,220,103,53,0,0,11,31,0,0
373468,11,10,4,0,0,0,0,0,0
65856,346,221,103,0,0,0,19,0,0
159543,244,158,82,0,0,0,16,1,0
306528,371,192,150,0,0,6,14,2,0
427164,58,54,13,0,0,1,5,0,0
158887,172,108,76,0,0,0,5,2,0
206999,126,86,37,1,1,1,14,0,0
268543,21,13,12,0,0,0,0,0,0
96269,133,87,40,0,0,0,3,1,0
17823,908,327,188,51,2,0,86,1,0
126532,204,122,81,0,0,0,3,0,0
461605,231,124,87,0,0,0,22,0,0
253205,280,140,64,0,0,0,28,1,0
396807,10,9,3,0,0,0,0,0,0
356164,471,205,162,0,0,0,10,1,0
5497,269,91,63,0,0,0,5,0,0
483041,53,32,13,0,0,0,5,0,0
257258,4427,850,887,76,6,0,666,2,0
460183,79,52,28,0,0,0,7,0,0
411310,93,67,32,0,0,1,4,0,0
358497,59,47,19,0,0,0,4,1,0
510113,100,68,49,0,0,0,3,0,0
204905,244,152,75,3,1,4,25,1,0
502693,478,118,42,18,2,0,155,0,0
312255,319,169,99,0,0,7,28,1,0
282817,126,85,30,0,0,2,7,0,0
50722,207,140,58,0,0,3,40,0,0
46865,26,24,14,0,0,0,0,0,0
449346,90,58,23,0,0,0,5,0,0
353301,539,203,189,0,0,18,29,0,0
67439,384,224,144,0,0,1,9,0,0
364835,28,22,5,0,0,0,9,0,0
313882,78,49,15,0,0,4,4,0,0
287578,201,105,67,1,1,0,2,1,0
65080,953,415,279,0,0,5,36,1,0
196369,91,66,33,0,0,2,6,0,0
426081,42,31,7,0,0,0,6,0,0
338464,127,60,27,0,0,3,15,0,0
82229,357,188,144,0,0,8,17,1,0
7550,37,36,13,0,0,0,2,0,0
323593,17,16,6,0,0,0,0,0,0
213102,1737,645,616,3,3,2,103,2,0
89395,11,11,2,0,0,0,1,0,0
383923,1639,644,600,1,1,20,83,2,0
97063,164,102,50,0,0,0,31,0,0
480141,561,268,155,2,1,0,53,0,0
18693,583,309,196,3,3,1,37,2,0
326100,170,111,53,2,2,0,6,2,0
37785,114,81,34,2,1,0,11,0,0
496018,27,24,2,0,0,0,0,0,0
437941,236,126,92,0,0,3,7,0,0
389124,107,71,25,0,0,2,8,0,0
75780,201,137,77,0,0,2,8,0,0
360113,113,80,48,0,0,0,0,0,0
118312,719,301,217,0,0,0,56,1,0
308873,242,144,82,0,0,0,10,0,0
471131,65,47,29,0,0,0,2,0,0
274215,281,144,100,2,2,0,11,1,0
351539,19,18,0,0,0,1,3,0,0
170241,188,109,69,0,0,0,16,0,0
436796,186,110,58,0,0,0,11,0,0
419689,99,71,41,0,0,0,0,0,0
88319,666,348,168,0,0,0,79,0,0
379465,19,17,8,0,0,0,1,0,0
138233,35,29,13,0,0,0,0,0,0
325822,17,17,7,0,0,0,1,0,0
125825,98,60,35,0,0,2,14,0,0
312467,52,33,5,0,0,0,6,0,0
367860,185,118,71,0,0,0,5,0,0
81888,14,13,3,0,0,0,0,0,0
62205,253,168,100,0,0,0,3,0,0
429162,49,38,14,0,0,0,2,0,0
507197,451,245,140,0,0,0,25,0,0
361322,38,28,16,0,0,0,0,0,0
494107,71,58,22,0,0,0,6,0,0
243670,45,39,10,0,0,0,3,0,0
181112,272,125,47,1,1,1,19,0,0
221286,4,4,0,0,0,0,0,0,0
24511,21,21,6,0,0,0,0,0,0
154905,166,112,46,0,0,9,19,0,0
145850,1027,451,312,0,0,2,53,0,0
491577,17,14,6,0,0,0,0,1,0
411706,190,90,71,0,0,0,4,0,0
11872,20,18,7,0,0,0,1,0,0
67408,7,7,1,0,0,0,0,0,0
31149,134,77,46,0,0,0,6,0,0
184782,309,174,74,1,1,16,60,2,0
261165,27,24,9,0,0,0,2,0,0
237900,83,54,13,0,0,0,15,0,0
86005,11,11,5,0,0,0,0,0,0
416812,1215,594,355,0,0,0,86,1,0
37370,6,6,3,0,0,0,0,0,0
262262,8,8,1,0,0,0,0,0,0
184060,165,81,19,0,0,0,42,0,0
61492,56,44,27,0,0,0,1,0,0
370486,270,121,62,0,0,5,23,0,0
310007,343,178,112,0,0,3,37,0,0
498477,77,55,17,0,0,3,12,1,0
246828,115,79,34,0,0,4,6,0,0
126286,37,33,9,1,1,0,4,0,0
448593,207,117,67,0,0,1,13,0,0
142525,62,36,4,0,0,0,9,0,0
409497,31,27,13,0,0,0,1,0,0
346796,503,196,169,2,1,14,40,0,0
399799,176,125,33,4,3,14,35,0,0
118765,20,20,8,0,0,0,0,0,0
226559,115,67,11,9,9,0,20,0,0
79381,24,21,8,0,0,0,0,0,0
182086,320,180,136,0,0,0,1,0,0
298538,8,8,2,0,0,0,0,0,0
323049,472,259,153,7,5,2,33,1,0
51332,266,144,81,0,0,0,9,0,0
81741,59,50,17,0,0,0,1,0,0
419437,32,32,8,0,0,0,2,0,0
181347,72,54,31,0,0,0,0,0,0
403230,8,7,3,0,0,0,1,0,0
347200,114,47,14,0,0,3,47,0,0
242268,155,95,50,0,0,0,13,0,0
460541,66,50,20,1,1,0,5,0,0
345029,102,69,25,0,0,0,12,0,0
385376,691,291,226,0,0,0,81,1,0
462124,43,37,17,0,0,0,2,0,0
158336,71,50,18,0,0,0,2,0,0
192240,314,127,81,2,1,0,57,0,0
155653,1125,389,107,0,0,76,200,0,0
158696,142,76,32,0,0,0,33,1,0
158615,14,13,5,0,0,0,0,0,0
389479,65,59,12,0,0,0,6,0,0
413307,620,207,217,0,0,8,15,1,0
276115,98,41,9,0,0,0,18,0,0
347318,232,143,72,1,1,0,9,0,0
518057,7,7,1,0,0,0,2,0,0
522576,28,22,0,0,0,0,5,0,0
221245,247,85,26,0,0,0,106,0,0
225235,20,19,8,0,0,0,2,0,0
90903,136,90,29,0,0,1,13,0,0
61313,133,73,51,0,0,4,8,1,0
438621,34,31,11,0,0,0,1,0,0
68977,50,39,20,0,0,0,1,0,0
14168,34,26,11,1,1,0,3,0,0
485183,251,96,63,0,0,0,5,0,0
968,18,14,4,0,0,0,2,0,0
401073,22,21,10,0,0,0,3,0,0
236185,659,317,227,0,0,0,20,1,0
212634,40,33,8,0,0,0,4,0,0
18584,151,106,53,1,1,1,7,0,0
227283,446,251,113,0,0,1,77,1,0
48967,330,170,118,0,0,5,18,1,0
146909,236,152,58,0,0,1,24,0,0
482774,229,123,98,0,0,0,7,0,0
506270,50,40,21,0,0,0,0,0,0
318425,29,28,12,0,0,0,1,0,0
98521,50,41,25,0,0,0,2,0,0
361345,27,23,7,1,1,0,2,0,0
455936,18,15,7,0,0,0,0,0,0
393177,253,121,68,0,0,0,24,0,0
296434,183,105,55,0,0,11,21,1,0
287766,208,101,8,0,0,0,94,0,0
154000,34,29,7,0,0,0,5,0,0
484335,164,104,43,0,0,0,16,0,0
487319,12,12,5,0,0,0,2,0,0
90624,113,57,32,0,0,2,15,0,0
114098,36,33,13,0,0,0,2,0,0
468479,530,212,165,0,0,15,46,2,0
454692,10,10,3,0,0,0,1,0,0
160163,173,101,55,0,0,0,0,1,0
334251,101,64,23,0,0,4,13,0,0
242797,43,38,6,0,0,0,12,0,0
349336,160,112,61,1,1,0,13,0,0
143187,100,74,35,0,0,0,1,0,0
247372,409,228,135,0,0,0,37,0,0
175206,1501,487,587,0,0,6,74,2,0
81837,67,60,23,0,0,0,3,0,0
423025,140,97,44,0,0,0,13,0,0
329630,58,34,4,0,0,0,7,0,0
467090,824,288,224,0,0,29,84,1,0
67855,13,12,5,0,0,0,1,0,0
4632,323,172,68,0,0,1,75,0,0
461218,39,33,18,0,0,0,4,0,0
311052,48,41,17,0,0,0,2,0,0
37130,73,51,12,0,0,0,20,0,0
524081,21,17,4,0,0,0,0,0,0
78427,147,91,56,0,0,3,8,1,0
475418,28,25,10,0,0,0,2,0,0
419413,185,109,59,0,0,1,27,0,0
439220,11,10,0,0,0,0,2,0,0
523072,58,49,14,1,1,0,8,0,0
34610,21,19,2,0,0,0,0,0,0
391557,26,23,5,0,0,1,5,0,0
181344,267,137,53,0,0,1,26,0,0
286144,100,68,44,0,0,0,0,0,0
239911,199,112,20,0,0,4,41,0,0
156155,876,393,263,4,3,3,41,1,0
293951,41,32,6,0,0,2,7,0,0
251164,117,90,36,0,0,1,11,0,0
96303,93,67,31,0,0,1,2,0,0
130033,40,34,12,0,0,1,2,0,0
495450,19,17,1,0,0,0,0,0,0
489505,35,33,11,0,0,0,1,0,0
157653,235,128,76,2,1,0,5,1,0
334964,29,24,7,1,1,0,2,0,0
357239,102,74,38,0,0,0,7,0,0
300783,10,10,5,0,0,0,0,0,0
18364,28,24,6,0,0,0,2,0,0
390793,202,95,41,6,3,4,46,0,0
191893,92,47,6,0,0,0,42,0,0
35313,381,183,136,0,0,4,23,0,0
491932,228,125,71,0,0,0,8,0,0
447119,557,301,199,3,2,3,26,0,0
230985,120,61,22,0,0,0,11,1,0
447570,1584,631,372,4,3,0,222,2,0
515128,47,37,5,0,0,0,10,0,0
17205,525,236,157,4,2,0,38,0,0
47737,34,28,3,0,0,0,0,0,0
482240,564,273,150,1,1,28,61,0,0
200718,16,16,6,0,0,0,1,0,0
123534,163,84,45,0,0,1,50,0,0
187411,82,56,27,0,0,0,8,1,0
258242,58,46,20,0,0,0,1,0,0
151502,197,112,70,0,0,1,9,1,0
76999,597,214,71,0,0,3,63,1,0
38979,42,37,17,0,0,0,0,0,0
151754,80,44,19,1,1,0,9,0,0
461034,47,41,13,0,0,0,0,0,0
521307,999,315,290,0,0,0,104,1,0
181718,188,105,61,0,0,1,28,0,0
7493,81,61,24,1,1,2,9,0,0
17029,69,52,21,0,0,0,10,0,0
170680,149,103,47,2,1,1,7,0,0
476181,26,24,9,0,0,0,1,0,0
298537,268,120,102,0,0,2,18,1,0
48522,109,80,26,0,0,0,9,0,0
342403,78,55,31,0,0,0,2,0,0
81638,56,41,28,0,0,0,2,0,0
468730,382,159,150,0,0,1,18,0,0
10894,44,36,9,0,0,2,2,0,0
372059,75,43,14,0,0,4,19,0,0
53226,1789,293,150,60,1,16,599,0,0
313434,40,28,6,0,0,0,5,0,0
357465,16,14,3,1,1,0,4,0,0
209260,13,13,4,0,0,0,1,0,0
159503,68,51,21,1,1,2,5,1,0
360587,70,56,20,0,0,0,7,0,0
435575,244,154,67,4,2,2,15,0,0
48669,85,69,24,0,0,2,5,0,0
509063,221,144,52,3,3,5,35,0,0
482276,18,15,6,0,0,0,0,0,0
69469,261,177,50,0,0,2,27,1,0
317180,72,49,22,0,0,0,1,0,0
194574,27,23,10,0,0,0,2,0,0
115812,190,67,70,1,1,1,23,0,0
200540,5119,1316,1620,1,1,0,253,0,0
208868,537,293,131,0,0,0,37,0,0
292369,132,72,44,0,0,0,6,0,0
386104,9,9,5,0,0,0,1,0,0
203646,128,84,47,0,0,0,10,0,0
354498,47,41,10,0,0,1,4,0,0
447129,139,123,10,2,1,0,36,0,0
391818,175,107,38,0,0,2,18,0,0
84697,57,39,4,0,0,0,7,0,0
307044,95,63,32,0,0,0,2,1,0
320811,672,354,173,0,0,0,77,0,0
219747,186,130,51,1,1,0,36,0,0
287397,227,125,87,1,1,2,7,0,0
381109,139,94,46,0,0,1,6,0,0
394893,52,40,27,0,0,0,2,0,0
5060,22,21,6,0,0,0,4,1,0
265302,29,26,11,0,0,0,0,0,0
207116,49,37,18,0,0,0,2,0,0
498591,42,37,16,0,0,0,2,0,0
74154,1747,780,494,5,2,0,98,2,0
216693,441,180,133,0,0,2,43,0,0
85757,952,396,308,0,0,7,53,1,0
31760,16,16,6,0,0,0,0,0,0
183600,808,451,226,3,2,1,69,1,0
240858,349,192,98,0,0,35,67,0,0
451444,51,41,7,1,1,1,6,0,0
29970,376,211,63,0,0,0,86,0,0
200946,106,74,37,0,0,0,9,0,0
363481,349,151,112,0,0,7,15,0,0
437895,24,23,13,0,0,0,0,0,0
206859,428,221,106,1,1,1,37,1,0
92175,30,24,11,0,0,0,5,0,0
396215,39,32,12,0,0,0,1,0,0
135687,349,190,123,1,1,2,12,1,0
340301,45,36,8,0,0,0,3,0,0
214379,123,91,54,0,0,0,3,0,0
409614,39,34,7,0,0,1,1,1,0
260212,102,61,15,0,0,0,9,0,0
45518,356,217,100,0,0,4,87,0,0
370828,403,178,177,0,0,0,2,0,0
468625,164,115,41,0,0,0,9,0,0
355836,320,185,115,0,0,0,16,0,0
62529,497,262,149,11,3,0,22,0,0
200312,141,105,46,1,1,1,7,0,0
233126,69,55,15,0,0,2,11,0,0
24854,627,269,225,0,0,0,13,1,0
191551,610,197,153,0,0,0,93,0,0
41681,313,156,118,1,1,0,20,0,0
320353,223,138,94,0,0,0,8,0,0
75369,358,197,108,0,0,17,30,0,0
83368,89,52,40,0,0,1,8,1,0
403268,307,137,84,0,0,0,44,1,0
343651,57,48,17,0,0,0,2,0,0
371863,242,149,88,0,0,0,4,2,0
181827,216,130,60,1,1,1,3,1,0
97594,215,112,58,0,0,0,32,1,0
352378,34,28,12,0,0,0,3,0,0
213071,3163,1111,1118,10,5,9,117,2,0
34761,41,37,16,0,0,0,0,0,0
308005,159,106,57,0,0,0,6,0,0
433459,167,94,46,0,0,1,22,0,0
392595,31,25,13,0,0,0,0,0,0
378385,42,41,2,0,0,1,15,0,0
387594,63,52,28,0,0,0,4,0,0
64550,32,28,8,0,0,0,0,0,0
437401,55,41,27,0,0,0,1,0,0
177535,313,164,67,0,0,0,30,0,0
25093,430,202,171,0,0,0,11,0,0
311720,75,46,4,0,0,7,22,0,0
199614,198,110,54,0,0,0,21,0,0
232559,14,11,3,0,0,0,0,0,0
354559,44,41,7,0,0,1,5,0,0
260324,67,30,21,0,0,2,11,0,0
503894,60,51,13,0,0,1,4,0,0
458526,3162,1249,543,39,10,2,297,5,0
64858,70,54,10,0,0,1,4,0,0
87894,269,155,86,0,0,0,33,0,0
507732,63,51,21,1,1,0,6,0,0
391408,153,103,29,0,0,2,18,1,0
63360,30,20,4,0,0,0,4,0,0
358024,71,60,23,0,0,0,4,0,0
366315,11,11,3,0,0,0,0,1,0
473366,112,85,34,0,0,0,13,0,0
31456,158,83,20,0,0,0,55,1,0
93817,13,12,6,0,0,0,0,0,0
388409,383,163,125,0,0,0,41,0,0
330829,11,10,0,0,0,0,2,0,0
314435,242,122,89,0,0,0,16,0,0
35283,146,118,24,0,0,0,16,0,0
7505,61,47,21,0,0,0,5,0,0
31900,167,93,55,0,0,1,2,0,0
167757,100,65,20,0,0,0,9,0,0
199578,187,101,51,0,0,3,27,0,0
360240,68,49,9,0,0,3,13,0,0
157008,1329,529,406,7,2,3,59,1,0
53582,60,49,9,0,0,0,7,0,0
37913,386,210,160,0,0,0,13,2,0
512565,29,21,7,0,0,0,4,0,0
33456,18,17,7,1,1,0,2,0,0
41974,119,79,43,0,0,0,1,0,0
25285,225,132,102,0,0,0,8,0,0
266692,237,144,96,0,0,0,15,1,0
108617,59,30,9,0,0,0,14,0,0
27354,82,55,22,0,0,0,0,0,0
392803,158,128,9,0,0,0,31,0,0
383812,275,225,54,1,1,2,31,0,0
190751,113,104,4,0,0,0,27,0,0
408396,411,186,115,1,1,3,52,0,0
255777,174,109,50,0,0,0,13,1,0
308286,29,24,11,0,0,0,0,0,0
215564,57,51,16,0,0,0,1,0,0
420139,124,77,38,0,0,0,12,0,0
71412,367,195,152,0,0,0,16,0,0
314125,67,51,26,0,0,0,1,0,0
164614,330,153,124,1,1,0,11,0,0
47591,195,118,74,0,0,0,8,1,0
409844,432,209,133,4,2,0,51,1,0
222629,17,16,4,1,1,0,1,0,0
434197,744,296,239,0,0,15,27,0,0
19748,1244,567,389,0,0,0,112,1,0
11533,26,21,11,0,0,0,0,0,0
29277,25,22,7,0,0,0,0,0,0
215629,675,297,192,2,2,0,42,1,0
482072,121,77,39,0,0,0,16,0,0
270053,662,180,233,0,0,14,33,0,0
286333,90,63,44,0,0,0,1,0,0
269400,10,10,6,0,0,0,0,0,0
78510,62,52,26,0,0,0,0,0,0
263899,233,134,83,0,0,1,3,0,0
444308,110,76,34,0,0,2,13,0,0
264142,212,124,72,0,0,1,2,0,0
203813,43,36,16,0,0,0,2,0,0
87031,686,309,150,0,0,7,116,0,0
259212,18,17,7,0,0,0,0,0,0
293209,637,249,179,0,0,3,88,0,0
92766,145,90,42,0,0,9,24,1,0
285640,110,67,21,0,0,0,27,0,0
290385,238,139,61,8,3,4,27,0,0
250014,93,65,19,5,2,1,9,0,0
405720,29,24,15,0,0,0,0,0,0
455844,381,180,130,2,1,0,9,0,0
142590,216,133,72,0,0,0,3,0,0
48856,105,76,30,0,0,1,4,0,0
480287,314,184,83,0,0,0,53,0,0
227354,5,5,1,0,0,0,0,0,0
144892,45,34,2,0,0,0,5,0,0
420818,26,23,2,0,0,1,1,0,0
99740,34,33,4,0,0,0,7,0,0
86235,33,30,9,0,0,0,2,0,0
50407,122,87,46,0,0,0,5,1,0
218881,49,39,12,0,0,0,7,0,0
462371,131,93,39,0,0,0,16,0,0
192953,16,16,6,0,0,0,0,0,0
194416,53,42,18,0,0,0,1,0,0
243731,340,197,8,0,0,79,144,1,0
112196,227,128,75,0,0,0,19,0,0
472035,286,163,102,0,0,1,7,0,0
15897,2019,727,26,0,0,0,854,0,0
401158,301,158,120,0,0,0,12,0,0
492809,58,42,26,0,0,0,2,0,0
414882,96,71,37,0,0,1,1,0,0
199951,95,73,21,1,1,0,9,0,0
353549,75,47,14,0,0,1,10,0,0
144791,131,79,52,0,0,0,12,0,0
83303,1190,475,377,0,0,68,70,0,0
343268,175,112,55,0,0,0,4,0,0
92886,151,89,40,0,0,6,19,0,0
403931,128,77,30,0,0,1,19,0,0
418330,26,25,12,0,0,0,0,0,0
53181,203,131,76,0,0,0,0,1,0
208008,52,40,18,0,0,0,1,0,0
92544,246,122,78,1,1,8,21,0,0
480653,56,43,25,0,0,0,1,0,0
212342,127,85,43,0,0,0,3,0,0
224167,687,295,279,0,0,0,5,0,0
428578,6,6,1,0,0,0,0,0,0
436864,158,107,63,0,0,1,9,0,0
96315,539,224,139,2,2,0,47,0,0
296744,69,55,17,0,0,2,7,0,0
37188,23,23,5,0,0,0,2,0,0
260998,12,10,8,0,0,0,1,0,0
228457,109,80,38,0,0,0,17,0,0
434612,45,40,16,0,0,0,0,0,0
448326,39,33,8,0,0,0,3,0,0
388325,51,42,18,0,0,0,1,0,0
275598,702,320,161,30,8,3,28,1,0
46393,8,8,1,0,0,0,2,0,0
292087,186,122,38,0,0,0,55,1,0
237759,394,242,107,1,1,0,17,0,0
489425,70,49,8,0,0,1,20,0,0
380627,156,78,35,0,0,8,8,0,0
400442,112,86,35,0,0,3,7,1,0
323765,97,65,35,0,0,0,0,0,0
408021,60,48,24,0,0,0,4,0,0
95211,468,192,173,0,0,8,28,0,0
251772,99,64,30,0,0,1,6,0,0
155626,242,122,85,0,0,0,24,0,0
234118,750,300,98,0,0,0,220,1,0
360886,418,217,137,0,0,3,35,0,0
105310,63,48,13,0,0,0,14,0,0
409148,163,115,47,0,0,1,11,0,0
25111,8,8,2,0,0,0,0,0,0
34203,22,18,0,0,0,0,1,0,0
214527,354,197,103,1,1,1,40,0,0
91115,36,32,15,0,0,0,1,0,0
98953,294,131,72,0,0,0,55,1,0
267875,754,317,262,0,0,10,55,0,0
327737,206,102,80,0,0,0,9,0,0
521162,139,90,47,0,0,0,6,0,0
474784,130,78,42,0,0,0,3,0,0
396592,94,73,37,0,0,0,2,0,0
464653,83,62,21,0,0,0,8,0,0
155618,240,135,59,0,0,0,12,0,0
90786,78,50,11,0,0,3,7,1,0
245206,190,123,59,0,0,0,12,1,0
362041,599,176,188,0,0,26,60,1,0
210778,1063,395,222,0,0,65,102,2,0
280657,98,46,14,0,0,0,33,0,0
183281,38,33,13,0,0,0,7,1,0
299033,15,14,4,0,0,0,0,0,0
180081,14,12,3,0,0,0,1,0,0
453086,62,50,28,0,0,0,0,0,0
199309,42,37,15,0,0,0,2,0,0
32043,22,22,5,0,0,0,2,0,0
292830,339,167,112,0,0,3,38,0,0
22373,38,32,8,0,0,0,6,0,0
86798,1248,471,429,0,0,0,83,3,0
86595,160,104,51,0,0,0,21,0,0
416757,35,33,7,0,0,0,3,0,0
229247,158,107,55,0,0,0,1,0,0
377668,223,155,77,0,0,0,13,0,0
318212,854,278,133,1,1,0,80,1,0
176041,56,43,23,0,0,0,1,0,0
