,num_words,num_unique_words,num_stopwords,num_links,num_unique_domains,num_email_addresses,num_spelling_errors,num_urgent_keywords,label
0,92,63,34,0,0,0,5,0,0
1,1884,782,567,0,0,0,122,0,1
2,89,74,21,2,2,3,14,1,1
3,431,253,157,0,0,0,46,2,1
4,9,9,3,0,0,0,0,0,1
5,312,183,101,0,0,0,12,0,1
6,56,51,7,0,0,0,21,0,1
7,5,4,0,0,0,0,2,0,0
8,86,60,23,0,0,0,15,0,0
9,1296,561,38,0,0,0,991,0,1
10,264,107,45,9,1,0,73,0,0
11,5,5,1,0,0,0,0,0,1
12,110,81,3,0,0,0,63,0,1
13,923,256,180,5,3,0,130,1,0
14,254,147,81,0,0,0,25,0,0
15,58,49,2,0,0,0,24,0,1
16,78,66,26,0,0,0,0,0,0
17,158,154,10,0,0,0,69,0,1
18,119,77,47,0,0,1,1,1,0
19,10,10,4,0,0,0,1,0,1
20,15,15,3,0,0,0,4,0,1
21,152,108,50,0,0,0,2,0,1
22,74,59,26,0,0,0,2,0,0
23,44,32,5,3,3,1,12,0,1
24,13,12,3,0,0,0,0,0,1
25,229,117,91,0,0,0,2,2,1
26,104,99,13,0,0,0,6,0,1
27,83,63,25,0,0,0,4,0,0
28,122,83,20,4,1,1,15,0,1
29,290,284,13,0,0,0,29,0,1
30,66,50,20,1,1,0,5,0,0
31,1,1,0,0,0,0,0,0,1
32,131,86,24,0,0,1,12,0,0
33,247,145,95,0,0,0,0,0,1
34,400,231,116,0,0,1,43,0,0
35,117,86,47,0,0,0,10,0,0
36,44,42,7,0,0,0,1,0,1
37,19,18,3,0,0,0,3,0,1
38,338,150,94,1,1,3,56,0,0
39,3135,1230,535,19,7,2,279,3,0
40,180,129,43,2,1,1,7,0,0
41,100,65,30,1,1,0,6,0,1
42,178,41,57,0,0,0,12,0,1
43,97,45,14,0,0,0,12,0,0
44,165,107,51,0,0,5,23,0,0
45,60,60,0,0,0,0,10,0,1
46,208,139,53,6,4,1,14,1,1
47,272,97,33,0,0,1,16,0,0
48,72,50,14,0,0,0,6,0,0
49,702,320,161,30,8,3,28,1,0
50,42,38,11,0,0,0,5,0,1
51,63,48,13,0,0,0,14,0,0
52,86,68,11,0,0,0,24,0,1
53,195,108,29,8,1,0,21,1,0
54,79,65,31,0,0,0,1,0,1
55,122,91,28,0,0,0,8,1,1
56,66,55,23,0,0,0,1,1,0
57,135,96,31,0,0,0,17,0,0
58,121,91,30,4,1,0,20,0,0
59,55,55,4,0,0,0,17,0,1
60,41,36,15,0,0,0,1,0,0
61,82,68,23,0,0,0,12,1,1
62,97,67,35,3,3,1,14,0,0
63,144,115,32,3,2,0,21,0,1
64,34,23,4,3,3,1,11,0,1
65,68,57,22,0,0,0,1,0,1
66,42,36,10,0,0,0,1,0,1
67,10,9,1,0,0,0,0,0,1
68,96,77,31,0,0,0,1,0,0
69,36,33,13,0,0,0,0,0,0
70,13,9,0,0,0,0,7,0,1
71,96,66,27,0,0,0,13,0,1
72,105,73,34,2,1,1,6,0,1
73,106,73,29,3,1,0,4,0,1
74,10,10,2,0,0,0,2,0,1
75,79,69,14,0,0,0,15,0,1
76,346,194,37,4,2,41,92,0,0
77,103,70,47,0,0,0,4,0,0
78,251,145,79,0,0,2,13,0,0
79,29,26,0,0,0,1,4,0,0
80,56,43,13,0,0,0,6,0,0
81,249,141,71,0,0,0,23,0,0
82,957,459,261,7,7,1,37,1,1
83,19,19,7,0,0,0,1,0,0
84,13,13,5,0,0,0,0,0,1
85,167,109,63,0,0,0,4,0,0
86,444,215,138,0,0,0,8,1,1
87,204,119,73,0,0,0,3,0,0
88,37,34,14,0,0,0,1,0,1
89,78,58,27,1,1,0,1,1,0
90,17,16,6,0,0,0,1,0,0
91,75,49,16,0,0,6,18,0,0
92,107,78,38,0,0,0,0,1,1
93,24,24,9,0,0,0,1,1,0
94,1923,564,338,0,0,2,585,2,0
95,244,145,94,0,0,1,24,0,0
96,4,4,0,0,0,0,0,0,1
97,46,43,6,0,0,0,1,0,1
98,142,106,53,0,0,0,3,0,1
99,535,236,220,6,4,1,11,0,1
100,155,79,56,0,0,0,0,0,0
101,130,111,24,0,0,0,5,0,1
102,141,115,33,0,0,0,6,0,1
103,290,159,102,0,0,0,45,0,0
104,136,95,39,0,0,0,3,0,1
105,764,318,159,20,6,38,153,1,0
106,43,39,16,0,0,0,1,1,0
107,13,12,4,0,0,0,3,0,0
108,86,56,21,0,0,0,3,0,0
109,54,46,19,0,0,0,2,0,0
110,451,238,117,0,0,1,20,0,0
111,24,22,0,0,0,0,4,0,0
112,95,73,18,1,1,0,8,1,1
113,417,238,141,0,0,0,40,2,1
114,162,101,53,0,0,0,9,0,0
115,36,25,7,0,0,0,10,0,0
116,118,83,33,0,0,0,14,0,0
117,333,162,81,0,0,12,42,1,0
118,209,112,87,0,0,0,0,0,0
119,163,109,64,1,1,0,3,1,1
120,319,216,116,0,0,0,31,1,1
121,578,259,177,0,0,8,60,0,0
122,787,317,258,0,0,3,61,1,0
123,2125,627,837,0,0,0,32,2,1
124,78,58,25,0,0,0,2,0,1
125,93,78,28,0,0,0,3,0,1
126,125,90,42,0,0,0,3,0,0
127,285,161,101,0,0,0,16,0,0
128,1221,443,345,28,3,3,65,0,0
129,353,178,111,4,3,4,20,0,0
130,63,60,8,0,0,0,11,0,1
131,118,88,41,1,1,5,16,0,0
132,47,41,9,0,0,0,10,0,1
133,530,302,167,3,3,2,35,1,1
134,93,74,29,0,0,0,3,0,1
135,113,82,34,1,1,0,2,0,1
136,2356,792,671,29,6,5,280,1,0
137,252,150,88,0,0,2,22,0,0
138,32,29,10,0,0,0,3,0,0
139,832,396,261,0,0,0,97,0,1
140,766,313,275,0,0,0,13,0,1
141,336,186,129,1,1,1,7,0,1
142,29,27,3,0,0,0,4,0,0
143,254,163,94,0,0,1,3,0,1
144,26,21,11,0,0,0,0,0,0
145,657,175,208,0,0,0,116,0,0
146,58,45,24,0,0,0,1,0,1
147,153,108,43,2,2,2,13,1,1
148,164,92,62,0,0,0,2,0,0
149,12,11,1,0,0,0,4,0,0
150,32,29,4,0,0,1,3,0,0
151,613,340,144,0,0,0,13,1,1
152,400,186,112,21,6,0,21,1,0
153,29,27,7,0,0,0,3,0,0
154,215,118,56,0,0,0,16,0,0
155,41,37,16,0,0,0,0,0,0
156,349,224,125,0,0,0,23,1,1
157,125,96,14,0,0,0,32,0,1
158,621,307,216,1,1,2,48,3,0
159,21,19,8,0,0,0,2,0,0
160,469,250,136,0,0,0,69,0,1
161,624,289,220,3,2,36,68,0,0
162,57,49,18,0,0,0,3,0,1
163,155,122,37,0,0,0,16,0,1
164,63,44,7,2,1,1,22,0,1
165,494,284,162,0,0,1,23,1,1
166,12,12,4,0,0,0,0,0,0
167,58,47,16,0,0,0,1,1,1
168,58,43,13,0,0,0,3,1,1
169,66,49,22,0,0,0,0,0,0
170,496,236,162,0,0,0,29,1,1
171,33,28,15,0,0,0,1,0,0
172,50,44,15,0,0,0,2,0,0
173,28,27,10,0,0,0,0,0,0
174,552,223,169,0,0,17,49,0,0
175,103,63,15,6,2,1,20,0,1
176,37,29,14,1,1,0,4,0,0
177,79,52,22,3,3,2,14,0,1
178,1226,470,388,0,0,17,130,0,0
179,116,76,21,1,1,1,8,1,1
180,666,348,168,0,0,0,79,0,0
181,100,95,4,0,0,0,33,0,1
182,1274,557,426,0,0,0,138,2,1
183,48,47,1,0,0,0,2,0,1
184,380,176,129,0,0,0,15,3,1
185,14,12,4,0,0,0,2,0,1
186,191,120,54,6,3,0,10,0,1
187,118,93,21,0,0,0,5,0,1
188,5,5,2,0,0,0,0,0,0
189,30,27,8,0,0,0,3,0,1
190,38,36,1,0,0,0,9,0,1
191,25,23,12,0,0,0,1,0,0
192,53,43,7,1,1,1,6,0,0
193,75,63,26,0,0,0,4,1,1
194,82,81,2,0,0,0,59,0,1
195,663,277,203,0,0,3,38,1,0
196,573,207,136,0,0,27,44,1,0
197,104,64,41,0,0,0,6,0,1
198,222,114,23,0,0,0,74,0,0
199,112,75,20,0,0,0,17,0,1
200,227,130,72,0,0,0,16,1,1
201,52,41,21,0,0,0,2,0,0
202,37,34,9,0,0,0,11,0,1
203,113,67,32,0,0,3,13,0,0
204,75,61,7,0,0,0,33,0,1
205,233,143,69,0,0,0,24,0,0
206,151,100,43,0,0,0,26,0,0
207,114,81,24,0,0,0,26,0,1
208,409,228,135,0,0,0,37,0,0
209,68,63,8,0,0,0,15,0,1
210,410,228,8,0,0,0,223,0,1
211,395,219,129,0,0,0,10,1,1
212,13,13,4,0,0,0,3,0,1
213,26,24,9,0,0,0,2,0,0
214,104,103,1,0,0,0,10,0,1
215,455,222,139,0,0,0,21,0,0
216,725,223,297,0,0,0,11,1,1
217,69,53,30,0,0,1,2,0,0
218,48,46,13,0,0,0,10,0,1
219,182,105,37,0,0,0,13,0,1
220,73,46,22,0,0,0,7,0,0
221,70,57,25,0,0,0,2,0,1
222,155,111,51,0,0,0,2,0,1
223,256,154,98,0,0,0,3,0,0
224,143,108,38,0,0,0,20,0,1
225,40,39,8,0,0,0,1,0,1
226,185,113,63,0,0,0,5,2,1
227,119,90,37,0,0,0,10,0,1
228,839,350,315,2,2,2,32,2,0
229,1293,565,433,0,0,0,144,2,1
230,102,62,14,6,2,1,20,0,1
231,50,45,18,0,0,0,4,0,1
232,42,38,5,0,0,0,4,0,0
233,167,127,43,0,0,0,5,1,1
234,888,334,305,0,0,0,12,1,1
235,520,251,70,0,0,1,177,0,0
236,78,61,20,0,0,2,7,0,0
237,614,307,157,17,3,1,76,1,0
238,285,131,94,0,0,1,42,0,0
239,338,211,112,0,0,0,16,1,1
240,106,81,32,1,1,0,7,0,0
241,10,10,3,0,0,0,1,0,1
242,137,93,48,0,0,0,15,0,0
243,47,45,5,0,0,0,1,0,1
244,26,24,12,0,0,0,2,0,0
245,451,245,140,0,0,0,25,0,0
246,34,34,1,0,0,0,6,0,1
247,453,83,52,0,0,0,172,0,1
248,99,73,26,1,1,4,13,0,0
249,177,108,29,0,0,0,56,0,0
250,266,156,89,0,0,0,21,0,1
251,158,83,20,0,0,0,55,1,0
252,173,102,56,0,0,0,11,0,0
253,116,79,32,0,0,0,5,0,0
254,117,88,29,0,0,0,9,0,1
255,259,133,87,0,0,0,9,0,0
256,120,73,42,0,0,0,14,0,0
257,23,23,8,0,0,0,1,0,0
258,23,19,7,0,0,0,0,0,0
259,171,119,63,1,1,1,5,0,1
260,153,76,47,5,4,1,11,0,0
261,69,60,14,2,1,0,2,0,1
262,389,210,145,3,3,1,25,2,1
263,21,20,6,0,0,0,0,0,1
264,149,96,10,0,0,25,57,0,0
265,54,45,22,0,0,0,3,1,0
266,49,49,3,0,0,0,0,0,1
267,143,92,37,3,1,0,5,0,1
268,241,131,86,2,2,1,11,0,0
269,296,155,93,0,0,0,13,0,1
270,142,98,46,0,0,0,2,0,1
271,71,60,12,0,0,0,17,0,1
272,4192,537,1498,0,0,0,48,2,0
273,40,38,12,0,0,0,0,0,1
274,12,12,5,0,0,0,3,0,1
275,40,36,16,0,0,0,2,0,0
276,994,410,340,0,0,0,99,0,1
277,40,30,10,1,1,1,2,0,0
278,70,64,14,0,0,0,9,0,1
279,57,47,14,2,1,0,2,0,1
280,181,89,33,0,0,0,16,1,1
281,107,72,47,0,0,0,3,0,1
282,109,68,44,0,0,0,0,1,1
283,108,83,36,0,0,0,11,1,1
284,193,118,65,0,0,4,3,0,0
285,242,144,82,0,0,0,10,0,0
286,610,598,14,0,0,0,46,0,1
287,277,145,76,0,0,0,43,0,0
288,87,68,31,0,0,0,3,0,0
289,14,13,4,0,0,0,2,0,0
290,198,191,16,0,0,0,147,0,1
291,56,52,15,0,0,0,2,0,1
292,141,95,49,0,0,1,9,0,0
293,27,24,9,0,0,0,2,0,1
294,29,26,5,0,0,1,3,0,0
295,356,159,109,0,0,0,25,0,0
296,78,63,14,0,0,1,8,0,0
297,171,98,65,0,0,0,5,0,0
298,92,64,32,0,0,0,1,0,0
299,61,52,21,0,0,0,1,0,1
300,79,63,18,0,0,0,7,1,1
301,37,29,15,1,1,0,1,0,0
302,143,92,40,4,3,2,11,0,1
303,73,50,12,1,1,1,4,1,0
304,131,80,46,4,2,0,8,0,1
305,51,40,21,0,0,0,2,0,1
306,1133,521,379,0,0,5,17,1,0
307,259,173,67,0,0,2,32,0,0
308,113,68,44,0,0,0,4,1,1
309,102,74,38,0,0,0,7,0,0
310,715,294,224,0,0,0,6,1,1
311,778,297,231,0,0,0,36,1,1
312,446,219,86,5,1,3,49,2,0
313,881,362,288,0,0,1,31,1,1
314,108,68,49,0,0,0,0,1,1
315,147,113,45,0,0,1,7,0,1
316,227,208,32,0,0,0,17,0,1
317,73,63,20,0,0,0,9,0,1
318,820,398,254,0,0,0,98,0,1
319,98,41,9,0,0,0,18,0,0
320,32,29,9,0,0,0,4,0,1
321,428,211,114,0,0,2,62,0,0
322,52,45,9,0,0,0,6,1,1
323,46,39,19,0,0,0,0,0,1
324,281,162,56,2,2,2,17,1,0
325,220,140,61,0,0,0,14,0,1
326,130,124,9,0,0,0,11,0,1
327,228,135,83,0,0,2,14,0,0
328,39,30,16,0,0,0,0,0,1
329,16,14,5,0,0,0,1,0,0
330,54,44,22,0,0,0,1,0,0
331,135,112,15,0,0,0,31,0,0
332,80,65,33,0,0,0,9,0,1
333,1436,629,470,0,0,0,149,2,1
334,908,431,269,0,0,11,61,0,0
335,753,315,257,0,0,0,17,1,1
336,175,86,41,2,1,10,24,0,0
337,119,68,11,0,0,2,34,0,0
338,38,36,5,0,0,1,4,0,0
339,120,89,46,0,0,0,7,0,0
340,146,97,49,0,0,0,6,0,1
341,98,86,13,0,0,0,23,0,1
342,155,111,47,0,0,0,9,1,1
343,1091,430,391,0,0,0,48,0,1
344,73,66,7,0,0,0,17,0,1
345,50,38,7,0,0,0,11,0,1
346,26,23,10,1,1,0,1,0,0
347,89,67,27,0,0,0,5,0,0
348,158,89,15,0,0,32,57,0,0
349,93,66,28,0,0,2,9,0,0
350,2399,677,530,0,0,2,558,2,0
351,266,113,23,0,0,4,66,0,0
352,1206,417,405,1,1,1,40,0,0
353,47,45,3,0,0,0,1,0,1
354,8,8,3,0,0,0,0,0,1
355,128,79,45,0,0,1,3,1,0
356,515,252,194,3,3,2,35,0,1
357,63,53,15,0,0,0,23,0,1
358,694,282,238,0,0,4,28,0,0
359,49,42,12,0,0,1,5,0,0
360,1799,488,202,6,4,102,436,0,0
361,91,66,38,0,0,0,3,0,1
362,84,47,17,0,0,0,17,0,0
363,47,42,12,0,0,0,6,0,1
364,18,16,8,0,0,0,0,0,0
365,208,134,62,0,0,0,14,0,0
366,177,103,51,0,0,0,8,0,1
367,46,39,8,0,0,0,16,0,1
368,82,58,30,0,0,0,2,0,1
369,382,217,114,0,0,0,19,0,1
370,81,62,21,0,0,0,7,0,1
371,56,42,16,0,0,0,1,0,0
372,93,66,34,0,0,0,5,0,0
373,676,610,58,0,0,0,63,0,1
374,40,36,12,0,0,1,3,0,1
375,56,45,23,0,0,0,1,0,1
376,151,87,48,0,0,0,21,0,0
377,61,53,7,0,0,0,5,1,0
378,90,58,23,0,0,0,5,0,0
379,79,47,16,0,0,0,16,0,0
380,65,52,15,0,0,0,12,0,1
381,11378,2205,4248,7,6,12,520,4,1
382,11,10,3,0,0,0,1,0,0
383,42,40,7,0,0,0,7,0,1
384,301,147,53,0,0,3,62,0,0
385,615,320,200,0,0,0,24,0,1
386,53,43,18,0,0,0,1,0,1
387,1388,596,488,0,0,0,128,2,1
388,618,265,249,0,0,0,37,0,0
389,48,48,1,0,0,0,4,0,1
390,525,261,205,4,4,2,20,1,1
391,28,26,13,0,0,0,1,0,0
392,34,28,3,0,0,0,0,0,0
393,205,127,54,0,0,0,28,0,1
394,148,106,31,0,0,0,29,1,0
395,64,62,5,0,0,0,0,0,1
396,93,80,17,0,0,0,19,2,1
397,264,146,72,0,0,0,8,0,0
398,264,133,59,0,0,17,67,0,0
399,60,42,8,0,0,0,8,0,0
400,583,285,225,3,2,1,18,0,1
401,180,113,75,0,0,0,3,0,0
402,136,95,55,0,0,0,9,1,1
403,32,31,6,1,1,1,7,0,0
404,918,418,312,5,1,2,39,1,0
405,720,296,259,0,0,0,29,1,1
406,341,196,65,0,0,0,35,0,1
407,2738,817,982,2,2,0,19,0,1
408,498,264,164,0,0,2,35,0,0
409,107,78,38,0,0,0,0,1,1
410,16777,3239,5503,8,3,6,289,4,0
411,42,40,8,0,0,0,3,0,0
412,176,125,51,0,0,0,13,0,1
413,126,87,50,0,0,0,5,0,0
414,146,118,24,0,0,0,16,0,0
415,101,44,12,0,0,2,30,0,0
416,249,180,78,0,0,0,19,0,1
417,336,204,69,0,0,0,68,1,1
418,21,19,2,0,0,0,3,0,1
419,46,44,12,0,0,0,11,0,1
420,482,242,193,0,0,0,13,2,1
421,50,43,13,0,0,1,4,0,0
422,71,52,14,0,0,3,20,1,0
423,73,52,30,0,0,0,0,0,0
424,324,168,63,0,0,0,79,0,1
425,77,69,9,0,0,0,13,0,1
426,20,17,3,0,0,0,4,0,1
427,59,44,15,0,0,0,2,0,1
428,382,184,48,0,0,0,117,0,0
429,39,32,1,0,0,0,11,1,1
430,459,224,165,0,0,0,24,1,0
431,342,338,4,0,0,0,25,0,1
432,207,143,82,0,0,0,3,0,1
433,85,67,24,0,0,0,11,0,1
434,155,106,58,0,0,0,4,0,1
435,104,74,25,0,0,0,11,0,0
436,55,43,24,0,0,0,0,0,0
437,8,7,3,0,0,0,1,0,0
438,130,83,35,2,1,0,5,0,0
439,246,122,101,0,0,2,16,0,0
440,113,81,40,0,0,0,2,0,1
441,154,97,54,0,0,0,3,1,1
442,8,8,0,0,0,0,1,0,0
443,303,149,25,0,0,0,137,0,0
444,170,110,56,0,0,0,22,0,0
445,449,231,145,0,0,6,59,0,0
446,85,54,13,0,0,5,11,0,0
447,57,48,17,0,0,0,2,0,0
448,582,191,48,1,1,1,89,1,0
449,43,37,18,0,0,0,0,0,1
450,167,93,55,0,0,1,2,0,0
451,74,43,13,1,1,3,3,0,0
452,125,86,42,0,0,1,1,0,0
453,317,157,89,7,1,1,26,2,0
454,596,286,246,0,0,0,19,1,1
455,60,35,15,0,0,0,14,0,0
456,202,95,41,6,3,4,46,0,0
457,50,44,13,0,0,0,12,0,0
458,35,32,11,0,0,0,1,0,0
459,12,12,2,0,0,0,0,0,0
460,1546,635,473,0,0,0,216,0,0
461,60,48,24,0,0,0,2,0,0
462,280,117,8,0,0,54,65,0,0
463,470,228,178,0,0,6,21,0,0
464,166,105,54,1,1,4,10,0,0
465,31,25,13,0,0,0,0,0,0
466,556,182,197,1,1,1,20,1,0
467,158,129,19,0,0,0,30,1,1
468,1222,487,409,0,0,0,110,1,1
469,398,193,163,0,0,0,5,1,1
470,548,294,102,2,2,1,85,0,0
471,119,83,35,0,0,0,3,2,1
472,203,112,65,0,0,0,12,1,1
473,482,276,160,0,0,1,24,1,1
474,205,154,64,0,0,0,7,0,1
475,156,94,49,0,0,0,18,1,0
476,7,7,1,0,0,0,0,0,1
477,157,101,64,0,0,0,9,0,0
478,50,47,4,0,0,0,2,0,1
479,12,11,2,0,0,0,2,0,1
480,111,77,26,0,0,1,30,0,0
481,335,169,110,0,0,3,10,0,0
482,155,92,43,0,0,0,8,0,1
483,27,24,9,0,0,0,3,0,1
484,41,34,14,0,0,0,3,0,1
485,39,26,17,0,0,0,3,0,0
486,61,51,22,0,0,0,8,0,1
487,193,133,58,1,1,0,5,1,1
488,402,203,170,5,5,0,13,1,1
489,114,74,28,0,0,0,8,0,0
490,65,59,12,0,0,0,6,0,0
491,156,97,49,0,0,0,2,0,1
492,243,147,99,0,0,0,10,0,1
493,26,24,2,0,0,0,7,0,1
494,3108,791,1263,0,0,0,29,2,1
495,24,22,10,0,0,0,1,0,0
496,20,17,0,0,0,0,1,0,0
497,1115,471,286,20,13,6,93,1,0
498,734,717,9,0,0,0,76,0,1
499,27,22,9,0,0,0,0,0,0
500,231,149,91,0,0,0,8,0,1
501,31,28,4,0,0,0,7,0,1
502,85,70,23,0,0,0,5,0,1
503,421,214,141,0,0,0,22,0,0
504,77,63,25,0,0,0,3,0,1
505,26,16,0,1,1,0,15,0,0
506,129,34,21,0,0,0,5,0,0
507,82,55,22,0,0,0,0,0,0
508,242,122,89,0,0,0,16,0,0
509,44,38,15,0,0,0,3,0,0
510,162,156,15,0,0,0,120,0,1
511,71,59,25,0,0,0,4,1,1
512,27,24,8,0,0,0,1,0,0
513,177,110,70,0,0,1,8,0,0
514,259,182,79,0,0,0,27,0,1
515,16,15,7,0,0,0,0,0,0
516,2916,789,1139,0,0,0,65,1,1
517,776,304,230,3,3,2,39,1,1
518,380,195,132,0,0,0,12,1,1
519,63,55,20,0,0,0,2,0,1
520,2563,855,872,0,0,0,71,2,0
521,20,19,6,0,0,0,1,0,0
522,160,111,53,0,0,0,8,0,0
523,100,63,43,0,0,0,2,0,0
524,43,37,16,0,0,0,1,2,1
525,43,35,0,0,0,0,16,0,1
526,463,245,171,2,2,2,29,0,1
527,12,12,2,0,0,0,0,0,0
528,148,75,6,0,0,0,72,0,0
529,201,132,77,0,0,0,8,0,0
530,75,61,23,0,0,0,8,0,1
531,88,70,32,0,0,0,15,0,1
532,346,210,94,4,3,0,24,2,0
533,288,185,98,4,2,0,16,0,0
534,61,47,22,0,0,0,1,0,0
535,60,49,24,1,1,0,6,0,0
536,35,34,5,0,0,0,9,0,1
537,89,53,17,0,0,0,1,0,1
538,19,18,2,0,0,0,5,0,1
539,13,12,2,0,0,0,6,0,1
540,33,30,5,0,0,0,0,0,1
541,123,90,37,1,1,0,6,0,1
542,415,220,144,2,1,0,9,0,0
543,173,97,57,3,2,0,4,0,1
544,107,70,49,0,0,0,7,0,0
545,110,80,22,0,0,0,4,1,1
546,47,41,13,0,0,0,0,0,0
547,202,132,68,0,0,0,7,0,1
548,11,10,0,0,0,0,2,0,0
549,30,24,16,0,0,0,1,1,0
550,75,53,15,0,0,1,16,0,0
551,27,22,5,1,1,0,2,0,0
552,18,9,0,0,0,0,8,0,1
553,48,40,22,0,0,0,2,0,0
554,76,68,14,0,0,0,14,0,1
555,147,98,41,0,0,0,13,1,0
556,417,211,175,0,0,2,6,0,0
557,66,50,20,1,1,0,5,0,0
558,307,301,9,0,0,0,45,0,1
559,1225,327,379,0,0,0,167,2,0
560,269,225,56,0,0,0,9,0,1
561,240,128,109,0,0,0,4,1,0
562,34,23,4,3,3,1,11,0,1
563,108,78,36,1,1,0,3,0,1
564,155,95,54,0,0,0,14,1,0
565,531,252,222,0,0,0,9,1,1
566,68,63,8,0,0,0,16,0,1
567,76,52,26,1,1,0,0,0,1
568,80,60,28,0,0,0,1,0,0
569,144,92,46,0,0,0,7,0,1
570,82,54,31,0,0,1,3,0,0
571,515,255,167,0,0,0,19,2,1
572,139,89,34,5,3,0,2,0,1
573,345,187,127,0,0,0,4,1,1
574,237,171,82,0,0,0,9,0,1
575,50,42,16,1,1,0,4,0,0
576,191,130,63,0,0,0,7,1,1
577,532,225,188,0,0,0,17,0,0
578,111,77,46,0,0,0,0,0,0
579,188,109,80,0,0,0,2,1,1
580,161,105,56,0,0,0,10,1,0
581,26,24,9,0,0,0,0,0,0
582,658,313,167,0,0,11,54,0,0
583,58,47,23,0,0,0,8,0,1
584,402,201,124,5,5,2,24,1,1
585,61,38,10,0,0,0,7,0,0
586,66,64,2,0,0,0,0,0,1
587,925,431,276,1,1,1,50,1,0
588,135,86,35,0,0,0,15,1,0
589,30,24,5,0,0,0,7,0,0
590,296,170,100,0,0,0,5,0,1
591,37,31,12,0,0,0,2,0,1
592,659,317,227,0,0,0,20,1,0
593,70,63,21,0,0,0,3,0,0
594,834,410,268,0,0,0,37,0,1
595,282,115,47,0,0,16,85,0,0
596,300,291,9,0,0,0,46,0,1
597,41,32,2,0,0,0,6,0,0
598,51,40,13,0,0,2,5,0,0
599,81,74,11,0,0,0,20,0,1
600,37,33,9,0,0,0,2,0,1
601,282,144,120,0,0,0,7,0,0
602,155,103,51,0,0,1,10,0,0
603,74,62,4,0,0,1,12,0,0
604,269,155,86,0,0,0,33,0,0
605,222,116,66,1,1,2,22,0,0
606,180,114,50,0,0,0,5,0,1
607,131,94,50,1,1,0,1,0,0
608,318,173,130,0,0,0,14,0,0
609,91,71,26,0,0,0,5,0,1
610,186,106,33,0,0,1,27,0,0
611,171,104,38,1,1,3,25,0,0
612,190,115,50,0,0,2,21,0,0
613,29,25,10,0,0,0,0,0,0
614,166,94,48,0,0,0,25,0,0
615,63,58,12,0,0,0,11,0,1
616,71,58,14,0,0,0,9,0,0
617,24,23,8,0,0,0,0,0,0
618,927,338,287,0,0,3,62,0,0
619,41,34,18,0,0,0,3,0,0
620,39,34,6,0,0,0,6,0,1
621,109,68,15,6,2,1,20,0,1
622,114,31,14,0,0,0,12,0,1
623,119,80,31,0,0,1,13,0,0
624,688,256,198,0,0,0,97,0,0
625,351,197,143,0,0,0,6,1,1
626,111,69,46,0,0,0,3,0,1
627,93,87,4,0,0,0,31,0,1
628,103,70,33,0,0,0,5,0,1
629,57,45,18,0,0,0,3,1,0
630,193,117,81,0,0,0,2,0,0
631,470,220,161,0,0,0,19,1,1
632,345,214,94,0,0,0,30,1,1
633,91,68,37,0,0,0,3,1,0
634,135,74,40,0,0,0,21,0,0
635,712,270,273,0,0,0,3,0,1
636,155,97,48,2,1,0,7,0,1
637,70,61,7,0,0,1,4,0,1
638,67,67,1,0,0,0,7,0,1
639,236,150,60,0,0,0,6,0,1
640,94,50,23,0,0,0,4,0,0
641,2,2,0,0,0,0,0,0,0
642,49,49,1,0,0,0,17,0,1
643,36,23,16,0,0,0,5,0,0
644,107,80,31,0,0,0,1,0,1
645,23,21,3,0,0,0,18,0,1
646,24,20,10,0,0,0,1,0,0
647,2343,655,952,3,3,2,30,1,1
648,161,96,59,0,0,0,18,2,0
649,133,38,38,0,0,0,25,0,0
650,83,61,26,1,1,0,1,0,1
651,59,55,9,0,0,0,14,0,1
652,415,196,155,0,0,0,29,0,0
653,80,57,14,0,0,1,7,0,0
654,34,33,7,0,0,0,1,1,1
655,102,58,31,0,0,0,12,0,0
656,815,256,132,33,3,1,133,0,0
657,266,148,52,0,0,0,37,0,0
658,7,6,1,0,0,0,2,0,1
659,32,29,11,0,0,0,0,0,1
660,1196,516,376,0,0,0,13,1,1
661,420,229,128,0,0,0,11,2,0
662,363,204,147,2,1,0,6,0,0
663,276,86,14,0,0,21,50,0,0
664,57,48,9,1,1,1,3,0,0
665,86,67,32,0,0,0,13,0,1
666,75,64,29,0,0,0,3,0,1
667,63,48,6,0,0,0,10,0,1
668,731,321,72,0,0,1,211,0,0
669,70,59,10,0,0,0,10,0,1
670,275,125,87,0,0,0,5,0,0
671,30,27,6,0,0,0,7,0,0
672,160,99,54,1,1,3,17,0,0
673,25,21,14,0,0,0,0,0,0
674,55,46,18,0,0,0,0,0,0
675,97,63,35,2,2,2,3,0,1
676,494,282,158,0,0,0,93,0,1
677,40,38,15,0,0,0,0,0,0
678,85,70,25,0,0,0,5,0,1
679,38,32,13,0,0,0,2,0,1
680,133,85,31,0,0,5,12,0,0
681,24,23,13,0,0,0,0,0,0
682,10,7,0,1,1,0,3,0,0
683,326,185,112,0,0,0,7,0,1
684,52,34,18,0,0,0,2,0,1
685,211,146,71,0,0,0,6,1,1
686,561,268,155,2,1,0,53,0,0
687,187,93,66,0,0,0,0,0,0
688,77,57,29,0,0,0,4,1,0
689,138,93,55,0,0,2,6,0,0
690,553,156,93,0,0,0,91,0,0
691,64,46,27,0,0,0,7,0,1
692,63,48,5,0,0,0,10,0,1
693,168,87,33,5,1,2,32,0,0
694,51,49,7,0,0,0,28,0,1
695,283,148,88,0,0,0,22,0,1
696,190,109,78,0,0,0,2,0,0
697,42,42,0,0,0,0,6,2,1
698,253,152,99,0,0,0,11,1,0
699,41,37,9,0,0,0,4,0,0
700,608,316,195,0,0,0,79,0,1
701,105,76,29,0,0,0,4,0,1
702,222,129,90,0,0,0,9,1,1
703,54,52,1,0,0,0,3,0,1
704,84,80,15,0,0,0,15,0,1
705,11,10,4,0,0,0,0,0,0
706,87,67,36,0,0,0,6,0,0
707,79,52,30,0,0,0,11,0,0
708,401,214,137,0,0,7,32,0,0
709,216,109,80,0,0,0,9,0,1
710,137,76,17,0,0,0,47,0,0
711,579,225,162,0,0,3,50,1,0
712,1329,529,406,7,2,3,59,1,0
713,530,206,129,0,0,12,94,0,0
714,440,240,139,1,1,1,11,1,0
715,109,75,32,1,1,2,7,0,0
716,901,339,295,0,0,8,102,1,0
717,57,49,10,1,1,1,6,0,0
718,57,49,21,0,0,0,7,0,0
719,234,138,96,0,0,0,3,0,0
720,27,23,12,0,0,0,2,0,0
721,436,254,142,0,0,0,53,0,1
722,65,63,7,0,0,0,17,0,1
723,86,61,25,1,1,0,15,0,0
724,374,151,155,0,0,0,11,1,0
725,69,55,17,0,0,2,7,0,0
726,61,61,1,0,0,0,6,0,1
727,98,52,37,0,0,0,2,1,0
728,79,42,19,0,0,2,18,0,0
729,333,228,121,0,0,0,31,0,1
730,203,127,85,0,0,0,3,1,1
731,127,83,43,0,0,0,19,0,0
732,347,205,101,0,0,0,28,0,1
733,393,185,151,0,0,3,15,0,0
734,277,165,86,0,0,0,34,0,0
735,72,66,18,0,0,0,17,0,1
736,33,30,10,0,0,0,3,0,0
737,15,15,4,0,0,0,1,0,0
738,33,29,7,0,0,0,0,0,1
739,22,22,1,0,0,0,9,0,1
740,166,126,44,1,1,0,7,1,1
741,251,183,85,0,0,0,13,0,1
742,176,121,66,1,1,1,12,0,0
743,56,42,13,0,0,0,8,0,0
744,95,75,26,0,0,1,4,0,0
745,7,7,3,0,0,0,0,0,1
746,138,81,62,0,0,0,4,0,0
747,73,56,13,0,0,0,10,0,1
748,433,199,137,0,0,0,12,1,1
749,220,103,53,0,0,11,31,0,0
750,105,73,34,2,1,1,5,0,1
751,75,55,33,0,0,0,3,0,0
752,77,56,20,0,0,1,3,0,0
753,2299,609,942,4,1,4,27,3,1
754,23,23,2,0,0,0,3,0,1
755,67,57,28,0,0,0,1,0,1
756,127,107,28,0,0,0,21,0,1
757,55,45,5,0,0,0,10,0,1
758,811,430,239,0,0,0,95,0,1
759,6,6,2,0,0,0,0,0,0
760,233,139,104,0,0,0,4,2,1
761,156,111,56,0,0,0,3,0,0
762,388,235,105,0,0,0,35,0,1
763,77,54,32,0,0,0,4,0,0
764,43,39,7,0,0,0,4,0,1
765,168,96,57,0,0,0,1,0,1
766,13,13,1,0,0,0,2,0,1
767,204,101,73,0,0,0,8,0,0
768,39,37,17,0,0,0,3,1,0
769,58,50,13,0,0,0,21,0,1
770,169,104,62,0,0,0,14,0,0
771,65,63,7,0,0,0,17,0,1
772,9,9,2,0,0,0,0,0,1
773,309,186,111,0,0,0,4,0,0
774,21,21,6,0,0,0,2,0,1
775,330,186,115,0,0,0,12,0,0
776,74,54,29,0,0,0,1,0,0
777,148,116,28,5,4,1,18,0,1
778,24,21,6,0,0,0,0,1,0
779,116,70,42,0,0,0,2,0,0
780,167,127,43,0,0,0,5,1,1
781,38,30,12,0,0,0,0,0,0
782,172,92,47,0,0,0,21,0,0
783,64,51,19,0,0,0,2,0,1
784,110,84,39,0,0,0,11,0,0
785,40,31,10,0,0,0,13,0,0
786,64,47,26,0,0,0,1,0,1
787,355,180,123,0,0,0,40,0,0
788,357,201,112,1,1,2,52,1,0
789,126,97,44,0,0,0,6,0,1
790,89,67,31,0,0,2,5,0,0
791,62,53,15,0,0,0,5,0,1
792,83,59,29,0,0,0,4,0,0
793,4,4,1,0,0,0,0,0,1
794,232,143,72,1,1,0,9,0,0
795,50,42,23,0,0,0,3,0,0
796,35,27,11,0,0,0,2,1,0
797,115,93,39,0,0,0,11,0,1
798,167,81,26,0,0,3,40,0,0
799,83,67,26,0,0,0,12,0,1
800,487,242,140,5,1,1,24,1,1
801,45,34,2,0,0,0,5,0,0
802,109,84,31,0,0,0,2,0,1
803,123,83,38,0,0,0,7,0,1
804,5,5,2,0,0,0,0,0,1
805,497,246,155,2,1,0,67,0,0
806,451,256,152,0,0,0,12,1,1
807,201,112,61,4,3,2,14,0,1
808,166,100,63,1,1,0,7,1,0
809,492,278,159,0,0,0,87,0,1
810,38,34,10,0,0,0,1,0,0
811,239,138,82,1,1,0,8,0,0
812,62,52,17,0,0,0,10,1,1
813,258,150,80,1,1,2,17,1,0
814,367,175,128,0,0,0,18,0,0
815,89,62,31,0,0,0,3,0,1
816,162,114,50,1,1,0,8,1,1
817,105,72,29,3,1,0,4,0,1
818,68,63,17,0,0,0,1,1,1
819,18,17,3,0,0,0,3,0,0
820,80,76,7,0,0,0,35,0,1
821,56,43,23,0,0,0,1,0,0
822,74,67,25,0,0,0,14,0,1
823,1850,730,624,0,0,3,30,1,0
824,1075,443,363,0,0,0,15,1,1
825,1705,585,612,2,1,0,17,3,0
826,122,84,29,0,0,1,8,0,1
827,771,276,263,0,0,0,26,1,1
828,128,87,27,0,0,0,14,0,0
829,101,76,44,0,0,0,0,0,1
830,110,79,20,0,0,0,13,0,1
831,55,44,14,0,0,1,1,0,0
832,489,243,119,0,0,33,77,0,0
833,625,610,12,0,0,0,52,0,1
834,668,268,288,0,0,0,15,1,1
835,195,124,9,0,0,0,60,0,1
836,165,121,45,0,0,3,6,0,0
837,23,23,4,0,0,0,0,0,1
838,103,69,32,0,0,0,2,0,0
839,128,91,38,2,1,0,7,0,1
840,123,80,34,0,0,0,11,0,0
841,32,27,7,1,1,0,6,0,0
842,67,65,10,0,0,0,7,0,1
843,323,204,121,4,4,1,12,0,1
844,64,53,15,0,0,0,10,0,1
845,63,60,7,0,0,0,25,0,1
846,655,293,220,0,0,0,42,1,0
847,70,68,4,0,0,0,1,0,1
848,122,76,26,1,1,4,18,1,0
849,53,47,20,0,0,0,1,0,0
850,11577,2227,4339,9,8,3,510,4,1
851,413,185,125,0,0,0,23,0,0
852,27,24,12,0,0,0,1,0,0
853,87,63,22,0,0,0,18,0,0
854,291,147,75,2,1,3,53,0,0
855,68,55,15,0,0,0,10,0,1
856,243,152,79,3,2,0,15,1,1
857,189,111,66,0,0,0,2,0,1
858,62,36,4,0,0,0,9,0,0
859,2625,801,949,1,1,0,47,0,0
860,34,29,11,0,0,0,1,0,0
861,124,85,39,0,0,0,7,1,1
862,136,107,36,0,0,1,13,0,1
863,75,54,36,0,0,0,2,0,0
864,6,6,0,0,0,0,1,0,1
865,44,42,7,0,0,0,2,0,1
866,2019,727,26,0,0,0,854,0,0
867,64,52,13,0,0,0,5,0,1
868,121,76,50,0,0,0,2,0,0
869,39,36,8,0,0,0,7,0,1
870,265,155,102,0,0,0,10,1,1
871,63,58,11,0,0,0,7,0,1
872,471,205,162,0,0,0,10,1,0
873,104,81,34,0,0,0,4,0,1
874,110,73,32,0,0,0,17,0,1
875,6,6,1,0,0,0,0,0,1
876,66,44,15,0,0,0,16,0,0
877,324,155,99,0,0,8,38,0,0
878,495,271,167,0,0,0,2,0,1
879,384,189,155,0,0,0,10,0,0
880,205,132,73,0,0,0,9,0,1
881,469,250,157,0,0,0,14,1,1
882,25,24,2,0,0,0,10,0,1
883,149,117,45,0,0,0,13,0,1
884,27,24,9,0,0,0,3,0,1
885,74,67,3,0,0,0,48,0,1
886,201,133,47,6,3,0,16,1,0
887,253,138,66,0,0,8,29,1,0
888,79,69,14,0,0,0,15,0,1
889,15,14,4,0,0,0,0,0,1
890,165,117,44,0,0,0,10,0,0
891,122,82,51,0,0,0,10,0,0
892,96,81,23,0,0,0,9,0,1
893,138,94,39,0,0,0,10,0,0
894,135,88,16,0,0,0,34,0,1
895,32,25,6,0,0,0,1,0,1
896,9,9,4,0,0,0,0,0,0
897,246,134,72,0,0,4,16,1,0
898,1247,494,341,16,2,14,133,1,0
899,16,15,2,0,0,0,0,0,0
900,139,72,25,0,0,2,17,0,0
901,101,76,8,3,3,3,43,0,1
902,145,90,52,0,0,4,7,1,0
903,185,128,63,0,0,0,14,0,1
904,144,59,29,0,0,0,20,0,0
905,41,36,18,0,0,0,2,0,0
906,202,123,94,0,0,0,4,0,0
907,1591,456,592,0,0,0,72,0,0
908,477,248,132,10,2,1,23,1,0
909,66,51,8,0,0,0,6,0,1
910,44,37,19,0,0,0,1,0,1
911,912,372,340,0,0,1,28,0,0
912,154,106,53,0,0,0,1,0,1
913,70,57,20,0,0,0,5,1,1
914,88,55,33,0,0,0,1,0,0
915,395,173,164,0,0,0,10,1,1
916,18,18,6,0,0,0,1,0,0
917,43,36,16,0,0,0,2,0,0
918,325,202,77,0,0,0,39,1,1
919,444,215,200,0,0,0,3,2,1
920,47,39,20,0,0,0,3,0,0
921,78,57,30,0,0,0,5,0,1
922,167,102,30,0,0,0,26,0,0
923,326,231,19,0,0,0,161,0,1
924,103,64,10,0,0,0,15,0,1
925,703,277,213,0,0,2,46,1,0
926,50,41,25,0,0,0,2,0,0
927,150,103,55,2,1,1,9,0,1
928,3,2,0,0,0,0,1,0,1
929,99,76,1,0,0,0,61,0,1
930,34,15,0,2,1,2,11,0,1
931,402,260,150,0,0,0,26,0,1
932,125,92,38,0,0,0,5,1,1
933,162,124,42,0,0,0,24,0,1
934,65,47,29,0,0,0,2,0,0
935,296,179,89,0,0,0,6,0,1
936,144,88,59,0,0,0,10,0,0
937,92,67,30,0,0,0,10,1,0
938,60,48,24,0,0,0,4,0,0
939,313,215,99,0,0,0,44,0,1
940,6,6,0,0,0,0,0,0,0
941,7,7,3,0,0,0,0,0,0
942,159,86,38,0,0,3,10,0,0
943,396,198,129,0,0,0,15,1,1
944,40,36,11,0,0,0,3,0,1
945,375,179,146,0,0,4,11,1,0
946,44,41,10,0,0,0,7,1,1
947,368,187,120,2,2,1,13,1,1
948,553,222,108,0,0,38,110,0,0
949,101,70,37,0,0,0,2,0,1
950,36,31,17,0,0,0,0,0,0
951,324,197,63,0,0,0,68,1,1
952,20,18,7,0,0,0,0,0,0
953,123,99,29,0,0,0,8,0,0
954,7,7,2,0,0,0,0,0,0
955,78,76,8,0,0,0,2,0,1
956,8,5,0,0,0,0,3,0,0
957,94,69,40,0,0,0,7,0,0
958,187,114,73,0,0,0,3,0,0
959,582,256,186,1,1,1,60,0,0
960,110,84,39,0,0,0,1,0,1
961,12,11,5,0,0,0,1,0,0
962,16,16,4,0,0,0,1,0,0
963,16,15,4,0,0,0,1,0,0
964,38,30,17,0,0,0,0,0,0
965,66,55,22,0,0,0,2,0,1
966,231,132,79,0,0,0,15,1,1
967,163,108,54,0,0,0,17,0,1
968,81,81,12,0,0,0,12,0,1
969,82,65,29,0,0,0,11,0,0
970,63,52,25,0,0,0,4,0,0
971,186,110,58,0,0,0,11,0,0
972,196,125,49,0,0,0,38,0,1
973,49,48,4,0,0,0,13,0,1
974,35,25,14,0,0,0,1,0,1
975,85,62,29,2,2,3,11,0,1
976,61,49,14,0,0,0,7,0,0
977,84,60,33,0,0,0,1,0,0
978,84,75,22,0,0,0,5,0,1
979,23,17,1,1,1,2,8,0,1
980,242,166,83,1,1,0,8,0,0
981,83,67,27,0,0,0,12,0,1
982,175,98,59,3,2,0,6,0,1
983,52,42,10,0,0,0,10,0,1
984,331,203,98,0,0,0,19,0,1
985,50,49,5,0,0,0,3,0,1
986,262,128,91,0,0,0,17,0,0
987,591,282,204,0,0,0,24,2,1
988,944,338,343,0,0,0,20,0,0
989,116,71,47,0,0,0,1,0,1
990,173,110,54,0,0,0,8,0,1
991,123,94,29,1,1,0,12,0,1
992,215,112,58,0,0,0,32,1,0
993,752,350,230,0,0,2,30,3,0
994,94,37,16,0,0,1,23,0,0
995,267,167,99,0,0,3,19,0,0
996,154,93,28,0,0,3,19,0,0
997,12,12,1,0,0,0,2,0,0
998,583,289,236,0,0,0,10,1,1
999,319,169,99,0,0,7,28,1,0
1000,59,48,22,0,0,0,2,0,1
1001,30,28,10,0,0,0,2,0,1
1002,277,150,80,0,0,0,4,1,1
1003,74,54,23,0,0,0,11,0,0
1004,169,116,51,1,1,0,2,1,1
1005,128,102,43,0,0,0,9,0,1
1006,18,17,4,0,0,0,0,0,0
1007,106,82,19,0,0,0,7,0,1
1008,14,14,4,0,0,0,1,0,0
1009,167,113,64,0,0,0,19,1,1
1010,39,33,18,0,0,0,4,0,0
1011,212,77,59,0,0,0,15,0,0
1012,92,67,26,0,0,0,4,0,0
1013,17,16,7,0,0,0,0,0,0
1014,59,48,14,0,0,0,5,0,0
1015,13,13,3,0,0,0,1,0,0
1016,70,50,29,0,0,0,7,0,0
1017,120,83,38,0,0,1,13,0,0
1018,102,68,6,0,0,0,27,0,1
1019,6,6,3,0,0,0,0,0,0
1020,74,63,17,0,0,0,7,0,0
1021,265,141,60,0,0,13,41,1,0
1022,582,287,30,0,0,0,300,0,1
1023,61,58,8,0,0,0,13,0,1
1024,382,180,129,0,0,0,20,1,0
1025,322,207,87,0,0,0,27,0,1
1026,40,36,9,0,0,0,1,0,1
1027,529,243,220,0,0,0,19,2,1
1028,122,69,34,0,0,0,26,0,0
1029,1763,669,550,0,0,0,70,1,1
1030,1565,373,163,0,0,77,254,0,0
1031,45,36,14,1,1,0,1,0,0
1032,57,53,15,0,0,0,2,0,1
1033,35,28,5,0,0,0,12,0,1
1034,494,243,195,0,0,0,6,0,1
1035,113,81,40,0,0,0,3,0,1
1036,126,92,33,0,0,0,5,0,1
1037,11,11,6,0,0,0,0,0,0
1038,49,44,17,0,0,0,9,0,1
1039,317,151,103,0,0,0,40,0,0
1040,371,162,44,0,0,28,73,0,0
1041,13,13,4,0,0,0,1,0,0
1042,22,21,10,0,0,0,0,0,0
1043,613,252,270,0,0,3,16,0,1
1044,58,52,17,0,0,0,9,0,0
1045,182,121,67,0,0,1,7,0,0
1046,100,74,26,3,3,1,13,0,1
1047,100,74,34,0,0,0,6,0,1
1048,235,157,92,0,0,0,12,0,1
1049,68,47,33,0,0,0,5,0,0
1050,29,26,10,0,0,0,1,0,0
1051,39,12,3,0,0,0,12,0,0
1052,52,45,18,0,0,0,1,0,1
1053,128,113,21,0,0,0,11,0,1
1054,159,88,4,0,0,0,41,0,1
1055,348,211,118,0,0,0,27,0,0
1056,1333,470,420,12,5,2,46,2,0
1057,203,143,69,0,0,0,3,0,1
1058,167,110,60,0,0,0,11,1,0
1059,79,67,29,0,0,0,5,0,1
1060,277,28,20,0,0,0,62,0,0
1061,1657,570,596,2,1,0,14,3,0
1062,8,8,1,0,0,0,2,0,0
1063,300,175,87,4,3,2,27,0,0
1064,41,35,16,0,0,0,4,0,0
1065,390,215,141,0,0,0,9,2,0
1066,44,42,7,0,0,0,8,0,1
1067,20,19,6,0,0,0,4,0,0
1068,110,74,40,0,0,1,6,0,0
1069,304,167,118,0,0,2,9,0,1
1070,385,192,50,0,0,43,92,0,0
1071,479,215,134,2,1,14,61,1,0
1072,266,126,86,0,0,1,35,0,0
1073,144,94,50,0,0,0,18,0,0
1074,121,75,42,1,1,0,4,0,1
1075,44,40,8,0,0,0,8,0,1
1076,992,413,339,0,0,0,108,0,1
1077,442,204,191,0,0,0,6,0,0
1078,123,91,54,0,0,0,3,0,0
1079,32,29,7,0,0,1,5,0,0
1080,114,82,27,0,0,0,8,0,0
1081,185,112,77,0,0,0,4,0,1
1082,129,82,50,0,0,0,0,0,0
1083,530,239,223,0,0,0,13,2,1
1084,838,372,204,0,0,0,46,0,1
1085,78,59,28,1,1,0,0,0,1
1086,211,157,67,0,0,0,22,0,1
1087,146,116,17,0,0,0,29,0,1
1088,196,99,44,0,0,0,15,0,0
1089,78,63,20,1,1,1,5,0,0
1090,508,272,162,6,5,2,30,0,1
1091,74,67,10,0,0,0,18,0,1
1092,158,101,46,4,1,1,12,0,1
1093,55,46,22,0,0,0,1,0,1
1094,156,104,59,3,2,1,3,0,1
1095,297,137,130,0,0,1,8,0,0
1096,60,49,21,0,0,0,2,0,0
1097,54,40,8,0,0,0,6,0,0
1098,103,76,41,0,0,0,0,0,0
1099,6,6,2,0,0,0,2,0,0
1100,17,17,7,0,0,0,3,0,0
1101,13,13,4,1,1,0,1,0,1
1102,98,73,26,3,3,1,13,0,1
1103,105,69,34,2,1,0,3,0,1
1104,30,29,9,0,0,1,3,1,1
1105,24,22,11,0,0,0,0,0,0
1106,505,237,161,0,0,2,43,0,0
1107,294,177,89,0,0,0,5,0,1
1108,49,42,10,0,0,0,17,0,1
1109,539,285,155,0,0,0,64,1,1
1110,205,133,68,0,0,0,7,0,1
1111,165,91,58,1,1,3,13,0,1
1112,8,8,3,0,0,0,0,0,1
1113,125,88,54,0,0,0,2,0,0
1114,49,40,13,0,0,0,8,1,1
1115,51,32,9,1,1,0,1,0,0
1116,57,40,27,0,0,0,1,0,0
1117,20,19,8,0,0,0,2,0,0
1118,28,26,9,1,1,0,2,0,1
1119,105,70,34,0,0,0,4,0,1
1120,2342,640,518,10,5,1,201,2,0
1121,13,11,5,0,0,0,0,0,0
1122,135,79,32,0,0,0,23,0,0
1123,3274,1301,577,37,10,2,276,4,0
1124,41,32,2,0,0,0,6,0,0
1125,247,141,104,0,0,0,1,1,1
1126,98,63,34,3,1,0,5,0,0
1127,190,113,77,2,1,1,11,0,1
1128,102,63,37,0,0,0,0,0,1
1129,21,13,12,0,0,0,0,0,0
1130,104,69,47,0,0,0,1,1,1
1131,366,167,121,0,0,0,75,2,0
1132,12,12,2,0,0,0,1,0,1
1133,145,86,45,0,0,2,8,0,0
1134,41,41,0,0,0,0,4,0,1
1135,506,186,122,8,2,0,57,1,0
1136,102,62,14,6,2,1,20,0,1
1137,130,90,26,4,3,1,10,0,1
1138,66,55,22,0,0,0,2,0,1
1139,128,77,33,0,0,0,17,0,0
1140,8,7,3,0,0,0,2,0,0
1141,640,299,257,0,0,0,37,1,1
1142,77,71,18,0,0,0,10,0,0
1143,450,235,176,0,0,0,26,0,0
1144,84,52,18,0,0,1,10,0,0
1145,30,30,7,0,0,0,6,0,1
1146,65,50,29,0,0,0,1,1,0
1147,35,33,8,0,0,0,7,0,1
1148,19,19,2,0,0,0,2,0,0
1149,232,136,85,0,0,0,11,0,0
1150,801,329,246,14,1,5,17,2,0
1151,324,161,75,0,0,11,45,0,0
1152,242,135,74,1,1,0,12,1,0
1153,112,86,35,0,0,3,7,1,0
1154,24,22,0,0,0,0,4,0,0
1155,71,53,21,1,1,1,13,1,0
1156,25,24,6,0,0,0,1,1,1
1157,207,102,16,0,0,0,19,0,0
1158,82,63,31,0,0,0,7,0,0
1159,97,65,35,0,0,0,0,0,0
1160,41,41,4,0,0,0,1,0,1
1161,57,47,17,0,0,0,3,0,1
1162,101,76,13,0,0,0,15,2,1
1163,342,189,117,0,0,0,8,1,1
1164,457,183,137,0,0,0,74,0,0
1165,268,157,102,0,0,0,11,2,1
1166,136,89,47,0,0,1,5,0,0
1167,19,17,6,0,0,0,2,0,1
1168,107,82,34,0,0,0,8,0,1
1169,56,48,13,0,0,0,4,0,0
1170,141,91,61,0,0,0,7,0,1
1171,30,25,11,0,0,0,2,0,1
1172,98,60,35,0,0,2,14,0,0
1173,96,66,18,3,3,1,15,0,1
1174,443,171,126,0,0,0,77,0,0
1175,59,48,18,1,1,0,4,0,0
1176,1311,418,222,43,3,0,133,1,0
1177,109,73,36,0,0,0,11,0,1
1178,47,42,17,0,0,0,1,0,1
1179,95,77,23,0,0,0,1,0,1
1180,182,96,67,0,0,0,10,0,1
1181,61,41,26,0,0,0,1,0,0
1182,1488,532,523,3,3,1,7,2,1
1183,1846,764,481,0,0,0,261,0,0
1184,383,206,102,0,0,0,42,0,0
1185,113,76,34,0,0,0,5,0,1
1186,173,117,71,0,0,2,4,0,0
1187,18,18,8,0,0,0,0,0,0
1188,35,33,13,0,0,0,7,0,0
1189,185,105,47,0,0,0,8,1,1
1190,495,214,124,0,0,5,65,2,0
1191,82,62,31,0,0,0,3,0,1
1192,314,127,81,2,1,0,57,0,0
1193,282,163,7,0,0,0,168,0,1
1194,605,325,189,0,0,0,30,1,1
1195,62,51,23,0,0,0,4,0,0
1196,149,103,47,2,1,1,7,0,0
1197,181,122,38,0,0,0,53,1,0
1198,262,157,99,0,0,0,9,0,0
1199,177,93,34,0,0,15,30,0,0
1200,65,52,28,0,0,0,1,0,0
1201,42,41,10,0,0,0,10,0,1
1202,53,45,18,1,1,0,4,0,0
1203,700,317,241,0,0,0,14,0,0
1204,110,71,38,0,0,0,1,1,1
1205,495,227,208,1,1,2,22,3,1
1206,115,70,42,0,0,0,9,0,1
1207,188,102,52,0,0,0,29,0,0
1208,69,61,23,0,0,0,3,0,1
1209,180,106,35,0,0,0,27,0,1
1210,330,150,78,3,1,9,37,0,0
1211,23,22,6,0,0,0,3,0,0
1212,112,74,32,0,0,0,6,0,0
1213,28,28,5,0,0,0,11,0,1
1214,127,99,29,0,0,0,13,2,1
1215,149,89,54,2,1,0,24,1,0
1216,176,114,63,0,0,0,19,0,0
1217,4002,905,1633,0,0,0,41,2,1
1218,63,51,17,2,1,0,4,0,1
1219,75,52,28,0,0,0,3,0,0
1220,111,77,2,0,0,0,56,0,1
1221,112,71,35,4,2,3,1,1,0
1222,74,63,24,0,0,0,1,0,1
1223,485,282,160,0,0,0,32,1,1
1224,1214,552,373,0,0,0,157,0,1
1225,267,158,120,0,0,0,1,0,1
1226,67,66,7,0,0,0,12,0,1
1227,187,131,63,0,0,0,16,1,1
1228,525,251,32,0,0,49,155,0,0
1229,324,197,63,0,0,0,68,1,1
1230,10,10,1,0,0,0,1,0,0
1231,138,82,42,0,0,0,15,2,1
1232,26,26,5,0,0,0,12,0,1
1233,76,52,28,2,2,3,9,0,1
1234,60,60,6,0,0,0,0,0,1
1235,11,9,1,0,0,0,6,0,0
1236,385,213,147,3,3,1,17,1,1
1237,396,214,48,0,0,0,106,1,1
1238,217,123,69,0,0,11,19,0,0
1239,68,54,28,0,0,0,0,0,0
1240,455,225,124,1,1,1,7,1,1
1241,438,192,116,0,0,0,51,0,0
1242,60,47,24,0,0,0,4,0,0
1243,61,51,22,0,0,0,8,0,1
1244,394,238,120,5,4,3,25,1,1
1245,400,238,110,1,1,0,44,1,0
1246,212,124,72,0,0,1,2,0,0
1247,41,39,12,0,0,0,8,0,1
1248,233,131,64,3,2,8,24,0,0
1249,66,55,22,0,0,0,2,0,1
1250,246,142,85,3,3,3,23,0,1
1251,114,75,45,0,0,0,1,1,1
1252,144,108,48,0,0,0,11,1,1
1253,28,25,6,0,0,0,5,0,0
1254,352,215,105,1,1,0,21,0,0
1255,107,74,32,0,0,0,7,0,1
1256,10,10,3,0,0,0,1,1,0
1257,408,245,125,0,0,0,25,0,1
1258,105,85,24,0,0,0,15,1,1
1259,334,154,115,0,0,0,16,1,0
1260,47,41,10,0,0,1,4,0,0
1261,120,92,12,0,0,0,12,0,0
1262,190,129,63,0,0,0,14,1,1
1263,692,349,241,0,0,0,17,1,0
1264,192,100,48,0,0,0,35,0,0
1265,51,49,8,0,0,0,2,0,1
1266,5,5,0,0,0,0,1,1,0
1267,121,89,36,1,1,0,6,0,1
1268,70,52,23,0,0,2,8,0,0
1269,73,57,20,0,0,0,10,0,0
1270,514,246,132,0,0,12,31,1,0
1271,217,117,98,0,0,0,9,0,0
1272,73,67,9,0,0,0,15,0,1
1273,521,247,189,1,1,1,23,0,1
1274,839,814,17,0,0,0,73,0,1
1275,140,89,45,0,0,0,14,0,0
1276,553,227,190,19,5,1,35,2,0
1277,779,404,247,0,0,0,101,0,1
1278,168,164,2,0,0,0,22,0,1
1279,23,21,7,0,0,0,1,1,0
1280,131,98,40,0,0,4,11,0,0
1281,14673,2287,4521,12,7,5,665,5,0
1282,62,45,28,0,0,0,2,0,0
1283,99,72,37,0,0,0,4,0,0
1284,186,123,56,0,0,0,4,0,1
1285,30,27,10,0,0,0,1,0,0
1286,154,118,42,0,0,0,12,0,1
1287,468,269,172,0,0,0,59,3,1
1288,654,260,224,11,4,1,35,1,1
1289,7,7,3,0,0,0,0,0,0
1290,497,259,149,0,0,0,40,2,1
1291,160,100,58,0,0,0,6,2,0
1292,194,121,64,0,0,0,6,1,0
1293,617,300,213,10,10,1,29,0,1
1294,187,100,56,0,0,0,4,0,0
1295,221,123,89,0,0,0,0,5,1
1296,129,88,42,0,0,0,7,0,0
1297,59,55,17,1,1,0,2,0,1
1298,177,124,53,1,1,2,12,0,1
1299,77,57,24,1,1,1,13,1,0
1300,60,51,8,0,0,0,23,0,1
1301,111,71,52,0,0,1,2,0,0
1302,88,64,22,0,0,0,8,0,1
1303,16,14,4,0,0,0,0,0,0
1304,45,36,11,0,0,1,2,0,0
1305,47,39,18,0,0,0,1,0,0
1306,91,73,27,0,0,0,1,0,1
1307,514,234,177,0,0,1,20,0,0
1308,16,15,7,0,0,0,0,0,0
1309,305,100,42,0,0,5,93,0,0
1310,190,74,6,0,0,12,78,0,0
1311,286,163,102,0,0,1,7,0,0
1312,100,68,44,0,0,0,0,0,0
1313,190,132,51,0,0,0,7,0,1
1314,451,204,141,0,0,15,37,1,0
1315,87,64,37,0,0,0,0,0,0
1316,86,63,32,0,0,0,5,0,0
1317,207,153,58,0,0,2,18,0,0
1318,186,130,63,0,0,0,17,1,1
1319,77,71,10,0,0,0,15,0,1
1320,1561,590,517,0,0,0,45,1,0
1321,40,40,0,0,0,0,5,0,1
1322,1033,465,356,0,0,0,104,2,1
1323,89,65,21,0,0,0,5,0,1
1324,72,60,15,0,0,0,9,0,1
1325,327,146,29,0,0,0,32,0,0
1326,124,77,38,0,0,0,12,0,0
1327,1166,506,358,0,0,1,34,1,1
1328,18,15,7,0,0,0,0,0,0
1329,84,67,28,0,0,0,12,0,1
1330,27,21,3,0,0,0,7,0,1
1331,1336,424,507,0,0,0,23,3,1
1332,58,48,23,0,0,0,7,0,1
1333,33,32,8,0,0,0,7,0,1
1334,5,5,2,0,0,0,0,0,0
1335,47,45,10,0,0,0,11,0,1
1336,137,91,56,0,0,0,2,0,0
1337,12,11,5,0,0,0,3,0,0
1338,14,14,4,0,0,0,0,0,1
1339,165,89,60,0,0,0,3,0,0
1340,52,52,0,0,0,0,8,0,1
1341,319,173,1,0,0,0,134,0,1
1342,75,47,14,0,0,1,10,0,0
1343,148,147,9,0,0,0,10,0,1
1344,113,85,25,0,0,0,27,1,1
1345,47,46,10,0,0,0,10,0,1
1346,66,60,20,0,0,0,2,0,1
1347,43,32,12,0,0,0,5,0,1
1348,120,88,34,0,0,0,9,0,1
1349,222,85,47,0,0,1,59,0,0
1350,10,10,4,0,0,0,0,0,1
1351,22,20,1,0,0,0,2,0,0
1352,198,129,68,0,0,0,7,0,1
1353,454,230,159,0,0,0,21,0,0
1354,98,78,38,0,0,0,3,0,1
1355,776,304,230,3,3,2,39,1,1
1356,128,95,33,0,0,2,8,0,1
1357,357,188,144,0,0,8,17,1,0
1358,439,248,123,0,0,0,11,1,1
1359,123,93,45,0,0,0,1,1,1
1360,157,94,45,0,0,0,7,0,1
1361,184,170,24,0,0,0,33,0,1
1362,222,108,64,0,0,0,33,0,0
1363,210,198,11,0,0,0,26,0,1
1364,321,193,101,0,0,0,17,1,1
1365,52,52,6,0,0,0,16,0,1
1366,125,84,52,0,0,0,2,0,0
1367,108,68,39,0,0,0,0,0,1
1368,109,79,20,2,1,0,7,0,0
1369,112,74,37,0,0,0,6,0,0
1370,843,310,262,1,1,9,47,0,0
1371,102,69,6,0,0,0,27,0,1
1372,479,241,145,5,1,1,15,1,1
1373,35,33,11,0,0,0,1,0,0
1374,297,186,90,0,0,0,21,0,1
1375,115,84,41,0,0,0,7,1,0
1376,83,66,28,0,0,0,10,0,1
1377,74,54,27,0,0,1,1,0,0
1378,688,285,197,0,0,0,7,2,1
1379,43,35,18,0,0,0,2,0,1
1380,138,92,53,0,0,0,5,0,0
1381,10,10,2,0,0,1,1,0,1
1382,19,19,8,0,0,0,1,0,0
1383,288,154,72,0,0,10,25,0,0
1384,111,90,27,0,0,0,12,0,1
1385,140,87,46,0,0,0,12,0,1
1386,99,64,30,0,0,1,6,0,0
1387,520,234,192,0,0,8,16,1,0
1388,18,17,4,0,0,0,0,0,0
1389,36,29,15,0,0,0,3,0,0
1390,15,15,4,0,0,0,3,0,1
1391,62,47,15,0,0,0,8,0,0
1392,178,104,56,0,0,0,16,0,0
1393,61,51,5,0,0,3,15,0,0
1394,44,39,12,0,0,0,1,0,1
1395,114,74,28,0,0,1,15,0,0
1396,442,228,139,0,0,5,49,1,0
1397,465,240,152,0,0,0,20,2,1
1398,13,13,1,0,0,0,2,0,1
1399,109,72,39,0,0,0,9,0,1
1400,182,91,68,0,0,0,12,0,0
1401,260,197,28,0,0,0,41,0,1
1402,1101,412,407,0,0,0,8,0,1
1403,16,15,7,0,0,0,1,0,0
1404,112,83,9,0,0,0,4,0,1
1405,701,321,126,0,0,0,157,1,1
1406,489,314,12,3,3,2,382,0,1
1407,636,266,272,0,0,0,14,3,1
1408,81,64,21,0,0,0,6,0,1
1409,364,156,124,0,0,13,27,0,0
1410,1579,547,472,0,0,0,58,2,1
1411,41,34,17,0,0,0,0,0,1
1412,102,69,6,0,0,0,23,0,1
1413,105,69,26,1,1,1,10,0,0
1414,164,100,53,3,1,0,9,0,1
1415,109,80,26,0,0,0,9,0,0
1416,233,145,77,0,0,3,18,1,0
1417,63,53,21,1,1,0,7,0,0
1418,137,82,49,1,1,0,4,0,1
1419,670,311,195,1,1,5,45,1,0
1420,168,138,53,0,0,0,25,1,1
1421,216,166,62,0,0,0,18,0,1
1422,76,52,29,0,0,0,5,0,0
1423,223,145,58,1,1,1,17,0,1
1424,13,13,3,0,0,0,1,0,0
1425,436,249,152,5,5,2,22,2,1
1426,53,39,23,0,0,0,2,0,0
1427,32,22,12,0,0,0,2,0,1
1428,390,173,130,0,0,5,40,1,0
1429,63,57,10,0,0,0,11,0,1
1430,61,45,17,0,0,0,8,0,0
1431,588,180,38,1,1,2,292,0,1
1432,190,125,47,0,0,0,28,0,1
1433,265,113,75,0,0,12,16,0,0
1434,1510,494,615,5,5,1,13,2,1
1435,1309,512,445,0,0,0,30,1,0
1436,188,112,33,0,0,0,38,1,1
1437,159,106,57,0,0,0,6,0,0
1438,410,216,161,5,5,1,16,2,1
1439,20,20,7,0,0,0,0,0,0
1440,3087,789,1261,5,5,0,33,2,1
1441,15,15,3,0,0,0,1,0,1
1442,105,71,35,0,0,0,11,0,0
1443,35,32,5,0,0,0,6,0,1
1444,284,179,69,0,0,0,4,0,1
1445,7,7,2,0,0,0,1,0,0
1446,496,279,145,1,1,0,38,0,0
1447,194,121,66,1,1,1,1,0,0
1448,59,45,24,0,0,0,2,0,0
1449,81,62,27,0,0,0,2,0,1
1450,37,32,13,0,0,0,2,0,1
1451,55,47,6,0,0,0,2,0,1
1452,168,118,50,3,1,0,8,0,0
1453,76,67,11,0,0,0,17,0,1
1454,36,28,8,0,0,0,2,0,1
1455,92,68,35,0,0,0,4,0,0
1456,99,70,38,0,0,0,8,0,0
1457,37,31,17,0,0,0,0,0,0
1458,211,124,72,0,0,1,2,0,0
1459,168,118,65,0,0,0,7,0,1
1460,46,36,5,1,1,6,7,0,0
1461,373,173,157,1,1,3,12,0,0
1462,1752,851,514,0,0,0,102,0,1
1463,62,49,18,0,0,0,3,0,1
1464,85,67,24,0,0,0,11,0,1
1465,53,44,14,0,0,0,6,0,0
1466,95,42,14,0,0,6,17,0,0
1467,172,109,58,1,1,1,4,0,1
1468,127,95,29,2,2,1,8,0,1
1469,23,23,4,0,0,0,3,0,1
1470,109,73,36,0,0,0,12,0,1
1471,55,42,6,0,0,0,4,0,1
1472,113,68,44,0,0,0,4,1,1
1473,41,34,13,0,0,0,2,0,0
1474,13,12,6,0,0,0,0,0,0
1475,911,354,278,0,0,0,56,0,0
1476,122,79,49,0,0,0,6,0,0
1477,69,55,22,0,0,0,3,1,1
1478,45,40,8,0,0,0,7,0,1
1479,188,125,54,2,1,1,7,0,0
1480,170,116,51,0,0,1,8,1,0
1481,182,119,62,3,2,0,14,0,0
1482,548,166,22,1,1,0,107,0,1
1483,1168,497,318,0,0,0,50,3,0
1484,197,190,7,0,0,0,18,0,1
1485,124,103,14,0,0,0,41,0,1
1486,45,38,2,0,0,0,4,0,1
1487,147,94,62,1,1,0,2,0,0
1488,102,66,20,0,0,0,28,1,0
1489,485,232,71,0,0,0,29,0,1
1490,505,248,206,3,3,0,14,1,1
1491,65,56,19,0,0,0,2,0,1
1492,158,108,51,2,2,2,6,0,1
1493,21,20,10,0,0,0,0,0,0
1494,27,20,2,0,0,0,12,0,1
1495,242,133,48,0,0,0,27,1,0
1496,91,77,25,0,0,2,17,0,0
1497,9,9,2,0,0,0,2,0,0
1498,230,163,73,0,0,0,19,0,1
1499,46,42,15,0,0,0,7,0,1
1500,72,52,23,0,0,0,3,0,0
1501,185,136,65,0,0,0,12,0,1
1502,58,53,0,0,0,0,18,0,1
1503,542,272,137,0,0,0,23,1,1
1504,88,55,18,0,0,3,15,0,0
1505,61,55,13,0,0,0,14,0,1
1506,30,28,10,0,0,0,2,0,0
1507,58,47,23,0,0,0,7,0,1
1508,37,34,10,0,0,0,2,0,1
1509,109,70,38,0,0,0,0,0,1
1510,114,85,37,0,0,1,1,0,0
1511,91,66,22,1,1,4,17,0,0
1512,152,98,66,0,0,1,3,0,0
1513,487,211,150,6,2,3,16,1,0
1514,56,38,4,0,0,0,9,0,0
1515,1623,719,495,4,4,4,67,1,0
1516,51,38,25,0,0,0,1,0,0
1517,106,78,28,1,1,2,8,0,1
1518,106,75,29,0,0,0,6,0,1
1519,24,23,9,0,0,0,2,0,0
1520,24,22,5,0,0,0,0,0,0
1521,31,27,6,0,0,0,2,0,1
1522,55,46,15,0,0,0,2,0,0
1523,185,123,81,0,0,0,2,0,0
1524,14,13,4,0,0,0,1,0,0
1525,244,138,69,0,0,0,23,0,0
1526,67,54,24,0,0,0,1,0,0
1527,29,27,11,0,0,0,5,0,0
1528,263,126,83,0,0,0,21,0,0
1529,148,99,55,0,0,0,9,0,1
1530,49,38,14,0,0,0,2,0,0
1531,91,69,29,0,0,0,14,0,1
1532,138,103,40,0,0,0,27,0,1
1533,625,301,164,0,0,0,51,0,1
1534,175,112,55,0,0,0,4,0,0
1535,65,54,28,0,0,0,1,0,0
1536,354,153,148,0,0,0,7,0,0
1537,468,253,139,0,0,0,66,0,1
1538,509,248,169,6,6,3,9,0,1
1539,87,61,29,0,0,0,14,0,0
1540,1410,480,506,0,0,4,63,0,0
1541,364,190,158,0,0,0,17,0,0
1542,363,208,138,0,0,0,9,1,1
1543,88,59,24,0,0,2,10,0,0
1544,63,60,15,0,0,0,28,0,1
1545,355,48,35,0,0,0,75,0,0
1546,54,49,13,0,0,0,15,0,1
1547,131,114,8,0,0,0,19,0,1
1548,21,17,5,0,0,0,1,0,1
1549,249,168,90,0,0,0,10,0,1
1550,75,55,22,0,0,0,3,0,1
1551,37,32,13,0,0,0,1,0,1
1552,28,28,3,0,0,0,9,0,1
1553,111,74,47,0,0,0,7,0,0
1554,247,122,51,0,0,0,31,1,0
1555,234,141,92,0,0,1,12,0,0
1556,96,70,37,0,0,0,1,0,0
1557,99,67,40,0,0,0,12,0,0
1558,2617,700,1062,0,0,0,34,1,1
1559,342,230,81,0,0,0,36,0,1
1560,52,52,0,0,0,0,2,0,1
1561,4926,1285,1419,3,3,5,198,4,0
1562,27,24,9,0,0,0,2,0,0
1563,69,56,17,0,0,1,3,0,0
1564,409,228,135,0,0,0,37,0,0
1565,404,218,130,0,0,0,39,2,0
1566,102,68,6,0,0,0,26,0,1
1567,62,49,17,0,0,0,8,0,1
1568,36,36,9,0,0,0,1,0,1
1569,116,77,35,0,0,0,13,0,0
1570,34,33,7,0,0,0,4,1,1
1571,80,66,24,0,0,0,2,0,0
1572,111,68,45,2,2,2,8,0,1
1573,94,75,28,0,0,0,12,0,1
1574,126,87,43,0,0,0,3,0,0
1575,1955,468,566,1,1,1,69,2,0
1576,8,8,2,0,0,0,0,0,0
1577,109,71,39,0,0,0,10,0,1
1578,313,178,50,0,0,4,27,0,0
1579,284,150,64,22,18,3,25,2,0
1580,148,94,49,3,1,0,5,0,1
1581,117,103,31,0,0,0,5,0,1
1582,476,295,108,0,0,0,76,0,0
1583,550,269,232,0,0,0,17,3,1
1584,86,66,31,0,0,0,10,0,1
1585,67,51,14,0,0,0,11,0,0
1586,903,429,308,0,0,0,87,1,1
1587,11,10,0,0,0,0,1,0,0
1588,3163,1111,1118,10,5,9,117,2,0
1589,8584,1089,3250,51,26,24,191,3,1
1590,127,85,43,0,0,0,3,0,0
1591,241,143,95,0,0,0,7,0,1
1592,46,36,21,0,0,0,1,0,0
1593,88,85,2,0,0,0,32,0,1
1594,132,92,31,0,0,0,6,0,1
1595,117,72,34,0,0,0,17,0,0
1596,109,89,32,0,0,0,6,0,1
1597,229,123,54,0,0,0,23,0,0
1598,162,104,62,0,0,0,2,0,0
1599,59,45,21,0,0,0,1,0,0
1600,28,24,5,0,0,0,5,0,1
1601,91,58,22,0,0,0,3,1,1
1602,127,81,40,0,0,0,25,0,0
1603,540,287,157,0,0,0,66,2,1
1604,107,60,10,1,1,25,38,0,0
1605,401,194,123,6,1,1,10,1,1
1606,195,118,55,0,0,1,20,1,0
1607,297,193,80,0,0,0,23,1,1
1608,53,42,18,0,0,0,1,0,0
1609,22,19,8,0,0,0,0,0,0
1610,40,34,12,0,0,1,2,0,0
1611,362,148,149,0,0,0,30,1,1
1612,202,101,8,0,0,0,36,0,1
1613,947,393,359,0,0,1,30,1,0
1614,264,135,118,0,0,0,5,1,1
1615,119,70,42,0,0,0,12,0,1
1616,366,134,140,0,0,4,15,0,0
1617,25,24,8,0,0,0,1,0,0
1618,92,61,23,0,0,6,8,0,0
1619,289,164,108,0,0,2,11,0,0
1620,155,91,62,0,0,0,8,3,1
1621,452,215,191,0,0,0,8,1,1
1622,152,89,47,1,1,2,25,0,0
1623,24,22,0,0,0,0,4,0,0
1624,196,178,23,0,0,0,24,0,1
1625,100,78,2,0,0,0,72,0,1
1626,93,79,21,0,0,0,19,0,1
1627,710,291,266,0,0,0,27,0,0
1628,1972,182,30,1,1,2,377,0,1
1629,40,33,8,0,0,0,4,0,0
1630,191,163,40,0,0,0,9,1,1
1631,124,100,41,0,0,0,9,0,1
1632,103,77,40,0,0,0,6,1,1
1633,27,24,9,0,0,0,2,0,1
1634,508,262,198,1,1,4,15,0,0
1635,80,44,27,1,1,2,6,1,0
1636,147,97,14,0,0,28,53,0,0
1637,56,44,22,0,0,0,1,0,1
1638,15,15,5,0,0,0,2,0,0
1639,218,162,64,0,0,0,35,0,1
1640,162,98,58,0,0,0,1,0,0
1641,140,95,53,0,0,0,3,0,1
1642,128,80,47,0,0,0,13,0,0
1643,74,64,20,0,0,0,8,0,1
1644,93,58,30,0,0,0,1,1,1
1645,68,55,24,0,0,0,1,0,0
1646,953,415,279,0,0,5,36,1,0
1647,40,34,4,0,0,0,7,0,1
1648,28,24,10,0,0,0,0,0,0
1649,58,48,19,0,0,0,5,0,1
1650,139,114,27,0,0,0,27,0,1
1651,127,90,40,0,0,0,5,0,1
1652,550,245,185,4,3,0,33,0,1
1653,20,19,7,0,0,0,1,0,0
1654,317,192,104,0,0,2,13,0,0
1655,110,76,34,0,0,1,2,0,0
1656,99,76,34,0,0,2,11,0,0
1657,95,76,37,1,1,0,3,0,1
1658,42,36,15,0,0,0,1,0,0
1659,139,90,54,0,0,0,1,0,0
1660,66,54,17,1,1,1,8,0,0
1661,44,44,0,0,0,0,8,0,1
1662,2535,759,872,2,1,1,239,1,0
1663,1206,500,383,0,0,0,131,1,1
1664,539,290,187,0,0,0,22,2,1
1665,153,95,45,3,2,0,21,0,0
1666,117,81,38,0,0,0,11,0,1
1667,342,207,114,1,1,1,25,0,0
1668,53,44,13,0,0,0,2,0,0
1669,388,192,150,0,0,0,17,1,1
1670,1004,388,350,0,0,0,21,0,1
1671,199,105,32,0,0,11,38,0,0
1672,44,35,15,0,0,0,8,0,0
1673,118,73,16,0,0,0,27,0,0
1674,26,26,9,0,0,0,0,0,0
1675,10,9,3,0,0,0,0,0,0
1676,64,52,11,0,0,0,15,0,1
1677,69,64,3,0,0,0,3,2,1
1678,58,48,23,0,0,0,7,0,1
1679,171,95,38,1,1,6,35,0,0
1680,109,91,21,0,0,0,17,1,1
1681,36,31,14,0,0,0,2,0,0
1682,52,49,2,0,0,0,5,0,1
1683,58,52,14,1,1,0,1,1,0
1684,163,111,45,5,3,0,10,1,1
1685,10,8,0,0,0,0,6,0,0
1686,204,114,86,2,1,0,5,1,0
1687,129,99,16,0,0,0,31,0,1
1688,33,30,8,0,0,0,0,0,1
1689,32,29,6,0,0,0,4,1,0
1690,19,18,9,0,0,0,0,0,0
1691,534,251,188,0,0,3,9,1,0
1692,95,72,0,0,0,0,45,0,1
1693,234,215,5,0,0,0,145,0,1
1694,86,67,31,0,0,0,14,0,1
1695,831,389,259,0,0,0,100,0,1
1696,67,59,17,0,0,0,4,0,1
1697,82,61,17,0,0,0,14,0,1
1698,159,97,57,0,0,3,17,0,0
1699,292,162,85,1,1,3,12,0,0
1700,280,163,100,0,0,1,8,0,0
1701,953,327,292,0,0,0,90,0,1
1702,862,346,240,8,2,1,31,2,0
1703,21,21,5,0,0,0,2,0,0
1704,85,63,26,0,0,0,1,0,1
1705,913,366,271,0,0,0,77,0,0
1706,525,312,28,0,0,80,183,0,0
1707,10,4,0,0,0,0,4,0,0
1708,8,8,5,0,0,0,0,0,0
1709,671,328,230,0,0,0,8,0,0
1710,438,235,133,0,0,0,20,1,1
1711,69,54,21,0,0,3,6,0,0
1712,1220,504,388,0,0,0,128,1,1
1713,62,54,22,0,0,0,3,0,1
1714,186,128,64,0,0,0,14,1,1
1715,110,86,5,5,5,1,64,0,1
1716,246,245,6,0,0,0,31,0,1
1717,63,52,28,0,0,0,4,0,0
1718,83,58,34,0,0,0,0,0,0
1719,42,41,8,0,0,0,2,0,1
1720,92,76,23,0,0,0,12,0,1
1721,44,43,5,0,0,0,4,0,1
1722,37,28,6,0,0,0,3,0,1
1723,74,64,8,0,0,0,16,0,1
1724,232,151,68,0,0,0,9,0,0
1725,30,24,15,0,0,0,1,0,0
1726,1054,383,387,0,0,0,22,1,1
1727,114,79,35,1,1,0,1,1,1
1728,90,70,33,0,0,0,4,1,1
1729,162,99,56,4,2,1,7,0,1
1730,1063,457,312,0,0,0,73,0,0
1731,43,35,8,1,1,0,11,0,0
1732,52,40,15,0,0,0,1,0,1
1733,58,49,14,1,1,0,8,0,0
1734,132,90,47,1,1,0,1,0,0
1735,34,30,9,0,0,0,2,0,0
1736,1024,383,358,0,0,0,47,0,0
1737,61,50,18,0,0,0,2,0,1
1738,112,74,25,0,0,0,20,0,1
1739,44,44,0,0,0,0,7,0,1
1740,153,105,46,0,0,0,15,0,0
1741,658,348,207,0,0,0,85,0,1
1742,40,35,13,0,0,0,3,0,1
1743,577,262,248,0,0,0,3,0,1
1744,58,53,9,0,0,0,0,0,1
1745,7,7,1,0,0,0,0,0,1
1746,179,110,57,0,0,0,8,0,1
1747,56,46,19,1,1,0,2,0,1
1748,97,79,24,1,1,0,14,0,1
1749,154,102,50,0,0,2,9,0,0
1750,324,197,63,0,0,0,67,1,1
1751,82,62,36,0,0,0,2,0,0
1752,30,24,11,0,0,0,0,0,1
1753,145,94,37,3,1,0,5,0,1
1754,76,64,24,0,0,0,4,1,1
1755,105,80,33,0,0,0,10,0,0
1756,18,17,6,0,0,0,2,0,0
1757,102,71,30,0,0,0,4,1,0
1758,63,58,10,0,0,0,12,0,1
1759,204,118,1,0,0,0,117,0,1
1760,1236,472,422,0,0,0,19,1,1
1761,47,40,9,0,0,1,6,0,0
1762,241,103,42,0,0,4,29,1,0
1763,152,112,36,1,1,0,15,0,1
1764,49,42,9,0,0,0,4,0,1
1765,80,65,33,0,0,0,8,0,1
1766,170,84,62,0,0,0,5,0,0
1767,216,113,54,0,0,0,32,0,0
1768,86,63,31,0,0,0,4,0,1
1769,353,203,139,0,0,0,5,0,1
1770,31,28,9,0,0,0,0,0,1
1771,97,76,28,0,0,0,6,0,1
1772,36,31,11,1,1,1,2,0,1
1773,514,508,10,0,0,0,47,0,1
1774,27,24,9,0,0,0,2,0,1
1775,179,102,42,0,0,0,34,2,1
1776,106,66,47,0,0,0,1,1,1
1777,90,66,36,0,0,0,4,0,1
1778,73,60,26,1,1,0,3,0,0
1779,285,175,100,1,1,3,15,0,0
1780,61,60,3,0,0,0,0,0,1
1781,61,54,21,1,1,0,3,0,0
1782,1361,477,465,0,0,0,7,1,1
1783,77,57,28,1,1,0,7,0,0
1784,587,285,225,0,0,0,18,0,1
1785,401,194,123,6,1,1,10,1,1
1786,25,22,7,0,0,0,1,0,1
1787,171,118,50,2,1,1,10,0,1
1788,89,37,7,0,0,0,11,0,0
1789,1204,390,455,0,0,1,65,1,0
1790,79,57,17,0,0,1,13,0,0
1791,209,97,51,15,4,5,42,0,0
1792,129,89,42,0,0,0,9,1,0
1793,54,42,20,0,0,0,0,0,0
1794,18,17,0,0,0,0,4,0,1
1795,478,246,158,0,0,0,13,0,0
1796,51,38,8,0,0,0,4,0,0
1797,30,29,15,0,0,0,0,0,0
1798,109,71,37,0,0,0,6,0,1
1799,96,73,36,0,0,0,6,0,0
1800,179,102,64,0,0,2,4,1,1
1801,134,98,35,1,1,3,9,0,0
1802,296,178,77,2,2,0,44,0,0
1803,347,193,149,0,0,0,8,1,1
1804,318,152,97,0,0,0,25,1,0
1805,686,251,255,0,0,0,5,1,1
1806,14,11,3,0,0,0,0,0,0
1807,146,144,12,0,0,0,39,0,1
1808,288,179,67,0,0,0,6,0,1
1809,80,65,33,0,0,0,8,0,1
1810,81,60,23,1,1,0,6,0,0
1811,140,83,64,0,0,0,6,1,1
1812,589,310,183,0,0,0,54,0,0
1813,194,120,58,0,0,0,16,4,1
1814,114,87,22,0,0,0,9,0,1
1815,64,48,25,0,0,0,2,0,0
1816,244,128,71,0,0,0,26,0,0
1817,379,193,159,1,1,3,14,0,0
1818,98,46,14,0,0,0,33,0,0
1819,1647,500,646,1,1,1,87,0,0
1820,94,69,42,0,0,0,0,0,1
1821,29,26,5,0,0,0,1,0,1
1822,160,108,45,1,1,0,5,0,0
1823,666,266,231,0,0,25,36,1,0
1824,60,52,11,0,0,2,9,0,0
1825,105,79,26,0,0,0,8,0,1
1826,148,114,47,0,0,0,9,1,1
1827,109,57,5,0,0,11,36,0,0
1828,59,44,23,0,0,0,4,0,1
1829,1102,381,434,0,0,7,57,0,0
1830,156,86,62,0,0,0,8,0,0
1831,8,8,2,0,0,0,0,0,0
1832,88,73,10,0,0,0,20,0,1
1833,217,139,80,0,0,4,14,1,0
1834,138,86,49,0,0,0,12,0,0
1835,62,41,24,0,0,0,0,0,0
1836,34,27,9,0,0,0,3,0,1
1837,14,12,3,0,0,0,1,0,0
1838,29,24,11,0,0,0,0,0,0
1839,34,33,12,0,0,0,2,0,0
1840,114,69,44,0,0,0,4,1,1
1841,57,40,16,0,0,0,7,0,0
1842,275,163,88,0,0,2,14,0,0
1843,24,21,11,0,0,0,0,0,0
1844,187,71,47,0,0,0,9,0,0
1845,34,33,16,0,0,0,1,0,0
1846,34,31,9,0,0,0,6,0,0
1847,24,23,6,2,1,0,1,0,1
1848,39,24,7,6,6,0,7,0,0
1849,364,222,120,0,0,0,13,1,1
1850,131,99,39,0,0,0,10,0,1
1851,539,256,231,0,0,0,4,1,1
1852,21,20,7,0,0,0,2,0,0
1853,76,58,19,2,2,0,12,0,1
1854,146,98,63,0,0,0,2,1,0
1855,83,67,26,0,0,0,10,0,1
1856,1789,293,150,60,1,16,599,0,0
1857,88,67,32,0,0,0,13,0,1
1858,187,125,53,3,3,1,14,0,1
1859,159,104,43,0,0,0,4,0,1
1860,268,131,95,0,0,0,16,0,0
1861,457,224,131,9,1,0,38,1,0
1862,224,154,37,7,4,2,20,0,1
1863,102,67,6,0,0,0,24,0,1
1864,97,74,32,0,0,1,6,0,0
1865,83,70,20,0,0,0,12,0,1
1866,54,42,20,0,0,0,4,0,0
1867,17,17,2,0,0,0,0,0,1
1868,70,66,10,0,0,0,16,0,1
1869,120,34,21,0,0,0,5,0,0
1870,27,24,9,0,0,0,3,0,1
1871,218,109,22,0,0,0,17,0,0
1872,299,201,71,1,1,1,11,2,1
1873,545,281,216,2,2,3,12,2,1
1874,152,120,30,0,0,0,8,0,1
1875,63,40,22,0,0,0,10,0,1
1876,35,29,10,0,0,0,3,0,1
1877,84,65,24,2,2,1,1,0,0
1878,34,30,12,0,0,0,1,0,0
1879,75,46,12,0,0,3,3,0,0
1880,94,61,30,2,2,3,5,0,0
1881,287,145,96,0,0,0,16,1,0
1882,100,54,28,0,0,0,11,0,0
1883,196,126,72,0,0,3,7,0,0
1884,47,45,1,0,0,0,14,0,1
1885,229,93,22,0,0,0,20,0,1
1886,105,83,33,0,0,0,2,0,0
1887,154,113,42,1,1,0,5,1,1
1888,17,16,4,0,0,0,1,1,0
1889,2601,697,1059,6,6,2,35,1,1
1890,436,222,174,1,1,0,20,0,1
1891,56,52,3,0,0,0,25,0,1
1892,119,97,14,0,0,0,25,1,0
1893,560,261,190,0,0,3,34,0,0
1894,85,61,27,0,0,0,2,0,1
1895,95,70,34,0,0,1,5,0,1
1896,27,21,7,0,0,0,3,0,1
1897,117,90,41,0,0,1,6,0,0
1898,313,170,107,1,1,1,21,0,0
1899,82,59,35,0,0,0,5,0,0
1900,99,81,26,0,0,0,20,1,1
1901,98,76,21,0,0,0,4,0,1
1902,102,67,29,0,0,0,15,0,0
1903,5,4,0,0,0,0,2,0,0
1904,119,90,37,0,0,0,10,0,1
1905,85,69,24,0,0,2,5,0,0
1906,115,83,38,0,0,0,9,0,1
1907,70,62,8,0,0,0,19,0,1
1908,90,58,42,0,0,0,0,0,0
1909,83,67,23,0,0,0,16,0,1
1910,239,138,65,0,0,0,17,1,1
1911,10,10,1,1,1,0,0,0,1
1912,127,76,42,3,3,0,5,0,0
1913,148,86,64,0,0,0,3,0,0
1914,131,114,8,0,0,0,19,0,1
1915,53,45,18,1,1,0,4,0,0
1916,844,409,297,0,0,0,30,1,1
1917,1559,673,493,0,0,6,54,2,0
1918,34,28,11,0,0,0,2,0,0
1919,275,163,75,4,4,0,14,1,1
1920,10,10,1,0,0,0,2,0,1
1921,173,106,45,0,0,0,12,0,1
1922,11,10,5,0,0,0,2,0,0
1923,65,52,20,0,0,0,7,1,1
1924,45,39,20,0,0,0,3,0,0
1925,188,119,49,0,0,0,25,0,0
1926,52,45,14,0,0,0,6,0,1
1927,324,139,81,0,0,0,54,0,0
1928,189,130,69,0,0,0,4,0,1
1929,99,81,11,0,0,0,29,0,1
1930,85,60,32,0,0,1,8,0,0
1931,91,57,21,0,0,0,3,0,1
1932,218,201,24,0,0,0,21,0,1
1933,48,39,13,0,0,0,0,0,1
1934,40,36,9,0,0,0,0,0,1
1935,226,132,64,0,0,0,18,1,0
1936,60,50,20,0,0,0,7,0,0
1937,161,118,47,0,0,0,12,0,0
1938,43,38,8,0,0,0,3,0,0
1939,153,95,57,1,1,2,5,0,0
1940,61,45,26,0,0,0,1,0,0
1941,80,77,9,0,0,0,2,0,1
1942,82,66,13,0,0,0,12,0,1
1943,146,91,59,0,0,0,1,1,0
1944,53,43,22,0,0,0,1,0,1
1945,31,29,5,0,0,1,3,0,0
1946,70,69,6,0,0,0,2,0,1
1947,316,165,97,6,5,0,17,0,1
1948,54,47,13,0,0,0,9,0,1
1949,2346,657,955,0,0,0,26,1,1
1950,151,100,42,0,0,0,5,0,1
1951,51,42,18,0,0,0,1,0,0
1952,101,75,40,0,0,0,6,1,1
1953,78,70,10,0,0,0,16,0,1
1954,40,31,18,0,0,0,5,0,1
1955,89,66,39,0,0,0,2,0,0
1956,448,243,145,0,0,0,33,1,0
1957,48,36,8,0,0,0,9,0,0
1958,541,275,95,3,3,16,66,0,0
1959,42,42,0,0,0,0,7,0,1
1960,672,354,173,0,0,0,77,0,0
1961,28,24,9,1,1,0,3,1,0
1962,177,103,55,2,2,2,11,0,0
1963,642,262,127,1,1,0,43,2,0
1964,47,35,12,0,0,0,9,0,0
1965,289,283,9,0,0,0,32,0,1
1966,57,39,4,0,0,0,7,0,0
1967,163,114,61,0,0,3,6,0,0
1968,80,43,5,0,0,0,35,0,0
1969,173,88,39,6,3,3,30,1,1
1970,92,75,24,0,0,0,4,0,1
1971,10,8,2,0,0,0,0,0,1
1972,27,24,9,0,0,0,2,0,1
1973,155,100,66,0,0,0,6,1,1
1974,714,292,209,1,1,0,54,2,0
1975,116,87,29,0,0,0,9,0,1
1976,79,58,30,0,0,0,5,0,1
1977,80,65,33,0,0,0,6,0,1
1978,548,224,151,0,0,0,100,1,0
1979,488,186,133,0,0,9,50,2,0
1980,104,93,21,0,0,0,34,0,1
1981,52,42,7,1,1,1,5,0,0
1982,80,44,19,1,1,0,9,0,0
1983,113,84,47,0,0,0,3,1,1
1984,49,42,11,0,0,0,9,0,0
1985,20,18,9,0,0,0,0,0,0
1986,148,144,1,0,0,0,13,1,1
1987,185,114,76,0,0,0,16,0,0
1988,198,112,51,0,0,0,8,1,1
1989,10,10,2,0,0,0,0,0,0
1990,384,211,123,0,0,0,8,1,1
1991,134,83,51,0,0,0,5,0,1
1992,95,76,21,0,0,0,11,0,1
1993,558,275,215,0,0,0,34,1,1
1994,176,97,73,0,0,1,7,0,1
1995,133,87,40,0,0,0,3,1,0
1996,27,27,10,0,0,0,0,0,0
1997,76,38,5,0,0,0,9,0,0
1998,64,49,24,0,0,0,0,1,0
1999,104,81,24,0,0,0,10,1,1
2000,278,144,115,0,0,0,6,0,0
2001,775,339,175,31,5,2,23,2,0
2002,40,39,5,0,0,0,1,0,1
2003,28,28,4,0,0,0,11,0,1
2004,48,40,18,0,0,0,0,0,0
2005,281,144,100,2,2,0,11,1,0
2006,354,197,103,1,1,1,40,0,0
2007,71,68,8,0,0,0,0,0,1
2008,125,88,45,0,0,0,3,1,1
2009,145,90,42,0,0,9,24,1,0
2010,249,147,80,3,3,3,16,0,1
2011,123,94,29,1,1,0,12,0,1
2012,145,105,52,0,0,0,23,0,1
2013,125,98,18,0,0,0,29,0,1
2014,27,24,5,0,0,0,5,0,1
2015,174,108,49,1,1,5,21,0,0
2016,40,33,10,0,0,0,0,0,1
2017,266,137,84,5,2,0,6,1,1
2018,66,52,9,2,2,6,8,0,0
2019,196,121,49,0,0,1,13,0,0
2020,84,67,28,0,0,0,11,0,1
2021,25,20,4,0,0,0,1,0,0
2022,312,132,112,0,0,0,14,0,0
2023,98,41,9,0,0,0,18,0,0
2024,343,191,125,1,1,0,11,0,0
2025,53,43,22,0,0,0,1,0,1
2026,125,84,44,0,0,0,4,0,0
2027,108,89,32,0,0,0,5,0,1
2028,62,52,13,0,0,0,5,0,1
2029,71,50,21,0,0,0,4,1,0
2030,102,67,6,0,0,0,25,0,1
2031,2462,688,991,0,0,0,35,2,1
2032,159,101,28,0,0,0,36,1,0
2033,56,46,20,0,0,0,2,0,0
2034,70,61,20,0,0,0,3,0,0
2035,37,34,11,0,0,0,8,0,1
2036,41,28,5,2,1,0,6,0,0
2037,109,72,35,0,0,0,10,0,1
2038,242,130,57,0,0,0,44,1,0
2039,1095,331,393,0,0,0,10,2,1
2040,6,6,1,0,0,0,1,0,1
2041,149,100,43,0,0,0,18,0,0
2042,53,50,9,0,0,0,13,0,1
2043,27,24,9,0,0,0,2,0,1
2044,698,290,198,0,0,0,7,2,1
2045,42,34,18,0,0,0,2,0,1
2046,18,17,7,0,0,0,3,0,0
2047,284,165,91,0,0,0,6,0,1
2048,146,87,64,0,0,0,3,0,0
2049,143,97,44,0,0,0,18,0,1
2050,39,31,15,0,0,0,5,0,0
2051,420,208,174,0,0,0,14,1,1
2052,146,100,53,1,1,1,14,0,0
2053,1238,472,421,0,0,0,21,1,1
2054,726,324,288,5,5,0,20,3,1
2055,23,23,11,0,0,0,1,0,0
2056,767,287,198,0,0,0,84,3,0
2057,599,176,188,0,0,26,60,1,0
2058,39,32,11,0,0,0,4,0,1
2059,364,211,137,0,0,0,30,0,1
2060,190,94,82,0,0,0,1,0,0
2061,83,67,31,0,0,0,1,0,1
2062,416,196,181,0,0,0,6,0,1
2063,80,64,33,0,0,0,9,0,1
2064,209,140,78,0,0,0,4,0,1
2065,168,95,57,0,0,0,1,0,1
2066,117,95,32,0,0,0,9,0,1
2067,45,40,14,0,0,0,4,0,0
2068,299,190,110,0,0,0,4,0,1
2069,406,222,110,0,0,0,35,1,0
2070,65,57,21,0,0,0,5,0,1
2071,57,45,13,0,0,0,6,1,0
2072,321,197,92,3,2,2,36,0,0
2073,1025,464,351,0,0,0,107,2,1
2074,840,339,69,2,1,11,323,1,0
2075,192,109,49,0,0,0,8,1,1
2076,369,188,120,2,2,1,14,1,1
2077,43,40,6,0,0,0,6,0,1
2078,340,181,119,1,1,0,9,1,1
2079,258,146,112,0,0,0,8,2,1
2080,5,5,1,0,0,0,0,0,0
2081,11,10,3,0,0,0,0,0,0
2082,379,249,77,0,0,0,19,0,1
2083,32,25,7,0,0,0,5,0,0
2084,345,212,133,0,0,0,9,0,1
2085,13,12,3,0,0,0,2,1,0
2086,349,188,107,0,0,0,29,0,0
2087,662,180,233,0,0,14,33,0,0
2088,462,223,163,0,0,0,19,1,0
2089,74,62,17,0,0,0,9,1,1
2090,35,31,18,0,0,0,1,0,0
2091,376,207,128,0,0,0,18,1,0
2092,72,53,9,0,0,3,16,0,0
2093,37,28,17,0,0,0,0,0,0
2094,364,266,69,0,0,1,53,2,0
2095,90,74,31,0,0,0,6,1,1
2096,292,140,34,0,0,0,112,0,0
2097,35,34,0,0,0,0,1,0,1
2098,53,38,4,0,0,0,20,0,0
2099,61,50,21,0,0,0,1,0,1
2100,62,44,14,0,0,0,4,0,1
2101,151,106,53,1,1,1,7,0,0
2102,75,67,10,0,0,0,5,0,0
2103,1142,490,440,0,0,1,32,1,1
2104,27,23,5,0,0,0,3,0,1
2105,69,32,6,0,0,1,20,0,0
2106,1156,282,347,0,0,39,118,0,0
2107,27,27,8,0,0,0,1,0,1
2108,12,11,3,0,0,0,3,0,0
2109,378,169,133,0,0,1,16,0,0
2110,16,16,6,0,0,0,0,0,0
2111,87,69,26,0,0,0,7,1,1
2112,432,203,124,0,0,0,25,1,0
2113,56,39,10,0,0,0,14,0,1
2114,245,128,61,0,0,0,16,1,0
2115,55,50,15,0,0,0,11,0,1
2116,143,108,49,0,0,0,3,0,1
2117,33,26,7,0,0,0,5,0,0
2118,367,211,127,0,0,0,2,0,0
2119,201,126,63,0,0,0,4,0,0
2120,270,174,67,0,0,0,64,1,0
2121,525,299,160,2,2,0,14,2,1
2122,40,33,8,0,0,0,1,0,1
2123,485,240,190,0,0,0,12,1,1
2124,40,37,18,0,0,0,0,0,1
2125,123,82,40,0,0,0,10,0,0
2126,652,319,234,1,1,0,50,0,0
2127,248,145,85,0,0,1,13,0,0
2128,14,13,3,0,0,0,1,0,1
2129,854,274,189,0,0,23,98,2,0
2130,1519,498,557,4,1,0,49,2,0
2131,168,111,51,0,0,3,8,0,0
2132,31,24,10,0,0,0,0,0,0
2133,225,101,12,0,0,0,102,0,0
2134,313,152,45,2,2,2,69,0,1
2135,20,17,0,0,0,1,1,0,0
2136,165,123,45,0,0,0,13,0,1
2137,141,98,47,3,3,1,12,0,1
2138,1108,491,263,0,0,0,61,1,1
2139,99,73,30,0,0,0,2,0,1
2140,201,123,51,0,0,6,33,0,0
2141,44,36,16,0,0,0,2,0,0
2142,50,50,7,0,0,0,1,0,1
2143,3090,790,1264,0,0,0,38,0,1
2144,97,79,24,1,1,0,14,0,1
2145,278,116,67,5,1,0,74,0,0
2146,53,38,9,1,1,2,11,0,0
2147,60,42,8,1,1,0,9,0,0
2148,187,119,50,0,0,0,31,0,1
2149,67,51,26,0,0,0,1,0,0
2150,95,68,26,0,0,0,23,0,0
2151,316,165,97,6,5,0,17,0,1
2152,52,44,9,2,1,0,3,0,1
2153,99,72,36,0,0,0,11,0,0
2154,130,93,35,1,1,4,17,0,0
2155,181,127,63,1,1,1,6,0,0
2156,534,237,202,0,0,0,14,1,1
2157,61,51,18,2,2,0,6,0,0
2158,259,150,87,6,1,1,20,0,1
2159,1119,333,296,17,3,32,100,0,0
2160,54,50,10,0,0,0,18,0,1
2161,103,67,29,2,1,0,5,0,1
2162,41,41,11,0,0,0,0,0,1
2163,493,284,159,0,0,0,89,0,1
2164,95,76,13,0,0,0,41,0,1
2165,57,44,24,0,0,0,2,0,0
2166,757,315,287,0,0,0,27,0,0
2167,107,89,32,0,0,0,10,1,1
2168,100,68,37,0,0,0,3,0,1
2169,189,132,72,0,0,0,7,0,1
2170,66,49,29,0,0,0,0,0,0
2171,214,142,66,0,0,0,9,0,1
2172,154,122,42,0,0,0,24,0,1
2173,79,62,27,0,0,2,7,0,0
2174,124,112,23,0,0,0,40,0,1
2175,10,10,3,0,0,0,1,0,1
2176,1070,497,362,0,0,0,131,2,1
2177,333,130,97,8,1,1,20,1,0
2178,755,341,239,0,0,0,46,1,0
2179,19,16,4,0,0,0,3,0,0
2180,76,55,31,0,0,2,5,0,0
2181,53,44,22,0,0,0,3,0,0
2182,86,37,20,0,0,3,4,0,0
2183,199,145,77,0,0,0,7,0,1
2184,146,97,53,0,0,0,19,1,0
2185,108,73,34,3,1,1,6,0,1
2186,122,79,56,0,0,0,3,0,0
2187,384,217,115,0,0,0,19,0,1
2188,8,7,2,0,0,0,0,0,1
2189,834,354,228,20,4,5,102,0,0
2190,173,122,69,0,0,0,7,1,0
2191,49,44,15,0,0,0,5,0,1
2192,1063,395,222,0,0,65,102,2,0
2193,194,111,49,2,1,0,12,1,0
2194,126,91,2,0,0,0,25,1,1
2195,153,108,54,1,1,1,15,2,0
2196,193,132,60,0,0,0,9,0,0
2197,102,67,6,0,0,0,27,0,1
2198,124,92,48,0,0,0,2,0,0
2199,54,47,17,0,0,0,5,0,0
2200,522,272,170,0,0,0,20,1,1
2201,44,34,13,0,0,0,8,0,0
2202,143,89,40,0,0,5,13,0,0
2203,500,252,68,0,0,0,29,0,1
2204,255,247,9,0,0,0,29,1,1
2205,123,90,37,1,1,0,6,0,1
2206,13,13,3,0,0,0,1,0,1
2207,84,49,22,0,0,0,19,0,0
2208,84,70,37,0,0,0,5,1,1
2209,1233,373,398,0,0,0,169,1,0
2210,387,229,104,0,0,0,43,0,1
2211,422,171,125,0,0,12,46,0,0
2212,39,36,12,0,0,0,7,0,1
2213,67,53,24,0,0,0,2,0,1
2214,122,93,49,0,0,0,2,1,1
2215,208,118,80,0,0,0,11,0,0
2216,45,40,16,0,0,0,0,0,0
2217,1243,567,380,0,0,0,68,3,1
2218,24,22,0,0,0,0,4,0,0
2219,67,55,23,0,0,0,1,0,0
2220,91,71,22,0,0,0,14,0,1
2221,37,34,16,0,0,0,1,0,0
2222,67,62,15,0,0,0,27,0,1
2223,179,101,51,0,0,4,15,0,0
2224,83,75,18,0,0,0,11,1,1
2225,3,3,0,0,0,0,1,0,0
2226,31,26,15,0,0,0,0,0,0
2227,44,44,1,0,0,0,7,0,1
2228,101,95,8,0,0,0,54,0,1
2229,70,61,23,0,0,0,7,1,0
2230,26,23,8,0,0,1,3,0,0
2231,70,62,25,0,0,0,5,0,0
2232,324,179,144,0,0,1,11,0,0
2233,164,124,45,0,0,0,11,0,0
2234,173,98,57,3,2,0,4,0,1
2235,20,18,2,0,0,0,11,0,1
2236,1046,463,324,1,1,6,28,2,0
2237,124,81,41,1,1,2,7,1,1
2238,383,208,163,0,0,1,9,1,1
2239,505,286,174,0,0,1,15,1,0
2240,80,65,33,0,0,0,7,0,1
2241,62,53,19,0,0,0,2,0,1
2242,37,31,8,0,0,0,4,0,1
2243,82,67,21,0,0,0,5,0,1
2244,591,276,260,0,0,0,13,2,1
2245,67,52,27,0,0,0,1,0,0
2246,130,112,26,0,0,0,6,0,1
2247,213,116,69,0,0,0,27,1,0
2248,107,75,27,0,0,1,19,0,0
2249,54,41,10,0,0,4,8,0,0
2250,48,43,15,0,0,0,0,0,1
2251,247,144,81,3,2,1,18,1,1
2252,83,62,39,0,0,0,3,0,0
2253,244,140,58,1,1,0,31,0,0
2254,291,162,95,1,1,5,10,0,0
2255,46,37,10,0,0,0,3,0,1
2256,110,85,27,0,0,0,25,0,1
2257,36,31,11,0,0,0,2,0,0
2258,585,242,253,6,4,3,17,0,1
2259,87,62,15,0,0,0,14,0,1
2260,39,33,10,0,0,0,1,0,0
2261,160,124,39,0,0,0,4,1,1
2262,69,54,25,1,1,0,3,0,0
2263,91,60,8,0,0,0,13,0,0
2264,137,106,47,0,0,0,14,0,1
2265,66,55,11,0,0,0,6,0,1
2266,12,11,5,0,0,0,1,0,0
2267,1036,463,357,0,0,0,93,1,1
2268,22,19,4,0,0,0,4,0,1
2269,1277,563,427,0,0,0,147,2,1
2270,530,212,165,0,0,15,46,2,0
2271,141,101,47,1,1,1,13,1,1
2272,16,15,6,0,0,0,1,0,0
2273,248,149,96,0,0,0,5,0,0
2274,71,50,18,0,0,0,2,0,0
2275,290,152,81,0,0,7,46,1,0
2276,58,48,17,0,0,0,0,0,1
2277,99,71,35,1,1,0,1,0,1
2278,73,51,30,0,0,0,1,0,0
2279,283,123,94,0,0,0,41,0,0
2280,16,15,1,0,0,0,4,0,0
2281,28,17,8,0,0,0,1,0,0
2282,342,209,2,0,0,0,166,0,1
2283,50,44,10,0,0,0,10,0,1
2284,412,205,172,0,0,0,3,0,1
2285,7,7,1,0,0,0,1,0,1
2286,66,52,25,0,0,0,1,0,0
2287,85,67,24,0,0,0,10,0,1
2288,29,29,6,0,0,0,1,0,1
2289,48,41,17,0,0,0,2,0,0
2290,34,28,13,0,0,0,1,0,0
2291,11,10,0,0,0,0,2,0,0
2292,56,50,10,0,0,0,8,0,0
2293,68,53,22,0,0,0,4,0,1
2294,58,53,17,0,0,0,7,0,0
2295,58,47,23,0,0,0,6,0,1
2296,14,14,3,0,0,0,1,0,1
2297,62,44,14,0,0,0,4,0,1
2298,5,5,2,0,0,0,2,0,0
2299,133,93,38,0,0,0,7,0,1
2300,189,111,76,3,2,0,10,0,1
2301,374,208,99,8,6,10,42,0,0
2302,694,299,258,0,0,10,49,0,0
2303,44,35,20,0,0,0,0,0,1
2304,305,189,114,0,0,0,0,0,1
2305,632,340,165,0,0,1,44,1,0
2306,330,186,93,0,0,0,54,0,0
2307,367,159,70,0,0,0,73,0,0
2308,87,62,30,0,0,0,13,0,1
2309,1956,541,786,0,0,0,18,1,1
2310,968,473,332,1,1,1,18,0,0
2311,5,5,2,0,0,0,0,0,0
2312,9,9,0,1,1,0,2,0,0
2313,174,97,60,3,2,0,6,0,1
2314,60,50,21,0,0,0,2,0,1
2315,314,177,119,0,0,0,21,1,1
2316,173,166,11,0,0,0,21,0,1
2317,53,45,18,1,1,0,4,0,0
2318,62,36,4,0,0,0,9,0,0
2319,86,75,17,0,0,0,7,0,1
2320,87,63,32,0,0,0,8,0,1
2321,139,100,38,0,0,0,3,0,1
2322,11,10,2,0,0,0,1,0,1
2323,484,256,142,1,1,1,19,0,0
2324,85,58,40,0,0,0,1,0,0
2325,85,59,28,1,1,0,3,0,0
2326,45,44,2,0,0,0,2,0,1
2327,80,64,16,0,0,3,12,0,0
2328,3,3,0,0,0,0,2,0,1
2329,316,182,99,0,0,0,27,0,1
2330,34,32,11,0,0,0,4,0,1
2331,151,114,43,0,0,0,7,0,1
2332,59,43,33,0,0,0,1,0,0
2333,34,31,11,0,0,0,1,0,1
2334,22,22,4,0,0,0,2,0,1
2335,188,133,51,0,0,0,15,0,1
2336,190,120,61,2,1,2,10,0,1
2337,1216,502,385,0,0,0,122,1,1
2338,58,34,4,0,0,0,7,0,0
2339,1305,417,455,0,0,2,55,1,1
2340,193,108,66,0,0,8,14,1,0
2341,69,53,20,0,0,0,2,0,1
2342,117,87,28,0,0,0,5,0,1
2343,247,146,91,5,5,0,11,1,1
2344,122,89,35,2,2,0,7,0,1
2345,42,34,13,0,0,0,6,0,1
2346,1253,587,385,3,1,2,78,1,0
2347,4,4,0,0,0,0,0,0,0
2348,156,87,29,0,0,0,31,1,0
2349,132,97,45,0,0,2,9,0,0
2350,129,91,38,0,0,0,7,0,1
2351,24,23,10,0,0,0,0,0,1
2352,75,70,8,0,0,0,18,0,1
2353,775,317,292,0,0,0,36,1,0
2354,89,61,22,0,0,4,5,0,0
2355,133,101,51,0,0,0,3,0,1
2356,204,123,77,1,1,1,6,0,1
2357,33,30,11,0,0,0,12,0,1
2358,111,84,33,0,0,0,5,0,1
2359,22,18,5,0,0,0,3,0,1
2360,106,70,23,0,0,0,14,0,0
2361,35,32,8,0,0,0,0,0,0
2362,74,64,9,0,0,0,16,0,1
2363,62,50,28,0,0,0,0,0,0
2364,651,281,175,0,0,0,133,0,0
2365,480,276,160,0,0,0,23,1,1
2366,28,24,10,0,0,0,2,0,0
2367,70,63,12,0,0,0,3,1,1
2368,120,77,49,0,0,0,5,0,1
2369,75,66,10,0,0,0,15,0,1
2370,52,47,13,0,0,0,3,0,1
2371,75,60,24,0,0,0,7,0,0
2372,761,337,274,0,0,0,47,0,0
2373,49,47,15,1,1,2,3,0,1
2374,2151,603,774,0,0,1,64,2,0
2375,426,232,136,0,0,0,31,1,1
2376,25,24,5,1,1,0,2,0,0
2377,333,187,126,0,0,0,15,2,1
2378,378,178,96,1,1,10,21,1,0
2379,37,33,13,0,0,0,1,0,0
2380,164,104,43,0,0,0,16,0,0
2381,55,50,13,0,0,0,11,0,1
2382,262,153,99,0,0,0,7,0,0
2383,527,209,187,0,0,8,49,1,0
2384,95,43,8,0,0,0,12,0,0
2385,70,49,13,1,1,4,11,0,0
2386,272,156,95,0,0,0,6,1,1
2387,520,273,55,0,0,0,198,0,1
2388,55,28,5,0,0,0,9,0,1
2389,26,23,7,0,0,0,1,0,0
2390,80,67,20,0,0,0,2,0,1
2391,109,69,34,0,0,0,13,0,0
2392,546,238,207,0,0,1,14,0,0
2393,36,34,15,0,0,0,0,0,0
2394,368,187,120,2,2,1,13,1,1
2395,15,14,6,0,0,0,1,0,0
2396,598,265,189,1,1,1,15,1,0
2397,8,7,2,0,0,0,0,0,0
2398,281,183,96,0,0,0,32,0,1
2399,171,111,67,0,0,0,9,0,1
2400,126,82,47,0,0,0,9,0,0
2401,260,144,98,0,0,0,4,0,1
2402,168,110,51,0,0,0,1,0,1
2403,204,140,51,0,0,1,22,0,0
2404,56,55,6,0,0,0,20,0,1
2405,280,151,100,0,0,0,40,0,0
2406,76,57,22,0,0,0,3,0,0
2407,1364,556,467,0,0,0,21,2,1
2408,37,33,9,1,1,0,4,0,0
2409,201,153,33,0,0,0,27,0,0
2410,27,26,12,0,0,0,0,0,0
2411,23,20,11,0,0,0,1,0,0
2412,74,56,27,0,0,0,6,0,0
2413,686,335,196,3,3,4,60,0,0
2414,292,159,89,1,1,11,21,0,0
2415,126,89,52,0,0,0,8,0,1
2416,6,6,2,0,0,0,1,0,0
2417,170,104,48,6,2,1,3,0,1
2418,125,83,31,0,0,3,16,0,0
2419,710,320,90,0,0,0,198,1,1
2420,359,185,104,0,0,0,34,0,1
2421,52,46,10,0,0,0,7,1,1
2422,61,37,3,0,0,0,31,0,0
2423,157,97,60,0,0,0,10,0,0
2424,18,18,5,0,0,0,2,0,0
2425,48,25,21,0,0,0,0,0,0
2426,47,45,10,0,0,0,5,0,1
2427,157,101,48,2,1,1,18,0,1
2428,37,32,14,0,0,0,0,0,0
2429,79,68,14,0,0,0,14,0,1
2430,39,33,6,0,0,0,10,0,0
2431,537,250,104,0,0,38,75,0,0
2432,89,74,36,0,0,0,10,0,1
2433,84,81,13,0,0,0,22,0,1
2434,166,165,3,0,0,0,16,0,1
2435,25,24,5,0,0,0,3,0,1
2436,85,65,26,0,0,0,12,0,1
2437,8,8,1,0,0,0,1,0,1
2438,322,202,99,0,0,0,18,0,1
2439,8,8,2,0,0,0,0,0,0
2440,50,42,3,1,1,3,23,0,0
2441,79,69,14,0,0,0,16,0,1
2442,56,43,13,0,0,0,5,0,1
2443,179,112,62,0,0,0,9,1,1
2444,74,37,5,0,0,0,9,0,0
2445,200,128,68,0,0,0,14,1,0
2446,66,55,22,0,0,0,2,0,1
2447,47,42,11,0,0,0,1,1,1
2448,505,257,68,0,0,0,31,0,1
2449,833,394,259,0,0,0,94,0,1
2450,51,41,7,1,1,1,6,0,0
2451,2018,802,596,0,0,0,242,2,1
2452,142,89,44,0,0,0,6,0,1
2453,40,38,11,0,0,0,1,0,0
2454,90,64,31,0,0,0,4,0,0
2455,7,7,2,0,0,0,0,0,0
2456,510,232,115,0,0,5,33,0,0
2457,177,119,62,2,1,0,2,0,1
2458,133,78,56,0,0,0,14,0,0
2459,8,8,2,0,0,0,1,0,0
2460,130,78,42,0,0,0,3,0,0
2461,247,126,82,0,0,0,9,0,0
2462,189,112,43,2,2,7,22,0,0
2463,239,151,93,0,0,0,4,0,1
2464,484,282,148,1,1,7,22,1,0
2465,93,73,32,0,0,2,6,0,0
2466,90,63,44,0,0,0,1,0,0
2467,214,119,69,0,0,0,9,0,0
2468,152,109,58,0,0,0,13,0,1
2469,97,68,34,0,0,0,14,0,0
2470,6,6,2,0,0,0,0,0,1
2471,142,89,54,0,0,0,5,0,0
2472,77,62,21,0,0,0,4,0,1
2473,113,92,27,0,0,0,21,0,1
2474,608,288,96,0,0,0,150,0,0
2475,44,44,1,0,0,0,1,0,1
2476,13,13,7,0,0,0,0,0,0
2477,113,54,24,0,0,1,14,0,0
2478,60,49,8,0,0,0,6,0,1
2479,56,42,12,0,0,0,13,0,0
2480,129,88,36,1,1,0,6,0,0
2481,242,126,91,0,0,0,11,0,0
2482,229,142,100,1,1,0,8,0,0
2483,7,7,2,0,0,0,1,0,0
2484,29,28,10,0,0,0,2,0,0
2485,539,241,194,0,0,0,42,1,1
2486,123,94,29,1,1,0,12,0,1
2487,45,34,2,0,0,0,5,0,0
2488,106,62,28,0,0,0,18,0,0
2489,87,66,35,0,0,0,1,0,1
2490,59,50,24,0,0,0,3,0,1
2491,801,393,242,4,3,0,43,1,0
2492,47,41,6,0,0,0,7,0,0
2493,140,105,45,0,0,0,2,0,0
2494,216,136,73,0,0,0,7,1,0
2495,46,43,10,0,0,0,14,0,1
2496,9,9,0,0,0,0,2,0,1
2497,403,178,36,0,0,90,149,0,0
2498,40,34,8,0,0,0,4,0,1
2499,57,51,16,0,0,0,2,1,0
2500,1673,561,632,0,0,0,15,0,1
2501,959,393,323,0,0,0,14,1,1
2502,89,74,13,0,0,0,16,0,0
2503,187,125,53,3,3,1,14,0,1
2504,34,30,13,0,0,0,2,0,0
2505,35,30,7,0,0,0,1,0,1
2506,373,184,150,0,0,0,0,2,1
2507,122,89,35,2,2,0,7,0,1
2508,138,90,57,0,0,0,4,0,0
2509,371,231,99,0,0,0,33,1,1
2510,8,8,4,0,0,0,0,0,0
2511,457,248,116,0,0,0,18,1,0
2512,175,112,12,0,0,21,57,0,0
2513,98,80,25,0,0,0,7,1,1
2514,645,275,188,0,0,0,72,1,0
2515,698,275,243,0,0,0,19,2,0
2516,1689,693,449,0,0,0,70,2,1
2517,19,18,2,0,0,0,2,0,0
2518,50,48,13,0,0,0,3,0,1
2519,63,59,11,0,0,0,1,0,1
2520,84,61,9,0,0,3,8,0,0
2521,264,177,69,0,0,0,12,0,1
2522,78,40,4,0,0,0,12,0,1
2523,291,174,99,0,0,0,14,0,0
2524,22,20,7,0,0,0,1,0,1
2525,7,7,1,0,0,0,0,0,0
2526,2248,517,559,26,10,7,199,2,0
2527,1044,451,319,0,0,0,43,4,1
2528,131,88,7,0,0,1,80,0,1
2529,11,10,0,0,0,0,2,0,0
2530,41,35,15,0,0,0,1,2,1
2531,815,434,190,0,0,0,58,1,1
2532,561,269,195,0,0,4,28,0,0
2533,44,40,13,0,0,0,1,0,1
2534,12,10,4,0,0,0,0,0,1
2535,24,24,3,0,0,0,13,0,1
2536,10,10,4,0,0,0,0,0,0
2537,28,27,8,1,1,0,3,0,0
2538,84,67,22,0,0,0,8,0,0
2539,4,4,0,0,0,0,1,0,0
2540,22,20,9,0,0,0,1,0,0
2541,14,13,5,0,0,0,1,0,0
2542,391,182,111,0,0,9,28,0,0
2543,142,92,32,1,1,3,9,0,0
2544,226,133,98,0,0,0,0,0,1
2545,1410,568,407,0,0,1,67,1,0
2546,407,204,107,0,0,22,52,1,0
2547,31,25,10,0,0,0,2,0,0
2548,170,111,58,1,1,0,0,1,1
2549,334,169,141,0,0,0,7,0,0
2550,41,36,15,1,1,0,3,0,0
2551,188,129,69,0,0,0,2,1,1
2552,863,367,281,0,0,0,15,0,1
2553,51,36,23,0,0,0,4,0,0
2554,154,105,42,1,1,4,16,0,0
2555,559,277,186,0,0,1,42,0,0
2556,132,34,21,0,0,0,5,0,0
2557,175,107,62,0,0,0,9,0,0
2558,309,187,110,0,0,0,18,0,0
2559,56,43,13,0,0,0,5,0,1
2560,25,25,10,0,0,0,2,0,0
2561,406,208,148,0,0,0,24,2,1
2562,179,118,53,0,0,0,1,1,1
2563,62,53,1,0,0,0,45,0,1
2564,470,240,145,5,1,1,6,1,1
2565,13,11,5,0,0,0,0,0,1
2566,735,268,340,0,0,0,11,2,1
2567,20,18,7,0,0,0,1,0,0
2568,131,76,49,0,0,0,4,0,1
2569,69,51,19,0,0,0,6,1,0
2570,588,277,238,0,0,0,11,2,1
2571,27,23,6,0,0,0,3,0,1
2572,50,46,9,0,0,0,10,0,1
2573,213,128,68,0,0,0,20,0,0
2574,66,55,22,0,0,0,2,0,1
2575,23,19,3,0,0,1,0,0,0
2576,930,393,107,0,0,21,344,1,0
2577,9,9,1,0,0,0,0,0,1
2578,152,100,60,0,0,0,7,0,0
2579,133,108,27,0,0,0,8,0,1
2580,47,42,7,0,0,0,5,0,1
2581,119,76,40,0,0,0,0,2,1
2582,9,9,2,0,0,0,0,0,0
2583,707,310,159,26,3,2,23,2,0
2584,62,52,21,0,0,0,3,0,1
2585,144,104,51,0,0,0,3,1,1
2586,383,163,125,0,0,0,41,0,0
2587,262,139,79,0,0,0,20,0,0
2588,1505,462,476,0,0,0,186,2,0
2589,56,39,13,0,0,1,5,0,0
2590,269,150,96,0,0,0,12,0,0
2591,97,76,27,0,0,0,3,0,1
2592,30,28,10,0,0,0,0,0,1
2593,306,167,106,0,0,8,16,0,0
2594,378,169,168,0,0,0,9,0,1
2595,20,20,8,0,0,0,0,0,0
2596,33,29,16,0,0,0,0,0,0
2597,20,18,7,0,0,0,1,0,0
2598,75,43,14,0,0,4,19,0,0
2599,104,80,33,0,0,1,5,0,0
2600,157,101,36,2,2,1,24,0,0
2601,18,17,6,0,0,0,0,0,0
2602,94,60,28,0,0,3,8,0,0
2603,178,90,37,0,0,0,21,0,0
2604,63,50,27,0,0,0,0,0,1
2605,24,22,0,0,0,0,4,0,0
2606,102,78,3,0,0,0,24,0,0
2607,191,90,48,0,0,0,25,0,0
2608,343,178,112,0,0,3,37,0,0
2609,505,234,207,2,2,1,16,2,1
2610,117,89,27,0,0,2,13,0,0
2611,343,190,125,4,3,0,7,1,1
2612,45,31,7,0,0,0,18,0,0
2613,335,150,123,0,0,0,6,2,1
2614,558,290,162,0,0,0,24,2,1
2615,370,173,114,0,0,0,10,0,0
2616,283,157,106,0,0,0,7,0,0
2617,175,110,50,0,0,4,9,0,0
2618,44,37,9,0,0,0,4,0,1
2619,86,74,25,2,1,0,1,0,1
2620,52,40,27,0,0,0,2,0,0
2621,105,83,25,3,3,1,11,0,1
2622,27,24,9,0,0,0,2,0,1
2623,39,33,2,0,0,0,7,0,0
2624,75,63,14,2,1,0,2,0,1
2625,185,111,79,0,0,0,2,0,0
2626,186,116,63,0,0,0,11,0,0
2627,27270,4360,8521,9,2,8,874,6,0
2628,169,122,38,0,0,0,16,0,1
2629,79,64,35,0,0,0,2,1,0
2630,41,34,17,0,0,0,1,0,0
2631,68,61,8,0,0,0,13,0,1
2632,108,75,29,0,0,0,15,0,0
2633,13,13,4,0,0,0,0,0,0
2634,34,23,4,3,3,1,11,0,1
2635,17,16,6,0,0,0,0,0,0
2636,25,23,6,0,0,0,2,0,0
2637,180,119,71,0,0,0,24,0,1
2638,35,34,7,0,0,0,7,0,1
2639,275,166,33,0,0,32,75,0,0
2640,24,22,0,0,0,0,4,0,0
2641,80,66,16,0,0,0,24,1,1
2642,120,81,38,0,0,0,7,0,1
2643,103,74,41,0,0,0,4,1,0
2644,67,30,21,0,0,2,11,0,0
2645,56,48,17,0,0,0,7,0,0
2646,117,88,29,0,0,0,10,0,1
2647,69,63,11,0,0,0,12,0,1
2648,70,37,21,0,0,2,12,0,0
2649,231,125,74,0,0,2,21,0,0
2650,182,103,41,0,0,0,32,2,1
2651,312,164,73,0,0,0,23,0,0
2652,10,10,6,0,0,0,0,0,0
2653,103,77,39,0,0,0,8,0,0
2654,472,226,173,0,0,4,32,0,0
2655,184,123,53,0,0,0,3,0,0
2656,43,37,12,0,0,1,4,0,0
2657,183,114,76,0,0,0,2,0,1
2658,40,36,9,0,0,0,3,0,0
2659,174,129,39,2,2,1,20,0,0
2660,3192,772,1020,2,1,33,392,1,0
2661,147,101,52,0,0,0,5,1,0
2662,110,72,38,0,0,0,6,0,1
2663,965,423,322,0,0,0,30,2,1
2664,139,66,18,0,0,1,38,0,0
2665,136,93,54,0,0,0,3,0,1
2666,443,235,151,0,0,0,7,1,1
2667,131,88,31,0,0,0,14,1,0
2668,331,196,72,2,1,1,32,0,0
2669,52,44,16,0,0,0,2,0,1
2670,10,10,1,0,0,0,3,0,1
2671,1504,211,71,0,0,0,634,0,1
2672,42,36,14,0,0,0,0,0,0
2673,42,37,11,0,0,0,4,0,0
2674,73,63,8,0,0,0,18,0,1
2675,76,63,21,0,0,0,4,0,1
2676,24,21,12,0,0,0,2,0,0
2677,38,35,6,0,0,0,1,0,1
2678,45,34,9,0,0,0,5,0,0
2679,125,98,44,0,0,0,8,0,1
2680,143,61,4,4,4,2,42,0,1
2681,24,24,2,0,0,0,9,0,1
2682,77,69,18,0,0,0,9,0,1
2683,79,66,24,0,0,0,5,0,1
2684,15,13,4,0,0,0,1,0,0
2685,87,52,22,0,0,0,5,0,1
2686,90,73,19,0,0,0,9,0,1
2687,36,34,13,0,0,0,2,0,0
2688,232,130,44,0,0,1,41,0,0
2689,34,20,0,9,9,0,6,0,0
2690,20,19,10,0,0,0,0,0,0
2691,31,28,0,0,0,0,5,0,0
2692,214,118,89,0,0,0,7,0,0
2693,9,9,3,0,0,0,0,0,1
2694,46,40,19,0,0,0,1,0,0
2695,15929,2983,5102,8,4,3,430,6,0
2696,59,52,18,0,0,0,1,0,1
2697,50,33,12,0,0,0,4,0,0
2698,1014,437,324,0,0,7,74,1,0
2699,98,69,38,0,0,0,3,1,1
2700,115,85,12,0,0,0,37,0,1
2701,67,51,27,0,0,0,2,0,0
2702,129,91,38,2,1,0,2,0,1
2703,72,60,23,0,0,0,6,0,0
2704,60,49,9,0,0,0,9,0,1
2705,70,65,6,0,0,0,0,0,1
2706,91,73,31,0,0,0,8,1,1
2707,39,28,17,0,0,0,0,0,0
2708,37,33,10,0,0,0,1,0,0
2709,229,120,75,0,0,0,11,0,0
2710,319,161,118,0,0,1,12,0,0
2711,105,65,27,0,0,2,19,0,0
2712,98,80,18,0,0,0,18,0,1
2713,153,96,45,2,1,0,6,0,1
2714,257,180,93,0,0,0,4,0,1
2715,85,66,24,0,0,0,10,0,1
2716,97,69,12,0,0,0,28,0,1
2717,1084,275,416,0,0,0,76,3,1
2718,68,56,24,0,0,0,1,0,0
2719,77,66,25,0,0,0,5,0,0
2720,24,23,8,1,1,0,3,0,0
2721,1002,501,317,0,0,0,135,0,1
2722,25,21,3,1,1,0,2,0,1
2723,217,135,77,0,0,0,3,0,1
2724,73,55,25,0,0,0,1,0,1
2725,48,37,18,0,0,0,4,0,0
2726,235,150,60,2,1,1,8,0,1
2727,191,106,60,2,1,1,11,0,0
2728,61,51,22,0,0,0,7,0,1
2729,76,65,27,0,0,1,5,0,0
2730,52,41,23,0,0,0,0,0,0
2731,84,64,26,0,0,0,3,0,0
2732,6,6,2,0,0,0,0,0,0
2733,92,71,30,0,0,0,2,0,0
2734,179,125,53,0,0,0,4,0,1
2735,97,69,47,0,0,0,2,0,1
2736,44,40,16,0,0,0,2,0,1
2737,19,17,6,0,0,0,2,0,1
2738,222,123,56,0,0,0,12,1,1
2739,235,146,74,0,0,0,2,2,1
2740,482,263,88,0,0,1,78,0,0
2741,785,365,199,14,11,0,64,0,0
2742,103,100,6,0,0,0,12,0,1
2743,170,111,54,0,0,0,3,0,1
2744,82,63,7,4,4,1,36,0,1
2745,30,26,16,0,0,0,1,0,0
2746,403,209,165,0,0,0,15,2,1
2747,482,225,174,2,1,0,17,0,0
2748,103,70,27,3,3,1,13,0,1
2749,13,13,0,0,0,0,4,0,1
2750,278,192,103,0,0,0,15,0,1
2751,182,136,63,0,0,0,25,0,1
2752,258,147,82,0,0,0,2,1,1
2753,119,83,41,0,0,0,15,0,1
2754,838,372,204,0,0,0,46,0,1
2755,372,212,119,2,2,3,24,0,0
2756,58,54,11,0,0,1,3,0,0
2757,11,11,5,0,0,0,1,0,0
2758,43,27,16,0,0,0,7,0,1
2759,71,59,25,1,1,2,4,0,1
2760,286,157,126,0,0,0,7,0,1
2761,394,242,107,1,1,0,17,0,0
2762,5,4,0,0,0,0,2,0,0
2763,113,67,46,0,0,0,5,0,1
2764,26,26,4,0,0,0,5,0,1
2765,189,126,71,1,1,2,11,0,0
2766,174,95,52,0,0,5,14,0,0
2767,73,63,22,0,0,0,3,0,0
2768,2594,688,1058,5,5,0,24,1,1
2769,123,90,37,1,1,0,6,0,1
2770,273,171,79,1,1,1,13,1,0
2771,45,39,20,0,0,0,3,0,0
2772,52,48,15,0,0,0,4,0,1
2773,44,33,9,0,0,0,10,0,0
2774,18,18,5,0,0,0,0,0,1
2775,113,104,4,0,0,0,27,0,0
2776,401,191,137,0,0,2,28,3,0
2777,172,117,27,0,0,0,27,1,0
2778,88,56,8,0,0,0,6,0,1
2779,177,122,62,1,1,1,12,2,0
2780,1248,471,429,0,0,0,83,3,0
2781,60,49,9,0,0,0,8,0,1
2782,269,137,48,0,0,0,102,0,0
2783,45,42,9,0,0,0,2,0,1
2784,68,59,15,0,0,0,6,0,1
2785,48,46,11,0,0,0,14,0,1
2786,242,167,73,0,0,0,8,0,0
2787,1481,576,21,14,4,14,677,0,1
2788,848,357,267,0,0,3,59,0,0
2789,68,58,28,0,0,0,2,0,1
2790,487,282,186,0,0,0,49,0,1
2791,189,106,76,0,0,0,11,0,1
2792,132,84,56,0,0,0,4,0,0
2793,237,108,86,0,0,0,36,0,0
2794,67,66,7,0,0,0,2,0,1
2795,70,48,12,0,0,0,2,0,1
2796,3,3,0,0,0,0,0,0,1
2797,468,249,171,0,0,0,30,1,1
2798,10,7,1,0,0,0,0,0,0
2799,53,27,1,0,0,0,2,1,0
2800,552,265,219,0,0,0,19,2,1
2801,1479,401,366,32,3,3,145,0,0
2802,45,45,0,0,0,0,6,0,1
2803,143,95,43,0,0,2,8,1,0
2804,21,19,0,0,0,0,1,0,0
2805,73,67,9,0,0,0,13,0,1
2806,15,14,6,0,0,0,0,0,0
2807,589,268,160,0,0,0,24,0,0
2808,193,122,47,0,0,0,12,1,1
2809,84,70,16,0,0,0,29,1,1
2810,109,77,38,1,1,1,7,0,0
2811,132,115,25,0,0,0,7,0,1
2812,470,237,160,0,0,0,24,1,0
2813,75,57,26,1,1,1,7,0,1
2814,1371,476,485,0,0,0,57,0,0
2815,6,6,1,0,0,0,0,0,0
2816,687,296,190,0,0,0,33,0,1
2817,156,99,60,0,0,2,12,1,0
2818,101,62,39,0,0,0,0,0,1
2819,238,139,61,8,3,4,27,0,0
2820,50,43,10,0,0,0,0,0,0
2821,409,202,141,0,0,0,29,0,0
2822,247,135,68,0,0,1,19,0,0
2823,387,172,114,0,0,17,33,2,0
2824,21,21,4,0,0,0,3,0,1
2825,10,10,3,0,0,0,0,0,1
2826,204,116,67,0,0,1,13,0,0
2827,76,59,27,0,0,0,15,0,1
2828,101,52,26,0,0,0,23,0,0
2829,289,156,89,0,0,0,24,0,0
2830,235,144,83,0,0,0,4,0,1
2831,17,16,5,0,0,0,0,0,0
2832,8,8,1,0,0,0,0,0,0
2833,380,195,121,0,0,1,18,2,0
2834,144,96,56,0,0,0,3,0,0
2835,273,140,114,0,0,0,4,0,1
2836,357,238,77,0,0,0,46,1,1
2837,122,94,43,3,3,0,10,0,0
2838,173,98,57,3,2,0,4,0,1
2839,233,98,48,0,0,0,13,1,0
2840,62,47,22,0,0,0,5,1,1
2841,37,33,13,0,0,0,1,0,0
2842,153,105,44,0,0,4,20,0,0
2843,105,88,25,0,0,0,14,0,0
2844,67,54,19,2,1,0,2,0,1
2845,101,74,37,0,0,0,3,1,0
2846,121,75,42,1,1,0,4,0,1
2847,46,29,17,0,0,0,5,0,1
2848,42,38,14,0,0,0,5,0,1
2849,363,180,111,0,0,6,38,0,0
2850,253,179,70,0,0,0,2,0,1
2851,29,28,6,0,0,0,2,0,0
2852,88,65,17,0,0,0,14,0,1
2853,474,241,175,3,1,1,10,0,1
2854,75,52,31,0,0,0,2,0,0
2855,100,71,43,0,0,0,5,0,1
2856,124,66,29,0,0,0,28,0,0
2857,166,122,36,0,0,0,8,1,1
2858,34,32,5,0,0,0,2,0,1
2859,173,97,57,3,2,0,4,0,1
2860,113,83,26,4,4,3,18,0,1
2861,17,17,4,0,0,0,0,0,0
2862,208,135,68,0,0,0,6,0,1
2863,341,207,100,0,0,0,8,0,1
2864,197,125,60,2,1,0,20,1,0
2865,340,228,90,0,0,0,24,0,1
2866,86,66,31,0,0,0,11,0,1
2867,840,348,273,0,0,0,43,1,1
2868,24,22,0,0,0,0,4,0,0
2869,24,22,0,0,0,0,4,0,0
2870,112,90,27,0,0,0,13,0,0
2871,351,197,143,0,0,0,6,1,1
2872,142,76,32,0,0,0,33,1,0
2873,43,39,12,0,0,0,6,0,1
2874,17,17,4,0,0,0,0,0,0
2875,104,82,33,0,0,0,8,0,1
2876,172,105,61,1,1,0,2,0,1
2877,66,62,9,0,0,0,14,0,1
2878,421,199,156,0,0,2,4,0,1
2879,50,49,5,0,0,0,4,0,1
2880,489,236,69,0,0,0,31,0,1
2881,447,221,147,4,4,13,45,1,0
2882,197,109,56,0,0,0,4,0,1
2883,35,32,8,0,0,0,7,0,1
2884,348,184,71,1,1,1,87,0,0
2885,21,19,9,0,0,0,2,0,0
2886,10,10,3,0,0,0,0,0,0
2887,98,79,22,0,0,1,6,0,1
2888,25,20,9,0,0,0,0,0,0
2889,34,21,5,0,0,0,8,0,1
2890,338,158,127,0,0,0,16,0,0
2891,76,63,25,0,0,0,1,0,1
2892,423,192,69,0,0,17,132,0,0
2893,572,246,237,0,0,0,21,2,0
2894,109,79,34,0,0,0,7,0,1
2895,399,181,124,0,0,0,48,0,0
2896,111,89,23,0,0,0,5,0,1
2897,623,229,259,0,0,0,25,0,0
2898,104,76,32,0,0,1,10,1,0
2899,86,66,33,0,0,0,9,0,1
2900,94,73,23,0,0,0,4,0,1
2901,449,254,151,0,0,0,11,2,1
2902,269,149,108,0,0,0,9,0,1
2903,766,342,235,0,0,0,15,1,1
2904,97,73,18,2,1,0,7,0,0
2905,529,252,132,0,0,0,99,0,0
2906,50,41,21,0,0,0,1,0,1
2907,229,132,60,6,1,1,24,1,0
2908,910,359,303,0,0,1,5,1,1
2909,1393,598,489,0,0,0,125,2,1
2910,101,82,20,0,0,0,28,0,1
2911,185,111,79,0,0,0,2,1,0
2912,33,23,5,0,0,0,3,0,0
2913,172,120,45,0,0,0,4,0,1
2914,251,143,95,0,0,0,3,0,1
2915,1372,542,374,21,3,0,79,1,0
2916,418,217,137,0,0,3,35,0,0
2917,115,82,42,0,0,0,6,0,1
2918,99,80,21,0,0,0,19,0,1
2919,224,100,89,0,0,4,10,1,0
2920,175,105,61,0,0,0,14,1,0
2921,162,92,37,0,0,0,30,0,0
2922,45,39,10,0,0,0,3,0,0
2923,308,157,107,1,1,1,14,0,0
2924,117,72,35,0,0,0,9,0,1
2925,1558,572,481,9,4,2,83,1,0
2926,106,81,32,1,1,0,7,0,0
2927,37,32,6,0,0,0,14,1,1
2928,26,25,1,0,0,1,3,0,0
2929,24,21,1,0,0,0,0,0,0
2930,94,76,33,0,0,0,2,0,1
2931,227,128,98,0,0,0,4,0,1
2932,202,101,62,0,0,0,1,0,0
2933,1279,559,337,12,4,0,115,1,0
2934,90,75,21,0,0,1,15,0,1
2935,47,42,8,0,0,0,7,0,1
2936,114,68,34,0,0,0,18,0,0
2937,296,168,85,0,0,0,15,0,1
2938,109,76,42,1,1,0,2,0,0
2939,178,116,48,0,0,4,10,1,0
2940,65,56,24,0,0,0,3,0,1
2941,34,20,0,9,9,0,6,0,0
2942,98,65,22,0,0,0,5,1,0
2943,77,45,21,0,0,0,8,0,0
2944,267,155,50,0,0,0,54,0,1
2945,135,96,31,0,0,0,17,0,0
2946,229,131,73,0,0,8,14,0,0
2947,117,74,24,0,0,0,31,0,0
2948,1206,495,380,0,0,0,123,1,1
2949,85,66,25,0,0,0,9,0,1
2950,175,109,44,0,0,0,18,0,0
2951,39,34,8,0,0,0,5,0,1
2952,121,89,36,1,1,0,6,0,1
2953,1068,366,17,0,0,276,484,0,0
2954,79,68,14,0,0,0,17,0,1
2955,98,64,27,1,1,0,8,1,0
2956,141,81,35,3,1,2,15,1,0
2957,47,40,14,2,2,0,5,0,0
2958,80,59,23,0,0,0,3,0,1
2959,657,340,210,0,0,0,88,0,1
2960,1133,523,348,0,0,0,137,0,1
2961,68,54,15,0,0,0,6,1,1
2962,90,72,21,0,0,0,9,0,1
2963,32,31,7,0,0,0,3,0,0
2964,248,130,78,0,0,2,14,0,0
2965,376,187,105,2,1,14,21,0,0
2966,25,20,2,0,0,0,4,0,1
2967,378,191,69,0,0,26,67,1,0
2968,156,67,38,0,0,13,19,0,0
2969,46,41,13,0,0,0,4,0,1
2970,55,43,4,0,0,3,13,1,0
2971,26,24,10,0,0,0,2,0,0
2972,39,35,15,0,0,0,1,0,0
2973,42,35,12,0,0,0,2,0,1
2974,998,410,348,0,0,0,107,0,1
2975,128,80,47,0,0,0,13,0,0
2976,281,154,106,2,1,1,5,0,0
2977,598,213,224,0,0,8,27,1,0
2978,152,113,43,0,0,0,17,0,1
2979,70,54,31,0,0,0,0,0,0
2980,124,88,34,0,0,0,11,0,0
2981,890,872,6,0,0,0,85,0,1
2982,655,315,195,2,2,0,14,0,0
2983,588,288,170,0,0,4,90,0,0
2984,5,4,0,0,0,0,2,0,0
2985,49,49,0,0,0,0,6,0,1
2986,128,78,42,4,2,0,4,1,1
2987,63,46,14,3,3,1,11,0,1
2988,180,134,58,0,0,0,5,0,1
2989,50,45,10,0,0,0,10,0,1
2990,121,95,16,0,0,0,33,0,1
2991,49,48,8,0,0,0,17,0,1
2992,574,101,90,0,0,0,199,0,1
2993,97,68,30,0,0,0,10,0,0
2994,159,99,51,0,0,0,11,0,1
2995,266,156,89,0,0,0,21,0,1
2996,434,240,132,0,0,0,17,1,1
2997,605,311,226,0,0,7,20,0,0
2998,34,32,12,0,0,0,2,0,0
2999,68,63,8,0,0,0,15,0,1
3000,532,280,181,0,0,0,14,2,1
3001,45,39,11,0,0,0,3,0,1
3002,284,186,94,3,3,0,26,2,1
3003,52,42,11,0,0,0,12,0,1
3004,69,60,14,2,1,0,2,0,1
3005,146,97,49,0,0,0,6,0,1
3006,69,58,22,0,0,0,6,0,1
3007,182,175,16,0,0,0,20,0,1
3008,31,27,6,0,0,0,6,0,0
3009,46,39,21,0,0,0,0,0,0
3010,45,45,0,0,0,0,8,1,1
3011,216,115,21,0,0,0,19,0,1
3012,119,83,34,2,2,2,12,0,1
3013,720,329,253,0,0,0,10,0,0
3014,339,198,103,0,0,0,13,0,1
3015,326,185,112,0,0,0,7,0,1
3016,92,72,22,0,0,0,12,0,1
3017,172,106,51,4,3,2,12,0,0
3018,38,34,12,0,0,1,3,0,0
3019,74,46,18,0,0,1,5,0,0
3020,192,130,57,0,0,0,5,0,0
3021,22,21,8,0,0,0,3,0,0
3022,52,41,13,0,0,0,4,0,1
3023,267,159,116,0,0,0,12,0,0
3024,52,34,4,0,0,0,9,0,1
3025,650,279,249,0,0,0,4,2,1
3026,68,61,8,0,0,0,17,0,1
3027,711,248,243,2,1,12,39,0,0
3028,109,62,26,0,0,2,17,0,0
3029,421,201,21,0,0,3,124,0,0
3030,56,52,10,0,0,0,12,0,1
3031,423,220,123,0,0,1,11,0,0
3032,292,170,112,0,0,0,3,0,1
3033,413,183,123,1,1,0,60,0,0
3034,91,82,13,0,0,0,5,0,1
3035,1494,513,598,0,0,8,38,0,0
3036,38,34,7,0,0,0,4,0,1
3037,206,138,62,0,0,0,16,1,1
3038,56,43,14,0,0,0,8,0,0
3039,38,35,11,0,0,0,5,0,0
3040,483,247,175,6,3,1,17,0,1
3041,225,122,65,0,0,7,28,0,0
3042,35,35,2,0,0,0,4,0,1
3043,122,58,18,0,0,0,14,1,0
3044,571,289,209,0,0,0,11,2,1
3045,68,60,23,0,0,0,2,0,1
3046,67,55,23,0,0,0,2,0,0
3047,275,152,1,0,0,0,152,0,1
3048,381,200,144,0,0,1,10,2,0
3049,18,18,2,0,0,0,3,0,0
3050,377,186,17,0,0,1,96,0,0
3051,26,25,9,0,0,0,2,0,0
3052,358,177,126,0,0,0,12,0,1
3053,85,67,25,0,0,0,11,0,1
3054,177,112,53,1,1,1,1,1,1
3055,165,81,19,0,0,0,42,0,0
3056,228,90,22,0,0,0,17,0,1
3057,83,64,30,0,0,0,3,0,1
3058,140,100,55,0,0,0,4,0,1
3059,81,74,14,0,0,0,15,0,1
3060,494,284,162,0,0,1,23,1,1
3061,46,46,0,0,0,0,7,0,1
3062,97,78,24,0,0,1,7,0,0
3063,113,57,32,0,0,2,15,0,0
3064,377,221,99,0,0,0,28,1,1
3065,36,30,14,0,0,0,1,0,1
3066,802,371,279,6,4,0,20,0,0
3067,128,96,29,2,2,1,10,0,1
3068,47,39,12,0,0,0,0,0,1
3069,641,337,206,0,0,0,60,0,1
3070,18,17,2,0,0,0,3,0,0
3071,264,135,118,0,0,0,5,1,1
3072,122,85,35,0,0,0,5,0,0
3073,230,120,20,0,0,0,100,0,0
3074,80,64,33,0,0,0,9,0,1
3075,313,181,124,0,0,0,28,0,1
3076,62,50,28,0,0,0,2,0,0
3077,1218,555,375,0,0,0,151,0,1
3078,361,204,141,0,0,0,16,0,0
3079,5,5,1,0,0,0,0,0,0
3080,28,25,8,0,0,0,2,0,0
3081,220,129,64,0,0,0,37,0,0
3082,31,18,9,0,0,0,1,0,1
3083,495,242,215,0,0,0,6,3,1
3084,72,55,18,0,0,0,13,0,0
3085,151,94,47,3,3,3,13,0,1
3086,302,175,91,1,1,1,9,0,0
3087,217,122,18,0,0,14,45,0,0
3088,1039,455,328,0,0,0,20,0,0
3089,71,52,21,0,0,0,5,0,0
3090,402,201,124,5,5,2,24,1,1
3091,52,42,21,0,0,0,5,0,0
3092,243,153,62,0,0,0,13,0,1
3093,18,17,9,0,0,0,0,0,0
3094,57,47,18,2,2,1,4,0,1
3095,71,53,20,0,0,1,6,0,1
3096,79,69,14,0,0,0,16,0,1
3097,242,145,70,0,0,0,32,1,0
3098,52,44,6,0,0,0,5,0,1
3099,39,37,4,0,0,1,6,0,0
3100,12,12,2,0,0,0,1,0,1
3101,607,330,165,0,0,0,95,0,0
3102,262,142,64,0,0,1,57,0,0
3103,121,86,40,0,0,0,11,0,0
3104,31,31,2,0,0,0,4,0,1
3105,191,105,69,0,0,0,6,2,0
3106,40,40,4,0,0,0,8,0,1
3107,255,159,106,0,0,0,3,0,1
3108,34,31,14,0,0,0,0,0,0
3109,143,78,54,0,0,0,27,0,0
3110,376,211,63,0,0,0,86,0,0
3111,59,49,13,0,0,0,3,0,1
3112,221,139,60,0,0,0,14,0,1
3113,73,57,19,2,1,0,4,0,1
3114,123,84,48,0,0,0,0,0,1
3115,630,243,229,0,0,0,14,0,0
3116,262,181,60,2,2,3,20,0,1
3117,874,228,275,0,0,0,54,0,0
3118,57,48,14,0,0,0,5,1,1
3119,139,85,58,0,0,0,15,0,1
3120,148,135,23,0,0,0,8,1,1
3121,216,125,85,1,1,0,2,0,1
3122,303,144,41,0,0,0,24,0,0
3123,263,135,76,0,0,0,6,0,1
3124,19,17,3,0,0,0,5,0,1
3125,61,52,21,1,1,0,4,0,0
3126,236,126,92,0,0,3,7,0,0
3127,11,11,1,0,0,0,2,0,1
3128,100,64,27,0,0,0,3,0,1
3129,539,241,194,0,0,0,42,1,1
3130,6,6,3,0,0,0,0,0,0
3131,58,45,14,0,0,0,5,0,1
3132,114,88,37,0,0,0,4,0,1
3133,100,80,22,3,3,1,12,0,1
3134,61,57,8,0,0,0,14,0,1
3135,403,223,175,0,0,0,4,1,1
3136,186,130,51,1,1,0,36,0,0
3137,216,124,71,0,0,0,18,1,0
3138,14,14,5,0,0,0,0,0,0
3139,22,20,9,0,0,0,0,0,0
3140,42,41,2,0,0,1,15,0,0
3141,255,159,98,0,0,3,6,0,0
3142,116,74,42,0,0,0,7,1,0
3143,2289,666,884,0,0,0,31,4,1
3144,39,33,18,0,0,0,1,0,0
3145,10,10,0,0,0,0,5,0,1
3146,172,90,64,1,1,0,7,0,1
3147,110,74,38,0,0,0,5,0,0
3148,221,144,52,3,3,5,35,0,0
3149,119,94,34,0,0,0,6,0,1
3150,472,255,136,0,0,0,24,1,1
3151,388,242,106,0,0,0,39,0,1
3152,60,53,6,0,0,1,8,0,0
3153,62,54,10,0,0,0,11,0,1
3154,53,53,5,0,0,0,3,0,1
3155,12,12,3,0,0,0,0,0,0
3156,39,31,8,0,0,3,3,0,0
3157,188,125,54,2,1,1,7,0,0
3158,199,141,66,0,0,0,3,0,1
3159,268,142,130,0,0,0,2,1,1
3160,117,85,31,0,0,0,3,0,1
3161,47,21,0,0,0,0,2,0,0
3162,121,79,38,0,0,0,10,0,1
3163,391,230,135,1,1,3,38,0,0
3164,743,291,226,0,0,1,29,1,1
3165,62,49,17,0,0,1,2,0,0
3166,51,44,13,0,0,1,4,0,0
3167,29,24,4,0,0,0,2,0,1
3168,35,31,9,1,1,0,5,0,0
3169,145,80,47,0,0,0,8,0,0
3170,262,137,76,0,0,0,12,0,1
3171,324,144,134,0,0,0,4,0,0
3172,389,212,47,0,0,18,99,0,0
3173,644,625,4,0,0,0,52,1,1
3174,108,82,36,0,0,0,10,1,1
3175,60,58,5,0,0,0,1,0,1
3176,56,48,10,1,1,1,6,0,0
3177,61,49,18,0,0,0,19,0,1
3178,208,131,67,0,0,1,6,0,1
3179,108,74,22,0,0,2,5,0,0
3180,6,6,2,0,0,0,0,0,1
3181,69,53,24,0,0,0,0,0,1
3182,226,142,78,0,0,0,7,1,1
3183,596,286,240,0,0,0,14,3,1
3184,530,257,230,0,0,0,1,0,1
3185,300,148,59,0,0,2,24,1,0
3186,5,5,1,0,0,0,0,0,1
3187,219,96,54,0,0,5,36,0,0
3188,106,72,42,0,0,0,5,1,1
3189,409,228,128,0,0,0,12,1,1
3190,72,71,3,0,0,0,30,0,1
3191,46,41,6,0,0,0,3,0,0
3192,107,74,38,0,0,0,10,0,0
3193,24,23,8,0,0,0,1,0,0
3194,111,82,37,0,0,0,9,0,0
3195,1134,407,450,0,0,0,9,0,1
3196,120,76,42,4,2,0,9,0,1
3197,30,28,9,0,0,0,3,0,0
3198,1122,449,375,0,0,14,76,1,0
3199,49,47,3,0,0,0,5,0,1
3200,807,324,330,0,0,0,10,0,1
3201,127,89,20,0,0,0,16,0,1
3202,184,114,63,0,0,0,4,3,1
3203,2787,762,1102,0,0,0,43,3,1
3204,110,75,47,3,3,1,3,0,1
3205,69,55,14,0,0,0,15,0,0
3206,1214,496,386,0,0,0,114,1,1
3207,53,51,6,0,0,0,2,0,1
3208,808,376,255,5,4,6,31,3,1
3209,91,72,19,0,0,0,14,0,1
3210,58,47,15,0,0,0,9,0,0
3211,126,94,20,1,1,0,14,0,0
3212,39,32,16,0,0,0,1,1,0
3213,334,160,107,0,0,0,20,0,0
3214,50,48,13,0,0,0,8,0,1
3215,22,17,2,0,0,2,6,0,0
3216,469,284,129,0,0,0,33,3,0
3217,194,113,69,1,1,0,7,0,1
3218,134,91,51,0,0,0,8,0,0
3219,88,85,4,0,0,0,12,0,1
3220,69,65,16,0,0,0,25,0,1
3221,209,118,76,0,0,0,24,0,0
3222,73,60,33,0,0,0,1,0,0
3223,127,94,32,0,0,1,5,1,0
3224,50,43,13,0,0,0,8,0,0
3225,88,67,27,0,0,0,2,0,1
3226,50,39,13,0,0,1,1,0,0
3227,39,36,9,0,0,0,0,0,1
3228,257,139,104,1,1,0,22,1,0
3229,220,124,90,0,0,0,6,0,0
3230,127,82,49,0,0,0,2,0,0
3231,338,282,65,0,0,0,36,0,1
3232,62,50,28,0,0,0,5,0,0
3233,18,17,8,0,0,0,1,0,0
3234,550,321,174,0,0,0,90,0,1
3235,185,108,65,0,0,0,4,1,1
3236,143,110,38,0,0,1,8,0,1
3237,207,130,63,1,1,2,10,1,0
3238,46,44,12,0,0,0,10,0,1
3239,14,14,4,0,0,0,0,0,0
3240,161,85,44,0,0,0,13,0,0
3241,75,72,7,0,0,0,1,0,1
3242,190,179,19,0,0,0,10,0,1
3243,494,284,162,0,0,1,23,1,1
3244,148,134,24,0,0,0,13,1,1
3245,504,233,216,0,0,0,9,3,1
3246,133,99,47,0,0,0,11,0,0
3247,19,18,0,0,0,1,3,0,0
3248,90,75,21,0,0,1,15,0,1
3249,311,175,79,0,0,0,41,0,0
3250,72,53,23,0,0,0,4,0,0
3251,80,56,37,0,0,0,2,0,0
3252,259,158,45,4,3,0,23,0,1
3253,74,63,17,0,0,0,5,0,1
3254,10,10,3,0,0,0,2,0,1
3255,5,5,1,0,0,0,0,0,1
3256,45,37,14,0,0,0,2,0,1
3257,186,110,56,1,1,5,16,0,0
3258,85,67,25,0,0,0,9,0,1
3259,46,43,10,0,0,0,14,0,1
3260,293,181,109,1,1,0,16,1,1
3261,77,67,11,0,0,0,16,0,1
3262,211,131,71,1,1,4,19,0,0
3263,159,106,54,0,0,3,19,0,0
3264,336,332,5,0,0,0,43,1,1
3265,31,30,3,0,0,1,4,0,0
3266,46,42,6,0,0,0,3,0,1
3267,19,17,8,0,0,0,1,0,0
3268,70,51,11,0,0,0,13,0,0
3269,147,99,29,0,0,0,3,0,1
3270,333,118,0,0,0,0,168,0,1
3271,88,44,21,0,0,0,5,0,0
3272,419,276,104,0,0,0,60,1,1
3273,46,40,12,1,1,1,9,0,1
3274,214,137,22,0,0,0,60,0,1
3275,1476,162,512,0,0,4,56,0,0
3276,10,9,1,0,0,0,1,0,1
3277,308,159,125,0,0,0,20,1,1
3278,43,35,14,0,0,0,9,0,1
3279,133,85,37,0,0,0,4,0,1
3280,792,338,88,0,0,0,116,0,0
3281,52,46,14,0,0,0,5,0,1
3282,323,172,68,0,0,1,75,0,0
3283,234,146,58,0,0,0,16,1,1
3284,560,236,261,2,2,2,4,0,1
3285,7,7,2,0,0,0,0,0,0
3286,1299,527,445,0,0,0,26,2,1
3287,163,86,6,0,0,0,63,0,1
3288,28,26,4,0,0,0,5,0,0
3289,2464,715,976,0,0,0,41,3,1
3290,28,24,16,0,0,0,2,0,0
3291,220,121,89,0,0,0,15,0,0
3292,147,57,56,0,0,0,6,0,1
3293,549,185,166,0,0,24,53,0,0
3294,460,230,156,0,0,5,26,0,0
3295,210,140,67,3,1,1,18,1,0
3296,122,89,35,2,2,0,7,0,1
3297,205,202,10,0,0,0,17,0,1
3298,198,142,70,0,0,0,12,0,1
3299,27,26,14,0,0,0,1,0,0
3300,102,67,6,0,0,0,25,0,1
3301,504,252,129,13,2,2,45,1,0
3302,166,92,47,0,0,0,13,0,1
3303,46,30,23,0,0,0,1,0,0
3304,36,30,2,0,0,0,4,0,0
3305,167,123,36,3,3,1,20,0,1
3306,888,359,263,0,0,0,83,1,0
3307,113,68,44,0,0,0,4,1,1
3308,105,70,36,0,0,0,5,0,1
3309,23,22,7,0,0,0,0,0,0
3310,1584,631,372,4,3,0,222,2,0
3311,171,101,50,7,5,1,16,0,1
3312,53,39,13,0,0,0,0,0,1
3313,190,109,71,0,0,0,10,0,0
3314,69,63,10,0,0,0,14,0,1
3315,650,329,20,0,0,0,535,0,1
3316,187,101,51,0,0,3,27,0,0
3317,223,138,94,0,0,0,8,0,0
3318,1102,461,402,0,0,0,30,2,1
3319,1817,648,752,0,0,0,30,4,1
3320,124,69,13,0,0,0,6,0,0
3321,46,44,3,0,0,0,3,0,1
3322,189,125,69,0,0,0,3,0,1
3323,13,13,5,0,0,0,1,0,1
3324,147,91,56,0,0,3,8,1,0
3325,54,52,7,0,0,0,3,0,1
3326,44,34,18,0,0,0,1,0,1
3327,109,80,35,3,3,1,12,0,1
3328,5,5,2,0,0,0,1,0,0
3329,211,118,71,0,0,0,6,1,0
3330,215,115,68,6,2,0,17,1,0
3331,166,90,44,1,1,8,32,0,0
3332,453,226,159,0,0,9,24,1,0
3333,100,74,35,0,0,0,1,0,0
3334,36,34,5,0,0,0,1,1,1
3335,19,18,3,0,0,0,1,0,1
3336,43,36,18,0,0,0,2,0,1
3337,820,347,278,0,0,0,27,0,0
3338,184,128,17,0,0,20,44,0,0
3339,180,105,74,0,0,0,4,0,0
3340,27,24,10,0,0,0,0,0,0
3341,2561,956,236,0,0,0,561,1,1
3342,105,72,29,3,1,0,4,0,1
3343,162,122,51,0,0,0,10,0,1
3344,48,38,9,0,0,0,19,0,1
3345,110,72,38,0,0,0,8,0,1
3346,199,90,34,9,2,0,32,0,0
3347,263,245,37,0,0,0,41,0,1
3348,182,110,22,0,0,0,38,0,0
3349,165,108,53,0,0,0,9,0,1
3350,32,25,6,0,0,0,0,0,0
3351,409,226,152,0,0,2,11,0,0
3352,1046,442,336,4,3,5,39,1,0
3353,2443,661,942,0,0,0,24,3,1
3354,25,15,4,0,0,0,13,0,1
3355,120,80,37,0,0,1,16,0,0
3356,20,19,8,0,0,0,2,0,0
3357,227,175,3,0,0,0,173,0,1
3358,59,43,15,0,0,0,17,0,0
3359,35,33,11,0,0,0,1,0,0
3360,516,293,164,3,3,2,35,1,1
3361,610,330,170,0,0,0,34,0,1
3362,778,350,231,0,0,0,49,0,1
3363,215,144,53,0,0,6,21,0,0
3364,18,18,6,0,0,0,0,0,0
3365,205,87,39,0,0,2,29,0,0
3366,3617,864,1003,34,4,1,108,2,0
3367,48,44,11,0,0,0,4,0,1
3368,138,90,57,0,0,0,4,0,0
3369,179,130,69,0,0,0,23,0,1
3370,80,65,33,0,0,0,9,0,1
3371,74,65,9,0,0,0,18,0,1
3372,298,272,4,2,1,0,231,0,1
3373,99,74,37,0,0,0,2,0,0
3374,115,69,42,0,0,0,1,0,1
3375,483,248,148,2,1,0,15,1,0
3376,144,110,36,0,0,0,13,0,1
3377,280,160,109,0,0,0,3,1,0
3378,39,32,9,0,0,0,10,0,0
3379,708,341,243,0,0,1,14,0,0
3380,181,109,75,0,0,0,17,0,1
3381,231,144,81,0,0,0,6,0,1
3382,369,199,144,3,2,0,10,1,1
3383,154,93,46,7,5,1,20,0,1
3384,532,268,211,0,0,0,24,1,0
3385,1948,463,566,1,1,0,62,2,0
3386,307,173,103,0,0,0,1,1,1
3387,302,167,94,0,0,3,18,0,0
3388,170,118,55,0,0,0,12,0,1
3389,326,166,110,0,0,0,44,0,0
3390,111,82,28,0,0,4,13,0,0
3391,472,216,150,1,1,17,25,0,0
3392,253,148,110,0,0,0,6,1,1
3393,98,66,28,1,1,3,10,0,0
3394,201,120,71,0,0,0,7,0,0
3395,537,308,172,0,0,0,100,0,1
3396,38,35,10,0,0,0,0,0,1
3397,27,24,9,0,0,0,2,0,1
3398,61,51,22,0,0,1,5,0,0
3399,32,30,12,0,0,0,2,0,1
3400,749,314,270,0,0,3,61,0,0
3401,726,335,33,0,0,0,167,1,0
3402,125,76,41,0,0,3,7,0,0
3403,41,35,14,0,0,0,1,0,1
3404,30,25,7,0,0,0,1,1,0
3405,27,23,3,0,0,1,4,0,0
3406,214,95,19,0,0,0,27,0,1
3407,120,34,21,0,0,0,5,0,0
3408,2264,786,700,0,0,0,119,3,1
3409,313,134,122,3,1,0,11,1,0
3410,15,15,5,0,0,0,1,0,0
3411,152,91,43,0,0,0,8,0,1
3412,225,140,69,0,0,0,4,0,1
3413,156,103,58,1,1,0,1,1,1
3414,56,51,1,0,0,0,37,0,1
3415,260,152,89,0,0,0,4,0,0
3416,1724,669,588,0,0,0,43,2,1
3417,30,30,9,0,0,1,2,0,0
3418,58,47,27,0,0,0,2,0,0
3419,320,158,113,0,0,1,4,1,1
3420,114,84,37,0,0,3,8,0,0
3421,124,112,23,0,0,0,40,0,1
3422,75,62,22,0,0,0,7,0,1
3423,235,140,53,0,0,1,51,0,0
3424,84,56,38,0,0,0,3,1,0
3425,12,12,1,0,0,0,3,0,1
3426,231,124,87,0,0,0,22,0,0
3427,76,60,28,0,0,0,5,0,0
3428,163,94,66,0,0,0,12,0,0
3429,14,13,5,0,0,0,1,0,1
3430,39,29,16,0,0,0,1,0,0
3431,18,18,4,0,0,0,3,0,1
3432,636,359,170,0,0,0,49,1,0
3433,79,67,30,0,0,0,1,0,0
3434,27,24,9,0,0,0,2,0,1
3435,2670,711,1085,1,1,0,25,1,1
3436,402,218,129,0,0,0,21,1,0
3437,514,264,210,3,3,0,15,0,0
3438,95,68,31,0,0,0,6,0,0
3439,354,215,105,3,2,0,21,0,0
3440,189,133,63,1,1,0,9,1,0
3441,212,135,75,2,2,1,10,1,1
3442,50,44,20,0,0,0,1,0,1
3443,410,210,127,3,3,2,22,1,1
3444,508,167,130,0,0,0,46,1,0
3445,66,55,22,0,0,0,2,0,1
3446,73,63,22,0,0,0,3,1,1
3447,22,20,2,0,0,0,0,0,0
3448,255,142,96,0,0,0,5,1,1
3449,186,129,62,0,0,0,17,1,1
3450,189,106,62,0,0,0,1,1,1
3451,773,365,251,2,2,0,63,3,0
3452,445,221,99,0,0,0,41,1,1
3453,38,36,4,0,0,0,2,0,1
3454,10,10,0,0,0,0,5,0,1
3455,14,14,4,0,0,0,0,0,0
3456,67,54,23,0,0,0,4,1,0
3457,92,71,21,0,0,1,5,0,0
3458,11,11,0,0,0,0,5,0,1
3459,839,350,315,2,2,2,32,2,0
3460,113,89,21,0,0,0,11,0,1
3461,140,127,21,0,0,0,37,0,1
3462,119,87,29,1,1,0,9,1,1
3463,18,14,6,0,0,0,0,0,0
3464,472,254,137,0,0,0,70,0,1
3465,87,55,17,5,1,0,12,0,1
3466,5,5,1,0,0,0,0,0,1
3467,440,231,138,0,0,0,16,2,1
3468,212,124,72,0,0,1,2,0,0
3469,283,154,13,0,0,0,202,0,1
3470,69,51,23,0,0,0,3,2,1
3471,22,20,0,1,1,0,8,0,0
3472,250,145,77,4,3,0,23,0,1
3473,204,106,91,0,0,0,2,0,0
3474,28,25,5,0,0,0,3,0,0
3475,70,53,24,0,0,0,3,0,1
3476,180,171,17,0,0,0,7,0,1
3477,203,89,64,0,0,2,19,0,0
3478,230,142,76,0,0,0,7,0,1
3479,601,279,247,0,0,0,18,1,1
3480,102,68,6,0,0,0,24,0,1
3481,195,121,13,0,0,0,58,0,1
3482,420,208,174,0,0,0,14,1,1
3483,153,92,71,0,0,0,1,0,0
3484,21,18,6,0,0,0,5,0,0
3485,54,46,17,0,0,0,8,0,0
3486,135,124,16,0,0,0,16,0,1
3487,35,32,6,0,0,0,5,0,1
3488,50,41,19,0,0,0,2,0,1
3489,62,43,16,0,0,0,9,0,0
3490,47,24,10,0,0,0,2,0,1
3491,22,22,3,0,0,0,4,0,1
3492,151,122,47,0,0,0,15,1,1
3493,26,24,14,0,0,0,0,0,0
3494,182,125,80,0,0,0,5,0,1
3495,369,191,150,0,0,0,6,1,1
3496,12,11,5,0,0,0,1,0,0
3497,186,113,49,0,0,0,35,0,1
3498,215,136,71,0,0,0,5,1,0
3499,877,397,281,0,0,0,34,2,1
3500,30,20,4,0,0,0,4,0,0
3501,256,149,82,0,0,1,24,0,0
3502,201,137,77,0,0,2,8,0,0
3503,90,70,26,0,0,0,7,0,1
3504,1055,525,343,0,0,0,20,4,0
3505,478,258,139,0,0,0,65,1,1
3506,496,255,162,2,1,0,11,0,0
3507,274,115,45,0,0,0,2,0,1
3508,149,145,11,0,0,0,19,0,1
3509,119,78,24,0,0,8,16,0,0
3510,19,17,4,0,0,0,2,0,1
3511,42,34,7,0,0,0,2,0,1
3512,15,15,6,0,0,0,1,0,0
3513,402,207,148,3,3,3,21,2,1
3514,12,11,6,0,0,0,0,0,0
3515,78,63,22,0,0,0,3,1,1
3516,1072,405,282,22,5,2,43,1,0
3517,276,172,101,4,3,0,10,1,1
3518,124,77,32,0,0,0,9,1,0
3519,166,103,35,3,2,2,23,0,1
3520,57,50,13,0,0,0,3,0,1
3521,39,37,8,0,0,0,3,0,1
3522,11,11,3,0,0,0,1,0,0
3523,91,71,22,0,0,0,14,0,1
3524,278,204,72,0,0,0,50,0,1
3525,17,17,5,0,0,0,0,0,0
3526,25,23,5,0,0,0,1,1,1
3527,105,67,45,0,0,0,13,0,0
3528,69,52,21,0,0,0,10,0,0
3529,128,84,47,0,0,0,10,0,0
3530,247,125,63,0,0,0,27,1,0
3531,96,78,26,0,0,0,17,1,1
3532,47,45,3,0,0,0,1,0,1
3533,33,28,11,0,0,0,1,0,0
3534,208,126,73,0,0,0,6,0,1
3535,540,262,106,0,0,0,108,0,1
3536,56,45,10,0,0,0,5,0,1
3537,565,257,235,0,0,0,7,0,1
3538,45,38,12,0,0,0,2,0,0
3539,29,25,11,0,0,0,0,0,0
3540,34,31,7,0,0,1,3,0,0
3541,79,62,28,0,0,0,2,0,0
3542,118,85,40,0,0,0,11,1,1
3543,909,481,289,0,0,0,152,2,1
3544,1097,520,388,5,4,3,33,0,0
3545,235,156,77,0,0,0,14,0,1
3546,144,105,39,0,0,0,13,0,1
3547,98,70,36,0,0,0,6,0,0
3548,86,72,19,0,0,0,13,0,1
3549,87,66,26,0,0,1,2,0,0
3550,29,26,6,0,0,0,5,0,1
3551,92,64,28,0,0,0,17,1,0
3552,139,101,49,1,1,0,3,0,1
3553,266,159,104,0,0,0,8,1,0
3554,93,73,39,0,0,0,0,0,0
3555,31,27,14,0,0,0,0,0,0
3556,37,30,15,0,0,0,1,0,1
3557,2472,827,672,3,3,6,133,2,0
3558,153,103,38,4,2,2,10,1,1
3559,105,64,20,0,0,0,43,0,1
3560,40,34,16,0,0,0,1,0,0
3561,46,38,9,0,0,0,9,0,1
3562,49,42,8,0,0,0,9,1,1
3563,74,56,15,0,0,0,16,0,0
3564,153,87,55,0,0,0,7,0,0
3565,53,39,15,0,0,0,7,0,1
3566,6,6,0,0,0,0,1,0,0
3567,136,101,50,0,0,0,9,0,0
3568,413,251,82,0,0,0,52,1,0
3569,401,222,157,0,0,0,1,2,1
3570,56,32,17,0,0,0,9,0,0
3571,582,272,195,0,0,0,18,0,0
3572,202,117,52,12,4,5,30,0,0
3573,6,6,1,0,0,0,1,0,1
3574,792,339,296,0,0,5,16,1,1
3575,383,233,123,0,0,0,4,1,1
3576,338,162,118,2,2,1,11,1,0
3577,79,66,25,0,0,0,3,1,1
3578,26,25,10,0,0,0,1,0,0
3579,203,128,56,0,0,0,9,0,1
3580,82,67,26,0,0,0,13,1,1
3581,241,157,94,0,0,0,6,0,1
3582,8,8,2,0,0,0,0,0,1
3583,1488,577,388,4,4,0,135,2,0
3584,203,126,42,0,0,0,51,0,1
3585,81,67,19,0,0,0,4,0,0
3586,50,48,13,0,0,0,7,0,1
3587,58,47,23,0,0,0,9,0,1
3588,146,115,33,0,0,0,21,0,1
3589,55,45,16,0,0,0,1,0,1
3590,146,109,28,1,1,0,11,0,1
3591,125,73,16,7,3,3,28,0,1
3592,1323,409,392,6,6,18,113,0,0
3593,108,68,40,0,0,0,1,0,1
3594,262,137,76,0,0,0,8,0,1
3595,190,123,59,0,0,0,12,1,0
3596,127,60,27,0,0,3,15,0,0
3597,223,144,48,0,0,17,29,0,0
3598,101,55,30,0,0,0,6,1,0
3599,19,16,0,0,0,0,1,0,0
3600,53,51,8,0,0,0,0,0,1
3601,318,207,104,0,0,0,38,0,1
3602,45,38,15,0,0,0,2,0,1
3603,112,38,9,0,0,0,16,0,0
3604,181,121,34,0,0,0,24,1,1
3605,36,31,19,0,0,0,0,0,0
3606,75,72,5,0,0,0,1,0,1
3607,38,35,9,0,0,0,2,0,1
3608,96,50,7,0,0,0,9,0,1
3609,118,92,40,0,0,0,1,0,1
3610,68,57,15,0,0,0,8,0,1
3611,77,59,28,0,0,0,2,0,0
3612,95,70,30,1,1,0,4,1,0
3613,26,23,10,0,0,0,2,0,0
3614,418,212,168,1,1,0,7,2,1
3615,428,214,48,0,0,31,144,0,0
3616,40,31,8,0,0,0,10,0,0
3617,276,143,116,1,1,0,10,1,0
3618,104,65,30,3,1,0,4,0,1
3619,186,128,64,0,0,0,14,1,1
3620,18,18,6,0,0,0,1,0,0
3621,159,106,65,0,0,0,13,0,0
3622,20,17,0,0,0,0,0,0,0
3623,35,34,15,0,0,0,0,0,0
3624,96,64,40,0,0,0,3,0,0
3625,218,145,68,0,0,0,8,0,1
3626,267,158,92,1,1,2,7,0,0
3627,47,45,7,0,0,0,6,0,1
3628,47,39,14,0,0,0,3,0,0
3629,26,24,13,0,0,0,1,0,0
3630,141,87,34,1,1,3,20,0,0
3631,31,26,9,0,0,0,0,0,0
3632,171,107,46,0,0,0,39,1,1
3633,48,38,13,0,0,0,5,0,0
3634,36,30,16,0,0,0,3,0,0
3635,90,56,40,0,0,0,0,0,1
3636,175,99,42,0,0,0,23,0,0
3637,502,264,161,0,0,0,23,0,1
3638,159,114,49,0,0,0,2,0,1
3639,49,37,18,0,0,0,2,0,0
3640,29,28,6,0,0,0,2,0,0
3641,110,80,38,0,0,0,0,0,0
3642,233,132,51,0,0,0,27,0,1
3643,73,55,24,1,1,0,5,0,0
3644,334,130,53,1,1,3,24,0,0
3645,106,79,32,0,0,0,5,0,1
3646,202,131,50,3,2,2,20,0,0
3647,75,66,9,0,0,0,17,0,1
3648,38,31,14,0,0,0,5,0,0
3649,278,150,94,0,0,0,3,0,1
3650,39,31,13,0,0,0,0,0,1
3651,88,68,32,0,0,0,14,0,1
3652,343,202,86,4,3,1,18,0,0
3653,35,28,15,0,0,0,4,0,0
3654,134,78,36,0,0,0,8,0,0
3655,230,118,96,0,0,1,18,0,0
3656,5,5,3,0,0,0,0,0,0
3657,375,194,146,0,0,0,1,1,0
3658,132,87,41,0,0,0,14,0,0
3659,55,49,15,0,0,0,4,0,1
3660,182,131,56,0,0,0,11,1,0
3661,41,32,2,0,0,0,6,0,0
3662,179,110,59,0,0,0,9,0,1
3663,441,243,137,1,1,1,8,2,0
3664,50,41,10,0,0,0,21,0,1
3665,23,19,10,0,0,0,1,0,0
3666,133,109,24,0,0,0,8,0,1
3667,107,72,38,0,0,0,3,2,1
3668,43,36,16,0,0,0,0,0,1
3669,316,156,58,0,0,0,30,0,0
3670,86,68,30,0,0,0,3,0,0
3671,78,59,28,1,1,0,0,0,1
3672,224,134,29,0,0,0,64,0,1
3673,203,108,60,0,0,0,43,0,0
3674,179,125,53,0,0,0,4,0,1
3675,39,33,8,0,0,0,3,0,1
3676,79,55,30,0,0,0,1,1,1
3677,101,63,45,0,0,0,2,1,1
3678,94,48,7,0,0,0,16,0,0
3679,235,145,92,1,1,3,5,0,0
3680,66,58,26,0,0,0,1,0,0
3681,122,87,20,0,0,0,13,1,0
3682,91,71,30,0,0,0,2,1,1
3683,153,65,3,0,0,0,41,0,1
3684,51,44,20,0,0,0,5,0,1
3685,280,175,92,1,1,0,7,0,0
3686,111,75,53,0,0,0,2,0,0
3687,173,141,32,0,0,0,12,1,1
3688,73,58,21,0,0,0,6,0,1
3689,290,168,63,0,0,0,63,0,0
3690,622,273,119,0,0,51,145,0,0
3691,465,316,91,2,1,1,66,1,0
3692,31,31,12,0,0,0,1,0,0
3693,103,83,24,0,0,0,11,2,1
3694,22,22,9,0,0,0,0,0,0
3695,10,10,5,0,0,0,0,0,0
3696,128,93,43,0,0,0,11,0,0
3697,35,33,16,0,0,0,0,1,0
3698,168,121,50,1,1,3,24,0,0
3699,179,108,40,0,0,0,27,0,0
3700,126,85,43,0,0,0,5,0,0
3701,100,68,44,0,0,0,0,0,0
3702,80,65,33,0,0,0,8,0,1
3703,126,84,33,3,1,1,6,0,0
3704,151,69,38,0,0,0,33,0,0
3705,24,23,5,0,0,0,1,1,1
3706,123,79,1,0,0,0,57,0,1
3707,88,72,26,0,0,0,9,0,0
3708,513,270,211,0,0,0,4,1,1
3709,157,97,31,3,1,3,26,0,0
3710,66,52,28,0,0,0,1,0,0
3711,136,96,51,0,0,0,10,1,0
3712,24,22,11,0,0,0,0,0,0
3713,1105,544,231,0,0,0,157,1,0
3714,166,100,58,0,0,3,8,1,0
3715,80,60,20,0,0,0,5,1,0
3716,199,82,12,0,0,0,40,0,1
3717,91,71,19,0,0,0,13,0,0
3718,731,384,180,3,2,2,67,2,0
3719,100,88,26,0,0,0,13,0,1
3720,156,96,33,0,0,0,14,0,1
3721,256,107,42,0,0,14,28,0,0
3722,32,31,3,0,0,1,3,0,0
3723,498,243,197,0,0,0,3,2,1
3724,26,23,8,0,0,0,0,0,0
3725,392,200,155,0,0,0,18,0,0
3726,25,21,3,1,1,0,2,0,1
3727,296,167,118,0,0,0,10,1,1
3728,334,191,115,0,0,0,15,0,0
3729,28,27,3,0,0,0,9,0,1
3730,24,22,0,0,0,0,4,0,0
3731,98,84,27,0,0,0,13,0,1
3732,45,37,13,0,0,1,5,0,0
3733,172,127,59,0,0,0,9,1,1
3734,167,126,56,0,0,0,7,0,1
3735,32,30,6,0,0,1,3,0,0
3736,253,121,68,0,0,0,24,0,0
3737,277,160,92,0,0,0,4,0,1
3738,49,40,7,0,0,2,14,1,0
3739,94,78,21,0,0,0,15,0,0
3740,123,60,22,0,0,0,17,1,0
3741,177,103,62,0,0,0,4,5,1
3742,102,67,6,0,0,0,28,0,1
3743,119,90,37,0,0,0,9,0,1
3744,71,55,28,0,0,0,1,0,0
3745,26,26,3,0,0,0,1,0,1
3746,309,188,85,2,2,3,28,0,1
3747,117,88,29,0,0,0,10,0,1
3748,200,103,6,0,0,0,69,0,0
3749,462,227,203,0,0,0,11,2,1
3750,38,35,9,0,0,0,4,0,1
3751,692,350,203,0,0,5,72,0,0
3752,101,62,39,0,0,0,0,0,1
3753,86,62,24,3,2,0,8,0,1
3754,25,24,9,0,0,0,2,0,0
3755,58,52,15,0,0,0,6,0,1
3756,31,28,4,1,1,0,7,1,0
3757,463,234,147,3,1,0,12,0,0
3758,14,14,2,1,1,0,1,0,0
3759,72,51,28,1,1,0,2,0,1
3760,46,38,9,0,0,0,9,0,1
3761,40,36,3,0,0,2,7,0,0
3762,700,295,256,0,0,0,33,1,1
3763,59,47,19,0,0,0,4,1,0
3764,83,64,20,1,1,1,8,0,0
3765,140,102,13,0,0,0,44,0,1
3766,275,145,24,0,0,0,86,0,0
3767,13,12,0,0,0,0,7,0,1
3768,47,35,8,0,0,0,7,0,1
3769,265,139,93,0,0,3,6,1,0
3770,319,316,13,0,0,0,280,0,1
3771,614,272,261,0,0,0,10,3,1
3772,5,5,1,0,0,0,1,0,0
3773,1120,535,376,0,0,0,72,0,1
3774,268,154,87,0,0,8,21,0,0
3775,310,173,83,2,2,2,35,0,0
3776,174,126,61,0,0,0,12,0,1
3777,97,66,19,0,0,0,15,0,0
3778,24,24,6,0,0,0,1,0,1
3779,206,185,30,0,0,0,38,0,1
3780,58,47,23,0,0,0,10,0,1
3781,537,262,186,0,0,0,12,1,1
3782,418,204,121,0,0,0,13,2,1
3783,32,29,8,0,0,0,2,0,0
3784,170,111,54,0,0,0,3,0,1
3785,13,13,0,0,0,0,3,1,0
3786,32,29,9,0,0,0,3,0,1
3787,117,72,16,4,2,8,29,0,0
3788,603,285,227,1,1,0,5,1,1
3789,38,34,18,0,0,0,0,0,0
3790,267,146,94,0,0,0,26,0,0
3791,107,81,24,2,1,0,10,0,0
3792,378,203,149,0,0,0,15,1,1
3793,5658,1504,1703,1,1,2,160,4,0
3794,343,209,96,3,1,1,19,0,0
3795,186,128,69,1,1,1,6,0,1
3796,51,46,19,0,0,0,0,0,0
3797,291,168,82,1,1,3,21,0,0
3798,112,90,29,0,0,0,8,1,1
3799,77,47,19,0,0,0,14,0,0
3800,166,107,61,0,0,0,3,0,1
3801,65,46,26,0,0,0,0,0,0
3802,14,13,3,0,0,0,2,0,1
3803,50,41,19,0,0,0,2,0,1
3804,363,196,119,1,1,0,5,2,0
3805,78,58,31,0,0,0,2,0,1
3806,28,28,8,1,1,0,3,0,0
3807,29,26,8,0,0,0,2,0,0
3808,110,75,30,1,1,0,6,0,0
3809,71,60,11,0,0,0,19,0,1
3810,54,46,8,0,0,0,4,0,1
3811,48,46,3,0,0,0,3,0,1
3812,5,5,0,0,0,0,4,0,1
3813,515,248,211,0,0,3,29,0,0
3814,140,111,49,0,0,0,14,0,1
3815,141,95,33,3,2,3,28,0,0
3816,147,95,48,4,2,0,2,0,1
3817,129,67,5,0,0,0,63,0,0
3818,74,56,29,0,0,0,1,0,0
3819,158,107,63,0,0,1,9,0,0
3820,38,32,12,0,0,0,1,0,1
3821,537,279,191,0,0,0,27,0,0
3822,27,15,3,0,0,0,15,0,1
3823,114,68,20,0,0,0,8,0,0
3824,48,39,16,3,2,0,0,0,0
3825,94,74,17,1,1,1,4,1,1
3826,80,63,26,1,1,0,7,0,0
3827,228,131,66,0,0,0,17,0,0
3828,440,224,153,0,0,0,18,0,0
3829,68,57,22,0,0,1,4,0,0
3830,36,32,15,0,0,0,1,0,0
3831,231,145,84,2,2,1,13,0,0
3832,21,18,9,0,0,0,0,0,0
3833,39,39,2,0,0,0,9,0,1
3834,45,44,6,0,0,0,4,0,1
3835,345,210,121,0,0,0,21,1,1
3836,18,16,0,0,0,0,5,0,1
3837,163,107,42,3,3,0,8,0,0
3838,38,27,14,0,0,0,1,0,1
3839,50,48,5,0,0,0,1,0,1
3840,336,197,119,0,0,0,15,3,1
3841,48,44,14,0,0,0,0,0,1
3842,124,80,39,2,1,0,2,1,1
3843,95,77,25,0,0,0,1,0,1
3844,185,113,62,0,0,0,33,0,0
3845,17836,3452,5551,6,3,0,565,3,0
3846,553,281,212,0,0,0,25,1,1
3847,333,181,139,0,0,0,20,0,1
3848,151,86,35,0,0,0,15,0,0
3849,181,116,22,1,1,2,29,1,0
3850,41,39,14,1,1,0,3,0,0
3851,700,395,229,2,2,1,54,0,0
3852,42,25,4,0,0,0,6,0,0
3853,608,223,222,0,0,0,30,0,0
3854,316,170,125,0,0,0,15,2,1
3855,56,44,2,0,0,0,31,0,1
3856,176,113,68,0,0,0,3,1,1
3857,96,71,42,1,1,0,0,0,0
3858,5,4,0,0,0,0,2,0,0
3859,224,124,73,2,1,0,11,0,0
3860,453,282,117,1,1,0,36,1,0
3861,208,133,65,0,0,0,6,1,1
3862,240,137,82,0,0,1,35,0,0
3863,71,46,6,0,0,0,14,0,0
3864,60,44,10,0,0,3,8,0,0
3865,123,90,37,1,1,0,6,0,1
3866,316,175,89,1,1,0,18,1,0
3867,154,127,16,0,0,0,32,0,1
3868,10,9,1,0,0,0,1,0,1
3869,151,102,58,0,0,1,6,0,0
3870,124,88,41,0,0,0,1,0,0
3871,14,12,0,0,0,0,4,0,0
3872,388,125,24,0,0,0,142,0,1
3873,467,217,153,1,1,8,47,0,0
3874,81,55,29,1,1,0,1,0,0
3875,253,139,96,0,0,0,9,4,1
3876,1870,637,518,57,5,0,47,2,0
3877,205,137,74,0,0,0,12,0,1
3878,41,35,16,0,0,0,2,0,0
3879,12,11,0,0,0,0,2,0,0
3880,101,76,8,3,3,3,43,0,1
3881,137,86,44,2,1,0,4,0,1
3882,78,54,28,2,2,3,10,0,1
3883,85,61,27,0,0,0,2,0,1
3884,125,89,47,0,0,0,4,1,0
3885,54,47,13,0,0,0,9,0,1
3886,419,380,38,0,0,0,35,1,1
3887,22,21,11,0,0,0,1,0,0
3888,122,83,36,0,0,0,12,0,0
3889,37,29,10,0,0,0,0,0,0
3890,203,133,71,0,0,0,13,0,1
3891,61,49,26,0,0,0,4,0,0
3892,187,131,63,0,0,0,16,1,1
3893,481,238,176,0,0,0,5,0,1
3894,7,7,1,0,0,0,0,0,1
3895,32,30,8,0,0,0,2,0,1
3896,2738,817,982,2,2,0,19,0,1
3897,231,142,56,1,1,2,33,0,0
3898,257,153,89,1,1,1,12,0,0
3899,161,146,28,0,0,0,17,0,1
3900,210,107,79,0,0,0,15,0,0
3901,82,62,2,0,0,0,20,0,1
3902,134,76,15,0,0,0,27,1,1
3903,428,221,106,1,1,1,37,1,0
3904,191,110,65,0,0,0,15,0,1
3905,70,48,31,0,0,0,2,1,1
3906,106,75,40,0,0,0,2,0,1
3907,788,368,215,5,1,3,15,1,0
3908,140,81,47,1,1,0,20,0,0
3909,16,15,8,0,0,0,0,0,0
3910,92,71,32,0,0,0,4,0,1
3911,1191,471,396,0,0,0,47,1,1
3912,8,8,0,0,0,0,4,0,1
3913,217,118,97,0,0,0,2,0,0
3914,142,65,34,0,0,0,25,0,0
3915,45,36,10,0,0,0,8,0,0
3916,129,85,33,0,0,0,2,0,1
3917,109,83,30,1,1,0,5,1,0
3918,126,86,37,1,1,1,14,0,0
3919,34,34,1,0,0,0,6,0,1
3920,325,187,122,0,0,0,12,0,0
3921,132,78,37,0,0,0,27,0,0
3922,11,10,0,0,0,0,2,0,0
3923,67,52,27,0,0,0,1,0,0
3924,295,159,38,0,0,1,106,0,0
3925,143,95,42,3,3,0,18,0,0
3926,79,69,14,0,0,0,14,0,1
3927,206,109,47,0,0,2,21,0,0
3928,131,79,52,0,0,0,12,0,0
3929,113,103,21,0,0,0,10,0,1
3930,62,49,22,0,0,0,1,0,1
3931,37,29,8,0,0,0,4,0,1
3932,43,37,13,0,0,0,2,0,1
3933,752,340,253,0,0,0,30,1,1
3934,175,112,10,0,0,0,57,0,1
3935,32,32,8,0,0,0,2,0,0
3936,660,288,186,0,0,0,53,1,1
3937,3,3,0,0,0,0,0,0,0
3938,658,348,207,0,0,0,85,0,1
3939,32,32,8,0,0,0,3,0,1
3940,82,61,35,0,0,0,5,0,1
3941,525,236,157,4,2,0,38,0,0
3942,74,54,21,0,0,0,12,0,0
3943,69,58,22,0,0,0,6,0,1
3944,13,12,5,0,0,0,1,0,0
3945,14,14,0,0,0,0,0,0,0
3946,365,191,117,0,0,0,47,1,0
3947,1030,492,319,0,0,0,32,0,1
3948,719,305,270,0,0,0,29,0,0
3949,10,10,4,0,0,0,1,0,0
3950,1465,557,475,44,3,2,78,0,0
3951,27,25,7,0,0,0,7,0,0
3952,186,141,63,0,0,0,4,0,1
3953,72,51,27,0,0,0,7,0,0
3954,50,47,11,0,0,0,7,0,0
3955,81,58,20,1,1,0,3,1,1
3956,1884,782,567,0,0,0,122,0,1
3957,135,88,42,0,0,0,5,1,0
3958,446,235,133,6,2,1,9,1,1
3959,38,32,13,0,0,0,0,0,0
3960,90,61,26,0,0,0,8,1,0
3961,410,200,136,3,2,0,29,0,0
3962,178,102,67,0,0,0,8,0,1
3963,133,73,51,0,0,4,8,1,0
3964,296,171,106,1,1,1,19,0,0
3965,170,117,48,0,0,2,15,0,0
3966,179,128,68,0,0,0,6,0,1
3967,85,67,27,0,0,0,11,0,1
3968,168,101,60,0,0,0,6,1,1
3969,108,67,12,0,0,0,32,0,0
3970,148,80,40,0,0,0,8,0,1
3971,169,123,29,2,2,2,19,0,1
3972,22,19,4,0,0,0,9,0,0
3973,196,109,85,0,0,0,1,0,0
3974,382,172,94,0,0,8,52,0,0
3975,26,22,9,0,0,0,3,0,0
3976,555,245,209,0,0,3,29,1,0
3977,5,4,0,0,0,0,2,0,0
3978,180,130,49,0,0,0,25,1,0
3979,551,215,198,0,0,9,31,0,0
3980,40,36,11,0,0,0,16,0,1
3981,208,116,57,0,0,0,33,0,0
3982,11,11,4,0,0,0,0,0,1
3983,78,62,27,0,0,0,2,0,1
3984,31,31,11,0,0,0,1,0,0
3985,227,128,75,0,0,0,19,0,0
3986,11,11,1,0,0,0,0,0,0
3987,178,108,72,0,0,0,0,0,0
3988,69,58,22,0,0,0,6,0,1
3989,184,122,56,0,0,0,2,1,1
3990,313,164,67,0,0,0,30,0,0
3991,66,56,20,0,0,0,1,0,0
3992,152,105,47,0,0,1,7,1,1
3993,165,94,67,0,0,0,8,0,1
3994,46,28,3,0,0,0,8,0,1
3995,407,242,111,0,0,0,34,3,1
3996,100,69,29,0,0,0,0,1,1
3997,967,357,351,0,0,2,43,1,0
3998,1020,455,336,0,0,0,32,2,1
3999,209,130,75,0,0,0,19,0,0
4000,451,239,131,0,0,3,26,0,0
4001,57,47,5,0,0,3,14,1,0
4002,516,267,206,0,0,0,7,0,1
4003,109,72,35,0,0,0,14,0,1
4004,575,261,153,2,1,17,52,1,0
4005,229,111,62,0,0,0,38,0,0
4006,22,19,7,0,0,0,1,0,0
4007,85,67,25,0,0,0,10,0,1
4008,155,108,49,0,0,0,6,0,0
4009,66,59,23,0,0,0,3,0,1
4010,115,74,31,0,0,0,10,0,1
4011,50,40,15,0,0,0,0,0,0
4012,100,85,15,0,0,0,6,1,0
4013,81,77,8,0,0,0,2,0,1
4014,81,61,21,0,0,1,11,0,0
4015,428,217,135,0,0,0,43,1,0
4016,42,37,10,0,0,1,3,0,0
4017,21,19,2,0,0,0,0,0,0
4018,159,88,63,1,1,0,6,0,1
4019,81,81,0,0,0,0,39,0,1
4020,21,17,4,0,0,0,0,0,0
4021,22,10,0,0,0,0,2,0,0
4022,96,65,13,1,1,1,21,0,0
4023,2634,610,1124,3,3,0,15,0,1
4024,203,131,76,0,0,0,0,1,0
4025,181,128,41,0,0,15,35,0,0
4026,68,58,22,0,0,0,1,0,1
4027,661,309,198,0,0,0,35,1,0
4028,6,6,2,0,0,0,0,0,0
4029,12,12,5,0,0,0,1,0,0
4030,303,158,66,0,0,1,42,1,0
4031,358,181,51,0,0,0,19,0,1
4032,108,82,37,0,0,0,7,0,1
4033,263,132,65,0,0,0,19,1,0
4034,234,125,70,7,2,2,26,0,0
4035,188,138,72,0,0,0,17,0,1
4036,206,153,10,0,0,0,35,0,1
4037,646,288,255,0,0,0,8,1,1
4038,22,22,3,0,0,0,9,0,1
4039,257,153,89,1,1,1,12,0,0
4040,100,83,32,0,0,0,7,0,1
4041,71,51,25,3,2,0,4,0,0
4042,102,67,6,0,0,0,25,0,1
4043,85,67,22,0,0,0,3,0,1
4044,73,57,19,2,1,0,4,0,1
4045,558,260,181,0,0,0,15,0,1
4046,520,274,126,0,0,0,21,1,1
4047,68,62,12,0,0,0,11,0,1
4048,82,64,26,0,0,0,9,0,1
4049,73,61,23,0,0,0,4,0,0
4050,1264,510,424,1,1,0,62,1,1
4051,111,69,39,0,0,0,1,0,1
4052,17,17,7,0,0,0,1,0,0
4053,42,22,20,0,0,0,5,0,0
4054,379,165,157,0,0,0,0,0,0
4055,418,202,144,0,0,0,39,0,0
4056,58,46,7,4,4,1,11,0,1
4057,315,182,100,0,0,0,20,0,1
4058,83,54,13,0,0,0,15,0,0
4059,132,88,38,0,0,0,6,0,1
4060,92,61,35,0,0,0,3,0,1
4061,7,7,1,0,0,0,0,0,0
4062,60,48,22,0,0,0,5,0,1
4063,5,5,0,0,0,0,0,0,1
4064,248,138,105,0,0,0,3,0,1
4065,30,29,3,0,0,1,3,0,0
4066,1942,333,523,3,3,103,233,0,0
4067,109,71,40,0,0,0,10,0,1
4068,71,61,25,0,0,0,3,0,1
4069,28,27,4,0,0,0,2,0,1
4070,207,102,16,0,0,0,19,0,0
4071,115,85,36,3,1,0,4,1,1
4072,235,145,83,1,1,2,14,0,0
4073,149,109,46,0,0,0,4,0,1
4074,393,191,165,0,0,0,5,1,1
4075,263,163,107,0,0,0,4,0,1
4076,17,16,7,0,0,0,0,0,0
4077,56,47,17,0,0,0,3,0,1
4078,149,106,45,2,2,1,5,0,1
4079,81,55,36,0,0,0,8,0,0
4080,17,17,4,1,1,0,4,0,0
4081,58,48,23,0,0,0,6,0,1
4082,90,63,34,2,1,0,3,0,1
4083,234,123,84,0,0,1,10,2,0
4084,386,192,127,3,3,2,14,1,1
4085,87,80,18,0,0,0,18,0,1
4086,229,148,63,0,0,0,8,2,1
4087,132,85,35,4,2,3,16,0,1
4088,46,41,17,0,0,0,6,0,1
4089,367,173,172,0,0,0,13,0,1
4090,399,220,125,0,0,0,22,2,1
4091,82,61,34,0,0,0,0,0,1
4092,733,308,323,0,0,0,11,1,1
4093,48,46,5,0,0,0,1,0,1
4094,186,114,73,1,1,0,0,1,1
4095,156,95,65,0,0,0,6,0,0
4096,127,103,26,0,0,0,8,0,0
4097,113,75,46,1,1,0,7,0,0
4098,35,30,6,0,0,0,9,0,1
4099,27,15,8,0,0,0,5,0,1
4100,209,133,65,1,1,0,2,0,1
4101,264,135,118,0,0,0,5,1,1
4102,36,33,9,0,0,0,2,0,1
4103,465,243,178,0,0,1,31,0,0
4104,44,38,15,1,1,0,3,0,1
4105,65,53,19,2,1,0,6,0,1
4106,132,72,44,0,0,0,6,0,0
4107,56,56,5,0,0,0,14,0,1
4108,750,300,98,0,0,0,220,1,0
4109,23,22,5,0,0,0,1,1,1
4110,35,27,7,1,1,0,2,0,0
4111,202,183,2,0,0,0,132,0,1
4112,31,28,0,0,0,0,5,0,0
4113,34,26,4,0,0,0,6,0,0
4114,94,61,35,0,0,2,4,0,0
4115,35,31,11,0,0,0,8,0,1
4116,226,147,52,0,0,1,22,0,0
4117,195,137,68,0,0,0,6,1,0
4118,76,48,7,0,0,0,27,0,0
4119,156,102,59,1,1,0,9,0,1
4120,156,103,58,1,1,0,1,1,1
4121,32,27,9,0,0,0,10,0,1
4122,1224,537,421,0,0,0,143,2,1
4123,300,145,87,0,0,5,52,0,0
4124,184,105,61,1,1,0,1,0,1
4125,48,48,0,0,0,0,6,0,1
4126,100,64,16,5,3,2,18,0,1
4127,130,87,44,0,0,0,2,2,1
4128,116,74,52,0,0,0,2,0,1
4129,541,259,230,0,0,0,16,3,1
4130,137,95,34,0,0,0,8,0,1
4131,308,152,63,0,0,4,44,0,0
4132,44,36,14,1,1,0,0,0,1
4133,49,45,4,0,0,0,1,0,1
4134,403,178,177,0,0,0,2,0,0
4135,102,55,17,0,0,0,7,0,0
4136,28,25,9,0,0,0,0,0,0
4137,10,10,4,0,0,0,0,0,0
4138,131,99,41,0,0,0,6,0,1
4139,150,97,52,0,0,0,6,4,1
4140,338,175,104,0,0,0,8,0,0
4141,492,285,158,0,0,0,91,0,1
4142,69,55,19,0,0,0,5,1,1
4143,147,118,40,0,0,0,21,0,1
4144,53,40,9,3,2,0,6,0,1
4145,231,110,41,0,0,9,19,0,0
4146,3,3,0,0,0,0,3,0,0
4147,556,249,185,1,1,0,20,0,0
4148,186,114,80,0,0,0,2,0,0
4149,21,19,5,0,0,0,1,0,1
4150,123,82,41,0,0,2,0,0,1
4151,63,55,24,0,0,0,1,0,0
4152,45,44,10,0,0,0,9,0,1
4153,64,49,21,0,0,0,2,0,1
4154,1156,479,396,0,0,0,21,3,1
4155,157,97,61,0,0,0,7,0,1
4156,72,67,9,0,0,0,19,0,1
4157,203,137,48,3,3,2,15,1,1
4158,121,78,45,1,1,1,10,0,1
4159,795,292,177,0,0,0,141,0,1
4160,47,42,18,0,0,0,5,0,1
4161,321,187,91,0,0,0,38,0,1
4162,714,319,247,0,0,0,46,0,1
4163,52,40,18,0,0,0,1,0,0
4164,9,9,4,0,0,0,0,0,0
4165,307,173,103,0,0,0,1,1,1
4166,769,318,288,4,1,18,54,0,0
4167,123,85,20,0,0,10,33,0,0
4168,597,214,71,0,0,3,63,1,0
4169,125,90,39,0,0,0,3,0,1
4170,4652,1026,1891,14,14,2,83,2,1
4171,41,40,5,0,0,0,2,0,1
4172,192,94,61,0,0,0,25,0,0
4173,27,24,9,0,0,0,3,0,1
4174,37,31,12,0,0,0,0,0,0
4175,220,126,90,0,0,0,10,0,0
4176,57,44,23,0,0,0,1,0,1
4177,1137,501,357,0,0,2,41,0,0
4178,470,245,140,0,0,0,63,0,1
4179,152,112,40,0,0,0,17,0,1
4180,180,121,38,0,0,0,52,1,0
4181,160,94,42,0,0,1,49,0,0
4182,289,156,39,0,0,1,61,0,0
4183,124,88,25,0,0,0,4,0,0
4184,701,342,189,0,0,1,24,0,0
4185,63,56,22,0,0,0,2,0,0
4186,125,73,51,0,0,2,10,0,1
4187,19,19,5,0,0,0,1,0,0
4188,17,16,3,1,1,0,2,0,0
4189,121,43,13,0,0,0,15,0,1
4190,42,40,11,0,0,0,0,0,1
4191,92,62,21,0,0,0,27,0,0
4192,122,79,43,0,0,0,0,1,1
4193,42,42,0,0,0,0,1,0,1
4194,50,47,10,0,0,0,3,1,1
4195,86,66,24,0,0,0,5,0,1
4196,16,15,8,0,0,0,1,0,0
4197,71,59,24,0,0,0,2,0,0
4198,96,64,26,4,3,3,10,0,0
4199,175,112,48,3,3,3,17,1,1
4200,86,60,23,0,0,0,10,0,0
4201,210,134,59,2,2,0,9,0,1
4202,552,275,211,0,0,1,15,2,1
4203,1165,484,408,0,0,0,23,2,1
4204,157,114,54,0,0,0,12,0,0
4205,343,168,112,0,0,0,10,1,1
4206,139,100,38,0,0,0,3,0,1
4207,153,104,55,0,0,0,6,0,0
4208,99,75,20,0,0,0,13,0,1
4209,214,145,59,4,3,0,12,1,1
4210,71,55,9,2,1,2,15,0,0
4211,103,78,29,0,0,2,3,0,0
4212,25,23,8,0,0,0,2,0,0
4213,2818,822,1086,0,0,0,49,1,1
4214,778,273,163,0,0,0,60,0,0
4215,30,28,5,0,0,0,4,0,1
4216,341,190,90,0,0,0,33,0,1
4217,33,26,16,0,0,0,2,0,0
4218,182,129,43,4,4,1,18,0,1
4219,106,83,30,0,0,0,7,0,0
4220,50,42,21,0,0,0,1,0,0
4221,31,30,9,0,0,0,1,0,1
4222,6,6,1,0,0,0,0,0,1
4223,109,90,22,0,0,0,11,1,1
4224,377,216,102,0,0,0,39,0,1
4225,505,206,127,0,0,0,77,1,0
4226,13,13,1,0,0,0,1,0,1
4227,80,73,16,0,0,0,17,0,1
4228,171,116,57,0,0,0,13,0,0
4229,96,38,20,0,0,0,4,0,0
4230,147,93,50,0,0,0,6,1,1
4231,208,130,57,0,0,0,6,0,1
4232,204,118,72,3,1,0,11,3,0
4233,61,51,22,0,0,0,8,0,1
4234,116,81,15,0,0,0,5,0,0
4235,115,91,0,0,0,0,56,0,1
4236,124,70,48,0,0,0,6,0,0
4237,134,94,31,0,0,0,7,0,1
4238,244,140,1,0,0,0,123,0,1
4239,16,15,7,0,0,0,1,0,0
4240,29,26,10,0,0,0,4,0,0
4241,468,250,139,0,0,0,66,0,1
4242,113,97,29,0,0,0,9,1,1
4243,80,65,33,0,0,0,7,0,1
4244,429,224,138,0,0,0,20,1,1
4245,147,95,57,0,0,0,4,0,0
4246,517,232,160,0,0,0,21,0,0
4247,168,112,77,0,0,0,1,0,1
4248,97,68,38,0,0,1,8,0,0
4249,29,28,12,0,0,0,1,0,0
4250,93,72,22,0,0,0,14,0,1
4251,2414,832,676,0,0,0,157,1,1
4252,59,48,19,0,0,0,2,0,1
4253,122,81,23,0,0,10,29,0,0
4254,198,119,44,3,1,1,23,1,0
4255,303,184,96,0,0,0,18,0,1
4256,6,6,1,0,0,0,0,0,1
4257,238,152,60,2,1,1,8,0,1
4258,1226,490,443,0,0,0,21,2,1
4259,59,41,12,0,0,0,0,0,1
4260,41,37,6,0,0,0,3,0,1
4261,48,43,11,0,0,0,5,0,0
4262,637,249,179,0,0,3,88,0,0
4263,253,140,110,0,0,0,20,0,0
4264,9,9,3,0,0,0,0,0,0
4265,397,192,160,0,0,0,7,0,0
4266,205,120,54,0,0,0,15,0,0
4267,44,40,12,0,0,0,9,0,0
4268,1132,530,351,0,0,0,155,0,1
4269,1178,522,407,0,0,0,31,2,1
4270,73,63,22,0,0,0,3,1,1
4271,14,14,6,0,0,0,0,0,0
4272,908,399,299,1,1,1,35,0,0
4273,10,10,1,0,0,0,6,0,1
4274,309,210,105,0,0,0,30,0,1
4275,639,293,216,0,0,0,22,0,1
4276,77,63,20,0,0,0,17,0,1
4277,77,57,29,0,0,0,4,1,0
4278,196,119,66,0,0,0,13,0,0
4279,70,58,19,0,0,0,8,0,1
4280,230,141,88,0,0,0,7,0,0
4281,62,47,14,0,0,0,10,0,1
4282,100,82,33,0,0,0,7,0,1
4283,88,61,37,1,1,0,0,0,1
4284,95,69,30,0,0,1,10,0,0
4285,31,25,14,0,0,0,1,0,0
4286,74,61,25,0,0,0,3,0,1
4287,331,172,126,0,0,6,23,0,0
4288,54,50,11,0,0,0,2,0,1
4289,1189,414,460,0,0,12,45,0,0
4290,106,69,39,0,0,0,0,0,1
4291,156,109,61,0,0,0,6,0,1
4292,56,27,11,0,0,0,19,0,0
4293,114,78,35,0,0,1,13,0,0
4294,17,15,2,0,0,0,1,0,1
4295,202,128,83,0,0,0,5,0,0
4296,136,99,33,0,0,0,13,0,1
4297,434,185,166,0,0,3,24,0,0
4298,426,205,99,1,1,17,67,2,0
4299,864,330,287,0,0,28,38,1,0
4300,253,179,70,0,0,0,2,0,1
4301,146,89,36,1,1,0,5,1,0
4302,474,242,198,1,1,2,28,2,1
4303,49,43,12,0,0,0,3,0,1
4304,5,4,0,0,0,0,2,0,0
4305,29,20,4,0,0,0,3,0,0
4306,207,111,56,0,0,4,9,0,1
4307,23,21,1,0,0,1,3,0,0
4308,89,64,31,0,0,0,0,0,1
4309,178,114,62,0,0,0,5,0,1
4310,131,80,46,4,2,0,8,0,1
4311,141,101,47,1,1,1,13,1,1
4312,155,124,38,0,0,0,10,0,1
4313,109,83,37,0,0,0,8,0,1
4314,176,115,56,3,3,1,13,0,1
4315,8,8,5,0,0,0,2,0,0
4316,33,9,0,0,0,0,18,0,0
4317,138,114,32,0,0,0,3,1,1
4318,49,40,18,0,0,0,2,0,0
4319,466,210,42,0,0,3,45,2,0
4320,441,200,131,0,0,0,13,0,0
4321,73,64,8,0,0,0,16,0,1
4322,45,37,20,0,0,0,1,0,0
4323,103,78,25,0,0,0,11,0,1
4324,157,97,65,0,0,2,5,0,1
4325,64,53,25,0,0,0,2,1,1
4326,1633,578,571,6,6,1,33,1,1
4327,461,179,159,0,0,0,28,1,0
4328,116,85,37,3,1,0,3,1,1
4329,34,31,4,0,0,0,16,0,1
4330,35,30,15,0,0,0,1,1,0
4331,166,102,63,0,0,0,11,0,0
4332,51,49,7,1,1,0,2,0,1
4333,273,134,54,0,0,0,15,0,0
4334,10,9,3,0,0,0,0,0,0
4335,211,122,51,3,1,0,13,1,0
4336,424,231,133,1,1,6,45,1,0
4337,244,132,64,0,0,0,15,0,0
4338,140,99,39,0,0,0,3,0,1
4339,263,136,101,0,0,3,5,0,0
4340,191,113,84,0,0,0,1,1,0
4341,108,80,29,0,0,0,2,0,1
4342,89,51,33,0,0,0,2,0,0
4343,71,60,11,0,0,0,18,0,1
4344,201,124,76,1,1,1,3,0,1
4345,44,37,13,0,0,0,1,0,1
4346,492,238,188,0,0,0,19,0,0
4347,576,227,176,1,1,1,29,1,0
4348,120,81,38,0,0,0,9,0,1
4349,302,155,97,0,0,0,37,0,0
4350,27,22,4,0,0,0,2,0,1
4351,585,241,253,6,4,3,16,0,1
4352,20,18,0,0,0,0,1,0,0
4353,221,141,13,0,0,31,61,0,0
4354,68,57,16,0,0,0,11,0,1
4355,795,303,306,0,0,0,66,0,0
4356,63,51,17,2,1,0,4,0,1
4357,250,164,24,0,0,0,132,0,1
4358,144,114,32,0,0,0,11,0,1
4359,36,31,14,0,0,0,2,0,0
4360,6,6,0,0,0,0,4,0,1
4361,61,51,22,0,0,0,9,0,1
4362,295,153,111,0,0,0,6,0,0
4363,51,45,21,0,0,0,0,0,0
4364,314,201,124,0,0,0,35,0,1
4365,45,31,10,0,0,0,3,0,1
4366,109,80,38,0,0,0,17,0,0
4367,109,86,45,0,0,0,3,0,0
4368,151,89,40,0,0,6,19,0,0
4369,79,61,29,0,0,0,1,0,1
4370,194,112,77,1,1,1,4,0,1
4371,45,37,6,0,0,0,1,0,1
4372,139,123,10,2,1,0,36,0,0
4373,14,14,6,0,0,0,0,0,0
4374,3401,1139,677,38,10,2,312,3,0
4375,134,103,44,0,0,0,12,0,1
4376,374,190,120,3,3,1,14,1,1
4377,184,88,5,0,0,0,77,0,0
4378,49,45,11,0,0,0,15,0,1
4379,27,22,5,1,1,0,2,0,0
4380,113,76,35,0,0,0,12,0,1
4381,233,127,54,0,0,1,35,0,0
4382,214,201,22,0,0,0,21,0,1
4383,154,103,45,2,2,2,13,0,0
4384,39,32,14,0,0,0,0,0,0
4385,175,107,55,3,3,3,18,1,1
4386,102,67,6,0,0,0,26,0,1
4387,526,201,175,0,0,2,14,0,0
4388,114,67,41,0,0,1,3,1,0
4389,130,80,46,4,2,0,9,0,1
4390,125,98,33,0,0,0,7,0,1
4391,72,58,22,0,0,0,4,1,1
4392,2430,838,681,0,0,0,157,1,1
4393,1499,735,377,7,4,1,95,1,0
4394,100,69,36,0,0,0,7,0,0
4395,38,34,8,0,0,0,1,0,1
4396,260,153,81,0,0,0,20,0,0
4397,53,43,22,0,0,0,1,0,0
4398,57,46,20,0,0,0,3,0,0
4399,47,36,9,0,0,0,1,0,1
4400,106,84,34,0,0,1,1,0,1
4401,324,168,63,0,0,0,79,0,1
4402,349,195,111,1,1,0,12,0,0
4403,691,291,226,0,0,0,81,1,0
4404,75,61,12,0,0,0,8,0,1
4405,45,39,19,0,0,0,0,0,0
4406,3,2,0,0,0,0,2,0,0
4407,842,344,372,0,0,0,23,1,1
4408,24,23,5,0,0,0,1,1,1
4409,131,80,46,4,2,0,8,0,1
4410,579,273,237,1,1,2,10,2,1
4411,109,78,28,0,0,2,31,0,0
4412,13,13,2,0,0,0,2,0,1
4413,85,70,31,0,0,0,3,1,0
4414,230,97,57,0,0,3,34,0,0
4415,91,52,35,0,0,0,10,0,0
4416,46,36,16,0,0,0,2,0,0
4417,57,55,9,0,0,0,5,0,1
4418,67,51,18,0,0,0,5,0,1
4419,489,183,64,0,0,0,41,0,0
4420,336,170,99,1,1,5,29,1,0
4421,83,66,24,0,0,0,8,0,0
4422,10,10,2,0,0,0,4,0,1
4423,124,59,30,0,0,0,24,0,0
4424,630,283,207,3,2,13,45,1,0
4425,169,114,64,1,1,0,3,1,1
4426,92,57,30,1,1,0,6,0,0
4427,56,43,24,0,0,0,2,0,0
4428,72,61,10,0,0,0,21,0,1
4429,157,103,51,0,0,0,6,0,1
4430,8,8,3,0,0,0,0,0,0
4431,345,192,112,4,3,6,25,0,1
4432,255,138,33,0,0,0,52,0,1
4433,1097,205,92,0,0,0,400,1,1
4434,260,146,94,0,0,0,23,0,0
4435,38,33,0,1,1,0,27,0,1
4436,60,45,19,0,0,0,3,1,1
4437,166,105,71,0,0,0,2,0,0
4438,24,24,6,0,0,0,1,0,1
4439,1327,570,424,0,0,0,147,1,1
4440,34,29,7,0,0,0,5,0,0
4441,177,126,51,0,0,0,2,0,1
4442,133,89,41,0,0,0,7,0,0
4443,396,134,38,1,1,2,47,0,1
4444,163,93,66,0,0,0,6,0,0
4445,162,115,40,0,0,0,11,1,0
4446,175,96,52,3,1,2,8,0,0
4447,35,35,0,0,0,0,2,0,1
4448,149,89,36,0,0,2,9,0,0
4449,822,361,57,0,0,91,194,1,0
4450,279,75,37,0,0,0,31,0,1
4451,521,220,115,0,0,0,16,2,1
4452,186,111,64,0,0,4,14,0,0
4453,56,45,16,0,0,0,1,0,1
4454,172,96,55,0,0,0,10,0,0
4455,72,51,28,0,0,1,16,0,0
4456,43,38,20,0,0,0,1,0,0
4457,17,16,8,0,0,0,0,0,0
4458,91,75,18,0,0,0,12,0,1
4459,226,125,56,0,0,0,8,1,1
4460,624,285,199,0,0,0,33,0,1
4461,24,24,8,0,0,0,3,0,1
4462,270,177,93,0,0,0,25,0,1
4463,72,49,22,0,0,0,4,1,1
4464,28,18,17,0,0,0,0,0,0
4465,37,29,10,0,0,0,0,0,0
4466,146,84,26,7,2,0,17,0,0
4467,94,75,34,0,0,0,4,0,0
4468,173,105,66,0,0,0,5,0,0
4469,109,72,36,0,0,0,8,0,1
4470,387,225,92,0,0,0,32,0,0
4471,34,33,4,0,0,0,7,0,1
4472,932,419,285,22,9,3,55,1,0
4473,107,104,5,0,0,0,16,0,1
4474,353,181,147,0,0,0,0,1,0
4475,33,25,10,0,0,0,1,0,1
4476,51,43,17,0,0,0,5,0,1
4477,146,98,49,0,0,0,6,0,1
4478,169,111,20,0,0,0,66,0,1
4479,85,67,27,0,0,0,14,0,1
4480,57,46,22,0,0,0,1,0,1
4481,172,97,48,0,0,0,19,0,0
4482,161,101,60,0,0,0,6,2,1
4483,98,72,39,0,0,0,3,0,0
4484,398,212,161,0,0,0,11,2,1
4485,135,98,37,0,0,0,3,0,0
4486,31,23,13,0,0,0,3,0,1
4487,547,283,116,0,0,0,80,0,0
4488,43,43,7,0,0,0,6,0,0
4489,229,123,101,0,0,0,19,0,0
4490,193,113,23,0,0,0,24,0,0
4491,16,12,0,4,4,0,6,0,1
4492,95,73,21,1,1,0,9,0,0
4493,3401,969,1101,6,3,3,71,1,0
4494,111,83,28,0,0,0,9,0,1
4495,96,75,24,2,2,4,13,0,1
4496,132,87,56,0,0,0,3,0,0
4497,112,108,16,0,0,0,42,1,1
4498,227,173,38,0,0,2,27,1,0
4499,100,70,41,0,0,0,12,0,0
4500,44,36,13,0,0,0,2,0,1
4501,22,20,5,0,0,0,0,0,0
4502,1123,453,394,0,0,0,56,0,0
4503,492,230,157,0,0,1,47,0,0
4504,104,67,27,0,0,0,10,0,0
4505,25,23,10,0,0,0,1,0,1
4506,274,241,14,0,0,0,45,0,1
4507,194,114,47,0,0,1,19,0,0
4508,121,82,49,0,0,0,2,1,1
4509,64,51,14,0,0,0,3,0,1
4510,1599,613,531,0,0,2,39,1,0
4511,117,76,27,1,1,1,15,1,0
4512,13,13,5,0,0,0,0,0,0
4513,111,77,25,0,0,1,11,1,0
4514,71,68,2,0,0,0,16,0,1
4515,81,61,24,1,1,2,9,0,0
4516,35,32,7,0,0,0,8,0,1
4517,131,95,10,0,0,5,32,0,0
4518,1214,499,389,0,0,0,113,1,1
4519,77,48,15,0,0,0,15,0,0
4520,58,49,15,0,0,0,5,2,1
4521,132,102,37,0,0,0,19,0,1
4522,53,40,20,0,0,0,2,0,0
4523,102,75,39,2,2,0,4,0,1
4524,174,76,31,12,3,7,27,0,0
4525,63,59,7,0,0,0,5,0,0
4526,92,68,40,1,1,0,3,0,0
4527,136,90,29,0,0,1,13,0,0
4528,49,44,11,0,0,0,4,1,0
4529,56,41,28,0,0,0,2,0,0
4530,43,35,13,0,0,0,3,0,1
4531,1747,780,494,5,2,0,98,2,0
4532,207,111,56,0,0,4,9,0,1
4533,337,147,43,0,0,0,43,0,0
4534,192,120,43,0,0,0,9,0,1
4535,40,40,1,0,0,0,4,0,1
4536,233,168,45,0,0,0,32,0,1
4537,1501,487,587,0,0,6,74,2,0
4538,445,238,135,2,2,1,35,0,0
4539,182,122,58,4,4,0,10,0,1
4540,170,122,42,0,0,2,26,0,0
4541,1270,515,424,2,2,0,64,1,1
4542,53,46,10,0,0,0,6,1,1
4543,694,264,212,0,0,10,119,0,0
4544,553,286,216,0,0,0,15,3,1
4545,30,27,5,0,0,0,3,0,0
4546,481,239,204,0,0,0,23,1,1
4547,82,67,26,0,0,0,8,0,0
4548,102,66,20,0,0,0,28,1,0
4549,253,165,95,0,0,0,5,0,1
4550,434,229,94,1,1,0,21,0,0
4551,1724,671,585,0,0,0,44,2,1
4552,179,124,20,0,0,0,9,1,1
4553,562,275,199,0,0,0,14,2,1
4554,537,293,131,0,0,0,37,0,0
4555,59,52,17,0,0,0,3,0,1
4556,46,41,12,0,0,0,8,0,1
4557,302,161,95,0,0,1,29,0,0
4558,59,30,9,0,0,0,14,0,0
4559,28,20,4,0,0,0,9,0,0
4560,134,117,23,0,0,0,10,0,1
4561,339,193,111,0,0,0,26,0,0
4562,109,65,41,0,0,0,6,0,0
4563,75,52,15,0,0,0,18,0,0
4564,285,199,20,0,0,20,80,0,0
4565,1130,532,347,0,0,0,147,0,1
4566,243,166,68,0,0,0,19,0,1
4567,196,142,66,1,1,2,16,0,0
4568,2386,641,950,3,3,1,30,1,1
4569,40,29,14,0,0,0,3,0,0
4570,189,122,70,0,0,0,1,1,1
4571,147,84,30,0,0,0,12,1,1
4572,309,183,100,0,0,0,11,0,1
4573,719,246,143,0,0,0,52,0,0
4574,98,83,29,0,0,0,7,0,1
4575,25,22,4,0,0,0,5,0,1
4576,163,101,48,6,4,2,14,1,1
4577,26,23,2,0,0,2,5,0,0
4578,255,150,88,0,0,1,12,0,0
4579,9,9,3,0,0,0,0,0,0
4580,469,245,196,0,0,2,10,1,1
4581,12,12,1,0,0,0,2,0,1
4582,173,122,66,0,0,0,2,0,0
4583,549,220,144,6,2,7,48,1,0
4584,112,80,34,0,0,0,10,0,0
4585,73,57,20,0,0,0,2,1,1
4586,64,57,0,0,0,0,16,0,1
4587,77,70,10,0,0,0,6,1,0
4588,16,16,5,0,0,0,0,0,0
4589,170,124,59,0,0,0,17,0,1
4590,126,80,49,0,0,0,2,0,1
4591,54,44,26,0,0,0,4,0,1
4592,52,50,5,0,0,0,0,0,1
4593,982,394,369,0,0,0,6,2,1
4594,445,224,171,0,0,0,29,0,0
4595,427,165,129,0,0,0,66,1,0
4596,143,100,51,0,0,0,6,0,0
4597,44,36,13,0,0,0,3,0,0
4598,193,127,78,0,0,0,25,0,1
4599,41,36,12,0,0,0,1,0,0
4600,33,31,6,0,0,0,6,0,1
4601,65,49,19,0,0,0,9,1,0
4602,155,86,25,0,0,0,32,0,0
4603,312,171,134,0,0,0,4,0,1
4604,806,323,330,0,0,0,10,0,1
4605,72,54,25,0,0,0,3,0,1
4606,139,94,46,0,0,1,6,0,0
4607,32,25,16,0,0,0,1,0,0
4608,185,130,53,0,0,0,18,0,1
4609,1262,535,449,0,0,0,50,2,1
4610,167,124,49,0,0,0,11,0,1
4611,68,40,9,0,0,0,11,1,1
4612,207,117,67,0,0,1,13,0,0
4613,78,55,31,0,0,0,2,0,0
4614,1139,518,378,0,0,0,128,2,1
4615,15,15,2,0,0,0,1,0,1
4616,34,26,11,1,1,0,3,0,0
4617,52,44,18,0,0,0,1,0,0
4618,547,265,178,0,0,0,47,2,0
4619,68,50,14,1,1,0,6,0,1
4620,160,83,59,0,0,0,22,0,0
4621,69,55,27,0,0,1,3,0,1
4622,26,23,5,0,0,1,5,0,0
4623,238,124,92,0,0,0,7,0,1
4624,218,159,57,0,0,0,5,1,1
4625,24,22,0,0,0,0,4,0,0
4626,240,135,59,0,0,0,12,0,0
4627,65,53,19,2,1,0,7,0,1
4628,243,164,69,3,3,1,17,0,1
4629,425,247,117,0,0,0,22,0,0
4630,170,106,61,0,0,0,6,0,1
4631,106,80,41,0,0,0,4,0,1
4632,167,107,36,0,0,1,17,0,0
4633,84,81,13,0,0,0,22,0,1
4634,46,39,14,0,0,0,2,0,0
4635,386,204,147,0,0,0,4,0,0
4636,1602,515,547,0,0,0,114,3,0
4637,138,95,50,2,2,1,9,1,1
4638,231,230,1,0,0,0,209,0,1
4639,415,218,123,1,1,3,9,0,1
4640,110,73,36,0,0,0,11,0,1
4641,134,104,15,0,0,0,30,0,1
4642,173,108,51,0,0,0,5,1,0
4643,145,98,35,2,1,0,4,0,0
4644,68,56,21,0,0,0,4,1,0
4645,100,65,20,0,0,0,9,0,0
4646,147,106,46,1,1,0,4,0,0
4647,447,218,164,1,1,0,14,0,0
4648,180,118,80,0,0,2,6,1,0
4649,49,42,9,0,0,0,5,0,1
4650,68,62,8,0,0,0,12,0,1
4651,90,65,23,0,0,3,10,0,0
4652,567,276,144,0,0,15,59,0,0
4653,1061,442,308,0,0,0,39,1,1
4654,123,71,28,0,0,2,8,0,0
4655,62,36,4,0,0,0,9,0,0
4656,54,42,4,0,0,3,13,1,0
4657,1494,534,534,6,6,1,34,1,1
4658,27,25,12,0,0,0,1,0,0
4659,80,57,22,4,2,0,8,0,0
4660,278,138,108,0,0,0,6,2,1
4661,172,98,30,5,4,1,22,0,1
4662,109,85,36,0,0,0,6,0,0
4663,104,89,24,0,0,0,29,0,1
4664,346,168,112,2,2,5,13,0,0
4665,161,109,37,6,3,0,22,0,1
4666,27,24,9,0,0,0,3,0,1
4667,107,91,25,0,0,0,14,3,1
4668,410,214,153,0,0,0,14,1,1
4669,177,126,52,0,0,0,8,0,1
4670,205,118,83,0,0,0,3,1,0
4671,38,31,8,0,0,0,9,0,0
4672,1275,473,82,0,0,0,601,0,1
4673,25,18,5,0,0,0,2,0,1
4674,249,151,75,0,0,0,7,0,1
4675,882,406,298,0,0,0,42,2,1
4676,196,123,65,0,0,0,5,0,0
4677,56,48,22,0,0,0,0,0,1
4678,684,261,225,0,0,0,35,0,0
4679,89,55,15,0,0,0,28,0,0
4680,40,32,14,0,0,0,4,0,1
4681,32,26,4,0,0,0,6,0,0
4682,43,36,16,3,2,1,2,0,1
4683,177,103,26,9,4,24,52,0,0
4684,243,126,95,0,0,0,26,0,0
4685,184,115,45,0,0,7,26,0,0
4686,106,69,33,0,0,0,14,0,0
4687,92,70,30,0,0,0,12,0,0
4688,110,92,24,0,0,0,26,0,1
4689,28,24,6,0,0,0,1,0,0
4690,29,28,5,0,0,0,5,0,1
4691,185,133,40,0,0,0,5,0,1
4692,35,33,11,0,0,0,2,0,1
4693,2210,718,779,1,1,0,106,1,0
4694,121,82,36,0,0,3,11,0,0
4695,64,54,24,0,0,0,2,1,1
4696,592,286,240,0,0,0,20,2,1
4697,81,61,34,0,0,0,2,0,0
4698,38,33,13,0,0,0,3,0,0
4699,146,109,28,1,1,0,11,0,1
4700,311,162,39,0,0,0,71,0,0
4701,73,60,23,0,0,0,4,0,0
4702,48,38,5,0,0,0,9,1,0
4703,180,116,69,0,0,0,2,0,1
4704,56,55,1,0,0,0,2,0,1
4705,66,52,25,0,0,0,1,0,0
4706,40,38,8,0,0,0,2,0,1
4707,538,211,186,0,0,7,43,0,0
4708,7,7,1,0,0,0,1,0,0
4709,312,206,79,0,0,0,21,1,1
4710,238,122,66,0,0,0,47,1,0
4711,898,435,304,0,0,0,102,1,1
4712,120,76,42,4,2,0,9,0,1
4713,257,141,19,1,1,0,40,0,0
4714,34,29,11,0,0,0,2,0,0
4715,57,55,9,0,0,0,6,0,1
4716,445,215,175,0,0,0,18,2,1
4717,910,359,303,0,0,1,5,1,1
4718,381,219,148,0,0,0,7,2,1
4719,319,317,5,0,0,0,33,0,1
4720,102,66,6,0,0,0,27,0,1
4721,135,84,51,0,0,0,4,0,1
4722,151,104,34,0,0,2,16,0,0
4723,57,36,13,0,0,0,12,0,0
4724,103,85,26,0,0,0,9,0,0
4725,102,75,39,2,2,0,4,0,1
4726,76,59,17,0,0,0,6,0,0
4727,199,140,78,0,0,0,1,0,1
4728,142,100,56,0,0,0,2,0,0
4729,49,40,13,0,0,0,1,0,0
4730,147,87,42,0,0,5,11,0,0
4731,630,340,199,1,1,0,61,2,0
4732,890,212,275,5,2,5,71,0,0
4733,44,36,12,0,0,0,1,0,0
4734,276,112,85,0,0,0,44,0,0
4735,23,23,7,0,0,0,6,0,0
4736,405,388,31,0,0,0,333,0,1
4737,959,429,89,1,1,183,334,0,0
4738,21,20,6,0,0,0,3,0,0
4739,203,124,67,0,0,0,18,0,0
4740,39,38,1,0,0,0,2,0,1
4741,23,20,1,0,0,0,4,0,1
4742,8,8,2,0,0,0,0,0,1
4743,102,74,31,0,0,0,15,0,1
4744,485,232,71,0,0,0,29,0,1
4745,31,27,13,0,0,0,1,0,0
4746,64,52,22,0,0,0,3,0,1
4747,821,234,81,8,1,2,90,0,0
4748,811,350,271,0,0,6,39,0,0
4749,115,69,42,0,0,0,1,0,1
4750,2475,934,932,9,4,9,78,1,0
4751,129,94,51,0,0,0,9,0,0
4752,14,13,3,0,0,0,0,0,0
4753,358,158,136,0,0,0,18,1,0
4754,67,56,11,0,0,0,9,0,1
4755,170,99,50,0,0,0,21,1,0
4756,228,90,22,0,0,0,17,0,1
4757,280,167,107,0,0,0,6,1,0
4758,93,75,23,0,0,0,4,0,1
4759,233,113,58,0,0,0,57,0,0
4760,23,21,14,0,0,0,0,0,0
4761,43,43,0,0,0,0,2,0,1
4762,111,104,13,0,0,0,38,0,1
4763,116,82,36,3,1,0,15,0,0
4764,117,81,38,0,0,0,9,0,1
4765,21,20,11,0,0,0,1,0,0
4766,196,141,45,0,0,0,19,0,0
4767,251,139,75,0,0,1,9,0,0
4768,167,94,46,0,0,1,22,0,0
4769,150,100,45,0,0,0,4,0,1
4770,61,59,9,0,0,0,10,0,1
4771,567,231,214,0,0,1,13,0,0
4772,321,159,120,0,0,0,47,0,0
4773,365,178,102,0,0,0,33,0,0
4774,66,60,8,0,0,0,12,0,1
4775,280,175,92,1,1,0,7,0,0
4776,208,126,5,0,0,0,113,0,1
4777,58,48,7,0,0,0,7,1,1
4778,77,48,8,0,0,0,9,0,1
4779,32,21,9,0,0,0,1,0,1
4780,30,27,8,0,0,0,5,0,1
4781,177,110,56,0,0,3,15,0,0
4782,44,39,15,0,0,0,2,0,0
4783,138,109,27,0,0,0,8,0,1
4784,40,29,10,0,0,0,6,0,0
4785,291,156,91,0,0,0,9,0,0
4786,787,361,231,0,0,0,22,1,0
4787,73,44,8,0,0,0,0,0,0
4788,174,122,35,0,0,0,21,0,1
4789,36,31,15,0,0,0,1,0,0
4790,43,41,8,0,0,0,11,0,1
4791,204,114,6,0,0,29,75,0,0
4792,199,108,62,0,0,0,22,1,0
4793,45,42,10,0,0,0,4,0,0
4794,95,77,23,0,0,0,1,0,1
4795,1316,565,406,0,0,0,82,1,0
4796,283,177,94,0,0,2,26,0,0
4797,89,60,29,0,0,0,5,0,0
4798,36,29,11,0,0,0,0,0,1
4799,15,13,5,0,0,0,1,0,0
4800,74,53,28,0,0,0,1,0,1
4801,93,61,7,0,0,0,55,0,1
4802,471,219,135,0,0,0,17,2,1
4803,203,109,51,0,0,0,11,0,0
4804,76,44,7,0,0,0,12,0,1
4805,197,129,51,0,0,0,27,0,1
4806,140,87,46,0,0,0,12,0,1
4807,105,80,21,0,0,0,6,1,1
4808,59,53,18,0,0,0,1,0,1
4809,76,55,33,0,0,0,1,0,0
4810,178,133,49,1,1,0,7,1,1
4811,249,140,97,0,0,4,9,1,0
4812,64,56,6,0,0,0,15,0,1
4813,26,22,8,0,0,2,3,0,0
4814,397,181,160,1,1,3,3,0,0
4815,40,35,15,0,0,0,3,0,0
4816,32,29,12,0,0,0,2,0,0
4817,71,65,11,0,0,0,14,0,1
4818,45,34,18,0,0,0,0,0,1
4819,84,61,32,0,0,2,6,0,0
4820,85,66,24,0,0,0,9,0,1
4821,51,40,8,0,0,0,9,0,0
4822,139,92,46,0,0,0,3,0,1
4823,30,25,6,0,0,0,3,0,1
4824,289,123,63,15,1,0,39,0,0
4825,143,99,47,1,1,3,18,0,0
4826,12,11,5,0,0,0,0,0,0
4827,19,17,9,0,0,0,0,0,0
4828,35,28,15,0,0,0,0,0,0
4829,76,76,0,0,0,0,39,0,1
4830,181,126,57,1,1,0,9,0,1
4831,59,40,34,0,0,0,0,0,0
4832,1079,453,310,1,1,1,29,1,0
4833,42,41,3,0,0,0,6,0,1
4834,144,97,46,0,0,0,9,0,0
4835,174,118,67,0,0,0,5,0,0
4836,143,94,56,0,0,0,9,0,0
4837,124,77,29,0,0,3,7,0,0
4838,111,82,29,0,0,0,11,1,0
4839,11,11,3,0,0,0,0,0,0
4840,24,22,0,0,0,0,4,0,0
4841,53,51,17,0,0,0,3,0,0
4842,12,9,1,0,0,0,0,0,0
4843,401,221,138,0,0,0,11,1,1
4844,60,47,24,0,0,0,0,0,0
4845,812,271,361,0,0,0,13,1,1
4846,84,66,37,0,0,0,2,0,0
4847,79,70,10,0,0,0,17,0,1
4848,379,197,129,0,0,0,9,1,0
4849,135,102,36,0,0,0,4,0,1
4850,341,203,122,2,1,3,13,1,0
4851,311,161,85,0,0,1,16,0,0
4852,584,254,201,0,0,0,32,0,1
4853,40,38,8,0,0,0,7,0,1
4854,136,113,44,0,0,0,7,0,1
4855,156,153,4,0,0,0,18,0,1
4856,55,54,0,0,0,0,3,0,1
4857,131,87,54,0,0,1,2,0,0
4858,44,38,18,0,0,0,1,0,0
4859,273,155,101,0,0,2,13,1,0
4860,146,99,39,0,0,1,11,0,0
4861,79,69,14,0,0,0,15,0,1
4862,34,31,9,0,0,0,11,0,1
4863,123,94,23,3,3,1,23,1,1
4864,108,83,33,0,0,0,5,0,1
4865,39,35,16,0,0,0,4,0,0
4866,194,118,57,0,0,1,18,0,0
4867,60,53,21,0,0,0,1,0,1
4868,43,38,6,0,0,0,12,0,0
4869,141,92,41,0,0,1,11,0,0
4870,121,73,52,0,0,0,2,0,0
4871,425,197,186,0,0,0,12,1,1
4872,54,45,17,0,0,0,1,0,1
4873,75,53,23,0,0,0,3,0,1
4874,213,113,95,0,0,0,3,1,1
4875,32,32,8,0,0,0,1,0,1
4876,155,92,71,0,0,0,2,0,0
4877,494,284,162,0,0,1,23,1,1
4878,84,77,1,0,0,0,1,0,1
4879,120,79,42,0,0,0,4,0,0
4880,189,122,70,0,0,0,1,1,1
4881,175,123,52,0,0,1,13,0,0
4882,1056,463,362,0,0,0,120,2,1
4883,212,133,75,4,3,1,12,1,1
4884,192,112,67,0,0,0,21,0,0
4885,1912,604,644,0,0,2,42,2,1
4886,4735,1017,1922,0,0,0,68,2,1
4887,41,40,5,0,0,0,4,0,1
4888,471,205,149,0,0,9,63,1,0
4889,188,138,72,0,0,0,17,0,1
4890,543,311,171,0,0,0,97,0,1
4891,97,73,32,0,0,0,3,0,0
4892,83,61,28,0,0,0,12,0,0
4893,404,237,144,0,0,0,33,0,0
4894,109,93,16,0,0,0,33,0,1
4895,39,33,24,0,0,0,0,0,0
4896,230,132,77,0,0,0,10,0,1
4897,99,74,32,0,0,0,8,0,0
4898,11,11,5,0,0,0,0,0,0
4899,84,74,15,0,0,0,11,0,0
4900,269,91,63,0,0,0,5,0,0
4901,84,70,13,0,0,0,11,1,1
4902,110,75,37,0,0,0,12,0,1
4903,312,184,122,0,0,0,18,2,1
4904,11,11,4,0,0,0,0,0,1
4905,255,134,94,1,1,1,9,2,1
4906,31,28,11,0,0,0,0,0,0
4907,83,61,17,0,0,0,8,0,1
4908,349,190,123,1,1,2,12,1,0
4909,39,35,8,0,0,0,12,0,1
4910,547,312,171,0,0,0,87,0,1
4911,529,187,211,0,0,6,31,1,0
4912,160,109,56,2,1,1,10,0,0
4913,150,103,55,2,1,1,9,0,1
4914,227,143,79,0,0,0,14,0,0
4915,142,130,14,0,0,0,18,0,1
4916,80,65,33,0,0,0,8,0,1
4917,24,24,3,0,0,0,11,0,1
4918,7,6,0,0,0,0,3,0,1
4919,65,52,22,0,0,0,6,0,1
4920,63,47,25,0,0,0,1,0,0
4921,29,22,6,0,0,0,5,0,0
4922,413,204,147,0,0,0,2,1,1
4923,68,52,16,0,0,0,4,0,1
4924,31,28,9,0,0,0,1,0,1
4925,52,52,1,0,0,0,6,0,1
4926,113,66,39,0,0,0,5,0,0
4927,87,66,32,0,0,0,3,0,1
4928,541,248,190,0,0,0,23,0,0
4929,339,191,130,1,1,2,22,0,0
4930,333,188,118,1,1,1,4,1,0
4931,50,41,19,0,0,0,2,0,1
4932,152,109,52,0,0,0,9,0,1
4933,15422,2781,4682,3,2,9,588,4,0
4934,141,91,43,0,0,0,6,0,1
4935,56,52,18,0,0,0,7,0,0
4936,230,145,99,0,0,0,5,0,0
4937,595,245,17,0,0,1,289,0,0
4938,192,109,40,0,0,11,31,0,0
4939,139,65,32,0,0,0,10,1,0
4940,334,201,67,0,0,0,68,1,1
4941,69,55,23,0,0,0,10,0,0
4942,85,64,18,1,1,1,9,1,0
4943,210,121,75,0,0,0,7,1,1
4944,95,66,22,2,1,0,13,0,0
4945,317,160,95,1,1,2,11,1,1
4946,22,18,8,0,0,0,1,0,1
4947,266,172,82,0,0,0,14,0,0
4948,370,210,92,0,0,20,39,0,0
4949,119,79,43,0,0,0,1,0,0
4950,178,121,54,1,1,0,3,0,0
4951,394,190,129,0,0,0,55,1,0
4952,14,14,4,0,0,0,0,0,1
4953,72,58,15,0,0,0,28,1,1
4954,181,83,37,0,0,0,7,0,1
4955,185,118,71,0,0,0,5,0,0
4956,48,43,19,0,0,1,3,0,0
4957,179,96,53,0,0,0,10,0,0
4958,10,10,3,0,0,0,0,0,1
4959,30,30,3,0,0,0,6,0,1
4960,79,38,18,0,0,0,15,0,0
4961,126,85,30,0,0,2,7,0,0
4962,36,32,7,0,0,0,4,0,1
4963,149,91,31,0,0,0,38,1,0
4964,597,269,228,0,0,2,15,1,1
4965,183,130,70,0,0,0,18,0,1
4966,219,123,71,0,0,6,10,1,0
4967,342,139,7,0,0,4,145,0,0
4968,66,32,10,0,0,0,13,0,0
4969,39,36,12,0,0,0,3,0,1
4970,55,42,8,0,0,0,9,0,0
4971,62,52,24,0,0,0,1,1,1
4972,1645,561,446,0,0,1,117,0,0
4973,22,21,10,0,0,0,3,0,0
4974,85,54,16,0,0,0,11,0,0
4975,38,35,11,0,0,0,0,0,1
4976,99,71,25,2,1,0,13,0,0
4977,147,102,40,1,1,2,11,0,0
4978,218,198,2,0,0,0,129,0,1
4979,336,182,132,1,1,2,3,0,0
4980,164,108,43,0,0,0,24,0,1
4981,22,19,11,0,0,0,1,0,0
4982,576,264,129,3,1,36,90,0,0
4983,266,153,76,0,0,10,42,0,0
4984,319,191,87,0,0,0,31,0,1
4985,12,12,3,0,0,0,0,0,0
4986,320,193,113,3,3,1,24,1,1
4987,501,214,110,24,3,0,50,1,0
4988,141,105,46,1,1,1,7,0,0
4989,774,324,284,0,0,0,28,0,1
4990,117,72,42,0,0,0,1,0,0
4991,160,112,49,0,0,0,16,0,0
4992,4,4,0,0,0,0,1,0,1
4993,171,92,48,2,1,2,7,0,0
4994,2346,648,926,0,0,0,32,3,1
4995,277,134,91,0,0,0,20,0,0
4996,390,203,143,0,0,2,13,0,0
4997,44,37,12,0,0,0,3,0,1
4998,101,70,36,0,0,1,6,1,0
4999,79,58,20,0,0,0,11,0,0
5000,38,37,12,0,0,0,2,1,1
5001,235,104,97,0,0,0,25,0,0
5002,72,47,26,0,0,0,0,0,1
5003,32,30,10,0,0,0,0,0,1
5004,597,227,123,3,3,2,94,1,1
5005,123,87,46,0,0,0,4,0,1
5006,36,33,12,1,1,0,2,0,0
5007,186,129,74,0,0,0,4,0,1
5008,177,95,50,0,0,0,19,0,0
5009,481,236,209,0,0,0,9,1,1
5010,61,50,10,0,0,0,6,0,1
5011,62,44,17,0,0,0,4,0,0
5012,39,33,17,0,0,0,2,0,0
5013,174,90,48,0,0,0,35,1,0
5014,66,55,22,0,0,0,2,0,1
5015,65,53,19,2,1,0,7,0,1
5016,59,47,17,0,0,0,2,0,0
5017,548,243,221,0,0,4,18,0,0
5018,135,77,52,0,0,0,10,0,1
5019,31,29,8,0,0,0,0,0,1
5020,51,47,9,0,0,0,6,1,1
5021,38,35,11,0,0,0,3,0,1
5022,74,59,28,0,0,0,2,0,0
5023,105,74,39,0,0,0,3,0,0
5024,11,10,2,0,0,0,1,0,1
5025,72,52,31,0,0,0,6,0,0
5026,229,113,60,6,2,5,19,0,0
5027,106,68,47,0,0,0,2,0,0
5028,84,61,12,0,0,0,5,1,1
5029,281,160,56,0,0,0,49,0,1
5030,216,126,74,0,0,5,12,1,0
5031,194,127,47,0,0,0,29,0,1
5032,1249,450,516,0,0,0,25,3,1
5033,46,40,13,0,0,0,2,0,0
5034,330,157,142,0,0,3,13,0,0
5035,51,41,23,0,0,0,2,0,0
5036,181,123,53,0,0,0,4,0,1
5037,55,49,9,0,0,0,10,0,1
5038,277,170,9,0,0,0,147,0,1
5039,102,75,38,0,0,0,7,0,0
5040,54,43,24,0,0,0,5,0,0
5041,261,154,68,1,1,22,49,0,0
5042,56,47,10,1,1,1,7,0,0
5043,83,59,33,0,0,0,3,1,1
5044,5,5,0,0,0,0,1,0,0
5045,22,22,5,0,0,0,2,0,0
5046,1016,781,11,0,0,0,141,0,1
5047,728,278,227,1,1,0,22,0,0
5048,255,148,109,0,0,2,4,1,0
5049,6,6,2,0,0,0,0,0,0
5050,6,6,0,0,0,0,2,0,0
5051,770,322,215,10,1,4,58,1,0
5052,371,192,150,0,0,6,14,2,0
5053,176,125,33,4,3,14,35,0,0
5054,88,60,17,0,0,0,8,0,0
5055,72,53,26,0,0,0,2,0,0
5056,542,289,92,0,0,3,111,1,0
5057,10,10,3,0,0,0,0,0,1
5058,57,49,18,0,0,0,2,0,1
5059,219,116,54,0,0,5,38,0,0
5060,59,44,8,0,0,0,13,0,1
5061,80,59,35,0,0,0,2,1,0
5062,89,44,8,0,0,0,11,0,0
5063,115,82,45,0,0,0,4,0,1
5064,192,123,49,0,0,0,29,0,1
5065,296,165,104,0,0,0,9,0,1
5066,315,193,84,8,4,2,29,1,0
5067,327,190,115,1,1,1,11,1,0
5068,50,37,17,0,0,0,2,0,1
5069,45,34,2,0,0,0,5,0,0
5070,250,244,9,0,0,0,21,0,1
5071,28,24,6,0,0,0,1,0,1
5072,79,65,18,3,3,1,14,0,1
5073,33,28,12,0,0,0,0,0,0
5074,610,197,153,0,0,0,93,0,0
5075,43,33,4,0,0,7,14,0,0
5076,96,79,26,0,0,0,5,0,1
5077,85,60,38,0,0,0,1,0,1
5078,69,59,30,0,0,0,2,0,0
5079,144,106,43,0,0,4,10,0,0
5080,290,169,77,0,0,0,16,1,0
5081,65,54,25,0,0,0,2,0,0
5082,275,263,25,0,0,0,203,0,1
5083,59,50,24,0,0,0,0,0,1
5084,56,39,4,0,0,0,7,0,0
5085,137,113,24,0,0,0,34,0,1
5086,171,70,10,0,0,0,88,0,0
5087,246,159,73,0,0,0,13,1,1
5088,779,349,276,1,1,6,43,0,0
5089,82,68,25,0,0,0,14,0,1
5090,380,178,110,0,0,0,39,0,0
5091,15,15,7,0,0,0,0,0,0
5092,31,28,13,0,0,0,0,0,0
5093,597,106,88,0,0,0,222,0,1
5094,51,44,11,0,0,0,10,0,0
5095,489,249,199,0,0,0,27,2,1
5096,58,48,23,0,0,0,10,0,1
5097,1003,402,370,0,0,0,17,2,1
5098,607,295,217,0,0,0,27,0,1
5099,138,83,48,0,0,0,3,0,1
5100,338,178,136,0,0,0,3,0,0
5101,110,65,49,0,0,0,2,0,1
5102,174,112,74,0,0,0,5,0,0
5103,255,140,56,0,0,16,47,0,0
5104,79,68,14,0,0,0,15,0,1
5105,659,345,208,0,0,0,96,1,1
5106,44,37,8,0,0,0,7,0,1
5107,872,395,303,2,1,1,24,1,1
5108,550,320,23,1,1,0,423,0,1
5109,50,46,14,0,0,0,2,0,1
5110,444,219,147,0,0,2,31,1,0
5111,28,26,8,0,0,0,1,0,0
5112,75,66,8,0,0,0,9,0,1
5113,88,73,15,0,0,0,26,1,1
5114,332,173,122,0,0,4,20,1,0
5115,65,54,28,0,0,0,2,0,0
5116,553,244,233,0,0,0,19,1,1
5117,102,77,27,0,0,0,5,0,1
5118,92,57,12,0,0,5,13,0,0
5119,13,13,0,0,0,0,3,0,1
5120,137,97,49,0,0,0,4,0,1
5121,91,57,27,0,0,0,20,0,0
5122,1545,504,577,0,0,0,19,4,1
5123,102,71,32,0,0,7,18,1,0
5124,274,170,101,4,3,0,7,1,1
5125,279,75,37,0,0,0,31,0,1
5126,55,53,1,0,0,0,1,2,1
5127,2220,636,897,12,8,1,54,0,1
5128,26,26,1,0,0,0,18,0,0
5129,11,10,5,0,0,0,1,0,0
5130,23,21,11,0,0,0,0,0,0
5131,97,64,36,0,0,0,2,1,0
5132,276,166,104,3,3,0,0,0,1
5133,29,25,11,0,0,0,0,0,0
5134,142,76,32,0,0,0,33,1,0
5135,54,50,13,0,0,0,8,0,1
5136,76,64,20,0,0,0,6,1,1
5137,2312,787,638,5,4,0,205,2,0
5138,445,241,156,0,0,3,13,1,0
5139,163,102,62,2,1,1,9,0,0
5140,25,21,0,1,1,1,11,0,0
5141,42,41,8,0,0,0,16,0,1
5142,175,117,50,1,1,1,13,0,1
5143,108,81,36,0,0,0,12,0,1
5144,140,85,42,0,0,0,3,0,1
5145,70,56,21,0,0,0,5,0,1
5146,116,85,37,3,1,0,3,1,1
5147,872,385,311,2,1,5,28,1,0
5148,80,65,33,0,0,0,7,0,1
5149,191,112,61,0,0,2,5,1,0
5150,102,87,22,0,0,0,5,0,1
5151,87,59,30,3,2,0,6,0,0
5152,154,120,42,0,0,0,7,1,1
5153,88,66,12,0,0,0,8,0,1
5154,155,97,45,3,1,3,9,0,0
5155,349,192,98,0,0,35,67,0,0
5156,35,28,17,0,0,0,0,0,0
5157,41,37,8,0,0,0,4,0,1
5158,58,50,12,0,0,0,10,0,0
5159,83,45,14,0,0,0,8,0,0
5160,185,139,46,0,0,0,5,1,1
5161,8,8,3,0,0,0,0,0,0
5162,56,41,0,0,0,0,30,0,1
5163,23,21,4,0,0,0,2,0,0
5164,119,87,29,1,1,0,9,1,1
5165,434,240,132,0,0,0,17,1,1
5166,21,20,9,0,0,0,1,0,1
5167,354,173,54,0,0,0,117,0,1
5168,282,188,18,0,0,33,84,0,0
5169,66,55,22,0,0,0,2,0,1
5170,1008,414,379,0,0,0,34,2,1
5171,224,71,9,0,0,0,64,0,1
5172,158,107,55,0,0,0,1,0,0
5173,107,83,33,0,0,0,9,1,1
5174,44,40,15,0,0,0,1,0,1
5175,907,328,203,32,2,1,118,1,0
5176,24,22,13,0,0,0,0,0,0
5177,101,83,17,0,0,0,30,0,1
5178,107,74,50,0,0,0,0,1,0
5179,362,206,90,1,1,0,32,0,0
5180,37,34,6,0,0,0,8,0,1
5181,13,13,5,0,0,0,0,0,0
5182,1050,320,300,2,1,22,82,0,0
5183,24,23,8,0,0,0,0,0,0
5184,58,45,19,0,0,0,10,0,0
5185,162,108,63,0,0,0,8,1,1
5186,446,226,128,0,0,0,30,1,1
5187,44,43,5,0,0,0,3,0,1
5188,75,62,30,1,1,0,3,0,1
5189,65,65,5,0,0,0,1,0,1
5190,40,36,9,0,0,0,1,0,1
5191,76,59,25,0,0,0,0,1,1
5192,220,140,61,0,0,0,14,0,1
5193,29,25,9,0,0,0,3,0,0
5194,84,65,35,0,0,0,1,0,0
5195,53,45,15,0,0,0,3,0,1
5196,16,14,7,0,0,0,2,0,1
5197,262,167,101,0,0,3,10,0,0
5198,348,193,127,2,2,3,18,2,1
5199,375,198,122,0,0,2,32,0,0
5200,541,251,201,0,0,0,24,0,1
5201,154,109,54,0,0,0,10,0,1
5202,315,177,131,0,0,0,6,0,0
5203,103,72,34,1,1,1,4,0,1
5204,124,96,18,0,0,0,29,0,1
5205,28,19,4,0,0,0,10,0,0
5206,63,51,27,1,1,0,2,0,1
5207,35,32,14,0,0,0,2,0,0
5208,77,56,35,0,0,0,0,0,0
5209,35,29,19,0,0,0,0,0,1
5210,44,30,4,4,4,2,13,0,1
5211,203,149,71,0,0,0,11,0,1
5212,726,335,33,0,0,0,167,1,0
5213,28,26,7,0,0,0,2,1,0
5214,73,40,4,0,0,0,29,0,0
5215,74,59,33,0,0,0,2,0,0
5216,89,69,20,0,0,0,7,0,1
5217,185,109,59,0,0,1,27,0,0
5218,73,62,18,0,0,0,5,0,1
5219,68,55,25,0,0,0,1,0,1
5220,618,332,158,3,3,0,49,0,0
5221,232,120,39,4,3,0,26,0,0
5222,65,46,26,0,0,0,3,0,0
5223,552,211,170,3,1,13,74,2,0
5224,71,59,24,0,0,0,2,0,0
5225,169,112,55,0,0,0,6,0,1
5226,370,116,78,28,5,0,70,0,0
5227,1068,352,286,0,0,0,118,3,0
5228,283,148,88,0,0,0,22,0,1
5229,2116,738,721,0,0,0,118,2,1
5230,165,112,44,0,0,0,23,0,1
5231,29,28,6,0,0,1,3,0,0
5232,70,50,32,0,0,0,1,0,0
5233,196,136,76,0,0,0,4,0,1
5234,312,191,97,0,0,0,19,2,0
5235,222,116,76,0,0,0,7,0,0
5236,518,257,185,0,0,1,22,0,0
5237,49,46,17,0,0,0,1,0,0
5238,166,97,64,0,0,0,14,1,0
5239,196,128,84,0,0,0,20,0,1
5240,795,315,251,0,0,0,93,0,0
5241,85,62,29,0,0,0,10,0,0
5242,207,131,16,0,0,0,59,0,1
5243,131,103,27,0,0,0,6,0,1
5244,1118,38,238,0,0,0,5,0,0
5245,123,105,28,0,0,0,6,0,1
5246,61,51,22,0,0,0,9,0,1
5247,60,53,16,0,0,1,3,0,0
5248,58,47,23,0,0,0,6,0,1
5249,299,192,107,1,1,0,12,0,0
5250,22,18,3,0,0,0,9,0,0
5251,99,71,41,0,0,0,0,0,0
5252,37,35,7,0,0,0,1,0,1
5253,166,94,57,1,1,0,20,0,0
5254,241,124,86,2,1,0,6,1,1
5255,73,61,22,0,0,0,3,0,1
5256,258,112,24,0,0,0,34,0,1
5257,234,133,83,0,0,0,14,1,0
5258,311,171,121,0,0,0,1,1,1
5259,108,61,13,0,0,2,17,0,0
5260,199,117,57,0,0,0,9,0,1
5261,35,28,9,0,0,0,1,0,1
5262,1639,510,495,0,0,0,89,1,0
5263,1252,471,374,0,0,20,132,1,0
5264,88,68,32,0,0,0,14,0,1
5265,61,54,16,0,0,0,1,0,1
5266,92,72,32,0,0,2,11,0,0
5267,61,47,21,0,0,0,5,0,0
5268,36,30,12,1,1,0,3,0,1
5269,8,8,0,0,0,0,4,0,1
5270,721,311,207,0,0,4,57,2,0
5271,90,60,22,0,0,0,24,0,0
5272,922,422,317,0,0,0,28,2,1
5273,87,67,32,0,0,0,10,0,0
5274,60,41,29,0,0,0,5,0,0
5275,189,108,63,2,1,0,11,0,0
5276,902,111,74,0,0,0,382,0,1
5277,9,9,3,0,0,0,0,0,0
5278,232,143,72,1,1,0,9,0,0
5279,157,99,54,0,0,1,12,0,0
5280,45,35,19,0,0,0,0,0,1
5281,498,226,211,0,0,0,17,3,1
5282,26,24,11,0,0,0,1,0,0
5283,45,41,16,0,0,0,4,0,0
5284,102,72,41,0,0,0,6,0,0
5285,21,20,10,0,0,0,2,0,0
5286,76,59,23,0,0,0,5,0,1
5287,6,6,2,0,0,0,0,0,1
5288,121,60,5,0,0,0,63,0,0
5289,179,104,44,0,0,2,17,0,0
5290,297,181,110,0,0,0,15,1,1
5291,174,114,53,0,0,0,3,1,1
5292,201,105,67,1,1,0,2,1,0
5293,58,46,6,0,0,3,13,1,0
5294,1940,774,570,0,0,0,77,2,1
5295,2226,616,894,0,0,0,20,1,1
5296,61,47,28,0,0,0,2,0,0
5297,105,72,40,2,1,0,6,0,0
5298,75,59,24,0,0,0,3,0,0
5299,16,16,5,0,0,0,0,0,0
5300,215,126,78,0,0,0,5,1,0
5301,507,259,175,0,0,2,21,1,1
5302,13,12,6,0,0,0,1,0,1
5303,31,29,11,0,0,0,0,0,0
5304,24,6,0,0,0,0,10,0,0
5305,130,69,26,0,0,0,30,0,0
5306,170,92,51,0,0,0,10,0,0
5307,9,9,1,0,0,0,3,0,0
5308,76,56,22,3,3,3,13,0,1
5309,34,22,3,0,0,0,15,0,0
5310,56,46,20,0,0,1,1,0,0
5311,80,64,33,0,0,0,7,0,1
5312,43,36,13,0,0,0,1,0,1
5313,133,129,3,0,0,0,82,0,1
5314,310,195,74,1,1,1,10,0,1
5315,95,71,19,1,1,0,6,0,1
5316,68,65,8,0,0,0,11,0,1
5317,1494,533,534,6,6,1,35,1,1
5318,107,68,48,0,0,0,1,1,1
5319,594,352,211,0,0,0,41,0,1
5320,231,207,3,0,0,0,129,0,1
5321,27,23,7,1,1,0,2,0,0
5322,201,122,31,0,0,0,51,0,0
5323,174,105,70,0,0,0,4,0,1
5324,71,62,15,0,0,1,5,0,0
5325,7,6,4,0,0,0,1,0,1
5326,352,189,128,0,0,0,10,1,0
5327,38,32,8,0,0,0,15,0,1
5328,498,254,8,0,0,0,249,0,1
5329,669,218,207,0,0,13,11,0,0
5330,133,94,46,0,0,0,2,0,1
5331,77,67,11,0,0,0,16,0,1
5332,15429,3135,4526,10,8,4,883,4,0
5333,242,214,2,0,0,0,146,0,1
5334,44,44,1,0,0,0,14,0,1
5335,99,71,35,0,0,0,3,0,0
5336,19,16,8,0,0,0,1,0,1
5337,54,43,19,0,0,0,1,0,1
5338,54,45,19,0,0,0,1,0,0
5339,200,130,71,0,0,0,4,0,0
5340,825,325,277,0,0,0,13,0,1
5341,149,108,32,0,0,12,27,1,0
5342,353,162,105,0,0,0,21,0,0
5343,134,104,47,0,0,0,10,0,0
5344,38,36,13,0,0,0,5,0,1
5345,212,127,53,1,1,2,25,1,0
5346,860,374,363,0,0,0,5,2,1
5347,48,39,11,2,2,0,4,1,0
5348,70,48,23,0,0,0,4,0,0
5349,262,146,74,0,0,21,32,1,0
5350,23,19,7,0,0,2,0,0,0
5351,42,31,10,0,0,0,5,0,1
5352,124,71,31,0,0,6,6,0,0
5353,95,79,23,0,0,0,8,2,1
5354,190,110,60,0,0,0,6,0,0
5355,539,224,139,2,2,0,47,0,0
5356,98,64,40,0,0,0,1,1,1
5357,263,152,83,0,0,0,22,0,1
5358,101,74,43,0,0,0,4,1,0
5359,106,69,28,0,0,2,8,0,0
5360,52,44,6,0,0,0,5,0,1
5361,27,25,10,1,1,0,0,0,0
5362,25,24,6,0,0,0,0,0,0
5363,70,63,9,0,0,0,14,0,1
5364,289,163,114,0,0,0,7,0,0
5365,110,82,31,0,0,0,5,1,1
5366,162,94,33,0,0,0,16,0,1
5367,81,72,19,0,0,0,5,0,1
5368,98,69,30,0,0,0,15,0,1
5369,5,4,0,0,0,0,2,0,0
5370,171,124,29,2,2,2,17,0,1
5371,504,251,188,0,0,1,4,1,1
5372,249,163,77,0,0,0,4,2,1
5373,17,14,10,0,0,0,1,0,0
5374,714,290,263,0,0,0,11,1,0
5375,414,225,146,4,4,1,21,1,1
5376,48,41,21,0,0,0,1,0,0
5377,374,190,78,0,0,0,51,1,0
5378,27,27,3,0,0,0,11,0,1
5379,278,167,110,0,0,0,10,0,1
5380,204,131,64,0,0,0,6,1,1
5381,282,172,86,0,0,2,30,1,0
5382,204,110,86,0,0,1,3,0,0
5383,230,133,92,0,0,0,2,0,1
5384,62,60,3,0,0,0,2,0,1
5385,150,108,56,0,0,0,12,0,1
5386,68,49,14,0,0,0,3,0,0
5387,93,52,18,0,0,0,17,0,0
5388,9,9,2,0,0,0,0,0,0
5389,117,85,31,0,0,0,3,0,1
5390,264,143,83,0,0,8,15,1,0
5391,109,82,15,0,0,0,32,0,1
5392,710,296,235,0,0,0,20,1,0
5393,63,50,23,0,0,1,1,0,0
5394,13,13,1,0,0,0,2,0,1
5395,892,324,265,20,3,13,69,0,0
5396,163,115,47,0,0,1,11,0,0
5397,107,79,33,0,0,0,8,0,1
5398,740,326,291,0,0,0,17,3,1
5399,1022,394,262,25,14,3,64,0,0
5400,58,56,4,0,0,0,3,0,1
5401,134,94,26,0,0,0,11,1,1
5402,338,167,131,1,1,0,17,1,0
5403,104,53,17,0,0,0,24,0,0
5404,226,125,56,0,0,0,8,1,1
5405,123,83,54,2,1,0,3,1,0
5406,6,6,1,0,0,0,0,0,0
5407,4018,367,221,143,4,0,1337,3,0
5408,329,239,83,0,0,0,17,2,1
5409,35,29,10,0,0,0,3,0,1
5410,86,69,29,0,0,0,7,1,1
5411,479,229,156,0,0,0,16,0,1
5412,134,93,26,4,3,1,12,0,1
5413,65,52,23,0,0,0,3,0,1
5414,48,34,6,0,0,3,13,0,0
5415,326,184,112,0,0,0,7,0,1
5416,265,151,102,2,2,2,21,1,0
5417,16,16,6,0,0,0,0,0,0
5418,340,197,8,0,0,79,144,1,0
5419,300,170,114,0,0,0,4,1,0
5420,14,13,6,0,0,0,0,0,0
5421,610,291,213,0,0,0,12,3,1
5422,28,26,9,0,0,0,0,0,1
5423,146,100,30,0,0,0,14,1,0
5424,47,37,15,0,0,0,1,1,1
5425,31,29,11,0,0,0,2,0,0
5426,11,11,3,0,0,0,3,0,1
5427,150,98,66,0,0,0,0,0,0
5428,281,177,71,0,0,0,23,1,1
5429,216,107,65,0,0,1,38,0,0
5430,14,12,3,0,0,0,2,0,0
5431,43,36,11,0,0,0,4,0,0
5432,114,77,49,0,0,0,1,1,0
5433,246,125,60,2,1,3,43,2,0
5434,107,90,17,0,0,0,12,0,1
5435,51,45,21,0,0,0,4,0,0
5436,90,68,23,0,0,0,7,0,0
5437,109,87,31,0,0,0,9,0,1
5438,72,52,33,0,0,0,1,0,0
5439,21,19,8,0,0,0,0,0,1
5440,52,40,22,0,0,0,1,0,1
5441,193,117,61,0,0,4,14,0,0
5442,68,57,23,0,0,0,2,0,1
5443,699,379,187,4,1,0,72,1,0
5444,115,79,34,0,0,4,6,0,0
5445,144,93,41,0,0,0,21,0,0
5446,406,209,148,0,0,0,24,2,1
5447,42,40,11,0,0,0,1,0,1
5448,121,96,25,0,0,0,15,2,1
5449,63,52,18,1,1,0,4,1,1
5450,38,23,7,0,0,0,13,0,1
5451,160,97,57,0,0,0,20,0,0
5452,333,182,109,0,0,0,7,2,1
5453,79,69,14,0,0,0,13,0,1
5454,103,66,19,0,0,0,30,0,0
5455,69,57,16,0,0,0,6,0,0
5456,1535,660,336,3,3,1,211,1,1
5457,10,9,1,0,0,0,1,0,1
5458,226,152,48,0,0,0,30,0,0
5459,162,110,55,0,0,0,4,1,0
5460,63,62,6,0,0,0,16,0,1
5461,17,15,8,0,0,0,0,0,0
5462,308,165,122,0,0,1,9,0,0
5463,156,140,14,0,0,0,17,0,1
5464,11,11,3,0,0,0,0,0,0
5465,23,23,5,0,0,0,2,0,0
5466,151,110,56,0,0,0,16,0,1
5467,320,166,97,6,5,0,17,1,1
5468,49,38,15,0,0,0,1,0,1
5469,537,244,197,0,0,0,24,0,1
5470,68,57,23,0,0,0,2,0,1
5471,261,158,81,0,0,0,7,1,1
5472,102,74,38,0,0,0,2,0,1
5473,34,28,12,0,0,0,0,0,0
5474,155,88,56,0,0,0,15,0,0
5475,402,274,93,4,2,2,21,0,0
5476,85,66,24,0,0,0,13,0,1
5477,132,91,40,0,0,0,9,0,1
5478,413,217,183,1,1,0,5,1,1
5479,30,24,11,0,0,0,5,0,0
5480,54,43,10,1,1,1,8,0,0
5481,213,204,10,0,0,0,22,0,1
5482,180,112,53,2,2,3,26,0,0
5483,94,65,24,2,1,1,9,0,0
5484,213,130,71,0,0,4,16,0,0
5485,356,217,100,0,0,4,87,0,0
5486,69,55,15,0,0,2,11,0,0
5487,754,336,291,0,0,0,37,2,0
5488,42,33,6,0,0,0,5,0,1
5489,573,101,87,0,0,0,202,0,1
5490,235,127,56,0,0,0,44,0,1
5491,39,28,12,0,0,0,3,0,0
5492,69,61,23,0,0,0,2,0,1
5493,61,42,18,0,0,0,3,0,1
5494,49,42,8,0,0,0,5,0,1
5495,51,46,8,0,0,2,11,0,0
5496,413,233,98,3,2,0,13,0,0
5497,37,27,14,0,0,0,2,0,1
5498,151,108,10,0,0,0,55,0,1
5499,333,199,128,0,0,0,9,0,1
5500,806,323,330,0,0,0,10,0,1
5501,78,50,11,0,0,3,7,1,0
5502,17,17,3,0,0,0,2,0,1
5503,79,67,14,0,0,0,17,0,1
5504,79,64,30,0,0,0,5,0,1
5505,31,28,0,0,0,0,5,0,0
5506,201,134,60,0,0,0,8,0,1
5507,102,68,6,0,0,0,24,0,1
5508,138,132,5,0,0,0,21,0,1
5509,171,118,50,2,1,1,10,0,1
5510,148,95,29,3,2,0,17,0,1
5511,603,340,159,3,3,2,48,1,1
5512,85,66,25,0,0,0,10,0,1
5513,247,101,89,0,0,1,14,1,0
5514,203,116,84,0,0,0,3,0,0
5515,244,150,53,1,1,6,40,1,0
5516,74,57,8,0,0,1,5,0,0
5517,176,119,53,0,0,0,3,1,1
5518,27,27,9,0,0,0,1,0,0
5519,236,145,56,0,0,0,22,1,1
5520,124,78,56,0,0,2,4,0,0
5521,58,52,16,0,0,1,5,0,0
5522,223,155,77,0,0,0,13,0,0
5523,666,311,220,2,1,7,66,0,0
5524,584,299,171,0,0,0,20,3,1
5525,70,69,9,0,0,0,0,0,1
5526,803,376,335,0,0,4,21,0,0
5527,1508,598,520,0,0,5,59,1,0
5528,344,175,102,4,3,3,21,1,1
5529,87,85,5,0,0,0,7,0,1
5530,139,92,46,0,0,0,3,0,1
5531,451,236,129,0,0,14,44,0,0
5532,438,228,176,0,0,1,14,2,1
5533,308,157,107,1,1,1,14,0,0
5534,430,177,130,3,2,1,11,0,0
5535,9368,2453,2996,0,0,2,410,2,0
5536,61,33,4,0,0,0,11,0,1
5537,175,110,65,1,1,0,7,0,0
5538,62,45,23,0,0,0,2,0,0
5539,253,152,69,0,0,3,24,0,0
5540,34,32,12,0,0,0,1,0,0
5541,177,114,40,0,0,0,14,0,1
5542,172,116,44,1,1,16,29,0,0
5543,41,32,2,0,0,0,6,0,0
5544,73,42,13,1,1,3,3,0,0
5545,92,64,37,0,0,0,2,0,1
5546,86,68,32,0,0,0,10,0,1
5547,114,82,41,0,0,0,2,0,1
5548,7,7,0,0,0,0,3,0,0
5549,13,12,4,0,0,0,0,0,0
5550,434,206,53,0,0,0,151,0,0
5551,1020,416,30,0,0,64,424,1,0
5552,144,87,48,1,1,3,12,0,1
5553,136,107,16,0,0,0,28,0,1
5554,48,46,13,0,0,0,10,0,1
5555,1112,526,340,0,0,0,145,0,1
5556,231,144,76,0,0,0,6,0,0
5557,74,51,32,0,0,0,6,0,0
5558,88,60,35,0,0,0,6,0,1
5559,18,17,5,0,0,0,0,0,0
5560,227,227,1,0,0,0,208,0,1
5561,79,68,14,0,0,0,16,0,1
5562,50,46,11,1,1,1,5,1,1
5563,188,120,71,0,0,0,5,1,1
5564,133,82,47,0,0,0,4,2,1
5565,243,143,66,0,0,0,25,0,0
5566,58,47,23,0,0,0,9,0,1
5567,634,267,218,0,0,16,32,0,0
5568,40,37,8,0,0,0,7,0,1
5569,136,83,45,0,0,0,0,0,0
5570,33,29,12,0,0,0,3,0,0
5571,60,52,9,0,0,0,10,0,1
5572,65,52,28,1,1,0,2,0,1
5573,47,44,15,0,0,0,4,0,1
5574,185,92,69,1,1,1,17,0,0
5575,405,221,6,0,0,0,217,0,1
5576,38,34,8,0,0,0,1,0,1
5577,43,35,13,0,0,0,3,0,1
5578,320,177,72,6,1,1,20,2,0
5579,33,29,9,0,0,0,2,0,0
5580,48,38,7,1,1,1,6,0,0
5581,51,41,13,0,0,0,8,0,1
5582,43,37,17,0,0,0,2,0,0
5583,10,9,1,0,0,0,2,0,1
5584,1166,546,282,2,2,53,152,0,0
5585,43,38,7,0,0,0,9,1,1
5586,371,177,128,0,0,0,19,0,0
5587,170,89,41,0,0,0,13,0,0
5588,172,112,67,0,0,0,3,0,0
5589,174,171,10,0,0,0,12,0,1
5590,152,140,19,0,0,0,10,0,1
5591,74,49,16,0,0,0,9,0,0
5592,145,98,52,0,0,0,8,0,0
5593,543,283,160,0,0,0,21,2,1
5594,159,87,4,0,0,0,43,0,1
5595,26,23,13,0,0,0,2,0,0
5596,24,23,7,0,0,0,3,0,0
5597,509,249,219,0,0,0,3,2,1
5598,1167,491,313,7,4,10,99,1,0
5599,53,45,23,0,0,0,2,0,0
5600,11,9,3,1,1,0,0,0,0
5601,47,38,18,0,0,0,1,0,0
5602,187,93,59,5,4,3,19,0,0
5603,32,30,3,0,0,0,2,1,1
5604,71,59,16,0,0,0,7,0,0
5605,109,72,38,0,0,0,10,0,1
5606,65,51,15,3,3,1,14,0,1
5607,59,51,20,0,0,0,3,0,0
5608,225,127,78,0,0,4,21,1,0
5609,92,58,7,0,0,0,2,0,1
5610,403,205,151,0,0,0,33,1,0
5611,87,67,32,0,0,0,12,0,1
5612,175,128,52,0,0,0,12,0,1
5613,68,54,28,0,0,0,0,0,0
5614,32,23,1,2,2,2,12,0,1
5615,460,246,141,3,1,1,10,2,0
5616,24,24,1,0,0,0,10,0,1
5617,664,311,253,3,3,1,15,2,1
5618,69,49,25,0,0,0,5,0,0
5619,51,43,19,0,0,0,1,0,1
5620,2321,641,922,6,6,2,30,3,1
5621,159,105,62,1,1,1,8,0,0
5622,83,66,26,0,0,0,12,0,1
5623,11,11,3,0,0,0,0,1,0
5624,12,11,4,0,0,0,0,0,0
5625,24,22,0,0,0,0,4,0,0
5626,147,90,43,0,0,0,6,0,1
5627,176,137,1,0,0,0,151,0,1
5628,8,8,1,0,0,0,1,0,1
5629,129,105,23,0,0,0,6,1,1
5630,244,158,82,0,0,0,16,1,0
5631,389,183,122,0,0,0,20,0,0
5632,30,26,10,0,0,0,0,0,1
5633,172,124,51,0,0,0,10,0,1
5634,1392,602,484,0,0,0,136,2,1
5635,138,88,41,0,0,0,20,0,0
5636,287,164,89,0,0,3,29,1,0
5637,15,14,4,0,0,0,0,0,0
5638,45,38,14,0,0,0,1,0,1
5639,326,181,126,0,0,2,11,2,1
5640,148,146,3,0,0,0,23,0,1
5641,233,147,76,0,0,0,8,1,0
5642,102,70,26,0,0,0,7,0,1
5643,100,79,20,2,1,1,20,0,0
5644,384,183,124,0,0,0,13,0,0
5645,15,13,3,0,0,0,2,0,0
5646,190,131,63,0,0,0,18,1,1
5647,237,107,111,0,0,1,2,0,1
5648,46,37,11,0,0,0,1,0,1
5649,199,131,62,0,0,0,26,0,0
5650,11,10,0,0,0,0,2,0,0
5651,952,416,340,0,0,0,16,2,1
5652,82,67,26,0,0,0,12,0,1
5653,217,132,57,0,0,0,23,0,0
5654,82,73,10,0,0,0,21,0,1
5655,136,65,11,0,0,21,26,1,0
5656,123,83,37,0,0,0,8,0,1
5657,536,245,224,0,0,0,9,3,1
5658,38,28,15,0,0,0,0,0,0
5659,210,147,44,4,3,0,22,1,1
5660,64,48,25,0,0,0,1,0,1
5661,283,169,106,0,0,1,12,0,0
5662,138,62,36,0,0,0,34,0,0
5663,153,81,29,0,0,0,13,1,0
5664,63,48,16,0,0,0,8,0,0
5665,41,38,13,0,0,0,0,0,0
5666,175,161,30,0,0,0,11,0,1
5667,102,93,20,0,0,0,23,0,1
5668,37,33,17,0,0,0,1,0,0
5669,62,55,20,1,1,0,7,0,0
5670,52,33,5,0,0,0,6,0,0
5671,125,86,53,0,0,0,2,1,0
5672,80,65,33,0,0,0,8,0,1
5673,306,184,117,0,0,0,19,1,1
5674,99,79,25,0,0,0,1,0,1
5675,27,25,2,0,0,0,0,0,1
5676,239,131,70,0,0,1,39,1,0
5677,145,87,46,2,1,0,8,1,0
5678,582,152,111,0,0,0,78,0,0
5679,289,154,34,0,0,5,102,0,0
5680,1225,405,383,0,0,0,162,2,0
5681,410,205,130,0,0,5,44,0,0
5682,216,141,74,0,0,0,12,0,1
5683,7,7,2,0,0,0,2,0,1
5684,12,11,6,0,0,0,1,0,0
5685,342,155,119,0,0,0,42,0,0
5686,69,65,8,0,0,0,13,0,1
5687,86,64,23,0,0,0,2,0,0
5688,104,81,29,0,0,0,7,0,0
5689,331,185,92,0,0,0,14,0,1
5690,266,139,103,0,0,0,21,0,0
5691,10,10,2,0,0,0,1,0,0
5692,82,68,23,0,0,0,11,1,1
5693,25,25,1,0,0,0,10,0,1
5694,7,7,2,0,0,0,0,0,0
5695,93,59,17,0,0,3,25,0,0
5696,390,185,121,2,1,7,19,0,0
5697,49,42,15,0,0,0,4,0,1
5698,135,94,43,0,0,0,13,1,0
5699,1486,520,490,2,1,0,102,2,0
5700,193,143,67,0,0,0,14,0,1
5701,153,124,33,0,0,0,43,0,1
5702,255,141,63,1,1,4,37,0,0
5703,485,255,166,0,0,1,19,1,1
5704,251,146,25,1,1,3,35,0,0
5705,295,178,89,0,0,0,5,0,1
5706,30,23,1,0,0,0,3,1,1
5707,39,36,12,0,0,0,0,0,1
5708,114,77,26,3,1,1,8,1,0
5709,272,175,91,1,1,0,14,0,1
5710,66,57,17,0,0,0,18,0,1
5711,66,49,17,3,3,0,9,0,0
5712,280,136,70,0,0,0,14,0,1
5713,54,42,11,0,0,0,22,0,1
5714,27,27,10,0,0,0,0,0,0
5715,56,45,6,0,0,0,7,0,1
5716,11,11,1,0,0,0,5,0,1
5717,5,5,1,0,0,0,0,0,0
5718,192,113,75,0,0,0,8,0,1
5719,220,118,74,0,0,0,26,0,0
5720,161,100,44,0,0,0,1,1,0
5721,109,67,35,0,0,0,14,0,0
5722,154,93,49,0,0,0,7,0,1
5723,38,36,8,0,0,0,2,0,1
5724,301,158,120,0,0,0,12,0,0
5725,182,116,75,0,0,0,3,2,1
5726,105,77,27,0,0,0,16,0,1
5727,74,49,22,0,0,0,19,0,0
5728,1029,542,87,0,0,204,334,0,0
5729,1481,576,21,14,4,14,677,0,1
5730,206,140,77,0,0,0,8,0,0
5731,71,71,6,0,0,0,1,0,1
5732,24,21,8,0,0,0,0,0,0
5733,8,8,1,0,0,0,0,0,1
5734,47,40,19,0,0,0,0,0,0
5735,234,148,75,0,0,0,13,1,1
5736,126,80,44,0,0,0,1,0,0
5737,106,89,15,0,0,0,5,0,1
5738,50,45,7,0,0,0,8,0,1
5739,394,206,167,0,0,0,4,1,1
5740,169,105,61,3,3,0,8,0,1
5741,247,148,78,3,2,1,10,0,1
5742,99,68,36,0,0,0,9,0,0
5743,380,228,127,0,0,0,26,0,1
5744,173,98,57,3,2,0,4,0,1
5745,165,87,63,0,0,0,4,0,1
5746,224,140,59,1,1,3,21,1,1
5747,23,20,1,0,0,0,9,0,1
5748,23,20,0,0,0,0,2,0,0
5749,53,32,13,0,0,0,5,0,0
5750,40,39,8,0,0,0,1,1,1
5751,264,135,118,0,0,0,5,1,1
5752,381,183,136,0,0,4,23,0,0
5753,266,138,111,0,0,0,6,0,0
5754,160,108,46,3,1,0,3,1,1
5755,91,53,14,0,0,1,9,0,0
5756,153,110,46,0,0,1,9,0,0
5757,450,207,191,0,0,1,18,0,0
5758,49,38,9,0,0,0,3,0,1
5759,69,46,31,1,1,0,2,0,0
5760,178,41,57,0,0,0,12,0,1
5761,98,72,29,0,0,1,6,1,0
5762,105,73,43,0,0,0,5,0,0
5763,308,157,107,1,1,1,14,0,0
5764,40,37,14,0,0,0,4,0,1
5765,119,100,32,0,0,0,7,0,1
5766,1621,561,571,0,0,0,35,1,1
5767,863,306,292,0,0,15,43,1,0
5768,147,89,34,0,0,3,11,0,0
5769,2018,802,596,0,0,0,242,2,1
5770,43,30,15,0,0,0,3,0,0
5771,103,74,39,0,0,0,3,0,0
5772,153,97,54,0,0,0,3,2,1
5773,726,701,16,0,0,0,64,1,1
5774,191,112,78,3,2,0,3,1,0
5775,61,40,8,0,0,1,4,1,0
5776,22,20,1,0,0,0,2,0,0
5777,806,323,330,0,0,0,10,0,1
5778,41,38,9,0,0,0,8,0,1
5779,90,70,26,0,0,0,7,0,1
5780,134,89,1,0,0,0,69,0,1
5781,227,125,87,1,1,2,7,0,0
5782,142,90,23,0,0,2,45,0,0
5783,1153,438,415,7,3,7,68,1,0
5784,100,76,24,3,3,1,14,0,1
5785,744,289,194,0,0,7,98,1,0
5786,92,64,34,2,2,3,10,0,1
5787,11,9,0,0,0,0,3,0,0
5788,391,249,105,0,0,0,44,0,0
5789,106,71,23,1,1,5,16,0,0
5790,128,88,40,0,0,0,21,0,1
5791,148,94,36,1,1,11,17,0,0
5792,73,57,19,2,1,0,4,0,1
5793,13,13,5,0,0,0,1,0,1
5794,27,24,9,0,0,0,2,0,1
5795,273,148,67,1,1,1,26,0,0
5796,2481,656,512,30,4,1,292,2,0
5797,52,47,15,0,0,0,3,0,1
5798,127,75,42,5,2,2,0,1,0
5799,190,112,56,0,0,0,34,0,0
5800,176,109,57,0,0,0,8,0,1
5801,201,111,63,0,0,0,12,0,1
5802,8,8,3,0,0,0,0,0,1
5803,304,162,109,0,0,0,11,1,1
5804,307,140,124,0,0,0,1,2,1
5805,39,36,12,0,0,0,1,0,0
5806,27,23,10,0,0,0,2,0,0
5807,91,71,26,0,0,0,6,0,0
5808,266,144,81,0,0,0,9,0,0
5809,93,64,33,0,0,0,6,0,1
5810,232,149,67,0,0,0,11,0,0
5811,100,61,18,5,3,3,18,0,1
5812,71,45,34,0,0,0,2,0,0
5813,166,108,51,0,0,0,22,1,0
5814,88,69,39,0,0,0,1,0,0
5815,57,49,18,0,0,0,0,0,0
5816,57,55,3,0,0,0,18,0,1
5817,426,219,136,0,0,0,14,1,1
5818,19,18,7,1,1,0,0,0,0
5819,60,37,14,0,0,0,4,0,0
5820,39,33,17,0,0,0,1,0,0
5821,29,27,7,0,0,0,1,0,1
5822,936,385,352,0,0,0,13,0,1
5823,16,13,6,0,0,0,0,0,0
5824,70,59,10,0,0,0,23,0,1
5825,63,49,13,0,0,0,6,0,0
5826,1027,494,289,0,0,0,43,1,0
5827,1730,614,498,0,0,2,96,1,0
5828,25,24,5,0,0,0,1,1,1
5829,31,29,5,0,0,0,3,0,1
5830,152,88,36,0,0,0,30,0,0
5831,12,11,2,0,0,0,0,0,0
5832,7,7,1,0,0,0,1,0,0
5833,122,82,43,0,0,0,15,0,0
5834,66,59,21,0,0,0,1,0,1
5835,27,24,14,0,0,0,0,0,0
5836,11,11,2,0,0,0,1,0,0
5837,66,65,6,0,0,0,8,0,1
5838,68,62,11,0,0,0,12,0,1
5839,56,43,9,0,0,0,6,0,1
5840,215,133,63,0,0,0,4,0,1
5841,673,364,143,0,0,0,95,0,0
5842,138,90,55,0,0,0,12,0,0
5843,136,105,51,0,0,0,1,0,1
5844,93,78,23,0,0,0,7,2,1
5845,16,15,4,0,0,0,2,0,0
5846,198,91,36,0,0,1,7,0,1
5847,202,122,46,1,1,3,26,0,0
5848,118,98,20,0,0,0,15,0,1
5849,171,97,58,0,0,0,9,1,0
5850,431,225,78,0,0,51,107,0,0
5851,25,23,7,0,0,0,1,0,1
5852,102,71,33,2,2,1,8,1,1
5853,44,37,14,0,0,0,2,0,0
5854,292,180,69,0,0,1,8,0,1
5855,8,8,1,0,0,0,1,0,1
5856,274,144,89,0,0,0,9,0,0
5857,63,60,8,0,0,0,14,0,1
5858,322,189,102,0,0,0,10,1,1
5859,53,42,13,0,0,1,5,0,0
5860,29,21,7,0,0,0,4,0,0
5861,68,51,21,1,1,2,5,1,0
5862,89,66,33,0,0,0,4,0,1
5863,110,68,39,0,0,0,2,0,1
5864,42,38,8,0,0,0,4,0,1
5865,51,45,16,0,0,0,5,1,1
5866,77,52,4,6,4,1,43,0,1
5867,294,151,118,0,0,0,12,0,0
5868,60,42,23,0,0,0,3,0,1
5869,113,64,23,0,0,0,28,0,0
5870,284,158,106,0,0,0,7,0,0
5871,20,17,0,0,0,0,1,0,0
5872,204,94,42,0,0,5,25,0,0
5873,103,77,25,0,0,1,8,0,0
5874,11,11,5,0,0,0,1,0,0
5875,251,142,88,0,0,0,3,0,1
5876,14,14,4,0,0,0,0,0,0
5877,5,5,0,0,0,0,0,0,1
5878,35,28,10,0,0,0,0,0,0
5879,151,95,46,0,0,0,11,1,0
5880,288,134,117,0,0,0,8,0,0
5881,11,11,3,0,0,0,1,0,0
5882,169,97,76,0,0,0,0,1,1
5883,42,38,11,0,0,0,5,0,1
5884,191,124,62,1,1,1,8,0,0
5885,59,48,23,0,0,0,0,0,0
5886,13,12,1,0,0,0,2,0,1
5887,42,38,9,1,1,0,3,0,1
5888,14,14,5,0,0,0,2,0,0
5889,1025,464,354,0,0,0,123,2,1
5890,148,134,24,0,0,0,9,1,1
5891,134,72,47,0,0,0,15,0,0
5892,79,62,23,0,0,0,9,0,1
5893,468,192,173,0,0,8,28,0,0
5894,157,107,4,0,0,0,84,0,1
5895,214,117,73,0,0,0,4,0,0
5896,134,87,43,0,0,1,18,0,0
5897,29,29,9,0,0,0,2,0,1
5898,29,26,7,0,0,0,1,0,0
5899,412,143,56,13,1,7,93,0,0
5900,311,171,121,0,0,0,1,1,1
5901,10,10,2,0,0,0,0,0,1
5902,86,61,32,0,0,0,2,0,0
5903,106,79,37,1,1,2,5,0,0
5904,285,170,96,0,0,0,16,0,1
5905,132,91,32,0,0,0,7,0,1
5906,218,141,65,3,3,1,11,0,1
5907,49,44,11,0,0,0,4,1,0
5908,994,486,287,0,0,0,39,1,1
5909,42,33,13,0,0,0,5,0,1
5910,51,43,23,0,0,0,3,0,0
5911,90,46,17,0,0,0,25,1,0
5912,36,25,2,0,0,0,1,1,1
5913,378,154,146,1,1,6,14,0,0
5914,190,133,64,0,0,0,9,0,1
5915,344,177,121,0,0,0,19,0,1
5916,7,7,3,0,0,0,0,0,1
5917,46,41,12,0,0,0,7,0,1
5918,41,39,7,0,0,0,0,0,1
5919,53,36,9,1,1,0,3,0,0
5920,169,105,61,3,3,0,8,0,1
5921,108,83,24,1,1,0,1,1,1
5922,64,49,27,0,0,0,3,0,0
5923,82,61,24,0,0,0,10,1,0
5924,555,300,200,0,0,0,22,1,0
5925,320,164,105,0,0,0,9,1,1
5926,430,177,130,3,2,1,11,0,0
5927,100,79,29,0,0,1,2,0,0
5928,319,191,87,0,0,0,31,0,1
5929,497,273,157,1,1,0,16,0,1
5930,105,81,39,0,0,0,4,0,0
5931,10,9,4,0,0,0,0,0,0
5932,123,94,29,1,1,0,11,0,1
5933,1024,185,334,0,0,0,77,0,0
5934,1483,604,369,0,0,0,255,1,0
5935,32,28,9,1,1,0,2,0,1
5936,377,324,24,3,2,0,14,0,1
5937,916,442,182,0,0,0,113,0,0
5938,63,49,20,0,0,0,5,0,0
5939,114,86,22,0,0,1,11,0,0
5940,48,43,13,0,0,0,4,0,0
5941,64,51,24,0,0,0,1,0,0
5942,423,208,134,0,0,0,7,1,0
5943,131,121,9,0,0,0,14,0,1
5944,17,16,4,1,1,0,1,0,0
5945,24,23,1,0,0,0,20,0,1
5946,98,72,34,0,0,0,1,0,0
5947,30,26,11,0,0,0,3,0,1
5948,7,7,3,0,0,0,0,0,0
5949,1562,625,499,0,0,0,84,1,1
5950,744,296,239,0,0,15,27,0,0
5951,1215,554,376,0,0,0,151,0,1
5952,350,205,116,0,0,0,11,0,1
5953,231,117,85,1,1,1,7,2,0
5954,46,34,9,0,0,0,11,0,0
5955,57,41,13,2,1,0,5,0,0
5956,79,69,14,0,0,0,14,0,1
5957,56,33,17,0,0,0,2,0,0
5958,52,44,18,0,0,0,0,0,0
5959,63,55,15,0,0,0,5,0,0
5960,304,134,32,0,0,14,51,0,0
5961,45,39,18,0,0,0,4,0,1
5962,1210,496,384,0,0,0,133,1,1
5963,181,106,78,0,0,0,14,0,1
5964,15,13,1,0,0,0,1,0,1
5965,34,29,9,0,0,0,2,0,1
5966,287,136,117,0,0,0,1,0,1
5967,31,22,4,0,0,0,13,0,0
5968,24,23,11,0,0,0,0,0,0
5969,367,191,121,0,0,4,24,0,0
5970,161,118,58,0,0,0,6,0,1
5971,56,36,7,0,0,1,24,0,0
5972,219,122,88,0,0,0,17,0,0
5973,32,28,15,0,0,0,0,0,0
5974,79,60,29,0,0,0,4,0,1
5975,57,47,19,0,0,0,3,0,1
5976,76,42,6,0,0,0,14,0,1
5977,145,108,44,0,0,0,8,0,1
5978,275,159,92,0,0,0,4,0,1
5979,492,253,82,0,0,0,62,1,1
5980,144,99,44,0,0,0,11,0,0
5981,41,32,11,0,0,1,5,0,0
5982,74,60,29,0,0,0,3,1,1
5983,93,65,35,0,0,0,6,0,0
5984,1068,492,361,0,0,0,121,2,1
5985,840,313,271,0,0,0,62,2,0
5986,73,53,21,0,0,0,0,0,1
5987,645,291,230,0,0,3,59,1,0
5988,221,147,59,0,0,0,1,0,1
5989,12,12,5,0,0,0,0,0,0
5990,123,67,48,0,0,0,2,0,0
5991,24,23,10,0,0,0,0,0,0
5992,54,49,18,0,0,0,1,0,0
5993,33,27,15,0,0,0,0,0,0
5994,10,10,2,0,0,0,0,0,0
5995,559,261,214,3,3,1,17,1,1
5996,283,157,106,0,0,0,7,0,0
5997,74,53,29,0,0,0,2,0,0
5998,165,98,40,0,0,0,12,0,0
5999,386,102,69,0,0,0,93,0,1
6000,90,69,26,1,1,2,7,0,0
6001,101,64,23,0,0,4,13,0,0
6002,30,28,10,0,0,1,3,1,1
6003,5,5,1,0,0,0,1,0,1
6004,114,89,25,0,0,0,13,2,1
6005,11,10,5,0,0,0,0,0,0
6006,609,318,171,0,0,0,36,0,0
6007,13,13,4,0,0,0,0,0,0
6008,99,66,19,0,0,0,15,0,1
6009,405,212,161,0,0,0,8,1,1
6010,38,37,5,0,0,0,3,0,1
6011,117,88,29,0,0,0,9,0,1
6012,41,35,4,0,0,0,25,0,1
6013,47,46,7,0,0,0,1,0,1
6014,643,339,209,0,0,0,65,0,1
6015,307,178,71,1,1,1,17,1,1
6016,398,226,101,0,0,0,32,1,1
6017,169,154,31,0,0,0,11,0,1
6018,110,78,35,0,0,0,16,1,0
6019,24,22,0,0,0,0,4,0,0
6020,143,100,61,0,0,0,3,0,0
6021,176,88,49,0,0,0,16,0,0
6022,90,70,16,3,3,1,13,0,1
6023,381,235,80,3,1,1,46,1,0
6024,487,242,181,0,0,0,13,0,1
6025,124,88,28,0,0,0,10,1,1
6026,231,128,86,1,1,4,11,0,0
6027,39,35,14,0,0,0,0,0,0
6028,575,278,228,0,0,0,21,0,1
6029,27,25,4,0,0,0,7,0,1
6030,399,212,150,0,0,1,8,1,1
6031,494,284,162,0,0,1,23,1,1
6032,713,256,287,0,0,0,37,0,0
6033,101,77,33,0,0,0,2,0,1
6034,66,48,7,4,4,3,17,0,1
6035,87,68,26,0,0,0,1,0,1
6036,90,62,31,0,0,0,4,0,0
6037,17,14,8,0,0,0,0,0,0
6038,115,69,42,0,0,0,1,0,1
6039,36,31,9,0,0,0,2,0,0
6040,352,202,98,0,0,0,20,0,1
6041,23,23,10,0,0,0,0,0,0
6042,259,167,86,1,1,3,12,0,0
6043,29,28,6,0,0,0,2,0,0
6044,62,52,24,0,0,0,1,1,1
6045,122,86,46,0,0,0,3,0,0
6046,234,149,60,1,1,0,13,0,0
6047,488,259,141,0,0,2,26,0,0
6048,160,114,68,0,0,0,6,0,1
6049,77,55,17,0,0,3,12,1,0
6050,29,24,7,1,1,0,2,0,0
6051,174,127,52,0,0,0,12,0,1
6052,480,251,142,0,0,0,54,0,1
6053,21,20,6,0,0,0,0,1,0
6054,80,55,31,0,0,1,1,0,0
6055,51,42,9,0,0,0,24,0,1
6056,46,40,16,0,0,0,0,0,1
6057,135,103,40,0,0,0,19,0,1
6058,10,7,4,0,0,0,0,0,0
6059,261,167,79,0,0,0,4,2,1
6060,394,219,124,4,3,1,19,1,1
6061,415,218,123,1,1,3,8,0,1
6062,68,54,24,0,0,0,2,0,1
6063,389,187,152,0,0,0,12,1,0
6064,91,73,32,0,0,0,5,1,1
6065,194,108,57,2,1,6,14,0,0
6066,40,31,2,0,0,0,5,0,0
6067,107,80,26,2,1,1,14,0,0
6068,329,173,92,3,2,4,20,0,0
6069,242,141,92,0,0,0,9,0,0
6070,357,238,77,0,0,0,46,1,1
6071,63,48,5,0,0,0,10,0,1
6072,66,54,27,0,0,0,10,0,1
6073,1240,372,155,0,0,75,207,0,0
6074,85,66,24,0,0,0,11,0,1
6075,159,114,54,0,0,1,5,0,0
6076,179,114,49,0,0,0,11,1,0
6077,105,79,35,0,0,0,5,0,1
6078,937,366,380,0,0,0,25,1,1
6079,357,154,85,0,0,0,21,1,0
6080,393,204,163,4,4,2,20,0,1
6081,53,36,13,0,0,0,7,0,1
6082,53,47,16,0,0,0,2,1,1
6083,115,74,40,0,0,0,7,0,0
6084,150,94,54,0,0,1,2,0,1
6085,43,32,12,0,0,0,5,0,1
6086,338,324,16,0,0,0,29,0,1
6087,145,81,39,0,0,0,8,0,0
6088,307,154,96,17,3,1,23,1,0
6089,425,246,153,0,0,0,16,2,1
6090,21,19,11,0,0,0,0,0,0
6091,103,78,30,0,0,0,7,3,1
6092,112,85,24,0,0,0,5,0,1
6093,24,22,0,0,0,0,13,0,1
6094,14,14,2,0,0,0,2,0,1
6095,4,4,1,0,0,0,0,0,1
6096,235,128,76,2,1,0,5,1,0
6097,240,151,66,1,1,1,30,0,0
6098,156,93,56,0,0,0,15,0,0
6099,35,33,6,0,0,0,5,0,1
6100,169,113,44,2,2,6,26,0,0
6101,150,99,50,3,1,0,2,1,1
6102,231,117,85,1,1,1,7,2,0
6103,357,184,117,0,0,0,29,0,0
6104,5,4,0,0,0,0,0,0,0
6105,10,10,4,0,0,0,0,0,1
6106,28,22,6,0,0,0,3,0,1
6107,186,123,58,0,0,0,2,1,1
6108,65,59,6,0,0,0,17,0,1
6109,120,98,28,0,0,0,11,0,1
6110,80,60,11,1,1,4,8,0,0
6111,99,63,38,0,0,0,5,0,1
6112,57,47,14,0,0,0,5,1,0
6113,582,174,154,2,1,18,47,0,0
6114,156,99,60,0,0,2,12,1,0
6115,360,94,102,0,0,0,19,0,0
6116,31,25,4,0,0,0,4,0,1
6117,205,204,3,0,0,0,17,0,1
6118,205,118,83,0,0,0,3,1,0
6119,458,189,172,1,1,0,5,3,0
6120,128,95,31,0,0,5,14,0,0
6121,131,86,37,0,0,0,6,0,1
6122,65,60,10,0,0,0,11,0,1
6123,548,286,138,0,0,3,71,2,0
6124,321,166,94,0,0,0,12,0,0
6125,268,164,85,0,0,0,23,0,0
6126,84,60,27,0,0,0,10,0,0
6127,104,53,12,0,0,0,17,0,0
6128,42,36,18,0,0,0,1,0,1
6129,79,58,26,0,0,0,5,0,0
6130,153,93,48,0,0,0,3,0,1
6131,222,111,76,0,0,0,14,0,0
6132,53,47,11,0,0,0,2,0,1
6133,37,31,11,0,0,1,1,0,0
6134,144,73,21,0,0,0,18,0,0
6135,147,88,45,0,0,0,1,0,1
6136,205,118,83,0,0,0,3,1,0
6137,168,101,57,0,0,0,12,0,0
6138,290,182,57,10,4,0,38,0,0
6139,146,95,51,0,0,0,4,0,0
6140,184,107,56,0,0,0,19,0,0
6141,195,139,70,0,0,0,14,0,1
6142,84,73,24,0,0,0,4,0,1
6143,102,68,6,0,0,0,23,0,1
6144,12,11,3,0,0,0,3,0,1
6145,522,195,184,2,1,1,45,2,0
6146,25,25,2,0,0,0,9,0,1
6147,112,75,43,0,0,0,5,3,1
6148,58,38,9,0,0,0,10,0,1
6149,45,45,4,0,0,0,14,0,1
6150,124,93,30,0,0,0,14,0,1
6151,178,131,49,0,0,0,2,1,1
6152,520,225,189,0,0,0,31,0,0
6153,431,201,153,0,0,0,25,0,1
6154,35,31,9,1,1,0,5,0,0
6155,144,86,30,0,0,3,30,0,0
6156,115,68,43,0,0,0,7,0,1
6157,361,173,110,0,0,0,18,0,1
6158,235,144,83,0,0,0,4,0,1
6159,127,79,41,0,0,0,2,1,0
6160,67,56,11,0,0,0,9,0,1
6161,245,130,95,0,0,0,28,0,0
6162,185,123,44,0,0,0,21,0,1
6163,11,9,1,0,0,0,0,0,1
6164,43,41,11,0,0,0,8,0,1
6165,143,56,17,11,1,1,22,0,0
6166,34,23,4,3,3,1,11,0,1
6167,173,109,49,0,0,0,24,0,0
6168,101,94,17,0,0,0,26,0,1
6169,191,146,51,0,0,0,31,0,1
6170,102,68,6,0,0,0,25,0,1
6171,134,90,53,0,0,0,1,1,1
6172,49,40,21,0,0,0,2,1,0
6173,1215,594,355,0,0,0,86,1,0
6174,39,34,8,0,0,0,3,0,0
6175,248,147,103,0,0,1,7,0,0
6176,241,127,91,0,0,0,15,0,0
6177,1041,442,367,0,0,0,10,2,1
6178,10,10,2,0,0,0,1,0,1
6179,41,35,13,0,0,0,2,0,1
6180,71,69,5,0,0,0,4,0,1
6181,107,60,27,0,0,0,8,0,0
6182,80,67,25,0,0,0,5,0,1
6183,17,17,4,0,0,0,3,0,0
6184,306,166,81,0,0,0,62,0,0
6185,16,7,0,3,1,0,7,0,1
6186,35,30,12,0,0,0,1,0,1
6187,55,46,12,0,0,0,8,0,1
6188,46,46,1,0,0,0,2,0,1
6189,79,57,29,0,0,0,4,0,1
6190,73,57,20,0,0,0,2,1,1
6191,28,27,3,0,0,0,12,0,1
6192,315,174,84,2,1,6,60,0,0
6193,48,39,8,0,0,0,23,0,1
6194,1443,628,471,0,0,0,141,2,1
6195,1294,523,441,0,0,0,26,2,1
6196,582,269,243,0,0,0,8,2,1
6197,404,213,145,0,0,0,19,1,0
6198,357,181,93,0,0,6,38,0,0
6199,73,42,13,1,1,3,3,0,0
6200,169,87,26,0,0,0,45,0,0
6201,123,90,37,1,1,0,6,0,1
6202,138,102,37,0,0,0,8,0,1
6203,414,196,105,0,0,0,42,1,1
6204,138,105,43,0,0,0,7,0,0
6205,49,40,19,0,0,0,1,0,0
6206,51,44,15,1,1,0,7,0,1
6207,55,43,17,0,0,0,1,0,1
6208,37,29,10,0,0,0,4,0,1
6209,484,243,140,5,1,1,21,1,1
6210,84,63,27,0,0,0,0,0,1
6211,70,55,16,0,0,0,8,0,1
6212,99,71,34,0,0,0,16,0,0
6213,308,156,101,1,1,4,25,1,0
6214,1397,603,474,0,0,0,171,2,1
6215,127,89,31,1,1,0,8,2,0
6216,107,75,30,0,0,0,5,0,1
6217,335,194,93,0,0,1,20,1,1
6218,16,14,8,0,0,0,0,0,0
6219,47,34,20,1,1,0,0,0,0
6220,24,19,0,0,0,2,4,0,0
6221,105,72,29,3,1,0,4,0,1
6222,39,33,11,0,0,0,12,0,1
6223,198,147,73,0,0,0,4,0,1
6224,56,45,21,0,0,0,1,0,1
6225,72,61,23,0,0,0,4,0,1
6226,30,27,7,0,0,0,0,0,0
6227,522,242,216,0,0,0,15,2,1
6228,158,106,33,0,0,17,37,0,0
6229,142,67,59,0,0,0,0,0,0
6230,43,36,7,0,0,1,9,0,0
6231,33,28,0,1,1,0,25,0,1
6232,53,47,15,0,0,0,4,0,0
6233,385,213,147,3,3,1,17,1,1
6234,493,247,173,1,1,2,15,0,0
6235,58,58,2,0,0,0,7,0,1
6236,175,113,67,0,0,0,3,1,1
6237,198,129,68,0,0,0,7,0,1
6238,39,36,7,0,0,1,1,0,0
6239,206,110,94,0,0,1,1,1,1
6240,47,34,8,0,0,0,5,0,1
6241,145,83,16,0,0,1,19,0,0
6242,250,133,72,0,0,0,36,0,0
6243,15,14,2,0,0,0,1,0,1
6244,12,5,2,0,0,0,2,0,0
6245,141,97,39,0,0,2,7,0,1
6246,735,308,228,0,0,0,58,2,1
6247,134,77,46,0,0,0,6,0,0
6248,99,69,41,1,1,2,11,0,0
6249,109,83,25,0,0,0,9,1,0
6250,1145,508,380,0,0,0,140,2,1
6251,155,97,55,0,0,0,9,0,0
6252,87,64,37,0,0,0,3,0,1
6253,412,218,88,0,0,0,13,0,1
6254,169,102,64,0,0,0,5,0,0
6255,96,76,27,0,0,0,13,0,1
6256,371,216,96,0,0,0,6,1,1
6257,531,263,156,0,0,0,20,2,1
6258,1370,587,466,0,0,0,115,4,1
6259,33,32,3,0,0,0,10,0,1
6260,1906,736,573,0,0,2,162,0,0
6261,144,99,29,0,0,0,13,0,1
6262,31,27,14,0,0,0,0,0,0
6263,237,118,98,0,0,0,2,3,1
6264,16,16,4,0,0,0,1,0,0
6265,42,37,17,0,0,0,0,0,0
6266,631,300,226,0,0,0,15,3,1
6267,226,120,62,0,0,0,31,1,0
6268,80,78,4,0,0,0,4,0,1
6269,74,59,20,0,0,0,6,0,1
6270,115,72,43,0,0,0,20,0,0
6271,93,77,23,0,0,0,5,0,1
6272,530,243,177,0,0,0,40,0,0
6273,34,31,15,0,0,0,4,1,0
6274,99,73,24,0,0,0,4,0,1
6275,303,184,96,0,0,0,18,0,1
6276,114,86,35,0,0,1,2,0,0
6277,288,161,103,3,3,1,17,0,1
6278,73,60,14,0,0,0,12,0,1
6279,306,297,10,0,0,0,38,0,1
6280,17,16,8,0,0,0,0,0,0
6281,27,24,9,0,0,0,2,0,1
6282,78,55,26,0,0,0,2,0,1
6283,71,64,9,0,0,0,16,0,1
6284,131,81,36,0,0,4,16,0,0
6285,10,10,1,1,1,0,0,0,1
6286,766,279,317,0,0,0,1,0,1
6287,38,35,9,0,0,1,3,0,0
6288,402,216,171,0,0,0,5,2,1
6289,7,7,1,0,0,0,2,0,0
6290,70,50,37,0,0,0,4,0,0
6291,108,83,36,0,0,0,10,0,1
6292,15,13,5,0,0,0,0,0,0
6293,22,18,0,0,0,0,1,0,0
6294,79,59,32,0,0,0,0,0,0
6295,507,285,108,0,0,0,53,1,1
6296,640,303,190,0,0,0,22,0,1
6297,297,183,120,0,0,0,5,0,1
6298,18,17,2,1,1,1,5,0,0
6299,11,11,2,0,0,1,2,0,1
6300,113,78,40,0,0,0,2,0,0
6301,298,171,88,11,9,0,24,1,1
6302,358,221,98,0,0,0,38,1,1
6303,90,68,22,0,0,0,5,0,1
6304,63,59,3,0,0,0,0,0,1
6305,25,25,2,0,0,0,5,0,1
6306,143,90,47,0,0,0,5,0,1
6307,66,52,28,0,0,0,3,0,0
6308,207,138,83,0,0,0,3,0,1
6309,515,246,193,0,0,0,14,1,0
6310,44,37,16,0,0,0,2,0,0
6311,375,214,113,0,0,0,18,1,1
6312,217,137,23,0,0,0,58,0,1
6313,44,44,0,0,0,0,4,0,1
6314,9,9,2,0,0,0,0,0,0
6315,54,47,9,0,0,0,12,0,1
6316,181,117,44,0,0,0,21,1,1
6317,39,33,2,0,0,0,5,0,0
6318,83,65,22,0,0,0,6,0,1
6319,65,53,19,2,1,0,6,0,1
6320,1104,469,249,0,0,58,133,0,0
6321,60,46,28,0,0,0,1,0,1
6322,77,52,4,6,4,1,43,0,1
6323,175,111,65,0,0,1,10,0,0
6324,186,105,69,0,0,0,13,0,0
6325,1697,754,411,0,0,0,391,0,1
6326,51,45,16,0,0,0,1,0,0
6327,101,73,27,0,0,3,16,0,0
6328,170,111,53,2,2,0,6,2,0
6329,199,108,72,1,1,2,8,0,0
6330,6,6,2,0,0,0,1,0,0
6331,214,125,67,0,0,0,20,1,0
6332,161,107,52,1,1,2,21,0,0
6333,531,232,196,0,0,14,23,1,0
6334,93,84,6,0,0,0,9,0,1
6335,85,66,24,0,0,0,8,0,1
6336,49,39,19,0,0,0,3,0,1
6337,341,176,119,0,0,0,19,0,1
6338,156,96,62,0,0,0,3,0,0
6339,23,23,6,0,0,0,6,0,1
6340,10,10,4,0,0,0,0,0,0
6341,205,133,68,0,0,0,7,0,1
6342,55,43,20,0,0,0,11,0,1
6343,586,247,169,0,0,0,45,2,0
6344,142,89,45,0,0,0,0,2,1
6345,184,105,61,1,1,0,1,0,1
6346,162,108,63,0,0,0,18,0,0
6347,208,137,59,5,3,0,17,0,0
6348,493,248,136,0,0,0,32,1,0
6349,245,139,90,0,0,0,3,0,0
6350,3,2,0,0,0,0,2,0,0
6351,94,92,3,0,0,0,8,0,1
6352,2947,1105,892,7,7,5,230,3,0
6353,20,17,0,0,0,0,3,0,1
6354,70,54,20,0,0,0,6,0,1
6355,144,85,61,0,0,0,8,0,0
6356,42,35,14,0,0,0,1,0,0
6357,77,59,22,0,0,0,10,0,1
6358,361,172,135,0,0,0,29,0,0
6359,91,75,21,0,0,0,9,0,1
6360,13,13,6,0,0,0,0,0,1
6361,13,13,5,0,0,0,0,0,0
6362,236,139,53,0,0,0,53,0,1
6363,115,96,10,0,0,0,38,0,1
6364,22,21,8,0,0,0,1,0,0
6365,65,55,26,0,0,0,1,0,1
6366,449,254,151,0,0,0,11,2,1
6367,40,39,9,0,0,0,11,0,1
6368,338,139,25,0,0,0,50,0,0
6369,55,42,25,0,0,0,0,0,0
6370,178,102,63,1,1,2,1,1,0
6371,166,119,35,0,0,0,7,1,1
6372,308,204,75,0,0,1,14,0,0
6373,467,218,70,0,0,0,157,0,0
6374,770,176,85,58,3,0,187,0,0
6375,19,19,5,0,0,0,5,0,0
6376,95,70,21,0,0,4,7,0,0
6377,18,16,6,0,0,0,3,0,1
6378,1158,480,348,13,8,7,75,1,0
6379,235,169,49,0,0,0,40,0,1
6380,280,158,106,1,1,4,17,0,0
6381,150,65,19,0,0,0,17,0,1
6382,498,273,164,4,4,2,26,2,1
6383,88,71,18,0,0,0,13,0,0
6384,31,29,13,0,0,0,1,0,0
6385,270,151,103,0,0,0,8,0,1
6386,514,263,165,0,0,0,71,0,1
6387,113,77,30,0,0,0,5,1,1
6388,12,12,3,0,0,0,0,0,0
6389,215,103,47,0,0,0,60,0,0
6390,41,31,8,0,0,0,10,0,0
6391,110,86,27,1,1,2,8,0,0
6392,109,66,35,0,0,0,8,0,1
6393,71,54,3,0,0,0,21,0,1
6394,99,70,29,3,1,0,1,0,1
6395,219,207,11,0,0,0,30,0,1
6396,86,67,25,0,0,0,15,0,1
6397,711,298,221,0,0,5,58,1,0
6398,401,191,148,0,0,0,13,1,0
6399,152,102,49,1,1,1,6,0,1
6400,283,157,106,0,0,0,7,0,0
6401,84,84,5,0,0,0,39,0,1
6402,29,28,13,0,0,0,2,0,0
6403,365,183,123,2,2,2,13,1,1
6404,85,66,25,0,0,0,11,0,1
6405,125,75,39,0,0,0,16,0,0
6406,103,74,39,0,0,0,4,0,0
6407,29,27,4,0,0,0,4,0,1
6408,40,36,6,0,0,0,11,0,1
6409,73,55,29,0,0,0,2,0,1
6410,115,72,31,0,0,8,11,0,0
6411,94,66,37,0,0,0,1,0,0
6412,442,185,162,0,0,13,25,0,0
6413,18,18,3,0,0,0,5,0,1
6414,469,198,141,0,0,3,52,0,0
6415,450,83,50,0,0,0,171,0,1
6416,179,104,52,0,0,0,21,0,0
6417,28,25,13,0,0,0,3,0,0
6418,47,47,0,0,0,0,5,0,1
6419,339,215,114,0,0,0,7,0,0
6420,192,123,78,0,0,0,5,0,1
6421,27,26,7,0,0,0,5,0,1
6422,77,66,22,0,0,0,3,0,1
6423,170,119,8,0,0,0,59,0,1
6424,107,70,37,0,0,0,6,0,0
6425,99,79,16,0,0,0,4,0,1
6426,40,38,15,0,0,0,3,0,0
6427,197,115,25,0,0,0,17,0,1
6428,192,116,59,0,0,0,16,1,1
6429,152,96,24,0,0,0,42,1,1
6430,167,133,42,0,0,0,20,1,1
6431,23,21,3,0,0,0,7,0,1
6432,275,153,101,0,0,0,20,0,1
6433,86,67,31,0,0,0,12,0,1
6434,71,52,27,0,0,0,4,1,1
6435,62,54,8,0,0,0,10,0,1
6436,90,68,21,0,0,0,6,0,1
6437,185,128,61,0,0,0,2,0,1
6438,40,35,6,0,0,0,5,0,1
6439,89,63,19,2,1,0,5,0,0
6440,68,55,20,0,0,0,3,0,1
6441,985,365,389,8,1,0,44,0,0
6442,226,133,73,0,0,0,6,1,1
6443,16,13,7,0,0,0,1,0,0
6444,34,22,13,0,0,0,2,0,1
6445,77,54,18,0,0,0,8,0,1
6446,17,14,7,0,0,0,1,0,0
6447,66,62,8,0,0,0,16,0,1
6448,82,63,7,4,4,1,36,0,1
6449,311,173,103,0,0,0,22,1,1
6450,372,208,113,0,0,0,13,1,1
6451,328,190,97,0,0,0,24,0,1
6452,66,66,2,0,0,0,3,0,1
6453,172,133,59,0,0,0,4,0,1
6454,37,29,20,0,0,0,0,0,0
6455,25,25,1,0,0,0,18,0,1
6456,806,323,330,0,0,0,10,0,1
6457,36,30,11,0,0,0,4,0,1
6458,198,136,50,0,0,0,7,0,1
6459,165,102,63,0,0,0,3,0,0
6460,168,122,59,0,0,0,10,0,0
6461,70,54,25,0,0,0,8,0,0
6462,221,161,80,0,0,0,4,0,1
6463,281,140,91,0,0,0,3,0,0
6464,853,347,372,3,3,1,29,1,1
6465,113,80,43,1,1,1,9,0,0
6466,293,181,109,1,1,0,16,1,1
6467,71,58,18,0,0,0,6,0,0
6468,618,282,233,0,0,0,7,1,1
6469,144,110,38,0,0,0,23,0,1
6470,77,57,29,0,0,0,4,0,0
6471,24,20,7,1,1,1,5,0,1
6472,14,13,5,0,0,0,0,0,0
6473,77,48,11,0,0,3,7,0,0
6474,22,16,7,0,0,0,2,0,0
6475,32,28,8,0,0,0,1,0,1
6476,102,68,6,0,0,0,28,0,1
6477,61,49,19,0,0,1,2,0,0
6478,94,73,12,1,1,0,14,0,0
6479,136,86,56,0,0,0,3,0,0
6480,18,17,7,0,0,0,1,0,1
6481,41,37,7,0,0,0,1,0,1
6482,79,68,14,0,0,0,14,0,1
6483,84,64,26,0,0,0,2,0,0
6484,29,23,5,0,0,0,2,1,1
6485,13,13,1,0,0,0,0,0,0
6486,692,343,245,0,0,0,27,2,1
6487,64,55,22,0,0,0,5,0,1
6488,554,220,141,1,1,1,44,1,0
6489,128,87,44,0,0,0,11,0,0
6490,298,165,120,0,0,0,15,1,0
6491,608,244,248,0,0,0,27,0,1
6492,516,202,92,1,1,91,136,1,0
6493,483,241,176,0,0,5,18,2,0
6494,114,75,31,0,0,0,9,0,1
6495,7,7,2,0,0,0,0,0,0
6496,89,72,24,0,0,0,5,1,1
6497,47,39,20,0,0,0,0,0,1
6498,298,148,99,0,0,0,16,0,0
6499,76,47,27,0,0,0,6,0,0
6500,176,113,64,0,0,0,5,0,1
6501,132,81,34,0,0,0,10,0,1
6502,82,71,21,0,0,0,5,0,0
6503,95,61,26,0,0,0,2,0,1
6504,105,71,37,0,0,0,9,0,1
6505,132,107,25,0,0,0,4,0,1
6506,488,282,158,0,0,0,85,0,1
6507,24,22,0,0,0,0,4,0,0
6508,147,104,35,0,0,1,12,0,0
6509,43,35,8,0,0,1,0,0,0
6510,2,2,0,0,0,0,1,0,1
6511,281,171,86,1,1,1,5,0,0
6512,257,131,72,0,0,0,42,0,0
6513,62,51,22,0,0,0,4,0,1
6514,289,165,74,0,0,0,7,0,0
6515,158,156,3,0,0,0,20,0,1
6516,49,37,2,0,0,0,7,0,0
6517,57,46,21,0,0,0,5,0,1
6518,34,28,8,0,0,0,7,0,0
6519,8,8,2,0,0,0,0,0,0
6520,117,90,36,0,0,1,11,0,0
6521,385,377,9,0,0,0,39,0,1
6522,65,56,23,0,0,0,1,0,0
6523,243,128,83,0,0,0,4,2,1
6524,90,75,27,0,0,0,3,0,0
6525,58,40,17,0,0,0,17,0,0
6526,52,51,4,0,0,0,3,0,1
6527,32,32,4,0,0,0,2,0,1
6528,79,76,8,0,0,0,34,0,1
6529,169,108,55,0,0,0,5,1,1
6530,147,90,34,0,0,0,33,0,0
6531,440,259,80,0,0,0,70,0,0
6532,267,130,78,0,0,0,17,0,0
6533,544,290,153,0,0,0,30,0,1
6534,19,18,2,0,0,0,5,0,1
6535,55,47,13,0,0,0,2,0,1
6536,159,105,62,1,1,1,8,0,0
6537,15,14,1,0,0,0,1,1,1
6538,37,37,3,0,0,0,15,0,1
6539,564,273,150,1,1,28,61,0,0
6540,157,153,8,0,0,0,15,0,1
6541,81,57,14,0,0,0,5,0,1
6542,92,77,26,0,0,0,4,1,1
6543,121,91,10,0,0,0,53,0,1
6544,225,141,64,4,2,3,16,0,0
6545,29,27,7,0,0,0,3,0,0
6546,111,83,40,0,0,0,1,0,0
6547,114,57,31,0,0,0,9,0,0
6548,174,118,45,0,0,0,26,0,1
6549,100,70,47,0,0,2,4,0,0
6550,276,160,92,0,0,0,5,0,1
6551,333,195,119,2,2,2,14,3,1
6552,280,206,79,0,0,0,11,1,1
6553,123,66,27,1,1,0,11,0,0
6554,2459,689,988,0,0,0,35,2,1
6555,44,37,17,0,0,0,6,0,1
6556,1164,513,289,11,7,1,150,2,0
6557,40,34,10,0,0,0,3,0,1
6558,482,261,146,0,0,0,32,0,0
6559,25,21,11,0,0,0,0,0,0
6560,655,336,211,0,0,0,90,1,1
6561,219,145,63,6,5,3,26,2,1
6562,154,92,32,0,0,0,12,1,1
6563,1136,283,56,0,0,0,370,0,1
6564,269,150,82,3,3,1,10,0,1
6565,187,123,57,0,0,0,3,0,1
6566,121,76,48,1,1,0,2,1,1
6567,14,13,7,0,0,0,0,0,0
6568,292,123,93,0,0,4,39,0,0
6569,40,29,8,0,0,0,2,0,0
6570,159,98,54,0,0,0,12,0,0
6571,89,65,24,3,3,1,13,0,1
6572,582,253,208,0,0,0,6,0,0
6573,53,51,6,0,0,0,1,0,1
6574,7,7,3,0,0,0,1,0,0
6575,112,85,44,0,0,0,3,0,1
6576,330,180,105,11,3,2,18,0,1
6577,50,47,10,0,0,0,3,0,1
6578,194,104,68,0,0,0,19,0,1
6579,83,65,28,0,0,0,11,0,1
6580,187,127,62,0,0,0,15,1,1
6581,415,255,98,5,2,2,40,2,0
6582,118,81,21,0,0,0,34,0,1
6583,29,27,9,0,0,0,1,0,0
6584,43,43,1,0,0,0,6,0,1
6585,598,294,189,0,0,23,80,0,0
6586,41,38,5,0,0,1,7,0,0
6587,276,153,100,0,0,3,14,1,0
6588,186,123,56,0,0,0,4,0,1
6589,530,304,114,8,1,2,72,1,0
6590,31,31,6,0,0,1,1,0,0
6591,107,77,43,0,0,0,3,0,0
6592,188,117,59,0,0,0,2,0,1
6593,40,39,3,0,0,0,3,0,1
6594,255,155,84,2,2,3,11,0,1
6595,36,29,18,0,0,0,1,0,0
6596,33,30,8,0,0,0,2,1,1
6597,65,50,30,0,0,0,0,0,0
6598,55,43,27,0,0,0,1,0,0
6599,504,251,188,0,0,1,4,1,1
6600,550,272,168,8,2,0,74,0,0
6601,244,136,110,0,0,0,8,1,1
6602,806,323,330,0,0,0,10,0,1
6603,63,51,24,0,0,0,1,0,1
6604,87,67,30,0,0,0,1,0,0
6605,936,333,345,0,0,0,62,0,0
6606,175,110,46,1,1,0,2,1,1
6607,120,85,35,1,1,2,2,0,0
6608,1125,389,107,0,0,76,200,0,0
6609,51,47,9,0,0,0,6,1,1
6610,24,22,0,0,0,0,4,0,0
6611,109,70,39,0,0,0,9,0,1
6612,592,294,183,0,0,0,40,1,0
6613,143,94,47,0,0,0,14,0,0
6614,11,10,0,0,0,0,2,0,0
6615,569,259,229,0,0,0,28,2,1
6616,62,53,7,0,0,0,23,0,1
6617,43,38,10,0,0,0,0,1,1
6618,463,222,166,0,0,0,16,2,1
6619,87,71,28,0,0,0,2,1,1
6620,115,69,42,0,0,0,8,0,1
6621,116,82,39,0,0,0,14,0,0
6622,35,29,15,0,0,0,0,0,0
6623,8,7,1,0,0,0,1,0,0
6624,58,46,20,0,0,0,1,0,0
6625,8,8,2,0,0,0,0,0,0
6626,639,268,164,2,2,57,78,1,0
6627,182,119,62,0,0,0,10,0,0
6628,269,151,5,0,0,0,134,0,1
6629,490,276,124,0,0,2,36,1,0
6630,113,43,10,0,0,0,13,0,0
6631,371,181,106,0,0,0,42,0,0
6632,115,73,35,0,0,0,2,0,0
6633,46,39,2,0,0,0,7,0,0
6634,90,77,32,0,0,0,9,0,1
6635,58,48,23,0,0,0,11,0,1
6636,420,208,147,0,0,1,17,0,1
6637,93,67,32,0,0,1,4,0,0
6638,1286,522,450,0,0,0,127,2,1
6639,70,60,21,0,0,0,6,0,1
6640,35,29,15,0,0,0,2,0,0
6641,55,41,22,0,0,0,1,0,1
6642,399,204,156,0,0,0,13,2,1
6643,288,157,100,0,0,1,22,0,1
6644,186,111,33,1,1,0,34,1,1
6645,36,31,14,0,0,0,0,0,1
6646,178,102,67,0,0,0,8,0,1
6647,264,143,85,0,0,0,25,0,0
6648,427,195,181,0,0,0,9,2,1
6649,55,44,19,0,0,0,3,0,0
6650,951,421,371,0,0,0,12,3,1
6651,147,92,42,0,0,0,18,0,0
6652,72,51,14,3,3,3,17,0,1
6653,53,47,17,0,0,0,0,1,1
6654,236,142,10,0,0,28,70,0,0
6655,48,46,13,0,0,0,10,0,1
6656,292,172,61,1,1,5,16,0,0
6657,87,64,29,0,0,0,7,0,0
6658,14,13,0,0,0,0,4,0,1
6659,41,35,13,0,0,0,1,0,0
6660,3765,699,406,121,4,0,976,1,0
6661,212,111,60,0,0,0,17,0,0
6662,85,68,27,0,0,0,9,0,1
6663,352,178,134,0,0,0,19,1,0
6664,253,129,88,0,0,6,17,0,0
6665,3544,1104,1136,0,0,0,74,2,0
6666,111,62,29,0,0,0,0,1,0
6667,210,118,81,0,0,0,1,0,1
6668,145,99,38,0,0,0,9,0,1
6669,1136,283,56,0,0,0,370,0,1
6670,27,24,9,0,0,0,3,0,1
6671,86,65,31,0,0,0,3,0,1
6672,110,99,10,0,0,0,25,0,1
6673,70,56,29,0,0,0,5,0,1
6674,58,48,23,0,0,0,7,0,1
6675,104,74,41,0,0,1,3,0,1
6676,589,285,237,0,0,0,20,1,1
6677,458,200,62,3,2,1,41,0,0
6678,163,121,54,0,0,0,6,0,1
6679,127,88,37,0,0,3,13,0,0
6680,156,105,60,0,0,0,0,0,1
6681,14,14,4,0,0,0,0,0,0
6682,32,22,4,0,0,3,8,0,0
6683,38,29,10,0,0,0,1,0,0
6684,107,84,23,0,0,3,12,1,0
6685,453,240,174,2,2,0,13,1,1
6686,62,44,14,0,0,0,4,0,1
6687,549,196,116,0,0,1,83,1,1
6688,523,241,187,0,0,0,27,1,0
6689,107,77,40,0,0,0,7,0,0
6690,108,85,27,0,0,0,9,0,1
6691,52,49,11,0,0,0,14,1,1
6692,6,6,2,0,0,0,0,0,0
6693,26,23,3,0,0,0,8,0,1
6694,63,50,21,0,0,0,5,0,1
6695,29,28,3,0,0,0,14,0,1
6696,148,77,40,0,0,0,20,0,0
6697,62,48,28,0,0,0,1,0,0
6698,410,231,135,0,0,0,17,2,1
6699,254,144,96,0,0,1,4,2,1
6700,109,82,23,1,1,1,7,0,1
6701,1101,413,24,0,0,0,461,0,0
6702,112,71,40,1,1,0,2,1,0
6703,170,98,30,1,1,2,26,0,0
6704,282,128,97,0,0,7,25,0,0
6705,21,17,5,0,0,0,1,0,1
6706,81,64,19,0,0,0,5,0,1
6707,216,138,69,0,0,0,10,1,1
6708,93,73,36,0,0,0,4,0,0
6709,644,297,241,4,4,1,23,1,1
6710,927,376,221,0,0,0,44,1,1
6711,48,44,18,0,0,0,1,0,0
6712,79,55,34,0,0,0,1,0,0
6713,215,110,63,8,1,1,21,0,0
6714,136,77,30,0,0,2,9,1,0
6715,253,145,74,0,0,0,6,1,1
6716,183,114,63,0,0,0,8,0,0
6717,169,112,44,0,0,0,25,0,1
6718,164,113,26,3,3,1,13,1,1
6719,123,90,37,1,1,0,6,0,1
6720,86,66,31,0,0,0,4,0,1
6721,43,32,20,0,0,0,0,0,0
6722,99,95,3,0,0,0,22,0,1
6723,113,96,15,0,0,0,27,0,1
6724,70,61,19,1,1,0,4,0,0
6725,27,24,9,0,0,0,2,0,1
6726,119,77,52,0,0,0,5,1,0
6727,1042,366,297,22,3,7,110,1,0
6728,44,41,7,0,0,1,5,0,0
6729,95,69,45,0,0,0,1,0,0
6730,43,35,14,0,0,0,1,0,0
6731,1639,644,600,1,1,20,83,2,0
6732,46,38,12,0,0,0,8,0,1
6733,134,102,5,0,0,0,27,0,1
6734,239,139,72,0,0,0,30,0,0
6735,100,70,45,0,0,0,4,0,0
6736,491,249,163,0,0,0,21,1,1
6737,89,65,28,0,0,0,16,1,1
6738,817,388,294,0,0,0,16,2,1
6739,78,45,13,0,0,0,8,0,0
6740,73,45,14,0,0,0,4,1,0
6741,454,210,162,0,0,0,34,0,0
6742,314,210,84,0,0,0,33,0,1
6743,24,23,3,0,0,1,3,0,0
6744,146,90,61,0,0,0,5,0,0
6745,35,32,3,0,0,0,4,0,0
6746,78,61,25,0,0,0,5,0,1
6747,149,90,43,0,0,0,8,0,1
6748,68,67,9,0,0,0,19,0,1
6749,140,103,53,0,0,0,3,0,0
6750,48,36,16,0,0,0,4,0,0
6751,62,34,9,0,0,0,21,0,0
6752,258,156,46,0,0,0,33,0,0
6753,115,67,11,9,9,0,20,0,0
6754,1084,418,319,0,0,0,74,3,0
6755,531,285,183,2,2,0,21,2,1
6756,66,56,24,0,0,0,1,0,0
6757,59,49,18,0,0,0,2,0,1
6758,50,39,9,0,0,0,2,0,1
6759,352,169,105,4,1,0,9,0,0
6760,44,38,13,0,0,0,0,0,0
6761,616,303,95,0,0,0,121,1,1
6762,715,328,220,1,1,3,34,0,0
6763,211,117,91,0,0,0,18,0,1
6764,157,97,59,0,0,0,6,0,0
6765,509,243,104,0,0,2,53,0,0
6766,144,99,52,0,0,0,2,0,1
6767,288,164,113,0,0,4,16,1,0
6768,10,10,3,0,0,0,0,0,1
6769,105,84,26,0,0,0,9,0,1
6770,16,15,7,0,0,0,0,0,0
6771,1069,438,358,0,0,0,16,2,1
6772,74,64,10,0,0,0,18,0,1
6773,149,88,63,0,0,0,5,0,0
6774,990,407,339,0,0,0,107,0,1
6775,89,67,12,0,0,0,11,0,0
6776,417,203,102,19,4,2,20,1,1
6777,114,75,45,0,0,0,1,1,1
6778,14,12,1,0,0,0,6,0,1
6779,609,257,192,0,0,0,49,1,0
6780,410,224,131,4,4,3,27,2,1
6781,31,27,5,0,0,0,8,0,0
6782,130,90,47,0,0,0,11,0,0
6783,50,40,25,0,0,0,2,0,0
6784,174,102,64,0,0,0,8,0,1
6785,78,63,27,0,0,2,5,0,0
6786,80,60,26,0,0,0,3,0,0
6787,591,247,230,0,0,0,1,2,1
6788,139,94,46,0,0,1,6,0,0
6789,368,221,95,0,0,0,45,1,1
6790,57,44,0,0,0,0,33,0,1
6791,276,179,74,0,0,0,25,0,1
6792,235,142,81,0,0,0,12,0,0
6793,45,40,11,0,0,0,3,1,1
6794,187,102,38,0,0,4,23,0,0
6795,106,74,38,0,0,0,7,0,0
6796,345,198,142,0,0,0,9,0,1
6797,311,173,103,0,0,0,22,1,1
6798,29,27,13,0,0,0,0,0,0
6799,85,67,25,0,0,0,9,0,1
6800,725,338,274,1,1,4,33,2,1
6801,61,43,28,0,0,0,1,0,0
6802,40,31,2,0,0,0,9,0,1
6803,29,21,9,0,0,0,4,0,0
6804,226,160,56,3,3,1,13,1,1
6805,233,60,56,0,0,0,26,0,0
6806,68,62,12,0,0,0,11,0,1
6807,446,217,162,0,0,1,26,0,0
6808,27,24,6,0,0,0,3,0,0
6809,27,26,10,0,0,0,2,0,0
6810,64,48,25,0,0,0,0,0,1
6811,493,254,193,0,0,0,33,0,1
6812,57,48,22,0,0,0,0,0,0
6813,11,11,2,0,0,0,0,0,1
6814,66,50,20,0,0,2,6,0,0
6815,67,48,29,0,0,0,1,0,0
6816,135,102,36,0,0,0,3,0,1
6817,135,92,49,0,0,0,9,1,0
6818,4427,850,887,76,6,0,666,2,0
6819,44,40,16,0,0,0,2,1,0
6820,86,60,36,1,1,0,11,0,0
6821,64,59,0,0,0,0,41,0,1
6822,92,58,26,0,0,0,1,0,1
6823,75,53,27,0,0,0,9,0,0
6824,29,27,8,0,0,0,1,0,0
6825,79,53,26,0,0,0,16,0,0
6826,47,36,17,1,1,0,4,0,0
6827,545,251,191,0,0,0,46,0,0
6828,115,93,28,0,0,0,15,1,1
6829,128,102,16,0,0,0,36,0,1
6830,178,109,76,0,0,0,6,0,0
6831,122,85,48,0,0,0,5,0,0
6832,640,272,207,0,0,1,51,2,0
6833,98,87,15,0,0,0,26,0,1
6834,805,315,334,0,0,0,22,0,0
6835,16,15,4,0,0,0,2,0,0
6836,34,23,4,3,3,1,11,0,1
6837,47,40,13,0,0,0,14,0,1
6838,469,191,179,0,0,0,36,0,0
6839,143,96,35,0,0,0,2,1,1
6840,194,118,64,0,0,0,4,0,1
6841,223,140,77,0,0,0,4,0,1
6842,14,12,7,0,0,0,0,0,0
6843,399,213,147,1,1,1,6,0,1
6844,57,45,6,0,0,3,13,1,0
6845,198,117,63,0,0,0,17,0,0
6846,37,30,13,0,0,0,3,0,0
6847,339,337,2,0,0,0,319,0,1
6848,106,63,16,0,0,0,10,0,1
6849,407,234,140,1,1,3,39,2,1
6850,88,59,24,0,0,0,1,0,0
6851,282,112,54,0,0,0,62,1,0
6852,44,37,19,0,0,0,1,0,1
6853,44,41,7,0,0,1,5,0,0
6854,58,50,9,1,1,2,12,0,0
6855,72,56,14,0,0,0,15,0,0
6856,1508,607,333,45,4,3,172,1,0
6857,12,9,4,0,0,0,0,0,0
6858,36,33,4,0,0,0,2,1,1
6859,29,16,4,0,0,0,5,0,0
6860,70,56,21,0,0,0,5,0,1
6861,102,75,39,2,2,0,4,0,1
6862,102,68,6,0,0,0,25,0,1
6863,125,89,49,0,0,1,4,0,1
6864,61,47,28,0,0,0,2,0,1
6865,204,93,32,0,0,0,47,0,1
6866,13,13,4,0,0,0,0,0,1
6867,319,161,137,0,0,0,2,0,0
6868,73,45,29,1,1,0,9,0,0
6869,86,63,22,0,0,0,12,1,0
6870,341,173,115,0,0,0,30,1,1
6871,71,56,22,0,0,0,3,0,0
6872,183,125,64,1,1,1,11,0,0
6873,124,77,46,0,0,0,11,0,1
6874,54,35,28,0,0,0,1,0,0
6875,8,8,1,0,0,0,0,0,1
6876,1780,655,614,2,1,21,108,2,0
6877,726,335,33,0,0,0,167,1,0
6878,268,166,84,2,2,0,5,1,0
6879,665,273,260,0,0,0,25,0,1
6880,223,148,75,0,0,0,16,0,0
6881,130,90,34,0,0,0,17,0,0
6882,63,58,11,0,0,0,7,0,1
6883,67,54,22,0,0,0,4,1,1
6884,53,42,18,0,0,0,1,0,0
6885,112,70,36,0,0,2,21,0,0
6886,79,69,14,0,0,0,15,0,1
6887,107,80,17,0,0,0,34,0,1
6888,113,81,39,0,0,0,7,0,0
6889,457,265,78,1,1,36,82,1,0
6890,2250,834,691,0,0,1,113,0,0
6891,183,112,63,0,0,2,17,0,0
6892,2730,815,981,2,2,0,18,0,1
6893,9,9,3,0,0,0,1,0,0
6894,86,56,36,0,0,0,7,0,0
6895,738,357,233,0,0,0,23,1,1
6896,45,40,11,0,0,0,0,0,1
6897,51,44,17,0,0,0,0,0,1
6898,240,139,99,0,0,0,5,2,1
6899,40,35,9,0,0,0,4,0,0
6900,445,177,132,0,0,0,73,0,0
6901,43,42,5,0,0,0,2,0,1
6902,241,135,83,0,0,0,8,0,0
6903,697,348,207,0,0,0,55,0,0
6904,152,102,54,0,0,1,3,0,1
6905,64,58,17,0,0,0,1,0,1
6906,345,177,144,0,0,0,14,1,1
6907,37,33,11,0,0,0,1,0,0
6908,212,146,82,0,0,0,9,0,0
6909,62,46,30,0,0,0,2,0,0
6910,39,29,11,1,1,0,2,0,0
6911,78,67,20,0,0,0,3,0,1
6912,110,67,44,0,0,0,1,0,0
6913,576,253,176,0,0,0,78,0,0
6914,95,73,28,0,0,0,3,1,1
6915,31,26,7,1,1,0,2,0,0
6916,451,241,143,0,0,0,14,0,1
6917,232,36,2,0,0,0,14,0,1
6918,60,51,21,1,1,1,4,0,0
6919,156,107,58,1,1,0,3,0,0
6920,62,44,18,0,0,0,2,0,0
6921,254,137,96,0,0,0,7,0,1
6922,152,96,49,3,1,0,2,0,1
6923,911,346,268,0,0,0,27,0,1
6924,323,141,104,0,0,1,34,0,0
6925,36,31,5,0,0,0,8,0,1
6926,54,48,13,0,0,1,3,0,0
6927,59,44,22,0,0,0,6,0,1
6928,28,26,9,0,0,0,0,0,1
6929,400,193,2,0,0,0,213,0,1
6930,107,88,25,0,0,0,5,0,1
6931,17,17,3,0,0,0,2,0,1
6932,56,55,6,0,0,0,0,0,1
6933,1068,432,364,0,0,0,11,1,1
6934,145,99,40,0,0,0,4,0,1
6935,99,79,33,0,0,0,4,0,1
6936,62,41,24,0,0,0,0,0,0
6937,3766,705,1286,57,29,20,169,2,1
6938,476,244,173,1,1,1,19,0,0
6939,92,47,6,0,0,0,42,0,0
6940,370,244,83,0,0,0,46,0,1
6941,208,101,8,0,0,0,94,0,0
6942,357,157,88,1,1,0,17,0,1
6943,166,110,64,0,0,0,11,0,0
6944,322,203,87,0,0,0,25,0,1
6945,311,186,95,1,1,3,21,0,0
6946,223,125,89,0,0,0,6,0,0
6947,12,9,1,0,0,0,0,0,0
6948,150,79,4,0,0,0,31,0,1
6949,219,138,26,0,0,0,59,0,1
6950,124,100,39,0,0,0,6,0,1
6951,64,46,9,0,0,0,5,0,0
6952,46,33,12,0,0,1,10,0,0
6953,129,34,21,0,0,0,5,0,0
6954,23,21,3,1,1,0,4,0,1
6955,12,12,4,0,0,0,0,0,0
6956,60,52,22,0,0,0,3,0,0
6957,68,63,8,0,0,0,15,0,1
6958,221,122,47,0,0,4,27,0,0
6959,185,68,32,0,0,0,45,0,1
6960,38,37,2,0,0,0,1,0,1
6961,94,71,24,0,0,0,3,0,1
6962,34,32,3,0,0,0,1,0,1
6963,761,377,215,0,0,0,31,0,1
6964,353,224,96,0,0,0,25,0,1
6965,19,13,3,0,0,0,1,0,0
6966,201,148,59,0,0,2,17,0,0
6967,116,77,45,0,0,0,0,0,0
6968,24,22,0,0,0,0,4,0,0
6969,158,83,32,0,0,0,47,0,0
6970,206,134,62,0,0,0,6,0,1
6971,131,84,57,0,0,0,2,0,0
6972,68,60,15,0,0,0,11,0,1
6973,5,5,1,0,0,0,0,0,1
6974,58,51,12,0,0,0,4,0,1
6975,62,40,5,0,0,2,7,0,0
6976,234,138,96,0,0,0,3,0,0
6977,1068,497,305,6,6,0,41,2,1
6978,77,58,28,0,0,0,3,0,0
6979,513,271,176,0,0,0,14,0,0
6980,25,24,10,0,0,0,2,1,0
6981,16,16,1,0,0,0,8,0,0
6982,301,173,119,0,0,0,4,1,1
6983,10,10,1,0,0,0,1,0,0
6984,434,237,160,0,0,1,24,0,0
6985,73,57,15,0,0,0,3,0,1
6986,28,27,7,0,0,0,2,0,0
6987,147,55,37,0,0,0,7,0,0
6988,421,220,169,0,0,5,17,1,0
6989,47,34,22,0,0,0,2,0,0
6990,26,24,9,0,0,0,1,0,0
6991,369,199,128,0,0,1,15,0,0
6992,90,75,21,0,0,1,15,0,1
6993,107,61,7,0,0,0,48,0,0
6994,128,77,30,0,0,1,19,0,0
6995,96,78,25,0,0,0,12,0,1
6996,42,33,16,0,0,0,2,0,0
6997,8,8,3,0,0,0,1,0,0
6998,9,9,2,0,0,0,0,0,1
6999,15,15,0,0,0,0,10,0,1
7000,250,133,83,1,1,2,8,0,0
7001,58,54,6,0,0,0,33,0,1
7002,84,68,22,0,0,0,12,0,1
7003,292,146,118,2,1,0,16,1,1
7004,271,141,35,0,0,0,52,0,0
7005,4761,730,1732,75,32,43,270,3,1
7006,111,70,36,0,0,0,6,0,0
7007,71,63,10,0,0,0,14,0,1
7008,93,71,33,0,0,0,3,0,1
7009,255,141,63,1,1,4,37,0,0
7010,96,69,39,0,0,0,1,0,1
7011,222,156,90,0,0,0,4,0,1
7012,45,40,14,0,0,0,4,0,1
7013,286,159,93,1,1,3,20,1,0
7014,108,80,29,0,0,0,2,0,1
7015,121,85,47,0,0,0,7,0,0
7016,60,47,21,0,0,0,5,0,1
7017,16,15,6,0,0,0,2,0,1
7018,35,28,18,0,0,0,0,0,0
7019,42,35,7,0,0,0,2,0,1
7020,278,168,95,0,0,0,21,1,1
7021,145,94,37,3,1,0,5,0,1
7022,325,185,121,0,0,0,19,0,1
7023,52,44,18,0,0,0,1,0,1
7024,363,212,112,0,0,0,9,0,1
7025,33,30,5,0,0,0,0,0,1
7026,85,67,24,0,0,0,13,0,1
7027,472,259,153,7,5,2,33,1,0
7028,38,35,3,0,0,0,12,0,1
7029,1164,417,368,0,0,1,128,3,0
7030,124,87,41,0,0,4,14,0,0
7031,1045,613,257,9,9,1,170,0,0
7032,38,37,1,0,0,0,5,0,1
7033,307,192,102,0,0,0,19,0,1
7034,133,79,17,0,0,9,37,0,0
7035,542,287,195,0,0,0,70,2,1
7036,413,196,126,0,0,0,10,3,1
7037,174,114,53,0,0,0,3,1,1
7038,212,129,82,0,0,0,7,2,1
7039,21,20,4,0,0,0,4,0,0
7040,26,21,2,0,0,0,5,0,1
7041,132,91,26,4,3,1,10,0,1
7042,31,28,4,0,0,0,5,0,0
7043,232,138,53,0,0,0,14,1,0
7044,149,94,43,0,0,3,12,0,0
7045,75,56,14,0,0,0,6,0,1
7046,123,89,44,0,0,1,6,0,0
7047,150,101,49,0,0,0,10,0,1
7048,126,86,47,0,0,0,3,0,0
7049,207,131,49,0,0,0,31,0,1
7050,53,45,12,0,0,0,7,0,1
7051,163,88,24,0,0,0,19,0,0
7052,323,170,128,0,0,0,16,1,0
7053,22,21,6,0,0,0,3,0,0
7054,8,8,3,0,0,0,1,0,1
7055,30,21,3,0,0,0,4,0,0
7056,47,46,5,0,0,0,3,0,1
7057,16,11,5,0,0,0,3,0,1
7058,73,59,24,0,0,0,9,0,0
7059,19,18,3,0,0,0,2,0,1
7060,7,7,2,0,0,0,1,0,1
7061,158,128,41,0,0,0,17,1,1
7062,84,68,22,0,0,0,14,0,1
7063,131,79,35,0,0,1,23,0,0
7064,949,423,304,0,0,0,16,0,1
7065,96,64,36,4,3,0,7,0,1
7066,129,95,29,2,2,1,7,0,1
7067,111,87,39,0,0,0,2,0,0
7068,80,61,26,0,0,0,2,0,0
7069,114,79,38,0,0,0,15,0,0
7070,921,373,322,0,0,0,20,2,1
7071,387,200,132,1,1,5,24,0,0
7072,39,35,13,0,0,0,1,0,1
7073,264,134,103,0,0,0,5,0,1
7074,123,65,35,0,0,0,7,1,0
7075,255,136,108,0,0,0,4,2,1
7076,138,97,48,0,0,0,4,0,1
7077,218,133,93,0,0,0,13,0,0
7078,27,24,5,0,0,0,5,0,1
7079,120,72,31,0,0,0,6,0,0
7080,133,99,47,0,0,0,11,0,0
7081,55,46,15,0,0,3,5,0,0
7082,133,100,37,0,0,0,5,0,1
7083,50,45,10,0,0,0,9,0,1
7084,145,136,11,0,0,0,18,1,1
7085,143,110,38,0,0,1,8,0,1
7086,6,6,0,0,0,0,1,0,0
7087,327,163,50,0,0,28,64,0,0
7088,492,231,83,0,0,0,139,0,1
7089,892,423,277,2,2,1,77,0,0
7090,90,60,23,0,0,0,10,0,0
7091,185,120,68,0,0,0,0,0,1
7092,14,14,3,0,0,0,2,0,1
7093,16,15,10,0,0,0,0,0,0
7094,168,134,31,4,3,1,12,0,1
7095,93,68,22,0,0,0,1,0,0
7096,320,178,134,1,1,3,8,0,0
7097,12,9,1,0,0,0,0,0,0
7098,105,69,34,2,1,0,3,0,1
7099,46,41,9,0,0,0,2,0,1
7100,117,80,40,0,0,0,11,0,1
7101,199,78,90,0,0,0,0,0,0
7102,171,112,44,0,0,0,25,0,1
7103,58,42,26,0,0,0,2,0,0
7104,85,85,2,0,0,0,43,0,1
7105,62,60,3,0,0,0,0,0,1
7106,227,119,83,0,0,9,21,0,0
7107,171,117,47,0,0,0,26,0,1
7108,96,59,14,0,0,8,23,0,0
7109,36,30,9,0,0,0,3,0,1
7110,212,140,71,0,0,0,4,0,1
7111,75,57,32,0,0,0,2,0,0
7112,107,79,34,1,1,1,10,0,0
7113,51,45,17,1,1,0,7,0,0
7114,162,98,57,0,0,0,7,2,1
7115,8,8,3,0,0,0,0,0,0
7116,5461,1259,869,55,18,10,591,2,0
7117,66,49,21,0,0,1,2,0,0
7118,103,83,29,0,0,0,10,0,0
7119,142,96,54,0,0,0,9,0,1
7120,131,80,46,4,2,0,8,0,1
7121,55,28,3,0,0,2,7,0,0
7122,177,131,45,0,0,0,28,0,1
7123,79,68,14,0,0,0,18,0,1
7124,838,410,284,0,0,0,74,0,1
7125,582,304,176,2,1,0,14,2,0
7126,359,197,148,0,0,0,19,1,1
7127,170,115,71,0,0,1,10,0,0
7128,190,129,64,0,0,0,13,1,1
7129,491,207,191,0,0,0,34,0,0
7130,81,66,32,0,0,0,1,0,1
7131,252,148,90,0,0,1,9,0,0
7132,358,197,108,0,0,17,30,0,0
7133,565,243,170,4,3,18,58,2,0
7134,291,151,96,0,0,0,24,0,0
7135,31,23,5,0,0,0,7,0,0
7136,325,158,118,0,0,0,5,1,0
7137,105,79,25,0,0,0,10,0,1
7138,60,52,19,1,1,1,3,0,0
7139,209,132,43,0,0,0,38,0,0
7140,43,41,2,0,0,0,10,0,1
7141,58,34,4,0,0,0,7,0,0
7142,193,116,68,0,0,2,9,0,0
7143,174,112,48,0,0,0,35,0,0
7144,607,263,194,0,0,0,61,0,0
7145,382,159,150,0,0,1,18,0,0
7146,36,33,5,0,0,0,4,0,1
7147,530,302,167,3,3,2,35,1,1
7148,69,60,14,1,1,2,8,0,0
7149,448,247,116,5,3,1,28,1,0
7150,24,23,7,0,0,0,3,0,0
7151,38,28,11,0,0,0,6,0,0
7152,161,96,62,3,1,0,6,0,0
7153,142,95,46,0,0,0,2,0,1
7154,1597,611,409,33,13,4,167,2,0
7155,158,106,37,1,1,1,17,1,0
7156,129,100,14,0,0,0,29,0,1
7157,121,95,16,0,0,0,33,0,1
7158,464,157,61,0,0,0,30,2,0
7159,282,161,110,0,0,1,8,0,0
7160,93,76,25,0,0,1,4,0,1
7161,251,131,67,0,0,0,50,0,0
7162,3703,717,1266,59,28,26,191,2,1
7163,95,63,22,0,0,3,18,0,0
7164,176,115,56,3,3,1,13,0,1
7165,522,222,227,0,0,0,15,1,1
7166,354,153,148,0,0,0,7,0,0
7167,376,198,166,0,0,0,3,0,1
7168,237,140,60,0,0,0,24,1,1
7169,107,90,17,0,0,0,12,0,1
7170,35,33,10,0,0,0,3,0,0
7171,173,112,68,0,0,0,0,0,1
7172,309,194,111,0,0,0,10,0,0
7173,152,99,46,1,1,0,6,0,1
7174,84,66,28,0,0,0,7,0,1
7175,47,40,17,0,0,0,0,0,1
7176,112,85,34,0,0,0,13,0,0
7177,245,150,64,0,0,0,9,1,1
7178,347,233,19,2,2,0,30,0,0
7179,253,152,91,0,0,3,17,1,0
7180,77,54,17,0,0,0,5,0,0
7181,70,51,34,0,0,0,0,0,0
7182,192,130,64,0,0,0,13,0,1
7183,201,124,71,0,0,3,9,0,0
7184,10,10,3,0,0,0,0,0,1
7185,63,54,20,0,0,1,5,0,0
7186,526,241,119,27,6,1,94,0,0
7187,903,490,268,0,0,0,167,2,1
7188,112,74,21,0,0,1,25,0,0
7189,354,186,143,1,1,2,4,0,0
7190,69,66,7,0,0,0,2,0,1
7191,1752,804,165,0,0,387,680,0,0
7192,1867,651,637,0,0,0,57,2,1
7193,451,212,159,0,0,0,33,0,0
7194,243,154,72,3,1,4,25,1,0
7195,36,32,9,0,0,0,4,0,1
7196,171,97,14,1,1,13,60,0,0
7197,125,89,38,0,0,0,7,0,1
7198,132,34,21,0,0,0,5,0,0
7199,743,315,311,9,9,2,22,2,1
7200,75,59,21,0,0,0,16,0,1
7201,10,10,3,0,0,0,1,0,0
7202,134,91,37,0,0,0,4,0,1
7203,31,27,10,0,0,0,0,0,1
7204,194,117,14,1,1,28,55,0,0
7205,94,67,37,0,0,0,3,0,1
7206,6,6,2,0,0,0,1,0,0
7207,121,79,40,0,0,0,20,0,0
7208,124,81,38,0,0,0,10,0,1
7209,46,41,11,0,0,0,1,0,1
7210,25,24,11,0,0,0,0,0,0
7211,1265,555,413,5,2,2,111,0,0
7212,70,61,9,0,0,0,13,0,1
7213,130,93,38,0,0,0,14,0,0
7214,448,232,133,1,1,8,50,0,0
7215,150,145,11,0,0,0,17,0,1
7216,722,239,226,0,0,17,82,0,0
7217,135,67,24,0,0,0,6,0,1
7218,63,51,25,0,0,0,2,1,0
7219,199,126,65,0,0,0,0,1,0
7220,131,103,21,2,1,1,10,0,1
7221,384,375,9,0,0,0,36,0,1
7222,409,135,89,0,0,20,70,1,0
7223,469,220,156,4,2,1,26,1,1
7224,91,80,16,0,0,0,7,0,1
7225,153,105,49,0,0,3,8,0,0
7226,190,135,73,0,0,0,4,0,1
7227,163,105,45,0,0,0,11,0,0
7228,775,446,206,2,1,0,70,1,0
7229,22,22,8,0,0,0,1,0,0
7230,1874,694,605,3,3,1,58,0,0
7231,97,65,35,0,0,0,0,0,0
7232,101,74,35,0,0,0,5,0,0
7233,166,102,54,4,3,0,4,1,1
7234,148,135,23,0,0,0,11,1,1
7235,28,25,6,0,0,0,1,0,1
7236,123,94,29,1,1,0,12,0,1
7237,428,155,39,1,1,3,106,0,0
7238,10,6,0,0,0,0,3,0,0
7239,66,55,22,0,0,0,2,0,1
7240,333,174,125,0,0,0,13,0,0
7241,133,84,20,0,0,1,15,0,0
7242,254,147,96,0,0,0,18,0,0
7243,122,80,38,0,0,0,9,0,1
7244,83,68,22,0,0,0,5,0,1
7245,184,105,61,1,1,0,1,0,1
7246,109,83,37,0,0,0,5,0,0
7247,50,44,6,0,0,0,4,0,1
7248,46,38,9,0,0,0,9,0,1
7249,163,117,60,0,0,0,7,0,1
7250,242,136,65,0,0,0,41,1,0
7251,788,324,256,0,0,0,42,0,1
7252,158,128,9,0,0,0,31,0,0
7253,248,136,27,0,0,0,55,1,1
7254,183,111,66,3,1,0,7,0,0
7255,84,66,24,0,0,0,7,0,1
7256,50,41,22,0,0,0,1,0,1
7257,62,47,10,1,1,0,10,0,0
7258,196,127,78,0,0,0,1,0,0
7259,48,44,0,0,0,0,29,0,1
7260,42,39,15,0,0,0,1,0,0
7261,65,50,24,1,1,1,3,0,1
7262,26,23,4,0,0,0,4,1,0
7263,100,74,31,0,0,0,4,0,0
7264,379,356,26,0,0,0,30,0,1
7265,30,25,14,0,0,0,4,0,1
7266,134,101,44,0,0,0,12,0,1
7267,88,67,32,0,0,0,10,0,1
7268,956,398,348,0,0,0,78,1,0
7269,25,21,3,0,0,0,6,0,0
7270,8,8,2,0,0,0,0,0,1
7271,74,37,16,0,0,0,8,0,0
7272,144,84,9,0,0,3,39,0,0
7273,21,20,7,0,0,0,1,0,0
7274,816,348,272,0,0,0,14,1,1
7275,192,115,56,2,1,3,14,0,0
7276,531,233,165,0,0,0,50,1,0
7277,155,91,30,0,0,0,27,1,0
7278,121,87,39,2,2,0,2,0,1
7279,57,51,8,0,0,0,5,0,1
7280,239,127,29,0,0,0,57,0,0
7281,269,141,71,0,0,0,27,0,0
7282,40,38,9,0,0,0,2,0,1
7283,242,128,73,1,1,0,26,0,0
7284,97,64,30,0,0,0,10,0,0
7285,22,20,4,0,0,0,4,0,0
7286,278,173,75,0,0,3,14,2,0
7287,68,33,20,0,0,0,3,0,0
7288,131,101,15,0,0,0,30,0,1
7289,179,103,51,0,0,0,8,1,0
7290,830,269,354,0,0,8,26,1,1
7291,475,262,176,0,0,0,16,2,1
7292,135,81,33,0,0,2,9,0,0
7293,423,170,131,0,0,0,19,0,0
7294,12,12,6,0,0,0,0,0,0
7295,123,73,63,0,0,0,1,0,0
7296,4,4,0,0,0,0,1,0,0
7297,33,29,13,0,0,0,1,0,1
7298,99,64,30,0,0,1,6,0,0
7299,12,12,3,0,0,0,0,0,0
7300,36,28,6,0,0,1,7,0,0
7301,51,42,16,0,0,0,5,0,0
7302,398,161,128,0,0,0,53,0,0
7303,198,99,85,0,0,0,2,0,0
7304,128,97,33,0,0,0,8,0,1
7305,91,68,31,0,0,0,2,0,0
7306,138,101,58,0,0,1,4,0,0
7307,21,19,9,0,0,0,0,0,0
7308,1066,444,329,0,0,0,65,0,1
7309,117,95,10,0,0,0,52,0,1
7310,47,41,19,0,0,0,8,0,1
7311,537,206,180,1,1,12,47,0,0
7312,450,244,175,0,0,0,16,3,1
7313,191,105,69,0,0,0,6,2,0
7314,167,127,44,0,0,0,6,1,1
7315,118,92,33,0,0,0,5,0,1
7316,127,78,40,0,0,0,4,0,0
7317,74,58,32,0,0,0,0,0,0
7318,174,93,57,5,2,0,6,0,0
7319,257,136,4,0,0,0,156,0,1
7320,59,51,17,0,0,0,7,0,0
7321,42,31,9,0,0,0,9,0,0
7322,69,39,11,0,0,0,21,0,0
7323,2730,815,981,2,2,0,18,0,1
7324,183,117,57,0,0,0,31,0,0
7325,123,79,44,0,0,0,1,0,1
7326,43,39,16,0,0,0,0,0,0
7327,62,45,16,0,0,0,3,0,0
7328,115,84,33,0,0,0,10,0,0
7329,92,61,24,3,3,2,16,0,1
7330,1025,469,352,0,0,0,112,2,1
7331,254,161,63,5,3,1,27,0,0
7332,751,317,268,0,0,0,15,1,0
7333,256,149,80,3,3,3,18,0,0
7334,95,62,41,0,0,0,0,0,1
7335,54,44,7,1,1,1,5,0,0
7336,508,256,179,6,4,2,21,0,1
7337,36,34,8,0,0,1,3,0,0
7338,41,32,6,0,0,2,7,0,0
7339,81,67,22,0,0,0,4,0,0
7340,195,132,49,1,1,2,11,0,0
7341,183,103,51,0,0,0,17,0,1
7342,68,54,24,0,0,0,4,0,1
7343,190,97,69,0,0,0,7,0,0
7344,525,251,32,0,0,49,155,0,0
7345,39,34,9,0,0,1,9,0,0
7346,154,111,40,0,0,0,5,0,1
7347,23,22,3,0,0,0,7,0,1
7348,32,25,9,0,0,0,10,0,0
7349,25,25,2,0,0,0,9,0,1
7350,244,154,67,4,2,2,15,0,0
7351,856,375,269,6,3,8,47,0,0
7352,48,48,1,0,0,0,0,0,1
7353,96,72,20,0,0,0,5,0,1
7354,131,83,32,0,0,4,27,0,0
7355,402,201,124,5,5,2,24,1,1
7356,39,35,12,0,0,0,13,0,1
7357,21,19,10,0,0,0,0,0,0
7358,562,262,200,1,1,0,18,1,0
7359,164,113,69,0,0,0,0,1,0
7360,25,24,2,0,0,1,5,0,0
7361,53,42,12,0,0,0,8,0,0
7362,158,107,42,0,0,0,10,1,1
7363,228,144,78,0,0,0,9,0,1
7364,106,73,29,3,1,0,4,0,1
7365,12,12,5,0,0,0,2,0,0
7366,57,52,2,0,0,0,16,0,1
7367,80,61,30,1,1,0,0,0,0
7368,69,55,24,0,0,0,0,0,0
7369,218,145,71,0,0,0,16,0,1
7370,206,128,54,0,0,0,15,0,1
7371,294,160,101,0,0,0,9,0,0
7372,7,7,1,0,0,0,2,0,1
7373,675,297,192,2,2,0,42,1,0
7374,56,45,5,0,0,0,7,0,1
7375,87,62,29,0,0,0,1,1,1
7376,98,82,30,0,0,0,6,0,1
7377,16,15,3,0,0,0,1,0,0
7378,128,86,37,3,1,0,1,1,1
7379,205,129,57,0,0,0,8,0,1
7380,21,18,0,0,0,0,0,0,0
7381,139,88,61,0,0,0,1,0,0
7382,212,143,74,0,0,0,2,0,1
7383,420,137,105,0,0,0,79,0,0
7384,26,23,14,0,0,0,2,0,0
7385,58,48,23,0,0,0,10,0,1
7386,96,67,32,1,1,1,1,0,0
7387,638,313,207,0,0,0,34,0,0
7388,328,153,126,0,0,0,35,0,0
7389,34,32,12,0,0,0,1,0,1
7390,479,203,137,8,1,2,15,1,1
7391,180,107,62,0,0,0,1,0,1
7392,96,74,25,0,0,0,3,0,1
7393,93,66,21,2,1,0,5,0,0
7394,153,112,42,1,1,0,6,1,1
7395,108,83,31,0,0,0,14,0,1
7396,103,72,30,0,0,0,4,0,1
7397,310,196,104,0,0,0,45,1,1
7398,18,15,0,0,0,0,1,0,0
7399,30,23,8,0,0,0,0,0,0
7400,38,33,11,0,0,0,1,0,1
7401,45,34,2,0,0,0,5,0,0
7402,51,46,10,0,0,0,13,0,1
7403,55,38,10,0,0,3,14,0,0
7404,110,89,37,0,0,0,4,0,1
7405,1201,409,288,10,1,40,141,2,0
7406,331,187,119,0,0,0,7,0,0
7407,157,91,65,0,0,0,21,0,0
7408,44,34,9,0,0,0,8,0,0
7409,5,5,3,0,0,0,0,0,0
7410,33,31,8,0,0,0,12,0,1
7411,121,69,41,1,1,0,1,0,1
7412,44,42,12,0,0,0,6,0,1
7413,103,80,18,5,4,1,13,0,1
7414,34,31,14,0,0,0,1,0,1
7415,85,66,25,0,0,0,9,0,1
7416,104,66,28,1,1,2,15,0,0
7417,86,67,31,0,0,0,12,0,1
7418,1100,305,359,1,1,1,30,1,0
7419,92,64,43,0,0,0,1,0,0
7420,173,97,57,3,2,0,4,0,1
7421,617,303,120,1,1,0,37,0,1
7422,316,174,63,0,0,1,73,0,0
7423,68,55,11,0,0,0,9,0,1
7424,550,268,227,0,0,0,11,3,1
7425,592,106,90,0,0,0,218,0,1
7426,88,65,21,3,3,0,11,0,0
7427,188,178,12,0,0,0,12,0,1
7428,132,64,5,0,0,0,69,0,0
7429,273,146,126,0,0,0,7,0,0
7430,46,37,17,0,0,0,3,0,1
7431,171,112,45,1,1,4,13,0,1
7432,131,88,47,1,1,2,8,0,0
7433,383,195,145,0,0,7,19,0,0
7434,230,152,45,0,0,2,61,1,0
7435,143,95,59,0,0,1,6,0,0
7436,328,147,102,1,1,8,27,0,0
7437,103,76,31,0,0,0,3,0,1
7438,153,110,46,0,0,0,9,0,1
7439,737,278,127,5,4,3,75,1,1
7440,1423,423,231,9,2,1,140,2,0
7441,655,256,169,0,0,0,90,2,0
7442,49,38,24,0,0,0,1,0,0
7443,1663,558,632,5,5,1,15,0,1
7444,19,19,6,0,0,0,0,0,0
7445,85,66,32,0,0,0,6,0,0
7446,98,64,35,0,0,0,3,2,0
7447,46,41,17,0,0,0,2,0,1
7448,208,118,73,0,0,0,8,0,0
7449,9,9,2,0,0,0,2,0,1
7450,199,116,84,0,0,0,10,1,0
7451,7,7,2,0,0,0,0,0,0
7452,211,111,95,0,0,0,2,1,1
7453,262,184,62,0,0,1,65,1,0
7454,522,303,125,0,0,0,79,1,1
7455,26,25,2,0,0,0,3,0,0
7456,44,39,14,0,0,0,2,0,0
7457,380,252,130,1,1,0,7,0,0
7458,113,80,48,0,0,0,0,0,0
7459,92,47,7,0,0,2,19,0,0
7460,102,74,36,0,0,0,3,0,0
7461,42,26,13,0,0,0,1,0,1
7462,172,106,6,0,0,0,53,0,1
7463,123,95,24,0,0,0,16,0,0
7464,306,127,110,0,0,0,19,0,0
7465,37,34,15,0,0,0,0,0,1
7466,146,97,49,0,0,0,6,0,1
7467,969,433,319,0,0,1,36,0,0
7468,72,62,10,0,0,0,21,0,1
7469,617,313,193,1,1,0,53,0,0
7470,165,109,53,0,0,0,18,0,0
7471,74,65,10,0,0,0,19,0,1
7472,275,160,108,0,0,0,2,0,0
7473,132,53,24,0,0,11,7,0,0
7474,233,139,12,0,0,0,114,0,1
7475,225,132,102,0,0,0,8,0,0
7476,30,28,6,0,0,0,2,0,1
7477,137,78,52,0,0,0,1,0,0
7478,19,16,8,0,0,0,3,0,0
7479,115,67,43,0,0,0,7,0,1
7480,7,6,3,0,0,0,0,0,0
7481,45,39,19,0,0,0,2,0,0
7482,13,13,3,0,0,0,1,0,0
7483,25,23,11,0,0,0,0,0,0
7484,367,195,152,0,0,0,16,0,0
7485,783,321,83,0,0,0,164,0,0
7486,76,42,5,0,0,6,26,0,0
7487,266,146,110,0,0,0,4,0,1
7488,693,277,221,1,1,0,29,0,0
7489,1069,493,363,0,0,0,124,2,1
7490,54,46,21,0,0,0,1,0,0
7491,178,109,52,1,1,0,18,1,0
7492,9,9,5,0,0,0,0,0,0
7493,248,152,74,1,1,0,11,0,0
7494,4,4,0,1,1,0,1,0,1
7495,66,57,23,0,0,0,3,1,1
7496,35,32,10,0,0,0,0,0,0
7497,459,166,150,0,0,0,63,0,0
7498,289,183,93,0,0,0,18,1,1
7499,807,341,261,0,0,1,21,2,0
7500,515,248,141,0,0,0,20,1,1
7501,83,67,26,0,0,0,12,0,1
7502,51,42,18,0,0,0,1,0,0
7503,272,164,46,4,1,3,34,1,0
7504,81,60,27,0,0,0,1,0,0
7505,180,112,63,0,0,2,20,0,0
7506,197,115,78,3,3,1,11,1,1
7507,26,25,8,0,0,0,0,0,0
7508,102,69,6,0,0,0,28,0,1
7509,117,81,38,0,0,0,9,0,1
7510,50,37,7,0,0,0,8,0,0
7511,10,9,3,0,0,0,0,0,0
7512,1039,386,356,0,0,0,20,1,1
7513,81,53,9,0,0,0,28,0,0
7514,155,100,62,0,0,0,0,0,0
7515,116,114,2,0,0,0,20,0,1
7516,54,48,11,0,0,0,4,0,1
7517,346,221,103,0,0,0,19,0,0
7518,7,7,2,0,0,0,0,0,1
7519,247,117,28,0,0,0,29,1,0
7520,88,70,32,0,0,0,15,0,1
7521,9,8,0,0,0,0,5,0,0
7522,96,71,37,0,0,1,1,0,0
7523,629,313,201,1,1,0,19,0,0
7524,74,65,10,0,0,0,13,0,1
7525,173,99,53,0,0,0,11,0,0
7526,115,66,39,0,0,4,9,0,0
7527,106,82,29,0,0,1,2,0,1
7528,72,56,24,2,2,0,5,0,1
7529,421,182,152,3,2,0,3,1,1
7530,177,117,23,0,0,0,33,0,0
7531,504,251,188,0,0,1,4,1,1
7532,20,20,1,0,0,0,9,0,1
7533,38,28,5,0,0,2,12,0,0
7534,360,203,129,2,1,0,13,0,0
7535,89,67,23,0,0,0,14,0,1
7536,129,51,45,0,0,0,3,0,0
7537,76,54,28,0,0,0,3,0,1
7538,112,80,43,0,0,0,2,0,0
7539,6,6,2,0,0,0,0,0,0
7540,201,128,56,7,2,1,6,1,0
7541,34,31,10,0,0,0,4,0,1
7542,668,327,269,0,0,0,27,1,0
7543,30,26,16,0,0,0,1,0,0
7544,38,30,16,0,0,0,0,0,0
7545,64,46,19,0,0,0,7,0,1
7546,203,105,66,0,0,0,10,0,0
7547,402,205,167,0,0,0,15,1,1
7548,3799,880,1451,0,0,0,36,2,1
7549,1059,429,352,1,1,2,59,1,0
7550,40,37,5,0,0,0,2,0,1
7551,69,63,9,0,0,0,16,0,1
7552,102,77,37,0,0,0,10,0,1
7553,36,30,5,0,0,0,10,0,0
7554,357,180,116,0,0,0,1,1,1
7555,40,33,5,0,0,0,9,0,1
7556,41,37,14,0,0,0,2,2,1
7557,5,5,0,0,0,0,1,0,0
7558,36,33,12,0,0,0,0,0,1
7559,593,298,231,0,0,0,6,0,0
7560,62,45,20,0,0,0,6,0,1
7561,32,30,12,0,0,0,2,0,1
7562,39,32,15,0,0,0,2,0,1
7563,166,105,71,0,0,0,2,0,0
7564,85,67,25,0,0,0,10,0,1
7565,152,99,45,1,1,0,6,0,1
7566,902,111,74,0,0,0,382,0,1
7567,59,42,13,0,0,0,10,0,1
7568,562,280,202,0,0,0,24,1,1
7569,111,84,22,0,0,0,9,1,1
7570,16,16,2,0,0,0,3,0,0
7571,333,115,61,24,1,1,56,0,0
7572,190,91,5,0,0,0,79,0,0
7573,64,55,10,0,0,0,25,0,1
7574,160,108,37,6,3,0,21,0,1
7575,381,200,119,3,1,0,23,2,0
7576,61,49,14,0,0,0,7,0,1
7577,98,66,29,0,0,0,18,0,0
7578,275,158,96,0,0,0,22,1,0
7579,7,7,1,0,0,0,0,0,0
7580,95,68,33,0,0,0,0,1,1
7581,914,365,348,0,0,0,30,3,0
7582,65,55,10,0,0,0,14,0,1
7583,608,280,192,0,0,0,29,0,0
7584,114,81,34,2,1,0,11,0,0
7585,172,112,46,2,2,2,24,0,1
7586,339,202,102,0,0,0,11,1,1
7587,75,57,26,1,1,1,7,0,1
7588,67,52,25,0,0,0,8,0,0
7589,89,72,27,0,0,0,6,0,1
7590,64,58,15,0,0,0,16,0,1
7591,41,33,12,0,0,0,2,0,1
7592,69,53,19,0,0,7,15,0,0
7593,102,69,25,0,0,0,12,0,0
7594,40,38,10,0,0,0,0,0,1
7595,113,59,27,0,0,0,3,1,0
7596,61,58,8,0,0,0,13,0,1
7597,78,60,28,0,0,0,6,1,0
7598,40,32,10,0,0,0,3,0,1
7599,212,133,75,4,3,1,12,1,1
7600,857,668,67,2,2,3,529,0,0
7601,18,17,6,0,0,0,0,0,1
7602,18,17,9,0,0,0,0,0,0
7603,419,223,183,2,2,0,7,1,1
7604,938,249,232,2,1,36,152,0,0
7605,126,96,35,0,0,0,11,0,1
7606,102,66,6,0,0,0,25,0,1
7607,30,24,13,0,0,0,4,0,0
7608,350,211,98,0,0,1,16,1,0
7609,425,221,142,0,0,0,10,1,1
7610,69,47,11,0,0,8,15,0,0
7611,222,146,70,0,0,0,19,0,1
7612,34,32,12,0,0,0,1,0,1
7613,8,8,1,0,0,0,0,0,1
7614,72,62,22,0,0,0,3,0,1
7615,21,18,1,0,0,0,0,0,0
7616,117,68,14,0,0,0,43,0,0
7617,304,137,110,0,0,0,4,1,0
7618,164,112,59,0,0,0,6,0,1
7619,100,77,34,0,0,0,1,1,1
7620,139,112,47,0,0,0,11,0,1
7621,298,181,89,0,0,0,8,0,1
7622,77,60,32,0,0,0,2,0,0
7623,20,20,5,0,0,0,5,0,0
7624,125,85,46,0,0,0,5,0,0
7625,421,214,153,0,0,0,26,1,0
7626,453,85,50,0,0,0,172,0,1
7627,144,84,62,0,0,0,8,0,0
7628,1482,489,602,5,5,1,13,2,1
7629,79,56,24,0,0,0,1,0,0
7630,195,113,78,0,0,1,4,0,0
7631,149,90,53,0,0,0,4,0,1
7632,432,218,146,1,1,1,24,0,1
7633,148,75,33,0,0,0,24,0,0
7634,50,39,11,0,0,0,9,0,0
7635,38,31,14,0,0,0,0,0,1
7636,99,69,38,0,0,0,3,0,1
7637,151,107,45,0,0,0,19,1,1
7638,520,259,140,0,0,5,41,0,0
7639,54,45,17,0,0,0,1,0,1
7640,60,46,6,0,0,0,18,0,1
7641,65,52,28,1,1,0,2,0,1
7642,85,67,24,0,0,0,9,0,1
7643,32,29,4,0,0,0,13,0,1
7644,21,17,9,0,0,0,0,0,0
7645,254,187,57,0,0,1,20,0,0
7646,97,72,30,0,0,0,1,0,1
7647,42,41,14,0,0,0,0,0,1
7648,63,53,20,0,0,0,6,0,0
7649,232,143,72,1,1,0,9,0,0
7650,71,55,23,0,0,0,6,0,1
7651,122,76,38,0,0,0,2,0,0
7652,51,43,8,0,0,1,8,0,0
7653,279,144,85,6,2,0,7,1,0
7654,272,150,88,0,0,5,18,1,0
7655,124,80,38,0,0,0,10,0,1
7656,156,105,60,0,0,0,0,0,1
7657,102,66,39,0,0,0,6,0,1
7658,63,49,28,0,0,0,0,0,0
7659,77,61,22,1,1,0,3,0,1
7660,264,160,98,4,3,0,7,1,1
7661,367,173,172,0,0,0,13,0,1
7662,14,12,2,1,1,0,3,0,0
7663,442,220,166,0,0,0,12,0,0
7664,115,65,30,0,0,0,20,0,0
7665,193,102,77,0,0,4,8,0,0
7666,323,193,101,0,0,0,16,0,1
7667,144,73,7,0,0,0,71,0,0
7668,105,70,37,0,0,0,14,0,1
7669,162,105,62,0,0,2,6,1,0
7670,582,296,225,2,2,5,19,1,1
7671,550,269,232,0,0,0,17,3,1
7672,8,8,2,0,0,0,0,0,0
7673,149,105,29,1,1,0,33,1,0
7674,73,60,14,0,0,0,8,0,1
7675,996,402,375,0,0,0,6,2,1
7676,130,91,31,0,0,0,5,0,1
7677,156,78,29,0,0,0,42,0,0
7678,442,232,174,0,0,0,12,2,1
7679,210,130,77,0,0,0,3,0,0
7680,94,90,7,0,0,0,2,0,1
7681,47,32,22,0,0,0,0,0,0
7682,102,69,25,0,0,0,12,0,0
7683,70,55,23,0,0,0,7,0,0
7684,12,12,2,0,0,0,3,0,1
7685,117,85,31,0,0,0,3,0,1
7686,502,246,45,0,0,0,219,1,0
7687,539,267,167,0,0,4,24,0,0
7688,1258,515,427,0,0,0,49,0,1
7689,43,37,14,0,0,0,2,0,1
7690,13,13,5,0,0,0,5,0,1
7691,495,198,67,1,1,0,54,0,0
7692,171,117,60,0,0,2,13,1,0
7693,17,16,7,0,0,0,0,0,0
7694,189,129,51,3,3,1,20,1,1
7695,351,208,104,0,0,3,25,0,0
7696,75,65,11,0,0,0,10,0,1
7697,75,54,30,0,0,0,2,0,0
7698,37,36,13,0,0,0,2,0,0
7699,562,279,174,0,0,0,14,2,1
7700,325,191,99,3,3,1,15,0,1
7701,180,121,38,0,0,0,52,1,0
7702,142,100,49,0,0,0,5,0,0
7703,47,42,17,0,0,0,1,0,1
7704,180,119,52,0,0,0,13,0,0
7705,538,526,7,0,0,0,54,1,1
7706,153,123,15,0,0,0,30,0,1
7707,144,100,50,0,0,0,5,1,0
7708,63,53,22,0,0,0,5,1,1
7709,47,44,9,0,0,0,2,0,1
7710,114,81,33,0,0,0,11,0,0
7711,412,229,123,0,0,0,38,0,0
7712,93,61,7,0,0,0,55,0,1
7713,77,53,28,2,2,3,10,0,1
7714,379,243,56,0,0,39,90,0,0
7715,493,168,103,0,0,0,70,2,0
7716,154,118,42,0,0,0,12,0,1
7717,270,142,105,0,0,0,22,0,0
7718,561,281,161,0,0,25,56,0,0
7719,224,131,75,0,0,0,10,0,0
7720,255,135,108,0,0,0,1,2,1
7721,148,89,28,0,0,0,10,0,1
7722,754,317,262,0,0,10,55,0,0
7723,1391,594,485,0,0,0,121,2,1
7724,33,31,11,0,0,0,2,0,0
7725,279,167,87,0,0,0,19,1,0
7726,37,32,12,0,0,0,1,0,1
7727,82,68,23,0,0,0,12,1,1
7728,942,434,332,0,0,0,90,2,1
7729,29,24,15,0,0,0,0,0,0
7730,314,174,128,1,1,3,16,0,1
7731,601,255,184,9,2,0,46,2,0
7732,229,102,67,0,0,5,28,0,0
7733,101,81,31,0,0,0,8,0,1
7734,396,216,118,0,0,0,18,0,0
7735,180,110,69,0,0,0,5,1,0
7736,85,66,25,0,0,0,8,0,1
7737,77,70,10,0,0,0,6,1,0
7738,106,79,28,0,0,0,2,0,1
7739,725,298,255,0,0,0,13,0,0
7740,229,138,99,0,0,0,7,0,1
7741,76,54,29,0,0,0,4,1,0
7742,1252,373,439,0,0,0,37,0,0
7743,463,231,183,1,1,2,11,0,0
7744,34,34,1,0,0,0,6,0,1
7745,29,28,9,0,0,0,3,0,0
7746,71,61,10,0,0,0,15,0,1
7747,6,6,4,0,0,0,1,0,0
7748,223,141,80,1,1,1,7,1,1
7749,108,89,22,0,0,0,13,1,1
7750,131,95,44,0,0,0,3,0,0
7751,85,55,17,0,0,0,18,0,0
7752,134,91,37,0,0,0,4,0,1
7753,599,298,2,0,0,0,309,0,1
7754,298,187,75,0,0,0,19,0,1
7755,185,89,26,0,0,13,29,0,0
7756,58,48,23,0,0,0,9,0,1
7757,44,42,7,0,0,0,2,0,1
7758,872,252,248,0,0,0,150,0,0
7759,37,35,10,0,0,0,2,0,1
7760,137,103,45,0,0,0,6,0,1
7761,106,78,45,0,0,0,0,0,1
7762,93,66,32,0,0,0,0,0,0
7763,127,84,29,0,0,0,4,0,1
7764,137,86,20,3,3,11,30,0,0
7765,134,86,33,3,1,0,5,0,1
7766,199,122,86,0,0,0,3,0,1
7767,190,108,71,0,0,0,4,0,1
7768,1205,495,384,0,0,0,121,1,1
7769,45,37,14,0,0,0,1,1,1
7770,53,52,4,0,0,0,1,0,1
7771,233,104,15,0,0,25,87,0,0
7772,58,48,23,0,0,0,10,0,1
7773,36,35,5,0,0,0,1,0,1
7774,450,211,142,2,2,4,50,0,0
7775,169,134,44,0,0,0,25,0,1
7776,116,83,42,2,1,1,4,0,1
7777,204,122,81,0,0,0,3,0,0
7778,121,95,16,0,0,0,29,0,1
7779,214,137,55,0,0,0,17,0,0
7780,24,22,0,0,0,0,4,0,0
7781,163,96,74,0,0,0,0,1,1
7782,218,114,4,0,0,0,90,0,1
7783,303,153,120,0,0,0,14,2,1
7784,18,18,2,0,0,0,3,0,0
7785,48,39,9,1,1,0,2,0,1
7786,65,56,20,0,0,0,9,0,1
7787,192,132,62,0,0,0,10,1,0
7788,138,94,48,0,0,0,4,0,1
7789,152,113,48,0,0,0,13,0,0
7790,122,120,7,0,0,0,22,0,1
7791,242,128,69,4,1,4,35,0,0
7792,25,24,6,0,0,0,0,0,1
7793,522,268,78,0,0,0,29,0,1
7794,7,7,0,0,0,0,0,0,0
7795,1330,633,283,4,4,65,205,0,0
7796,7,7,4,0,0,0,0,0,0
7797,89,69,28,0,0,0,14,0,1
7798,611,349,170,5,4,1,47,0,1
7799,108,99,14,0,0,0,7,0,1
7800,99,84,32,0,0,0,2,0,1
7801,109,91,25,0,0,0,9,0,1
7802,728,427,139,0,0,59,169,1,0
7803,107,62,29,0,0,0,22,0,0
7804,42,31,7,0,0,0,6,0,0
7805,149,88,56,0,0,0,8,0,1
7806,24,21,2,0,0,0,7,0,1
7807,9,9,4,0,0,0,0,0,1
7808,32,29,12,0,0,0,0,0,1
7809,29,25,6,0,0,1,2,0,0
7810,58,48,23,0,0,0,8,0,1
7811,6,6,2,0,0,0,0,0,0
7812,347,201,83,6,4,2,41,0,0
7813,115,78,34,1,1,2,10,0,0
7814,12,11,1,0,0,0,6,0,1
7815,94,63,28,0,0,0,7,0,0
7816,694,299,258,0,0,10,49,0,0
7817,102,74,31,0,0,0,2,0,1
7818,26,26,4,0,0,0,10,0,1
7819,70,42,23,0,0,0,5,0,1
7820,191,109,56,0,0,0,15,0,0
7821,131,76,49,0,0,0,4,0,1
7822,253,169,63,0,0,0,27,0,0
7823,110,81,30,0,0,6,23,0,0
7824,39,32,15,0,0,0,1,0,1
7825,28,27,4,0,0,1,3,0,0
7826,392,174,5,0,0,0,122,0,0
7827,287,159,106,0,0,0,10,0,0
7828,181,129,64,0,0,0,4,0,1
7829,164,87,36,0,0,0,20,0,0
7830,7,7,1,0,0,0,2,0,1
7831,87,63,31,1,1,0,0,0,1
7832,244,145,65,2,2,0,14,0,0
7833,76,59,23,0,0,0,6,0,1
7834,50,45,15,0,0,0,4,0,0
7835,59,48,16,0,0,0,7,0,1
7836,3478,1026,1088,0,0,0,96,1,1
7837,146,97,49,0,0,0,6,0,1
7838,57,50,22,0,0,0,5,2,1
7839,121,75,42,1,1,0,4,0,1
7840,53,42,21,0,0,0,1,0,1
7841,143,110,38,0,0,1,8,0,1
7842,10,10,4,0,0,0,0,0,0
7843,47,39,16,0,0,0,5,0,1
7844,335,167,136,3,1,0,3,1,0
7845,133,101,49,0,0,0,3,0,1
7846,38,34,5,0,0,0,0,0,1
7847,637,204,117,0,0,23,85,1,0
7848,183,105,55,0,0,11,21,1,0
7849,232,146,78,3,3,3,9,0,1
7850,105,84,32,3,3,1,4,0,1
7851,46,36,16,0,0,0,1,0,1
7852,670,214,124,3,2,0,113,1,0
7853,423,224,89,0,0,1,69,0,0
7854,107,81,34,0,0,0,2,0,1
7855,462,233,157,0,0,0,17,1,1
7856,942,358,154,8,4,95,261,0,0
7857,204,137,42,0,0,0,56,1,0
7858,190,100,75,0,0,0,13,0,0
7859,298,183,114,1,1,2,17,1,1
7860,5,5,2,0,0,0,0,0,0
7861,249,156,82,0,0,5,12,0,0
7862,156,124,40,0,0,0,26,0,1
7863,36,31,2,0,0,1,6,0,0
7864,14,13,6,0,0,0,2,0,0
7865,97,78,20,0,0,0,14,0,0
7866,95,74,6,0,0,0,39,0,1
7867,19,18,6,0,0,0,0,0,0
7868,233,124,61,0,0,2,51,0,0
7869,470,237,160,0,0,0,24,1,0
7870,382,160,135,3,1,10,26,0,0
7871,33,30,9,0,0,0,2,0,0
7872,41,38,8,0,0,0,6,0,0
7873,27,25,5,0,0,0,7,0,1
7874,307,192,95,0,0,0,13,0,1
7875,73,62,12,0,0,0,18,0,1
7876,132,92,26,4,3,1,12,0,1
7877,456,221,191,0,0,0,10,3,1
7878,1184,530,386,0,0,0,103,1,0
7879,449,215,148,0,0,11,31,1,0
7880,2657,921,842,1,1,1,103,0,0
7881,51,43,17,0,0,0,1,0,1
7882,130,78,49,0,0,1,8,2,0
7883,135,98,39,2,2,2,11,0,0
7884,10,8,1,0,0,0,1,0,1
7885,10,9,1,0,0,0,3,0,0
7886,49,31,6,0,0,2,8,0,0
7887,1243,537,415,0,0,0,101,1,1
7888,589,284,170,0,0,0,15,2,1
7889,69,61,10,0,0,0,16,0,1
7890,234,137,68,4,1,0,20,1,0
7891,162,114,50,1,1,0,8,1,1
7892,54,42,24,0,0,0,1,0,0
7893,40,36,12,0,0,0,0,0,0
7894,220,107,55,0,0,20,31,0,0
7895,437,196,99,14,4,5,48,1,0
7896,437,240,142,0,0,0,8,0,1
7897,363,148,151,0,0,0,30,1,1
7898,1624,458,366,21,2,1,92,2,0
7899,173,99,63,0,0,0,4,0,0
7900,174,118,50,2,1,1,10,0,1
7901,999,315,290,0,0,0,104,1,0
7902,224,130,87,0,0,1,9,0,0
7903,447,225,138,2,2,2,19,1,1
7904,309,152,129,0,0,0,1,0,1
7905,97,52,19,0,0,0,0,0,1
7906,82,67,25,0,0,0,13,0,1
7907,54,47,20,0,0,0,1,0,1
7908,25,23,6,0,0,0,2,0,0
7909,216,139,75,0,0,0,12,0,1
7910,65,46,21,0,0,0,8,0,0
7911,97,71,32,0,0,3,9,0,0
7912,246,136,112,0,0,0,6,1,1
7913,68,59,17,0,0,1,3,1,1
7914,124,101,20,0,0,0,8,0,1
7915,1029,488,343,3,2,1,22,1,0
7916,87,66,35,0,0,0,1,0,1
7917,40,37,7,0,0,0,0,0,1
7918,173,113,45,1,1,4,11,0,1
7919,117,94,14,0,0,0,28,1,1
7920,107,75,34,0,0,0,4,0,1
7921,388,208,147,0,0,0,22,0,0
7922,255,134,94,1,1,1,9,2,1
7923,93,67,36,0,0,0,2,0,0
7924,133,86,41,3,3,1,8,0,1
7925,158,114,57,0,0,0,9,1,1
7926,65,46,26,0,0,0,4,0,0
7927,38,36,7,0,0,0,8,0,1
7928,402,247,119,0,0,1,31,0,0
7929,102,87,33,0,0,0,12,0,1
7930,229,141,77,0,0,0,3,0,1
7931,98,60,33,0,0,0,11,0,0
7932,394,233,123,5,3,2,15,0,0
7933,659,339,212,0,0,0,92,0,1
7934,229,138,99,0,0,0,7,0,1
7935,114,68,13,0,0,0,9,0,0
7936,164,106,49,0,0,0,22,0,0
7937,146,96,49,0,0,0,4,0,1
7938,58,51,17,0,0,0,4,0,1
7939,5,5,2,0,0,0,0,0,0
7940,71,62,11,0,0,0,14,0,1
7941,400,193,2,0,0,0,213,0,1
7942,64,46,19,0,0,0,7,0,1
7943,186,101,60,0,0,0,6,0,0
7944,7,7,2,0,0,0,1,0,1
7945,365,65,40,0,0,0,68,0,0
7946,52,47,10,0,0,0,3,0,0
7947,98,70,26,2,1,0,13,0,0
7948,1392,622,438,0,0,0,51,3,1
7949,151,104,47,2,2,1,2,0,1
7950,7,7,2,0,0,0,0,0,1
7951,114,85,22,1,1,4,17,0,0
7952,331,181,132,0,0,0,21,0,1
7953,431,183,154,0,0,0,3,1,1
7954,4,4,1,0,0,0,1,0,1
7955,948,445,287,11,3,34,89,0,0
7956,44,43,1,0,0,0,1,0,1
7957,61,54,9,0,0,0,16,0,1
7958,177,82,10,0,0,0,69,0,0
7959,116,90,24,0,0,0,5,0,1
7960,10,9,4,0,0,0,0,0,0
7961,68,54,16,0,0,0,15,0,1
7962,100,79,30,0,0,0,14,0,1
7963,139,90,47,0,0,0,6,0,0
7964,71,58,19,0,0,0,6,0,1
7965,588,381,78,0,0,0,153,1,0
7966,41,38,11,0,0,0,3,0,1
7967,72,51,13,0,0,0,1,0,1
7968,327,123,124,0,0,0,30,2,0
7969,9,8,3,0,0,0,0,0,0
7970,52,50,3,0,0,0,7,0,1
7971,112,85,24,0,0,0,5,0,1
7972,38,27,10,0,0,3,9,0,0
7973,224,127,56,6,3,2,24,1,1
7974,149,87,41,0,0,1,22,0,0
7975,106,74,34,2,1,1,7,0,1
7976,165,106,63,0,0,0,4,0,1
7977,402,298,54,0,0,1,86,0,0
7978,103,81,3,0,0,0,58,0,1
7979,63,51,15,0,0,1,5,0,0
7980,592,237,169,0,0,0,83,0,0
7981,223,114,67,0,0,0,34,1,0
7982,132,128,11,0,0,0,36,0,1
7983,39,32,5,0,0,0,1,0,1
7984,65,51,12,0,0,10,16,0,0
7985,124,82,48,0,0,0,4,1,0
7986,108,71,9,0,0,0,28,0,0
7987,77,58,10,0,0,5,17,0,0
7988,113,74,33,5,5,4,20,0,1
7989,26,24,10,0,0,0,1,0,0
7990,239,138,96,0,0,0,2,1,1
7991,86,69,26,0,0,0,10,1,1
7992,58,47,15,0,0,0,9,0,0
7993,124,72,15,7,3,3,28,0,1
7994,69,61,17,0,0,0,12,0,1
7995,38,35,12,0,0,0,5,0,1
7996,677,335,239,0,0,0,29,2,1
7997,2009,759,646,2,1,1,178,1,0
7998,452,253,150,1,1,0,24,0,0
7999,21,21,0,0,0,0,9,0,1
8000,466,237,195,0,0,0,10,0,0
8001,78,61,23,0,0,0,3,0,0
8002,83,62,21,0,0,0,8,0,0
8003,127,99,3,0,0,0,74,0,1
8004,454,84,51,0,0,0,173,0,1
8005,173,136,50,0,0,0,12,0,1
8006,1901,534,659,0,0,0,98,0,1
8007,118,85,37,0,0,2,11,0,0
8008,43,36,11,0,0,0,17,0,1
8009,52,48,14,0,0,0,5,0,1
8010,29,23,11,0,0,0,2,0,1
8011,75,58,33,0,0,0,4,0,0
8012,115,88,38,0,0,0,19,0,1
8013,523,268,212,0,0,0,18,2,1
8014,126,88,45,0,0,0,3,0,0
8015,172,109,58,1,1,1,4,0,1
8016,287,179,89,0,0,0,6,0,1
8017,375,135,112,0,0,0,67,0,0
8018,110,73,32,2,1,1,11,0,0
8019,346,210,89,4,2,1,14,1,1
8020,504,284,155,0,0,0,67,0,1
8021,298,166,125,0,0,2,4,0,0
8022,287,181,117,0,0,0,6,1,1
8023,753,293,320,0,0,0,16,1,0
8024,47,46,3,0,0,0,5,0,1
8025,228,133,56,3,2,0,20,0,0
8026,252,124,77,0,0,0,43,0,0
8027,101,75,32,0,0,0,3,0,1
8028,22,18,4,0,0,2,5,0,0
8029,7,7,2,0,0,0,2,0,1
8030,104,64,41,0,0,0,6,0,1
8031,131,80,29,0,0,0,11,0,0
8032,312,181,100,2,1,0,8,1,1
8033,71,62,11,0,0,0,14,0,1
8034,131,126,15,0,0,0,12,0,1
8035,142,111,14,0,0,0,29,0,1
8036,1373,528,442,0,0,0,40,2,1
8037,109,89,23,0,0,0,8,0,1
8038,74,51,29,0,0,0,2,0,1
8039,48,30,14,0,0,0,2,0,0
8040,137,105,24,0,0,0,10,0,1
8041,265,110,60,0,0,14,26,0,0
8042,329,169,82,5,1,1,38,0,1
8043,134,101,37,0,0,0,12,0,1
8044,652,340,209,0,0,0,94,1,1
8045,372,172,116,0,0,0,4,2,1
8046,696,341,249,0,0,0,29,2,1
8047,11,11,4,0,0,0,1,0,0
8048,127,91,39,0,0,0,3,0,1
8049,61,51,22,0,0,0,10,0,1
8050,27,24,9,0,0,0,2,0,1
8051,181,83,37,0,0,0,7,0,1
8052,341,170,80,2,2,13,39,0,0
8053,363,212,112,0,0,0,9,0,1
8054,57,52,7,0,0,0,24,0,1
8055,39,34,7,0,0,1,1,1,0
8056,243,211,3,0,0,0,150,0,1
8057,42,35,11,0,0,0,6,1,1
8058,25,22,7,0,0,0,0,0,0
8059,66,53,23,0,0,0,2,0,0
8060,1309,512,445,0,0,0,30,1,0
8061,317,167,98,0,0,0,8,1,1
8062,400,204,169,0,0,0,9,0,0
8063,143,88,47,0,0,0,8,0,1
8064,282,159,81,0,0,0,4,0,1
8065,125,90,39,0,0,0,3,0,1
8066,361,216,90,0,0,0,44,1,1
8067,229,142,11,0,0,0,122,0,1
8068,402,209,106,0,0,14,61,0,0
8069,160,87,39,3,3,3,14,0,1
8070,116,80,31,0,0,2,10,0,0
8071,43,36,16,0,0,0,2,0,0
8072,34,30,12,0,0,0,2,0,0
8073,6,6,1,0,0,0,0,0,1
8074,233,127,54,0,0,1,35,0,0
8075,469,249,137,0,0,0,60,0,1
8076,79,69,14,0,0,0,14,0,1
8077,39,32,16,0,0,0,3,0,0
8078,92,62,32,0,0,0,7,0,1
8079,344,172,113,0,0,8,8,1,0
8080,34,13,1,0,0,0,4,0,1
8081,90,61,39,0,0,0,0,0,1
8082,8,8,3,0,0,0,0,0,0
8083,44,39,12,0,0,0,2,0,1
8084,310,153,103,1,1,1,29,0,0
8085,39,34,14,0,0,0,2,0,0
8086,92,65,39,0,0,0,2,0,0
8087,494,279,159,0,0,0,92,0,1
8088,110,86,21,0,0,0,27,0,1
8089,153,91,58,0,0,0,4,3,1
8090,34,33,4,0,0,0,7,0,0
8091,435,203,174,0,0,0,20,0,1
8092,41,32,2,0,0,0,8,0,0
8093,20,20,9,0,0,0,0,0,0
8094,378,169,133,0,0,1,16,0,0
8095,225,140,87,0,0,0,3,1,1
8096,37,36,9,0,0,0,3,0,1
8097,620,207,217,0,0,8,15,1,0
8098,605,292,240,1,1,0,12,0,0
8099,58,42,27,0,0,0,1,0,0
8100,43,36,5,1,1,5,7,0,0
8101,23,23,1,0,0,0,11,0,1
8102,11,10,0,0,0,0,2,0,0
8103,81,64,19,0,0,0,5,0,1
8104,287,210,20,0,0,0,135,0,1
8105,159,109,48,0,0,0,12,0,1
8106,379,183,147,0,0,0,2,0,1
8107,272,125,47,1,1,1,19,0,0
8108,157,91,55,0,0,0,9,0,0
8109,57,57,6,0,0,0,7,0,1
8110,44,42,10,0,0,0,7,0,1
8111,128,94,35,2,2,1,15,0,0
8112,369,181,133,0,0,8,36,1,0
8113,11,11,2,0,0,0,0,0,0
8114,756,385,209,1,1,3,28,1,0
8115,106,68,47,0,0,0,3,1,1
8116,140,127,21,0,0,0,37,0,1
8117,425,232,153,0,0,0,24,0,0
8118,150,99,29,0,0,0,8,0,1
8119,93,54,11,2,1,4,10,0,0
8120,70,66,4,0,0,0,1,0,1
8121,122,90,1,1,1,0,78,0,1
8122,82,67,23,0,0,0,5,0,1
8123,1761,613,412,0,0,0,140,1,0
8124,617,195,218,0,0,0,0,2,0
8125,871,335,319,0,0,0,32,0,1
8126,213,133,62,3,2,4,18,0,1
8127,254,170,95,0,0,0,4,0,1
8128,79,52,19,0,0,0,10,0,0
8129,150,122,16,0,0,0,33,0,0
8130,291,150,91,0,0,1,8,0,0
8131,64,50,16,0,0,2,4,0,0
8132,24,24,2,0,0,0,10,0,1
8133,57,44,16,0,0,0,4,0,1
8134,73,48,19,3,3,2,14,0,1
8135,16,16,7,0,0,0,0,0,0
8136,88,69,27,0,0,0,4,0,0
8137,424,225,170,0,0,0,8,3,1
8138,226,138,80,0,0,0,6,1,1
8139,1400,605,476,0,0,0,156,2,1
8140,134,93,53,0,0,0,7,0,0
8141,17,17,5,0,0,0,0,0,0
8142,19,17,1,0,0,0,0,0,0
8143,20,17,0,0,0,0,0,0,0
8144,51,44,15,0,0,0,0,0,1
8145,145,80,53,0,0,0,2,1,0
8146,33,28,16,0,0,0,1,0,0
8147,136,86,56,0,0,0,3,0,0
8148,245,109,115,0,0,0,1,0,1
8149,222,138,76,0,0,0,8,0,1
8150,247,85,26,0,0,0,106,0,0
8151,445,242,135,0,0,0,13,0,1
8152,39,32,14,1,1,0,5,0,0
8153,87,67,31,0,0,0,12,1,0
8154,76,59,19,0,0,2,8,0,0
8155,478,251,166,0,0,0,23,0,0
8156,39,36,6,0,0,0,13,0,1
8157,425,225,143,0,0,0,17,2,1
8158,1139,513,379,0,0,0,138,2,1
8159,265,156,65,7,1,1,24,1,0
8160,8,8,5,0,0,0,0,0,0
8161,32,30,8,0,0,0,2,0,1
8162,39,37,6,0,0,1,4,0,0
8163,19,19,5,0,0,0,0,0,0
8164,42,40,7,0,0,0,2,0,1
8165,70,61,12,0,0,0,7,0,1
8166,106,73,29,3,1,0,4,0,1
8167,154,77,47,5,4,1,11,0,0
8168,1128,529,350,0,0,0,138,0,1
8169,134,94,26,0,0,0,11,1,1
8170,362,148,149,0,0,0,30,1,1
8171,105,102,8,0,0,0,10,0,1
8172,163,112,54,0,0,0,10,0,1
8173,47,43,13,0,0,0,1,0,1
8174,75,71,4,0,0,0,19,0,0
8175,127,95,29,2,2,1,8,0,1
8176,112,84,35,0,0,0,2,0,1
8177,42,42,1,0,0,0,3,0,1
8178,853,365,279,22,2,1,54,0,0
8179,575,283,230,0,0,0,40,0,0
8180,66,47,24,0,0,0,0,0,1
8181,50,41,19,0,0,0,2,0,1
8182,24,22,0,0,0,0,4,0,0
8183,1392,598,490,0,0,0,123,2,1
8184,121,79,38,0,0,0,10,0,1
8185,632,242,183,2,1,14,29,1,0
8186,156,78,35,0,0,8,8,0,0
8187,284,171,60,0,0,0,21,1,1
8188,432,240,119,0,0,0,17,0,1
8189,17,15,8,0,0,0,0,0,0
8190,39,35,4,0,0,0,3,0,1
8191,58,35,12,0,0,0,5,1,0
8192,106,74,30,0,0,0,2,0,1
8193,29,28,12,0,0,0,0,0,0
8194,42,42,1,0,0,0,2,0,1
8195,91,62,32,0,0,0,3,0,1
8196,111,94,10,0,0,0,32,0,1
8197,82,67,23,0,0,0,3,0,1
8198,184,116,48,0,0,0,2,0,1
8199,42,37,8,0,0,0,3,0,0
8200,27,24,8,0,0,0,1,0,0
8201,57,45,20,0,0,0,1,0,0
8202,105,69,38,0,0,0,10,0,1
8203,18,17,8,0,0,0,0,0,0
8204,575,250,214,0,0,4,24,0,0
8205,155,121,52,0,0,0,25,0,1
8206,278,161,92,0,0,0,5,0,1
8207,157,107,62,0,0,0,5,0,0
8208,162,118,51,3,2,0,11,0,0
8209,179,108,40,0,0,0,27,0,0
8210,101,63,23,0,0,4,12,0,0
8211,127,95,29,2,2,1,8,0,1
8212,257,128,4,0,0,63,99,0,0
8213,647,310,211,4,1,3,26,1,0
8214,298,195,76,0,0,0,32,0,1
8215,622,265,211,0,0,0,74,1,0
8216,74,56,30,0,0,0,15,0,1
8217,539,203,189,0,0,18,29,0,0
8218,136,108,10,0,0,0,41,0,1
8219,117,81,17,0,0,0,31,0,0
8220,191,115,63,1,1,2,8,1,0
8221,892,374,298,3,3,1,30,0,1
8222,80,55,28,0,0,0,15,0,0
8223,77,62,34,0,0,0,6,0,1
8224,43,40,9,0,0,0,9,0,1
8225,12,12,4,0,0,0,0,0,0
8226,57,45,26,0,0,0,0,0,0
8227,67,62,9,0,0,0,13,0,1
8228,38,37,10,0,0,0,5,0,1
8229,29,28,8,0,0,0,0,0,1
8230,143,92,37,3,1,0,5,0,1
8231,94,63,28,0,0,0,12,0,0
8232,103,74,42,0,0,0,1,0,1
8233,11,11,4,0,0,0,1,0,0
8234,44,43,10,0,0,0,11,0,1
8235,323,231,69,5,4,1,45,0,1
8236,108,73,34,3,1,1,7,0,1
8237,117,64,35,0,0,0,5,0,0
8238,137,95,59,0,0,0,2,1,0
8239,217,210,12,0,0,0,35,0,1
8240,135,85,31,0,0,1,18,0,0
8241,238,130,83,0,0,4,14,0,0
8242,1156,493,370,0,0,0,46,3,1
8243,36,34,8,0,0,1,3,0,0
8244,281,196,44,0,0,0,33,1,1
8245,67,52,22,0,0,0,2,0,1
8246,112,89,28,0,0,0,23,1,1
8247,114,45,9,0,0,2,32,0,0
8248,14,11,4,0,0,0,0,0,1
8249,51,44,12,0,0,0,8,0,0
8250,285,168,86,0,0,0,37,0,0
8251,262,141,97,0,0,0,9,0,0
8252,174,112,67,0,0,0,3,1,1
8253,471,228,152,0,0,0,12,0,0
8254,105,71,31,0,0,0,6,0,0
8255,9,9,3,0,0,0,1,0,1
8256,351,152,89,0,0,14,18,0,0
8257,75,53,23,0,0,0,4,0,0
8258,88,69,33,0,0,0,11,0,1
8259,27,24,9,0,0,0,2,0,1
8260,40,38,5,0,0,0,5,0,1
8261,1417,488,396,6,1,1,52,1,0
8262,39,38,13,0,0,0,3,0,1
8263,110,71,34,1,1,3,8,0,1
8264,116,77,47,0,0,0,8,0,0
8265,262,146,107,0,0,0,14,0,0
8266,243,118,89,0,0,0,21,0,0
8267,67,54,14,0,0,0,4,0,1
8268,102,69,39,0,0,0,6,0,0
8269,421,162,157,15,4,0,12,1,0
8270,474,237,175,4,2,0,11,0,1
8271,188,140,6,0,0,0,36,0,1
8272,100,70,24,0,0,0,2,1,1
8273,1182,477,446,0,0,0,14,2,1
8274,399,183,99,0,0,0,38,0,0
8275,294,146,79,0,0,1,11,0,0
8276,233,144,73,3,3,1,12,0,1
8277,10,10,4,0,0,0,0,0,0
8278,106,98,7,0,0,0,15,0,1
8279,24,22,5,0,0,0,1,0,1
8280,33,28,4,0,0,0,8,0,1
8281,19,19,6,0,0,0,2,0,0
8282,365,184,141,0,0,0,17,0,1
8283,1752,851,514,0,0,0,102,0,1
8284,11,11,3,0,0,0,1,0,0
8285,93,76,23,0,0,1,14,0,1
8286,87,66,25,0,0,1,8,0,0
8287,383,211,162,0,0,0,12,2,1
8288,71,50,25,0,0,0,1,0,0
8289,27,21,7,0,0,0,3,0,1
8290,41,41,0,0,0,0,5,0,1
8291,71,57,29,0,0,0,3,0,0
8292,71,53,26,0,0,0,4,1,0
8293,4,4,1,0,0,0,0,0,0
8294,211,126,50,0,0,1,16,0,0
8295,524,258,221,0,0,0,9,1,1
8296,47,44,15,0,0,0,0,0,1
8297,77,55,32,0,0,0,0,0,0
8298,105,76,36,0,0,1,7,0,0
8299,518,260,164,0,0,0,65,0,1
8300,108,82,36,0,0,0,10,1,1
8301,327,167,46,0,0,1,43,0,0
8302,2653,762,1034,0,0,0,13,1,1
8303,13,13,4,0,0,0,1,0,0
8304,78,59,28,1,1,0,0,0,1
8305,1070,489,359,0,0,0,134,2,1
8306,29,26,15,0,0,0,4,1,0
8307,215,115,68,6,2,0,18,1,0
8308,42,38,15,0,0,0,1,0,1
8309,480,278,159,0,0,1,21,1,1
8310,40,38,16,0,0,0,0,1,0
8311,19,19,3,0,0,0,2,0,1
8312,139,90,34,3,1,0,5,0,1
8313,38,33,18,0,0,0,2,0,0
8314,264,146,90,0,0,0,18,1,0
8315,47,43,11,0,0,0,1,0,1
8316,21,20,4,0,0,0,1,0,0
8317,49,44,17,0,0,0,2,0,1
8318,71,58,22,0,0,0,6,0,0
8319,33,30,7,0,0,1,1,0,0
8320,70,54,23,0,0,0,3,1,1
8321,51,36,17,0,0,0,4,0,0
8322,75,63,22,0,0,0,3,0,1
8323,166,119,35,0,0,0,7,1,1
8324,158,107,49,0,0,0,13,0,1
8325,217,179,40,0,0,0,50,0,0
8326,32,32,2,0,0,0,3,0,1
8327,36,30,2,0,0,0,5,0,0
8328,129,100,28,0,0,0,10,0,1
8329,87,52,17,0,0,0,1,0,1
8330,32,25,7,0,0,2,8,0,0
8331,380,217,142,0,0,0,3,0,1
8332,22,20,6,0,0,0,1,0,1
8333,248,157,76,0,0,1,22,0,0
8334,288,149,96,0,0,0,23,1,0
8335,73,69,6,0,0,0,2,0,1
8336,121,80,42,0,0,0,4,0,1
8337,207,115,56,0,0,8,17,1,0
8338,263,113,45,0,0,0,4,0,1
8339,189,137,65,0,0,0,19,0,1
8340,74,69,5,0,0,0,2,0,1
8341,10,10,6,0,0,0,0,0,0
8342,63,51,21,1,1,0,6,0,0
8343,87,57,22,0,0,0,1,0,0
8344,395,220,128,0,0,0,11,1,1
8345,203,187,4,0,0,0,19,0,1
8346,143,133,22,0,0,0,9,1,1
8347,191,116,69,0,0,0,4,0,0
8348,139,97,40,1,1,0,22,1,0
8349,134,107,40,0,0,0,9,0,1
8350,154,122,42,0,0,0,24,0,1
8351,47,43,10,1,1,0,4,0,0
8352,156,76,25,0,0,0,35,0,0
8353,47,47,1,0,0,0,5,0,1
8354,326,189,97,0,0,0,22,0,1
8355,6,6,1,0,0,0,1,0,0
8356,1086,527,259,24,8,19,100,0,0
8357,665,277,187,3,2,0,141,0,0
8358,56,43,12,1,1,0,4,0,1
8359,57,47,18,0,0,0,3,0,0
8360,643,344,207,0,0,0,77,0,1
8361,498,212,190,0,0,0,15,1,1
8362,131,98,37,0,0,0,2,0,1
8363,748,335,231,1,1,3,24,0,0
8364,31,26,7,1,1,0,6,0,0
8365,75,63,20,0,0,0,5,0,1
8366,55,47,22,0,0,0,2,1,0
8367,187,130,63,0,0,0,16,1,1
8368,315,148,50,0,0,0,24,0,0
8369,10,10,0,0,0,0,0,0,0
8370,116,93,28,0,0,0,13,1,1
8371,576,178,115,1,1,14,71,0,0
8372,599,279,236,0,0,0,10,1,1
8373,195,106,62,6,1,1,17,0,0
8374,212,125,45,4,2,3,36,0,0
8375,143,92,51,0,0,0,6,0,1
8376,533,286,186,2,2,0,22,2,1
8377,54,46,5,0,0,0,7,0,0
8378,142,90,55,0,0,0,4,0,0
8379,112,80,25,0,0,0,7,0,1
8380,34,28,11,0,0,0,2,0,1
8381,188,87,3,0,0,0,70,0,0
8382,60,56,16,0,0,0,3,0,1
8383,95,73,18,1,1,0,8,1,1
8384,60,44,28,0,0,0,1,0,1
8385,957,472,228,0,0,0,70,1,1
8386,122,95,31,0,0,1,11,0,0
8387,100,62,41,0,0,0,4,0,0
8388,204,128,63,0,0,1,7,0,0
8389,39,34,16,0,0,0,1,0,0
8390,20,15,1,0,0,0,5,0,1
8391,210,120,61,6,3,0,10,0,1
8392,330,141,89,0,0,7,18,0,0
8393,458,204,177,0,0,4,23,0,0
8394,11,11,5,0,0,0,0,0,0
8395,398,220,138,0,0,0,15,1,1
8396,190,128,65,0,0,0,11,1,1
8397,72,57,30,0,0,0,1,0,0
8398,71,60,23,0,0,0,4,0,0
8399,8,8,3,0,0,0,1,0,0
8400,186,123,67,0,0,1,6,0,0
8401,112,73,51,3,3,0,4,0,1
8402,661,379,190,3,2,0,37,0,0
8403,34,31,13,0,0,1,2,0,0
8404,59,50,17,0,0,0,1,0,0
8405,186,111,78,0,0,0,1,0,0
8406,112,92,24,0,0,0,14,1,1
8407,224,133,67,4,1,3,19,0,0
8408,88,66,30,0,0,0,4,0,0
8409,102,75,39,2,2,0,4,0,1
8410,100,87,22,0,0,0,3,0,1
8411,40,34,12,0,0,0,5,0,1
8412,242,152,98,0,0,0,2,1,0
8413,6,6,2,0,0,0,0,0,1
8414,5,5,0,0,0,0,2,0,1
8415,54,41,8,5,5,0,13,0,0
8416,174,127,51,0,0,0,12,0,1
8417,363,348,23,0,0,0,28,0,1
8418,103,101,3,0,0,0,15,0,1
8419,79,65,2,0,0,0,35,0,1
8420,6,6,3,0,0,0,0,0,0
8421,32,26,12,0,0,0,2,0,1
8422,188,104,70,0,0,0,7,0,0
8423,77,55,23,1,1,2,5,0,0
8424,22,19,1,0,0,0,2,0,0
8425,56,44,7,0,0,4,15,0,0
8426,145,97,30,1,1,3,16,0,1
8427,201,149,80,0,0,0,6,0,1
8428,985,440,353,0,0,0,97,2,1
8429,1064,442,303,2,1,0,60,1,0
8430,36,33,8,0,0,0,8,0,1
8431,125,90,39,0,0,0,3,0,1
8432,1360,685,359,2,1,0,94,0,0
8433,115,80,45,0,0,0,2,0,0
8434,1035,468,360,0,0,0,92,2,1
8435,53,45,21,0,0,0,4,0,0
8436,32,27,11,0,0,0,1,0,0
8437,31,30,3,0,0,0,4,0,1
8438,28,27,12,0,0,0,3,0,0
8439,8,8,1,0,0,0,2,0,1
8440,68,62,11,0,0,0,12,0,1
8441,152,92,41,0,0,1,29,0,0
8442,145,99,40,0,0,0,4,0,1
8443,614,263,216,0,0,0,37,1,0
8444,201,119,69,0,0,0,19,0,0
8445,69,66,3,0,0,0,0,0,1
8446,43,41,7,0,0,0,2,0,1
8447,123,90,37,1,1,0,6,0,1
8448,196,130,61,0,0,0,3,0,1
8449,27,26,4,0,0,0,4,0,0
8450,29,25,7,1,1,0,2,0,0
8451,103,60,30,0,0,5,4,0,0
8452,48,48,0,0,0,0,9,0,1
8453,121,77,39,0,0,0,16,0,0
8454,178,126,75,0,0,0,2,0,1
8455,45,34,2,0,0,0,5,0,0
8456,14,9,0,0,0,0,2,0,0
8457,99,77,24,0,0,0,10,0,1
8458,1722,671,585,0,0,0,44,2,1
8459,107,83,36,0,0,0,8,0,1
8460,46,46,0,0,0,0,2,0,1
8461,37,30,3,0,0,0,4,0,1
8462,406,205,162,0,0,0,12,0,1
8463,40,34,15,1,1,0,2,0,0
8464,117,76,43,0,0,0,3,0,1
8465,115,80,38,0,0,0,10,0,1
8466,316,165,97,6,5,0,17,0,1
8467,89,57,30,0,0,0,5,0,1
8468,161,135,35,0,0,0,38,0,1
8469,102,68,6,0,0,0,27,0,1
8470,115,97,20,0,0,0,18,0,1
8471,35,34,8,0,0,0,2,0,1
8472,317,166,118,0,0,0,12,0,0
8473,114,81,34,2,1,0,11,0,0
8474,1617,650,506,10,1,6,102,2,0
8475,802,332,256,0,0,0,20,0,1
8476,24,24,5,0,0,0,1,1,1
8477,1203,480,453,0,0,0,9,3,1
8478,24,22,0,0,0,0,4,0,0
8479,41,30,16,0,0,0,1,0,1
8480,355,174,112,0,0,2,39,1,0
8481,37,28,6,0,0,0,3,0,1
8482,729,309,310,8,8,0,16,2,1
8483,69,51,19,0,0,1,4,0,0
8484,593,106,89,0,0,0,218,0,1
8485,193,81,60,0,0,0,25,0,0
8486,44,36,9,0,0,2,2,0,0
8487,172,106,57,0,0,0,5,0,1
8488,213,124,78,0,0,0,3,4,0
8489,40,40,0,0,0,0,2,0,1
8490,249,175,61,0,0,0,14,0,1
8491,15,14,8,0,0,0,2,0,0
8492,8,8,3,0,0,0,0,0,0
8493,509,260,179,0,0,0,10,0,0
8494,24,21,9,0,0,0,0,0,0
8495,22,21,6,0,0,0,0,0,0
8496,9,9,2,0,0,0,0,0,0
8497,18,14,4,0,0,0,2,0,0
8498,87,66,25,0,0,0,1,0,1
8499,70,47,22,3,2,0,10,1,0
8500,235,153,95,0,0,2,8,0,0
8501,171,94,62,0,0,1,14,1,0
8502,2897,886,998,0,0,12,158,1,0
8503,286,161,104,0,0,0,2,1,1
8504,160,92,43,0,0,0,10,1,0
8505,127,80,42,0,0,0,6,0,1
8506,203,113,43,0,0,0,45,0,0
8507,156,74,24,0,0,1,12,0,0
8508,23,23,5,0,0,0,1,1,1
8509,159,83,38,0,0,0,33,0,0
8510,211,142,66,1,1,0,14,1,1
8511,138,107,37,0,0,2,6,0,0
8512,12,11,5,0,0,0,0,0,0
8513,26,25,9,0,0,0,0,0,0
8514,67,50,10,1,1,2,12,0,0
8515,146,105,50,0,0,2,10,0,0
8516,13,12,4,0,0,0,0,0,1
8517,8,7,3,0,0,0,0,0,1
8518,20,14,3,0,0,0,7,0,0
8519,1028,991,18,0,0,0,99,0,1
8520,1134,522,349,0,0,0,152,0,1
8521,37,33,0,1,1,1,12,0,0
8522,81,55,39,0,0,0,1,0,0
8523,356,216,102,0,0,0,25,0,1
8524,140,86,55,0,0,0,4,0,0
8525,119,82,46,0,0,0,4,1,1
8526,87,61,23,0,0,3,6,0,0
8527,19,18,5,0,0,0,3,0,0
8528,391,198,133,2,1,6,17,0,0
8529,12,12,4,0,0,0,1,0,0
8530,44,44,4,0,0,0,12,0,1
8531,112,56,38,0,0,0,6,0,0
8532,497,284,158,0,0,0,91,0,1
8533,257,134,77,0,0,0,18,0,0
8534,10,10,0,0,0,0,4,0,1
8535,203,125,70,0,0,0,15,0,0
8536,114,70,36,2,1,0,8,1,0
8537,48,26,9,0,0,0,13,0,0
8538,102,82,35,0,0,0,2,0,0
8539,188,138,67,0,0,0,10,0,1
8540,115,89,17,0,0,0,3,0,1
8541,679,301,244,0,0,7,19,0,0
8542,158,103,60,0,0,0,6,0,0
8543,214,108,92,0,0,0,10,0,1
8544,2255,690,627,7,6,0,145,3,0
8545,404,226,164,0,0,0,15,2,1
8546,115,82,39,0,0,0,1,1,1
8547,909,365,388,0,0,3,9,2,1
8548,288,167,86,0,0,0,39,0,1
8549,866,362,365,0,0,3,8,2,1
8550,87,46,31,0,0,0,3,0,0
8551,114,88,18,0,0,0,2,0,1
8552,18,15,6,0,0,0,0,0,0
8553,442,222,161,0,0,2,39,2,0
8554,2293,524,842,0,0,0,22,2,1
8555,85,68,20,0,0,0,11,0,0
8556,37,35,6,0,0,0,2,0,1
8557,259,166,90,0,0,0,17,0,1
8558,43,39,13,0,0,0,0,0,0
8559,230,133,91,1,1,2,6,0,0
8560,60,45,19,0,0,0,3,1,1
8561,380,204,129,0,0,3,27,0,0
8562,111,84,39,0,0,0,4,0,0
8563,190,113,26,0,0,0,71,0,0
8564,132,91,26,4,3,1,10,0,1
8565,108,105,6,0,0,0,5,0,1
8566,115,68,37,0,0,0,6,0,1
8567,38,33,14,0,0,0,2,0,0
8568,88,71,28,0,0,0,21,0,1
8569,4556,1033,1824,0,0,0,62,2,1
8570,69,52,26,0,0,0,3,0,1
8571,18,12,0,0,0,0,6,0,1
8572,53,46,12,0,0,1,3,0,0
8573,37,35,5,0,0,0,2,0,1
8574,294,158,105,0,0,0,35,1,1
8575,724,329,310,0,0,0,14,2,1
8576,186,110,54,0,0,0,5,0,1
8577,33,32,4,0,0,0,8,0,1
8578,101,75,15,2,1,1,12,0,0
8579,30,27,7,0,0,1,1,0,0
8580,717,315,156,1,1,75,133,0,0
8581,20,19,5,0,0,0,1,0,0
8582,22,22,8,0,0,0,2,0,0
8583,5,5,2,0,0,0,0,0,1
8584,768,225,65,0,0,0,340,0,1
8585,391,233,100,0,0,0,39,1,1
8586,129,93,30,0,0,4,14,0,0
8587,32,28,11,0,0,0,1,0,0
8588,18,13,3,0,0,1,0,0,0
8589,143,89,26,0,0,0,24,0,0
8590,85,53,25,0,0,0,0,1,0
8591,992,356,397,0,0,0,45,1,0
8592,385,377,9,0,0,0,39,0,1
8593,28,24,12,0,0,0,1,0,0
8594,463,263,135,0,0,0,10,0,0
8595,2227,608,891,0,0,1,29,1,1
8596,147,107,47,0,0,0,8,0,1
8597,83,62,27,0,0,1,2,0,0
8598,215,150,64,0,0,0,10,1,0
8599,27,24,9,0,0,0,2,0,1
8600,168,87,26,0,0,0,54,0,0
8601,225,111,52,8,2,6,29,0,0
8602,11,10,6,0,0,0,1,0,0
8603,191,169,4,0,0,0,22,1,1
8604,447,152,108,0,0,1,156,0,0
8605,95,68,32,0,0,0,2,1,1
8606,67,59,3,0,0,2,14,0,0
8607,37,35,10,0,0,0,2,1,0
8608,87,54,14,0,0,0,3,0,1
8609,5,5,2,0,0,0,0,0,0
8610,186,119,64,0,0,0,13,0,0
8611,110,72,38,0,0,0,8,0,1
8612,30,23,14,0,0,0,2,0,0
8613,144,88,34,0,0,0,21,0,1
8614,52,43,21,0,0,0,6,0,0
8615,5,5,1,0,0,0,0,0,0
8616,114,69,44,0,0,0,4,1,1
8617,90,75,21,0,0,1,15,0,1
8618,17,17,5,0,0,0,0,0,0
8619,136,96,29,6,5,3,18,0,1
8620,177,107,37,0,0,0,18,0,1
8621,475,254,156,0,0,0,14,0,1
8622,11,11,2,0,0,0,4,0,1
8623,797,443,244,4,1,0,76,0,0
8624,337,208,94,0,0,0,27,0,1
8625,262,165,71,0,0,0,5,0,1
8626,604,327,170,0,0,0,32,0,1
8627,45,37,11,1,1,0,1,1,0
8628,187,129,63,0,0,0,16,1,1
8629,768,326,173,28,3,2,24,2,0
8630,130,89,50,0,0,0,4,0,1
8631,43,38,10,0,0,0,0,1,1
8632,15,13,1,0,0,0,3,0,1
8633,404,206,136,0,0,1,6,0,0
8634,881,361,288,0,0,1,29,1,1
8635,66,56,25,0,0,0,1,1,1
8636,154,120,44,0,0,0,12,0,1
8637,219,128,69,0,0,8,17,1,0
8638,191,115,70,0,0,0,3,2,1
8639,19,19,11,0,0,0,1,0,0
8640,30,29,9,0,0,0,0,0,1
8641,22,21,10,0,0,0,1,0,0
8642,259,165,37,8,4,1,30,0,0
8643,931,374,330,0,0,0,23,1,1
8644,430,227,169,0,0,0,2,1,1
8645,17,16,4,0,0,0,3,0,1
8646,53,42,19,0,0,0,0,0,0
8647,188,108,62,5,1,1,18,0,0
8648,131,94,42,0,0,0,0,0,0
8649,5,5,2,0,0,0,0,0,0
8650,217,114,43,0,0,0,20,0,0
8651,125,83,50,0,0,0,0,0,0
8652,47,46,5,0,0,0,3,0,1
8653,457,240,63,0,0,0,141,0,0
8654,143,61,4,4,4,2,42,0,1
8655,42,34,9,0,0,0,7,0,1
8656,219,111,55,0,0,0,40,1,0
8657,42,32,2,0,0,0,6,0,0
8658,186,130,63,0,0,0,17,1,1
8659,121,89,36,1,1,0,6,0,1
8660,27,25,6,0,0,0,0,0,0
8661,210,130,75,1,1,0,3,0,0
8662,45,36,8,0,0,0,3,0,0
8663,174,118,50,2,1,1,10,0,1
8664,68,47,33,0,0,0,5,0,0
8665,85,66,24,0,0,0,10,0,1
8666,63,49,23,0,0,0,1,0,0
8667,82,59,32,0,0,0,11,0,0
8668,61,51,21,0,0,0,4,0,0
8669,222,155,66,0,0,0,13,1,1
8670,46,44,5,0,0,0,3,0,1
8671,213,143,72,0,0,0,2,2,1
8672,74,53,15,0,0,3,8,0,0
8673,128,84,35,3,2,3,14,0,1
8674,146,95,61,0,0,0,7,0,0
8675,92,77,10,0,0,0,12,0,1
8676,72,54,24,2,1,0,3,0,1
8677,67,55,27,0,0,0,4,0,1
8678,2730,815,981,2,2,0,18,0,1
8679,58,40,7,0,0,3,11,0,1
8680,130,85,44,0,0,0,11,0,0
8681,411,186,115,1,1,3,52,0,0
8682,19,15,4,0,0,0,1,0,1
8683,40,36,8,0,0,0,2,0,1
8684,389,211,87,0,0,0,54,1,1
8685,52,45,20,0,0,0,3,0,1
8686,578,244,209,0,0,5,17,1,0
8687,76,65,8,0,0,0,17,0,1
8688,166,108,54,0,0,0,6,1,1
8689,183,110,71,0,0,0,4,1,0
8690,69,58,22,0,0,0,6,0,1
8691,1420,649,478,20,12,2,103,1,0
8692,545,253,162,15,4,2,49,2,0
8693,101,73,24,0,0,2,11,0,0
8694,37,32,10,0,0,0,3,0,0
8695,92,68,18,1,1,1,6,0,1
8696,378,202,119,1,1,1,7,0,1
8697,178,117,35,0,0,0,21,0,1
8698,127,95,29,2,2,1,8,0,1
8699,58,49,8,0,0,0,7,0,1
8700,1115,525,344,0,0,0,136,0,1
8701,58,49,18,0,0,0,5,0,0
8702,78,53,29,2,2,3,10,0,1
8703,173,116,47,0,0,0,27,0,1
8704,50,38,9,3,2,1,7,0,0
8705,20,19,7,0,0,0,1,0,0
8706,1215,594,355,0,0,0,86,1,0
8707,92,70,30,0,0,3,8,0,0
8708,120,74,35,0,0,0,20,0,0
8709,294,131,72,0,0,0,55,1,0
8710,24,20,10,0,0,0,0,0,0
8711,56,47,15,0,0,0,6,0,1
8712,22,19,0,0,0,0,2,0,0
8713,17,12,5,0,0,0,2,0,0
8714,409,224,115,1,1,0,13,2,1
8715,70,51,29,0,0,0,0,0,1
8716,1011,504,317,0,0,0,123,0,1
8717,581,281,147,1,1,0,22,1,1
8718,126,88,44,0,0,0,6,0,1
8719,14,14,4,0,0,0,0,0,1
8720,103,77,32,0,0,1,4,0,0
8721,95,76,37,1,1,0,3,0,1
8722,203,120,57,2,1,4,17,0,0
8723,219,154,71,0,0,0,30,0,1
8724,10,10,6,0,0,0,0,0,0
8725,312,129,49,0,0,3,44,2,0
8726,78,46,14,1,1,3,3,0,0
8727,27,24,9,0,0,0,3,0,1
8728,33,30,10,0,0,0,0,0,1
8729,36,35,2,0,0,0,10,1,1
8730,154,63,24,0,0,17,42,0,0
8731,54,50,4,0,0,0,20,0,1
8732,59,45,11,0,0,4,14,0,0
8733,127,95,29,2,2,1,8,0,1
8734,23,22,4,0,0,0,2,0,1
8735,1457,503,479,0,0,0,62,3,0
8736,200,110,80,0,0,0,2,0,0
8737,77,67,9,0,0,0,20,0,1
8738,102,87,16,0,0,0,9,1,1
8739,17,17,5,0,0,0,1,0,0
8740,65,47,20,2,2,0,3,0,0
8741,38,37,5,0,0,0,14,0,1
8742,43,35,16,0,0,0,2,0,0
8743,1182,425,228,8,2,1,89,2,0
8744,266,157,93,0,0,2,7,0,0
8745,68,55,9,0,0,1,13,0,0
8746,2561,1019,482,40,11,2,199,3,0
8747,1362,582,317,0,0,47,210,0,0
8748,680,318,160,20,8,3,71,2,0
8749,284,162,81,7,6,1,34,0,1
8750,82,65,24,0,0,0,2,0,0
8751,1217,501,386,0,0,0,119,1,1
8752,898,469,285,0,0,0,119,2,1
8753,13,13,4,0,0,0,2,0,0
8754,96,71,17,0,0,1,10,0,1
8755,327,201,103,0,0,0,7,0,1
8756,27,24,9,0,0,0,0,0,0
8757,14,11,2,0,0,0,3,0,0
8758,105,83,40,1,1,0,3,0,1
8759,291,171,74,3,2,0,11,1,1
8760,57,39,4,0,0,0,10,0,0
8761,184,116,59,0,0,0,2,1,1
8762,50,43,16,0,0,0,4,0,1
8763,287,151,58,4,1,7,50,0,0
8764,127,93,51,0,0,0,14,0,1
8765,80,65,33,0,0,0,8,0,1
8766,34,15,0,2,1,2,11,0,1
8767,563,251,194,1,1,10,26,2,0
8768,6,6,0,0,0,0,2,0,0
8769,8,8,2,0,0,0,0,0,0
8770,14,12,4,0,0,0,5,0,0
8771,50,38,20,0,0,0,1,1,1
8772,69,60,18,0,0,0,13,0,1
8773,35,31,11,0,0,0,2,0,0
8774,58,39,17,2,2,0,2,0,0
8775,5190,598,483,88,7,0,1490,2,0
8776,150,147,6,0,0,0,18,0,1
8777,203,127,75,0,0,0,1,0,1
8778,43,34,17,0,0,0,1,0,0
8779,62,52,20,0,0,0,9,0,1
8780,17,17,0,0,0,0,4,0,1
8781,106,80,24,0,0,0,8,0,1
8782,37,35,6,0,0,0,4,0,1
8783,458,197,121,1,1,9,45,0,0
8784,9,9,3,0,0,0,0,0,0
8785,42,27,6,0,0,0,5,0,1
8786,120,106,17,0,0,0,16,0,1
8787,64,45,8,0,0,0,6,0,0
8788,42,31,14,0,0,0,1,0,1
8789,180,83,6,0,0,0,79,0,0
8790,90,68,25,0,0,0,6,0,1
8791,164,162,4,0,0,0,11,0,1
8792,12,12,1,0,0,0,3,0,1
8793,1295,660,348,2,1,0,93,0,0
8794,7,7,2,0,0,0,0,0,1
8795,28,22,5,0,0,0,9,0,0
8796,343,194,112,0,0,0,27,0,0
8797,195,105,84,0,0,1,9,0,0
8798,34,15,0,2,1,2,11,0,1
8799,91,61,21,0,0,0,18,0,0
8800,322,173,105,0,0,1,20,1,0
8801,11,11,2,0,0,0,3,0,1
8802,5,5,1,0,0,0,0,0,1
8803,50,48,19,0,0,0,3,0,0
8804,179,111,67,0,0,0,0,0,0
8805,34,30,13,0,0,0,1,1,0
8806,285,199,74,1,1,0,10,0,1
8807,18,16,9,0,0,0,0,0,0
8808,65,59,15,0,0,0,15,1,1
8809,273,176,91,1,1,0,14,0,1
8810,85,53,25,0,0,0,0,1,0
8811,38,32,10,0,0,0,7,0,0
8812,386,210,160,0,0,0,13,2,0
8813,36,34,8,0,0,0,8,0,1
8814,13,13,3,0,0,0,1,0,0
8815,1278,519,447,0,0,0,35,2,1
8816,18,18,7,0,0,0,0,0,0
8817,23,21,10,0,0,0,0,0,0
8818,150,80,45,0,0,6,13,1,0
8819,21,18,5,0,0,0,0,0,0
8820,399,208,143,0,0,0,14,2,1
8821,24,22,0,0,0,0,4,0,0
8822,95,75,30,0,0,0,7,0,0
8823,80,65,33,0,0,0,5,0,1
8824,39,35,8,0,0,0,2,0,1
8825,113,88,15,0,0,0,31,0,1
8826,31,30,2,0,0,0,12,0,1
8827,396,207,89,0,0,17,27,0,0
8828,77,61,33,0,0,0,1,0,1
8829,79,59,28,2,2,3,10,0,1
8830,91,62,24,1,1,0,2,0,1
8831,132,94,38,3,2,0,7,0,1
8832,43,43,0,0,0,0,3,0,1
8833,44,37,21,0,0,0,1,0,0
8834,407,233,143,0,0,0,34,2,1
8835,40,38,5,0,0,0,2,0,1
8836,39,31,10,0,0,0,1,0,1
8837,56,39,10,1,1,0,2,0,0
8838,19,16,9,0,0,0,0,0,0
8839,7,7,4,0,0,0,0,0,0
8840,153,83,41,0,0,0,19,0,0
8841,164,102,50,0,0,0,31,0,0
8842,57,39,12,0,0,0,11,0,0
8843,148,115,50,0,0,0,4,0,1
8844,171,117,47,0,0,0,26,0,1
8845,61,42,10,0,0,0,6,0,1
8846,85,66,24,0,0,0,9,0,1
8847,61,51,22,0,0,0,7,0,1
8848,210,120,61,6,3,0,10,0,1
8849,536,246,177,1,1,1,10,1,1
8850,626,264,24,0,0,0,314,0,1
8851,43,38,7,0,0,0,1,0,1
8852,850,342,214,28,9,1,25,2,0
8853,82,67,25,0,0,0,13,0,1
8854,23,15,2,0,0,0,6,0,1
8855,201,120,53,0,0,6,29,0,0
8856,81,70,23,0,0,0,6,1,1
8857,728,311,313,0,0,0,13,3,1
8858,155,95,50,0,0,0,13,0,0
8859,339,167,112,0,0,3,38,0,0
8860,57,44,16,0,0,0,4,0,1
8861,464,157,61,0,0,0,30,2,0
8862,72,59,22,0,0,0,4,0,1
8863,100,81,26,0,0,0,11,0,1
8864,169,112,44,0,0,0,25,0,1
8865,312,181,100,2,1,0,8,1,1
8866,238,111,74,0,0,3,18,0,0
8867,458,214,101,0,0,0,31,0,1
8868,236,152,58,0,0,1,24,0,0
8869,1573,586,513,7,4,3,81,0,0
8870,82,77,9,0,0,0,34,0,1
8871,2157,751,713,0,0,1,47,1,0
8872,116,70,42,0,0,0,1,0,1
8873,117,69,26,0,0,6,18,0,0
8874,138,85,49,0,0,3,8,0,1
8875,47,45,10,0,0,0,5,0,1
8876,544,176,53,65,3,1,195,1,1
8877,11,11,4,0,0,0,1,0,0
8878,541,252,220,0,0,0,13,1,1
8879,311,152,106,1,1,8,23,1,0
8880,279,141,76,0,0,0,15,0,0
8881,87,68,23,0,0,0,11,0,1
8882,49,36,6,0,0,0,8,0,1
8883,40,28,6,0,0,0,5,0,0
8884,1033,418,280,42,6,1,98,1,0
8885,71,57,17,0,0,0,24,0,1
8886,120,91,29,0,0,0,18,1,1
8887,21,20,3,0,0,0,2,0,1
8888,30,30,4,0,0,1,1,0,0
8889,98,85,27,0,0,0,20,0,1
8890,921,373,322,0,0,0,20,2,1
8891,391,213,136,2,1,2,26,0,0
8892,522,264,203,0,0,0,21,2,1
8893,135,69,5,0,0,0,65,0,0
8894,63,46,10,0,0,0,26,0,1
8895,270,166,91,0,0,0,14,0,0
8896,36,22,0,3,3,0,28,0,1
8897,66,47,27,0,0,0,1,0,0
8898,125,92,41,0,0,0,5,0,1
8899,60,51,13,0,0,1,4,0,0
8900,40,35,16,0,0,0,2,0,0
8901,98,77,30,0,0,2,5,0,1
8902,249,144,76,0,0,0,25,0,0
8903,42,37,15,0,0,0,2,0,0
8904,278,161,92,0,0,0,5,0,1
8905,3011,789,1232,0,0,0,38,2,1
8906,209,123,3,0,0,0,106,0,1
8907,20,19,5,0,0,0,0,0,1
8908,354,173,78,7,3,4,32,1,0
8909,122,78,31,0,0,4,16,1,0
8910,217,132,57,0,0,0,23,0,0
8911,60,55,16,0,0,0,4,0,1
8912,57,44,8,1,1,1,7,0,0
8913,430,131,110,1,1,16,50,0,0
8914,70,49,9,0,0,0,19,0,0
8915,40,33,15,0,0,0,10,0,1
8916,127,95,29,2,2,1,8,0,1
8917,160,106,45,1,1,1,3,1,1
8918,105,77,28,0,0,0,5,1,1
8919,138,113,35,0,0,0,1,0,1
8920,351,176,144,0,0,0,6,0,0
8921,75,61,23,0,0,0,6,1,0
8922,15,13,7,0,0,0,0,0,0
8923,174,116,56,3,2,3,16,0,1
8924,945,455,323,1,1,0,80,0,0
8925,21,21,4,0,0,0,2,0,1
8926,323,152,122,0,0,1,31,1,0
8927,1392,520,470,0,0,0,54,2,1
8928,267,137,53,0,0,1,26,0,0
8929,931,393,336,0,0,0,24,1,0
8930,65,61,3,0,0,0,3,0,1
8931,102,75,39,2,2,0,4,0,1
8932,275,166,95,0,0,0,23,1,1
8933,299,188,92,0,0,0,12,0,1
8934,94,68,27,3,3,4,16,0,1
8935,3162,1249,543,39,10,2,297,5,0
8936,76,63,17,0,0,0,16,0,0
8937,37,37,14,0,0,0,1,0,0
8938,551,247,234,0,0,0,16,1,1
8939,251,131,28,0,0,0,49,0,1
8940,161,111,42,5,4,1,18,0,1
8941,54,46,20,0,0,0,0,0,1
8942,23,19,0,0,0,0,9,0,1
8943,96,58,29,0,0,0,9,0,0
8944,76,53,30,0,0,0,1,0,0
8945,661,313,234,0,0,0,45,0,0
8946,254,144,89,2,1,0,4,1,1
8947,18,17,7,0,0,0,3,0,0
8948,102,80,19,0,0,0,15,0,1
8949,59,48,22,0,0,0,2,0,1
8950,66,55,28,0,0,0,1,0,1
8951,177,105,47,0,0,0,23,1,0
8952,21,20,8,0,0,0,0,0,0
8953,59,41,24,0,0,0,1,0,0
8954,56,40,20,0,0,0,4,0,1
8955,83,60,32,0,0,0,0,0,0
8956,1190,475,377,0,0,68,70,0,0
8957,122,76,36,0,0,0,4,0,1
8958,144,99,52,0,0,0,2,0,1
8959,88,54,22,0,0,0,13,0,0
8960,176,124,56,0,0,0,2,0,1
8961,2189,1007,666,0,0,0,105,0,1
8962,64,57,16,0,0,0,1,0,0
8963,227,126,70,0,0,0,22,1,0
8964,4729,1016,1918,5,5,3,76,2,1
8965,231,138,77,0,0,2,17,0,0
8966,56,46,19,0,0,0,3,0,1
8967,87,61,21,0,0,0,17,0,0
8968,396,194,143,0,0,0,20,1,0
8969,16,15,7,0,0,0,1,0,0
8970,251,165,96,0,0,0,6,0,1
8971,250,140,81,1,1,1,10,2,0
8972,187,128,63,0,0,0,13,1,1
8973,149,89,33,0,0,0,29,0,0
8974,58,50,17,0,0,0,8,0,0
8975,160,109,50,0,0,0,7,0,1
8976,1254,416,481,0,0,0,17,3,1
8977,236,216,4,0,0,0,150,0,1
8978,277,156,88,4,2,0,17,1,0
8979,150,102,50,1,1,0,8,0,1
8980,232,132,85,0,0,0,19,0,0
8981,194,127,50,0,0,0,5,0,1
8982,82,60,19,0,0,0,9,1,0
8983,520,285,179,0,0,0,30,0,0
8984,42,36,14,0,0,0,0,0,1
8985,49,42,9,0,0,0,8,0,1
8986,93,67,31,0,0,1,2,0,0
8987,113,90,31,0,0,0,11,0,1
8988,57,44,9,1,1,4,12,0,0
8989,104,78,37,0,0,1,4,1,0
8990,177,124,53,1,1,2,12,0,1
8991,117,80,38,0,0,2,10,0,0
8992,698,290,198,0,0,0,7,2,1
8993,300,189,87,0,0,0,15,0,1
8994,152,94,62,2,1,0,4,0,0
8995,179,133,55,0,0,0,15,0,1
8996,229,116,104,0,0,0,3,1,0
8997,131,87,14,0,0,0,28,1,0
8998,72,72,0,0,0,0,10,0,1
8999,84,62,28,0,0,0,6,0,1
9000,180,129,49,0,0,0,18,0,1
9001,44,44,0,0,0,0,6,0,1
9002,32,29,12,1,1,0,3,0,1
9003,80,58,28,0,0,0,6,0,0
9004,240,213,4,0,0,0,138,0,1
9005,24,22,5,0,0,0,1,1,1
9006,513,265,183,0,0,2,25,0,0
9007,179,128,63,0,0,0,25,0,1
9008,29,24,12,0,0,0,2,0,0
9009,35,34,5,0,0,0,12,0,1
9010,182,104,84,0,0,0,2,0,1
9011,730,356,225,0,0,0,35,0,1
9012,190,115,57,0,0,0,1,1,1
9013,104,72,38,1,1,0,3,0,1
9014,68,65,9,0,0,0,21,0,1
9015,43,43,0,0,0,0,6,0,1
9016,430,217,160,0,0,0,19,0,0
9017,304,189,77,0,0,0,23,0,1
9018,129,103,43,0,0,0,8,0,1
9019,620,274,242,0,0,0,19,0,1
9020,86,71,15,0,0,0,14,0,1
9021,79,67,16,0,0,0,13,0,1
9022,85,66,24,0,0,0,8,0,1
9023,119,100,27,0,0,0,17,0,1
9024,406,225,151,0,0,0,22,0,0
9025,85,57,31,0,0,0,11,0,0
9026,143,104,58,0,0,0,5,1,0
9027,24,22,0,0,0,0,4,0,0
9028,102,72,43,0,0,0,4,0,0
9029,849,197,87,0,0,0,279,0,0
9030,6,6,1,0,0,0,2,0,1
9031,44,42,10,0,0,0,5,0,1
9032,58,47,23,0,0,0,9,0,1
9033,559,293,164,0,0,0,31,2,1
9034,1221,570,216,7,3,71,219,0,0
9035,37,32,14,0,0,0,1,0,1
9036,101,63,19,0,0,2,13,0,0
9037,16,16,4,0,0,0,1,1,0
9038,31,29,7,0,0,1,3,0,0
9039,19,17,8,0,0,0,1,0,0
9040,67,59,25,0,0,0,5,0,1
9041,7,7,2,0,0,0,1,0,0
9042,86,64,27,0,0,2,16,0,0
9043,427,205,188,0,0,0,7,1,1
9044,166,115,48,2,2,3,19,1,1
9045,72,60,23,0,0,1,6,0,0
9046,190,104,48,0,0,2,28,0,0
9047,74,52,15,0,0,0,8,0,0
9048,103,63,15,6,2,1,20,0,1
9049,51,48,13,0,0,0,10,0,1
9050,2653,736,1055,0,0,0,36,3,1
9051,8,7,4,0,0,0,0,0,1
9052,889,383,288,0,0,0,18,0,1
9053,455,225,111,19,6,1,51,1,0
9054,307,155,100,0,0,0,28,0,0
9055,1714,552,560,0,0,0,129,1,0
9056,2253,745,744,0,0,1,44,1,1
9057,46,32,15,0,0,0,6,0,0
9058,230,142,33,0,0,0,58,0,1
9059,515,240,221,0,0,0,19,2,1
9060,181,102,65,0,0,0,16,0,0
9061,307,178,127,0,0,0,7,0,0
9062,111,83,37,0,0,0,4,1,1
9063,1038,465,358,0,0,0,95,2,1
9064,242,157,72,0,0,0,6,0,1
9065,30,26,7,0,0,0,0,0,1
9066,91,66,21,0,0,0,8,0,0
9067,186,123,48,0,0,0,17,0,1
9068,251,135,29,0,0,0,53,1,1
9069,55,46,20,0,0,0,2,0,1
9070,24,22,0,0,0,0,4,0,0
9071,28,27,8,1,1,0,1,0,1
9072,93,72,22,0,0,0,12,0,1
9073,79,69,14,0,0,0,11,0,1
9074,125,85,48,0,0,2,5,0,0
9075,111,79,27,0,0,0,9,0,0
9076,5,5,1,0,0,0,0,0,0
9077,69,55,27,0,0,0,1,0,0
9078,26,23,8,0,0,0,3,0,1
9079,226,123,78,2,2,1,22,0,0
9080,34,22,8,0,0,0,2,0,1
9081,106,97,18,0,0,0,9,0,1
9082,47,41,12,0,0,1,3,0,0
9083,624,335,170,0,0,2,16,1,0
9084,208,107,50,0,0,0,36,0,0
9085,53,48,5,0,0,0,8,0,1
9086,55,44,22,1,1,0,3,1,0
9087,153,78,23,0,0,1,29,0,0
9088,140,97,44,0,0,0,13,0,0
9089,110,81,40,0,0,0,9,0,1
9090,128,92,35,0,0,0,7,0,1
9091,543,310,171,0,0,0,97,0,1
9092,248,148,70,1,1,3,16,2,0
9093,119,79,38,0,0,0,12,0,1
9094,369,184,137,5,4,2,20,0,1
9095,50,38,17,0,0,0,2,0,0
9096,207,101,92,0,0,0,1,0,0
9097,358,356,2,0,0,0,30,0,1
9098,5,5,0,0,0,0,0,0,0
9099,60,46,20,0,0,0,5,0,0
9100,74,58,26,1,1,1,9,0,1
9101,35,26,7,1,1,0,2,0,0
9102,1044,549,291,2,2,0,61,1,0
9103,10,6,0,0,0,0,3,0,0
9104,90,68,31,0,0,0,1,1,1
9105,150,73,33,0,0,0,37,0,0
9106,507,258,162,0,0,0,16,0,1
9107,279,75,37,0,0,0,31,0,1
9108,103,67,29,2,1,0,5,0,1
9109,26,24,8,0,0,0,0,0,0
9110,69,61,23,0,0,0,2,0,1
9111,83,67,26,0,0,0,7,1,1
9112,124,91,42,0,0,3,10,0,0
9113,278,140,97,0,0,0,8,0,0
9114,68,50,14,1,1,0,6,0,1
9115,24,22,0,0,0,0,4,0,0
9116,50,44,11,0,0,0,1,0,0
9117,3,3,2,0,0,0,0,0,0
9118,10,10,2,0,0,0,0,0,1
9119,195,110,13,0,0,3,27,0,0
9120,270,157,76,0,0,0,21,0,1
9121,50,38,13,0,0,0,3,0,0
9122,34,32,6,0,0,0,5,0,1
9123,253,223,5,0,0,0,159,0,1
9124,108,72,44,0,0,0,9,0,1
9125,7,7,4,0,0,0,1,0,1
9126,32,28,8,0,0,0,0,0,0
9127,25,24,4,0,0,1,5,0,0
9128,50,38,10,0,0,0,11,0,0
9129,343,204,93,0,0,0,25,1,1
9130,293,167,117,5,2,1,10,0,0
9131,70,63,8,0,0,0,18,0,1
9132,424,239,4,0,0,0,220,0,1
9133,111,80,25,0,0,0,5,0,1
9134,1095,865,13,0,0,0,154,0,1
9135,547,316,175,0,0,0,67,0,1
9136,11,11,4,0,0,0,0,0,0
9137,195,125,64,0,0,0,4,0,1
9138,266,173,94,0,0,0,10,1,0
9139,401,154,153,0,0,4,15,1,0
9140,44,38,15,1,1,0,0,0,0
9141,91,64,39,0,0,0,3,0,0
9142,17,14,6,0,0,0,0,1,0
9143,51,47,16,0,0,0,3,0,0
9144,355,188,133,0,0,4,19,0,0
9145,193,132,60,0,0,0,9,0,0
9146,90,73,32,0,0,0,8,1,1
9147,9,9,2,0,0,0,2,0,0
9148,58,52,4,0,0,1,10,0,0
9149,18,14,11,0,0,0,0,0,0
9150,232,148,72,0,0,0,9,0,1
9151,490,281,160,0,0,0,40,0,0
9152,214,113,4,0,0,0,128,0,1
9153,209,122,73,0,0,1,15,0,0
9154,27,23,9,0,0,0,3,0,1
9155,588,288,170,0,0,4,90,0,0
9156,1445,624,471,0,0,0,143,2,1
9157,534,278,154,0,0,0,68,2,1
9158,2337,699,668,4,1,3,82,1,0
9159,159,155,10,0,0,0,70,0,1
9160,38,36,12,0,0,0,5,0,0
9161,58,48,23,0,0,0,8,0,1
9162,96,76,34,0,0,0,6,1,0
9163,276,162,90,7,2,1,8,1,0
9164,59,46,23,0,0,0,3,0,0
9165,43,32,19,0,0,0,1,0,0
9166,871,371,356,0,0,3,14,1,0
9167,202,133,68,1,1,2,14,0,0
9168,60,49,24,0,0,0,2,1,0
9169,118,101,32,0,0,0,15,0,1
9170,866,363,280,0,0,0,55,0,0
9171,39,37,8,0,0,0,0,0,1
9172,117,77,29,0,0,1,11,0,0
9173,8,8,3,0,0,0,0,0,0
9174,426,242,147,0,0,1,23,0,0
9175,70,49,14,3,3,3,17,0,1
9176,68,50,7,0,0,1,23,0,1
9177,233,159,56,0,0,0,26,0,0
9178,330,211,97,3,2,0,25,0,0
9179,190,129,64,0,0,0,13,1,1
9180,17,17,3,0,0,0,0,0,0
9181,197,115,47,0,0,0,28,0,1
9182,29,29,11,0,0,0,2,0,0
9183,81,52,24,0,0,0,2,0,1
9184,133,96,45,0,0,0,3,0,1
9185,13,12,1,0,0,0,2,0,1
9186,498,314,19,0,0,79,187,0,0
9187,293,151,81,0,0,17,38,2,0
9188,66,55,22,0,0,0,2,0,1
9189,160,120,45,0,0,0,16,0,1
9190,75,59,17,0,0,0,6,1,0
9191,31,31,6,0,0,0,4,0,0
9192,330,190,74,0,0,22,65,0,0
9193,856,384,279,0,0,0,21,1,1
9194,368,197,146,0,0,0,1,2,1
9195,924,405,293,0,0,0,31,0,1
9196,325,195,55,0,0,1,51,1,0
9197,86,59,28,0,0,0,7,0,0
9198,108,80,38,0,0,0,7,0,1
9199,1708,561,696,0,0,0,12,0,1
9200,48,38,15,0,0,0,3,0,1
9201,101,76,28,0,0,0,13,0,0
9202,186,122,38,0,0,0,55,1,0
9203,232,94,25,0,0,0,18,0,1
9204,86,71,25,0,0,0,3,0,1
9205,50,37,14,0,0,0,5,0,0
9206,64,53,22,0,0,0,4,0,0
9207,108,84,31,0,0,0,7,0,1
9208,55,47,13,0,0,0,10,0,0
9209,3244,943,776,1,1,1,268,1,1
9210,93,75,33,0,0,0,6,1,1
9211,2597,721,1029,0,0,0,32,4,1
9212,549,196,116,0,0,1,83,1,1
9213,36,35,5,0,0,0,1,0,1
9214,1187,447,440,0,0,0,47,2,1
9215,103,67,43,0,0,0,2,0,1
9216,615,313,207,0,0,0,20,0,1
9217,78,49,15,0,0,4,4,0,0
9218,489,242,201,2,1,0,19,1,0
9219,90,75,23,0,0,0,12,0,1
9220,329,65,58,0,0,0,24,0,0
9221,45,37,14,0,0,0,0,0,1
9222,79,70,21,0,0,0,7,0,1
9223,346,198,125,0,0,0,3,0,0
9224,108,82,35,0,0,2,8,0,0
9225,84,84,3,0,0,0,9,1,1
9226,562,262,200,1,1,0,18,1,0
9227,173,112,64,1,1,2,10,0,0
9228,128,89,40,0,0,0,5,0,1
9229,97,59,35,0,0,0,23,0,0
9230,46,45,3,0,0,0,5,0,1
9231,194,133,54,0,0,7,19,1,0
9232,167,104,53,1,1,1,9,0,0
9233,184,110,56,0,0,0,26,0,0
9234,628,287,203,0,0,0,33,0,0
9235,51,36,26,0,0,0,2,0,0
9236,38,32,14,0,0,0,0,0,1
9237,639,368,181,3,2,0,30,0,0
9238,111,82,39,0,0,1,7,0,0
9239,397,215,150,0,0,0,11,1,0
9240,243,150,75,1,1,3,16,0,0
9241,65,60,16,0,0,0,1,0,1
9242,67,54,25,0,0,0,3,0,1
9243,497,262,149,11,3,0,22,0,0
9244,21,20,1,0,0,0,1,0,1
9245,45,34,2,0,0,0,5,0,0
9246,31,28,8,0,0,0,4,0,1
9247,68,47,37,0,0,0,1,0,0
9248,350,185,105,0,0,10,21,0,0
9249,10,10,2,1,1,0,1,0,1
9250,175,109,57,0,0,0,5,0,1
9251,26,25,3,0,0,0,1,0,1
9252,23,23,3,0,0,0,6,0,1
9253,69,60,20,0,0,0,2,0,1
9254,144,118,43,0,0,0,18,0,1
9255,9,9,4,0,0,0,0,0,0
9256,143,112,37,0,0,0,21,0,0
9257,17,17,4,0,0,0,1,0,0
9258,94,76,33,0,0,0,2,0,0
9259,9,9,2,0,0,0,0,0,0
9260,159,112,8,0,0,0,32,0,1
9261,219,171,27,0,0,1,55,2,0
9262,23,22,4,0,0,0,4,0,1
9263,50,28,16,0,0,0,5,0,1
9264,84,84,4,0,0,0,40,0,1
9265,85,66,24,0,0,0,11,0,1
9266,88,83,15,0,0,0,12,0,1
9267,233,134,83,0,0,1,3,0,0
9268,249,173,95,0,0,0,5,0,1
9269,232,159,69,0,0,0,12,0,1
9270,50,49,3,0,0,0,5,0,1
9271,191,139,62,0,0,0,20,0,1
9272,137,108,25,0,0,0,9,0,1
9273,113,68,44,0,0,0,5,0,1
9274,73,49,19,0,0,2,10,0,0
9275,430,234,98,8,3,0,26,0,0
9276,588,307,14,0,0,0,329,0,1
9277,16,12,0,4,4,0,6,0,1
9278,138,96,38,2,1,0,6,0,1
9279,119,93,23,0,0,0,23,0,0
9280,24,22,0,0,0,0,4,0,0
9281,42,37,8,0,0,0,3,0,1
9282,184,121,28,1,1,0,51,0,1
9283,161,107,53,0,0,0,17,0,0
9284,436,222,174,1,1,0,20,0,1
9285,554,349,116,0,0,0,83,0,0
9286,80,65,33,0,0,0,7,0,1
9287,122,83,35,0,0,0,9,0,1
9288,40,34,13,0,0,0,2,0,1
9289,894,323,354,0,0,0,12,0,1
9290,313,171,114,0,0,0,26,1,0
9291,34,29,14,0,0,0,2,0,0
9292,164,112,59,0,0,0,6,0,1
9293,34,31,9,0,0,0,2,0,0
9294,911,345,268,0,0,0,27,0,1
9295,320,157,111,0,0,0,10,0,1
9296,83,64,26,1,1,1,6,0,1
9297,63,58,12,0,0,0,11,0,1
9298,429,187,121,0,0,0,11,2,0
9299,326,136,124,0,0,0,3,0,0
9300,162,133,39,0,0,0,13,0,0
9301,14,14,8,0,0,0,0,0,0
9302,85,77,24,0,0,0,7,0,0
9303,53,46,2,0,0,0,40,0,1
9304,692,337,203,0,0,0,31,0,0
9305,17,15,2,0,0,0,10,0,1
9306,639,206,180,0,0,0,121,1,0
9307,14,14,2,0,0,0,5,0,1
9308,114,88,24,0,0,0,5,1,1
9309,119,94,34,0,0,0,6,0,1
9310,73,56,33,0,0,0,4,0,1
9311,11,8,0,0,0,0,0,0,1
9312,12,12,0,0,0,0,4,0,0
9313,180,113,54,0,0,0,9,0,0
9314,359,146,92,0,0,11,27,0,0
9315,280,156,82,4,4,0,2,0,1
9316,10,10,4,0,0,0,0,0,0
9317,106,104,4,0,0,0,19,0,1
9318,18,17,6,0,0,0,5,0,1
9319,1728,478,449,32,4,3,153,2,0
9320,76,44,21,0,0,0,4,0,0
9321,36,27,10,0,0,0,2,0,1
9322,88,66,20,0,0,1,12,0,0
9323,37,32,13,0,0,0,1,0,1
9324,66,54,20,0,0,0,1,0,0
9325,1207,494,382,0,0,0,122,1,1
9326,11,11,1,0,0,0,3,0,1
9327,308,187,84,3,3,3,35,0,0
9328,18,16,0,0,0,0,0,0,0
9329,211,146,84,0,0,0,5,0,1
9330,161,100,48,3,1,0,5,0,1
9331,106,68,40,0,0,0,4,0,0
9332,74,58,25,0,0,0,0,0,1
9333,137,94,39,0,0,2,11,0,0
9334,864,378,278,0,0,0,40,0,1
9335,146,97,49,0,0,0,6,0,1
9336,5,5,2,0,0,0,0,0,0
9337,477,200,163,0,0,0,48,0,0
9338,179,110,57,0,0,0,8,0,1
9339,280,86,15,0,0,0,132,0,0
9340,37,30,9,0,0,0,7,0,0
9341,3112,827,1245,0,0,0,82,3,1
9342,216,128,68,3,2,1,8,0,0
9343,35,26,6,0,0,0,7,0,1
9344,105,76,30,0,0,1,4,0,0
9345,200,96,41,0,0,0,8,0,0
9346,70,54,10,0,0,1,4,0,0
9347,124,98,32,0,0,0,10,0,1
9348,114,75,51,4,3,0,5,0,1
9349,126,83,44,0,0,0,1,0,1
9350,119,87,29,1,1,0,9,1,1
9351,40,33,13,0,0,0,3,0,1
9352,291,167,89,0,0,0,37,1,0
9353,104,79,36,0,0,0,13,0,0
9354,50,47,15,0,0,0,3,0,1
9355,141,86,45,0,0,0,7,0,1
9356,94,71,24,0,0,0,3,0,1
9357,40,37,13,0,0,0,4,0,0
9358,290,128,67,0,0,0,51,0,0
9359,185,120,56,0,0,8,24,0,0
9360,764,288,239,0,0,0,62,1,0
9361,172,108,76,0,0,0,5,2,0
9362,125,90,11,0,0,0,35,0,1
9363,82,70,27,0,0,0,1,1,0
9364,56,47,10,0,0,0,21,0,1
9365,222,142,71,0,0,0,10,0,1
9366,597,274,150,3,3,6,25,1,0
9367,163,76,28,0,0,2,48,0,0
9368,164,90,25,0,0,0,59,0,0
9369,14,13,7,0,0,0,1,0,0
9370,13,12,4,0,0,0,1,0,1
9371,310,205,73,0,0,0,9,2,1
9372,42,31,14,0,0,0,1,0,1
9373,959,393,323,0,0,0,14,1,1
9374,107,81,39,0,0,0,9,0,0
9375,40,40,5,0,0,0,14,0,1
9376,20,18,5,0,0,0,4,0,1
9377,7,7,1,0,0,0,0,0,0
9378,533,235,158,0,0,0,75,2,0
9379,175,92,48,1,1,0,23,2,0
9380,47,46,8,0,0,0,17,0,1
9381,184,114,63,0,0,0,5,3,1
9382,87,60,30,0,0,0,11,0,1
9383,34,31,14,0,0,0,1,0,1
9384,214,132,38,0,0,0,19,0,0
9385,626,300,158,1,1,10,78,0,0
9386,407,202,121,0,0,1,23,0,0
9387,36,31,11,0,0,0,1,0,0
9388,11,11,1,0,0,0,4,0,1
9389,95,74,33,0,0,0,0,0,1
9390,293,163,79,1,1,5,10,0,1
9391,68,67,3,0,0,0,22,0,1
9392,136,97,42,0,0,0,12,2,1
9393,940,439,318,0,0,0,28,2,1
9394,119,79,54,0,0,0,6,0,0
9395,95,75,27,1,1,0,2,1,1
9396,62,47,20,0,0,0,13,0,1
9397,29,24,7,1,1,0,2,0,0
9398,905,365,131,4,2,0,206,1,0
9399,83,52,13,0,0,0,8,0,1
9400,31,28,0,0,0,0,5,0,0
9401,47,38,15,0,0,0,2,0,1
9402,173,98,57,3,2,0,4,0,1
9403,112,87,4,0,0,0,76,0,1
9404,39,36,8,0,0,0,1,0,1
9405,48,42,22,0,0,0,0,0,1
9406,105,93,16,0,0,0,30,0,1
9407,66,63,14,0,0,0,28,0,1
9408,1132,528,299,4,3,5,38,0,0
9409,230,117,114,0,0,0,2,0,0
9410,177,128,56,0,0,0,14,1,1
9411,301,293,10,0,0,0,37,0,1
9412,32,31,4,0,0,0,4,0,1
9413,35,31,10,0,0,0,0,0,0
9414,16,15,8,0,0,0,0,0,0
9415,452,215,191,0,0,0,8,1,1
9416,68,68,2,0,0,0,9,0,1
9417,93,87,10,0,0,0,0,0,1
9418,24,23,5,0,0,1,0,0,0
9419,100,72,41,0,0,0,10,0,0
9420,208,135,68,0,0,0,6,0,1
9421,71,54,23,0,0,0,5,0,0
9422,74,65,10,0,0,0,21,0,1
9423,150,87,35,0,0,0,7,0,0
9424,424,165,84,4,2,0,62,0,0
9425,115,80,38,0,0,0,11,0,1
9426,89,66,33,0,0,0,4,0,1
9427,7,7,1,0,0,0,1,0,1
9428,37,32,8,1,1,0,2,0,0
9429,238,128,25,0,0,0,27,0,0
9430,178,125,72,0,0,0,5,0,1
9431,221,120,93,0,0,0,12,0,1
9432,247,147,91,4,4,0,12,1,1
9433,132,91,26,4,3,1,10,0,1
9434,32,29,9,0,0,0,3,0,1
9435,27,25,5,0,0,0,5,0,1
9436,344,156,121,0,0,0,18,0,0
9437,120,76,44,0,0,0,11,0,0
9438,124,122,1,0,0,0,110,0,1
9439,210,120,66,0,0,0,25,0,0
9440,97,69,30,0,0,0,0,1,1
9441,152,103,55,0,0,0,12,0,1
9442,1345,565,421,0,0,0,158,2,1
9443,9,9,2,0,0,0,0,0,0
9444,143,100,48,0,0,4,11,0,0
9445,9,9,0,0,0,0,0,1,1
9446,114,95,34,0,0,0,17,0,1
9447,235,138,66,0,0,0,9,1,1
9448,73,65,9,0,0,0,14,0,1
9449,55,39,24,0,0,0,5,0,0
9450,68,55,25,0,0,0,1,0,1
9451,33,28,8,0,0,0,4,0,0
9452,36,32,7,0,0,0,7,0,0
9453,126,90,44,0,0,0,6,0,0
9454,50,44,18,0,0,0,1,0,1
9455,43,41,12,0,0,0,5,0,0
9456,57,57,5,0,0,0,9,0,1
9457,33,31,2,0,0,0,1,0,1
9458,132,91,42,0,0,0,2,0,1
9459,244,136,31,1,1,2,32,0,0
9460,574,258,230,0,0,0,27,1,1
9461,40,37,9,0,0,0,0,0,1
9462,112,89,29,0,0,0,7,0,1
9463,649,319,209,0,0,3,17,1,1
9464,495,238,157,0,0,0,16,0,1
9465,3460,1116,1331,7,3,11,107,1,0
9466,430,177,130,3,2,1,11,0,0
9467,43,36,18,0,0,0,1,0,0
9468,108,65,17,0,0,0,30,0,1
9469,312,181,100,2,1,0,8,1,1
9470,131,80,46,4,2,0,8,0,1
9471,44,36,15,0,0,0,0,1,1
9472,183,121,56,0,0,0,2,1,1
9473,1373,581,468,0,0,0,124,4,1
9474,253,114,52,0,0,3,27,0,0
9475,224,122,57,12,4,6,32,0,0
9476,4,4,1,0,0,0,1,0,1
9477,47,37,15,1,1,0,4,1,0
9478,89,69,30,0,0,0,17,0,1
9479,366,183,51,0,0,0,17,0,1
9480,216,129,3,0,0,0,123,0,1
9481,38,37,4,0,0,0,4,0,1
9482,71,55,11,0,0,2,15,0,0
9483,1011,529,35,0,0,0,365,0,0
9484,213,124,72,0,0,1,3,0,0
9485,940,378,346,0,0,0,21,1,0
9486,133,100,1,0,0,0,86,0,1
9487,34,31,16,0,0,0,0,0,0
9488,135,91,44,0,0,1,7,0,0
9489,212,123,72,0,0,1,3,0,0
9490,110,67,21,0,0,0,27,0,0
9491,74,52,20,0,0,0,8,0,1
9492,6,6,1,0,0,0,0,0,0
9493,185,131,59,0,0,0,48,0,1
9494,94,77,11,0,0,2,25,1,0
9495,190,137,56,0,0,0,23,0,1
9496,177,126,17,0,0,0,58,0,1
9497,177,102,31,0,0,4,30,0,0
9498,82,68,25,0,0,0,14,0,1
9499,131,93,39,0,0,0,16,0,0
9500,121,107,36,0,0,0,30,0,1
9501,687,252,255,0,0,0,5,1,1
9502,174,74,46,0,0,0,26,0,0
9503,416,259,103,0,0,1,72,1,0
9504,201,135,68,0,0,0,1,0,1
9505,204,160,32,0,0,0,28,0,0
9506,4,4,1,0,0,0,0,0,0
9507,744,312,242,1,1,0,65,2,1
9508,212,133,77,0,0,0,8,0,0
9509,1346,486,399,1,1,0,77,2,0
9510,212,121,56,6,2,0,12,0,1
9511,24,20,8,0,0,0,0,0,1
9512,130,74,43,0,0,0,8,0,0
9513,132,82,39,0,0,0,10,0,1
9514,5,5,2,0,0,0,0,0,1
9515,202,99,74,0,0,0,33,0,0
9516,117,90,3,0,0,0,66,0,1
9517,136,78,41,1,1,0,8,0,0
9518,81,78,7,0,0,0,0,0,1
9519,27,24,9,0,0,0,3,0,1
9520,519,259,149,11,7,2,46,2,0
9521,991,239,4,0,0,0,114,0,1
9522,966,412,310,0,0,0,106,0,0
9523,104,81,23,0,0,0,8,0,1
9524,45,34,18,0,0,0,3,0,0
9525,48,47,7,0,0,0,2,0,1
9526,43,43,0,0,0,0,3,0,1
9527,10,7,1,0,0,0,0,0,0
9528,83,65,27,0,0,0,11,0,1
9529,49,44,13,1,1,1,5,0,0
9530,468,254,137,0,0,0,70,0,1
9531,45,44,8,0,0,0,1,1,1
9532,497,198,222,0,0,3,6,0,1
9533,37,35,6,0,0,0,4,0,1
9534,708,324,247,0,0,0,60,1,0
9535,139,96,51,0,0,1,2,0,0
9536,124,83,41,0,0,0,20,0,0
9537,596,95,92,0,0,0,221,0,1
9538,844,323,298,0,0,0,53,2,0
9539,204,115,71,0,0,0,11,1,1
9540,379,179,153,0,0,2,12,1,0
9541,437,217,120,0,0,0,26,0,1
9542,209,135,64,1,1,3,24,0,0
9543,39,27,3,0,0,1,8,0,0
9544,283,157,106,0,0,0,7,0,0
9545,284,186,79,0,0,0,23,1,1
9546,126,90,39,0,0,0,3,0,1
9547,432,141,37,12,4,6,126,0,0
9548,72,60,20,0,0,0,2,0,1
9549,7,7,1,0,0,0,0,0,0
9550,79,59,18,0,0,1,6,1,0
9551,84,60,34,0,0,0,5,0,1
9552,144,132,29,0,0,0,42,0,1
9553,976,348,435,0,0,2,22,0,0
9554,72,54,31,0,0,0,0,0,0
9555,275,182,73,0,0,0,22,1,1
9556,145,94,37,3,1,0,5,0,1
9557,39,33,2,0,0,0,5,0,0
9558,170,113,58,0,0,0,0,0,1
9559,106,74,30,0,0,0,2,0,1
9560,323,204,97,4,4,1,20,0,1
9561,22,22,2,0,0,0,4,0,1
9562,10,10,3,0,0,0,0,0,0
9563,230,125,89,5,2,0,3,1,0
9564,308,179,105,0,0,0,18,0,0
9565,299,201,71,1,1,1,11,2,1
9566,84,69,19,0,0,0,9,0,0
9567,116,83,36,1,1,0,4,1,1
9568,2389,276,111,2,1,2,688,0,0
9569,90,64,38,0,0,0,1,1,0
9570,52,44,18,0,0,0,1,0,1
9571,162,118,58,0,0,0,3,0,1
9572,14,13,8,0,0,0,0,0,0
9573,141,86,55,0,0,0,9,1,0
9574,84,29,7,0,0,0,1,1,0
9575,139,94,46,0,0,1,6,0,0
9576,27,26,8,0,0,0,3,0,0
9577,68,59,7,0,0,0,19,0,1
9578,1049,440,369,0,0,0,65,0,0
9579,355,186,115,0,0,2,24,2,0
9580,18,18,5,0,0,0,1,0,0
9581,134,127,4,0,0,0,53,0,0
9582,126,71,35,0,0,0,4,1,1
9583,71,46,12,0,0,2,1,0,0
9584,211,124,72,0,0,1,3,0,0
9585,114,79,38,0,0,0,8,0,1
9586,210,130,21,0,0,0,58,1,1
9587,279,75,37,0,0,0,31,0,1
9588,58,48,22,0,0,0,2,0,0
9589,67,49,5,0,0,0,23,0,1
9590,164,108,43,0,0,0,24,0,1
9591,145,73,63,0,0,0,11,0,0
9592,24,22,7,0,0,0,2,0,1
9593,57,47,14,2,1,0,4,0,1
9594,208,135,73,0,0,0,5,0,1
9595,514,240,91,0,0,2,86,0,0
9596,24,22,0,0,0,0,4,0,0
9597,12,10,8,0,0,0,1,0,0
9598,87,67,16,0,0,0,2,0,1
9599,492,241,207,0,0,0,10,2,1
9600,28,25,6,0,0,0,1,0,0
9601,133,92,33,0,0,0,5,0,1
9602,68,57,25,0,0,0,1,0,0
9603,98,61,19,0,0,0,12,1,0
9604,30,27,7,0,0,0,1,0,1
9605,92,68,26,0,0,0,3,0,1
9606,53,44,6,0,0,0,6,0,1
9607,32,28,14,0,0,0,1,0,0
9608,54,50,3,0,0,0,4,1,1
9609,199,119,37,0,0,1,48,0,0
9610,6309,595,522,87,12,6,1977,1,0
9611,102,67,6,0,0,0,29,0,1
9612,596,96,91,0,0,0,222,0,1
9613,732,286,277,0,0,0,7,0,1
9614,107,73,38,0,0,0,9,0,1
9615,71,58,20,0,0,2,3,0,0
9616,130,92,31,0,0,0,5,0,1
9617,65,56,19,0,0,0,2,0,1
9618,30,29,10,0,0,0,0,0,0
9619,183,110,85,0,0,0,2,0,0
9620,84,61,23,3,3,1,13,0,1
9621,28,24,4,0,0,0,1,0,1
9622,185,116,66,0,0,0,1,0,1
9623,91,69,34,0,0,0,5,0,0
9624,70,49,14,3,3,3,17,0,1
9625,73,54,33,0,0,0,2,0,0
9626,43,38,9,0,0,0,4,0,1
9627,1117,484,410,0,0,0,60,0,0
9628,170,122,42,0,0,2,26,0,0
9629,80,61,33,0,0,0,3,0,1
9630,66,51,22,0,0,0,5,0,1
9631,172,109,42,4,4,1,17,0,1
9632,302,161,116,0,0,3,10,0,0
9633,164,85,45,0,0,0,14,0,0
9634,82,66,26,0,0,0,12,0,1
9635,651,299,188,0,0,0,54,1,1
9636,90,75,21,0,0,1,15,0,1
9637,77,62,22,0,0,1,1,0,0
9638,401,190,130,1,1,4,30,1,0
9639,18,14,2,0,0,0,6,0,1
9640,194,113,62,0,0,0,21,0,0
9641,178,125,54,1,1,2,10,0,1
9642,35,34,8,0,0,0,0,0,1
9643,20,14,3,0,0,0,7,0,0
9644,20,12,7,0,0,0,1,0,1
9645,67,52,16,0,0,1,3,0,0
9646,284,171,115,0,0,0,2,0,1
9647,47,46,5,0,0,0,2,0,1
9648,193,131,67,0,0,0,2,0,0
9649,310,153,111,0,0,0,35,0,0
9650,125,82,46,1,1,0,6,0,1
9651,346,154,79,0,0,0,37,0,0
9652,11,11,2,0,0,0,1,0,0
9653,29,26,7,0,0,0,5,0,0
9654,241,118,81,0,0,4,7,0,0
9655,303,153,109,1,1,2,20,2,0
9656,64,50,18,0,0,2,7,1,0
9657,631,354,193,2,2,9,34,0,0
9658,47,41,19,0,0,0,0,0,0
9659,161,114,49,0,0,0,14,0,0
9660,154,89,67,0,0,0,2,0,0
9661,90,69,35,0,0,0,3,0,1
9662,165,96,62,0,0,0,3,0,0
9663,39,33,2,0,0,0,5,0,0
9664,77,53,28,2,2,3,10,0,1
9665,132,101,34,1,1,0,2,0,0
9666,183,124,46,0,0,0,27,0,1
9667,149,110,39,1,1,0,7,0,1
9668,32,32,8,0,0,0,0,0,0
9669,183,98,54,2,2,0,6,0,0
9670,84,66,28,2,1,0,2,1,1
9671,364,220,147,0,0,0,11,2,1
9672,655,351,243,0,0,0,11,0,1
9673,64,45,26,0,0,0,5,0,0
9674,45,38,19,0,0,0,1,0,0
9675,569,260,144,0,0,0,52,0,0
9676,185,110,71,1,1,0,10,0,0
9677,185,105,47,0,0,0,8,1,1
9678,19,18,5,0,0,0,0,0,0
9679,228,137,75,0,0,1,27,0,0
9680,160,94,51,0,0,1,16,0,0
9681,127,91,39,0,0,0,3,0,1
9682,150,89,38,0,0,0,15,0,0
9683,88,64,22,0,0,0,7,0,1
9684,244,121,41,2,1,0,30,0,0
9685,192,137,63,0,0,0,19,0,1
9686,76,59,23,0,0,0,2,1,1
9687,252,137,89,1,1,1,3,0,1
9688,276,149,111,0,0,0,9,4,1
9689,20,19,8,0,0,0,1,0,0
9690,166,108,49,0,0,0,12,0,1
9691,510,250,207,0,0,0,13,1,1
9692,56,46,17,0,0,0,9,0,0
9693,17,14,3,0,0,0,1,0,0
9694,1639,510,495,0,0,0,89,1,0
9695,41,41,8,0,0,0,1,2,1
9696,585,297,98,0,0,0,113,1,1
9697,245,169,77,0,0,0,14,0,0
9698,50,43,17,0,0,0,2,0,0
9699,65,55,14,0,0,2,6,0,0
9700,168,141,44,0,0,0,42,0,1
9701,24,22,0,0,0,0,4,0,0
9702,116,70,42,0,0,0,1,0,1
9703,128,97,18,0,0,0,29,0,1
9704,33,25,8,0,0,0,0,0,1
9705,74,69,18,0,0,0,5,0,0
9706,41,34,12,0,0,0,1,0,1
9707,83,53,9,0,0,0,24,0,0
9708,325,208,75,0,0,0,31,0,1
9709,83,53,9,0,0,0,24,0,0
9710,43,38,15,0,0,0,1,0,0
9711,47,37,21,0,0,0,0,0,0
9712,114,47,14,0,0,3,47,0,0
9713,66,51,21,0,0,0,5,1,1
9714,132,81,61,0,0,0,3,2,0
9715,87,71,30,0,0,0,0,1,0
9716,30,28,9,0,0,0,2,0,0
9717,192,100,10,0,0,0,83,1,0
9718,627,269,225,0,0,0,13,1,0
9719,1244,567,389,0,0,0,112,1,0
9720,46,41,16,0,0,0,0,0,0
9721,300,179,79,9,2,1,18,0,0
9722,141,109,45,0,0,0,15,0,1
9723,313,150,119,5,2,0,13,2,1
9724,25,22,9,0,0,0,1,0,1
9725,16,15,5,1,1,0,0,0,0
9726,45,38,14,0,0,0,2,0,0
9727,93,70,33,0,0,2,5,0,0
9728,59,41,26,0,0,0,1,0,0
9729,47,38,13,2,2,0,8,0,0
9730,29,28,11,0,0,0,1,0,0
9731,78,64,15,0,0,0,31,1,1
9732,52,46,17,0,0,0,1,0,1
9733,30,30,3,0,0,0,12,0,1
9734,104,81,28,1,1,2,14,0,0
9735,62,53,1,0,0,0,44,0,1
9736,78,67,14,0,0,0,19,1,1
9737,57,48,11,0,0,0,20,0,1
9738,370,207,118,0,0,0,13,0,1
9739,57,46,17,0,0,0,3,0,1
9740,10,10,3,0,0,0,3,0,1
9741,22,22,7,0,0,0,0,0,0
9742,129,97,29,2,2,1,9,0,1
9743,29,18,5,0,0,0,16,0,1
9744,99,75,25,0,0,0,4,0,1
9745,245,153,67,3,2,0,16,0,1
9746,447,229,149,0,0,0,39,1,0
9747,119,84,35,0,0,0,13,0,0
9748,185,109,78,0,0,0,17,0,1
9749,68,50,21,2,2,3,11,0,1
9750,65,52,28,1,1,0,2,0,1
9751,134,95,44,0,0,0,0,1,1
9752,143,98,53,0,0,0,5,0,1
9753,29,26,11,0,0,0,0,0,0
9754,21,18,1,0,0,0,0,0,0
9755,70,60,10,0,0,0,20,0,1
9756,883,349,331,0,0,0,28,1,1
9757,117,76,13,0,0,0,32,0,1
9758,161,104,57,0,0,2,8,0,0
9759,335,185,132,0,0,0,6,0,1
9760,121,57,12,0,0,0,27,0,0
9761,65,55,24,0,0,1,4,0,0
9762,39,38,14,0,0,0,0,0,1
9763,34,34,8,0,0,0,0,0,1
9764,195,118,55,0,0,12,19,1,0
9765,163,91,4,0,0,0,41,0,1
9766,205,129,14,0,0,0,59,0,1
9767,24,22,0,0,0,0,1,0,0
9768,28,26,11,0,0,0,2,0,0
9769,608,291,226,0,0,0,39,0,1
9770,72,50,18,0,0,0,18,0,0
9771,246,146,95,0,0,2,18,0,0
9772,202,125,71,0,0,1,10,0,0
9773,76,66,10,0,0,0,7,0,1
9774,83,66,26,0,0,0,11,0,1
9775,318,168,111,0,0,0,25,0,0
9776,52,44,17,0,0,0,5,0,0
9777,15,15,2,0,0,0,4,0,1
9778,130,99,44,0,0,0,5,0,0
9779,103,74,37,2,1,0,8,1,1
9780,152,105,56,0,0,0,5,0,1
9781,81,71,28,0,0,0,5,1,1
9782,185,91,40,0,0,11,28,0,0
9783,351,200,135,0,0,0,9,1,1
9784,322,152,49,0,0,0,30,0,0
9785,186,116,60,1,1,2,32,0,0
9786,1688,539,648,0,0,0,11,2,1
9787,36,34,7,0,0,0,4,0,1
9788,423,253,93,4,2,8,44,0,0
9789,11,10,2,0,0,0,1,0,1
9790,170,99,55,0,0,4,9,0,0
9791,244,157,64,1,1,3,30,1,0
9792,58,52,12,0,0,0,9,0,0
9793,1146,521,117,0,0,71,423,0,0
9794,1158,538,315,24,4,2,56,1,0
9795,61,51,23,0,0,0,4,0,1
9796,91,72,26,0,0,0,8,0,1
9797,144,98,53,0,0,0,2,1,0
9798,50,45,10,0,0,0,2,0,1
9799,227,128,75,0,0,0,19,0,0
9800,83,59,29,0,0,0,4,1,1
9801,299,201,71,1,1,1,11,2,1
9802,33,28,13,0,0,0,2,0,1
9803,98,79,22,0,0,1,7,0,1
9804,83,66,26,0,0,0,11,0,1
9805,119,77,38,0,0,0,6,0,0
9806,95,66,19,0,0,0,16,0,1
9807,1344,436,555,0,0,0,15,3,1
9808,194,125,64,2,1,0,4,0,1
9809,89,56,14,2,2,6,19,0,0
9810,522,265,206,1,1,1,12,1,0
9811,367,168,132,0,0,0,17,1,1
9812,91,67,28,0,0,0,2,1,0
9813,290,172,95,0,0,0,18,0,1
9814,148,69,34,0,0,0,30,0,0
9815,62,46,18,0,0,0,7,0,0
9816,63,51,24,0,0,0,4,0,1
9817,323,197,113,0,0,1,23,0,0
9818,229,142,11,0,0,0,122,0,1
9819,159,114,45,2,1,0,5,0,1
9820,151,91,56,0,0,0,2,0,0
9821,86,57,34,4,2,0,3,0,1
9822,156,107,32,0,0,3,12,0,0
9823,77,65,24,0,0,0,5,0,1
9824,9,8,4,0,0,0,0,0,0
9825,229,108,89,0,0,1,12,0,0
9826,965,423,322,0,0,0,30,2,1
9827,36,26,9,0,0,0,10,1,0
9828,71,51,33,0,0,0,0,0,1
9829,1465,513,384,26,13,2,110,4,0
9830,139,99,39,0,0,0,13,0,1
9831,101,82,26,0,0,1,2,0,1
9832,84,44,8,0,0,0,8,0,1
9833,148,95,34,0,0,1,24,0,0
9834,46,36,5,0,0,0,4,1,1
9835,234,145,88,2,2,2,10,0,0
9836,603,590,6,0,0,0,59,1,1
9837,745,641,96,0,0,0,47,1,1
9838,71,60,16,0,0,0,2,1,1
9839,17,16,3,0,0,0,3,0,0
9840,2254,787,767,0,0,0,187,2,1
9841,114,75,51,4,3,0,5,0,1
9842,22,21,1,0,0,1,3,0,0
9843,790,340,269,0,0,0,46,1,1
9844,68,49,9,0,0,3,13,0,0
9845,452,256,153,0,0,0,11,1,1
9846,56,44,11,0,0,0,8,0,0
9847,442,199,142,1,1,5,46,0,0
9848,76,64,24,0,0,0,6,1,1
9849,229,138,99,0,0,0,7,0,1
9850,23,23,5,0,0,0,2,0,1
9851,216,133,72,0,0,0,3,0,0
9852,144,89,55,0,0,0,0,0,1
9853,77,60,27,0,0,0,8,0,1
9854,47,34,8,0,0,0,5,0,1
9855,137,92,48,0,0,0,12,0,0
9856,357,198,105,1,1,3,21,1,0
9857,88,67,34,0,0,0,2,0,0
9858,149,59,24,0,0,13,15,0,0
9859,5,5,0,0,0,0,1,0,0
9860,5,4,0,0,0,0,2,0,0
9861,116,95,29,0,0,0,7,1,1
9862,97,66,36,0,0,0,19,2,1
9863,162,88,41,0,0,0,25,0,0
9864,54,49,13,0,0,0,3,0,1
9865,102,68,6,0,0,0,25,0,1
9866,78,61,3,0,0,0,19,0,1
9867,123,80,50,0,0,0,2,1,0
9868,66,45,30,0,0,0,8,0,0
9869,24,22,0,0,0,0,4,0,0
9870,117,92,36,0,0,0,3,0,1
9871,42,37,13,0,0,0,6,0,0
9872,331,155,121,0,0,0,24,1,0
9873,135,97,33,1,1,3,21,0,0
9874,38,35,7,0,0,0,6,0,1
9875,107,106,4,0,0,0,13,0,1
9876,89,68,35,0,0,0,1,0,0
9877,163,87,64,0,0,0,2,0,0
9878,824,288,224,0,0,29,84,1,0
9879,38,30,4,0,0,0,0,0,1
9880,137,81,67,0,0,0,1,0,0
9881,109,86,19,0,0,0,12,0,1
9882,78,59,21,0,0,1,9,0,0
9883,178,127,37,0,0,0,20,0,0
9884,531,173,118,0,0,22,53,0,0
9885,57,40,27,0,0,0,2,0,0
9886,73,58,28,0,0,0,3,1,1
9887,39,37,8,0,0,0,0,0,1
9888,27,24,10,0,0,0,2,0,0
9889,150,96,46,1,1,0,4,0,0
9890,69,63,4,0,0,0,48,0,1
9891,18,17,7,1,1,0,2,0,0
9892,714,347,208,0,0,0,75,0,0
9893,40,31,2,0,0,0,5,0,0
9894,178,127,60,1,1,0,11,0,0
9895,229,127,28,0,0,0,39,0,1
9896,46,40,17,0,0,0,2,0,0
9897,49,39,11,0,0,0,6,0,0
9898,262,134,95,0,0,6,10,0,0
9899,102,72,34,0,0,0,1,0,0
9900,35,32,3,0,0,0,4,0,0
9901,57,45,1,0,0,0,19,0,1
9902,130,97,47,0,0,0,14,0,1
9903,107,83,36,0,0,0,8,0,1
9904,474,186,52,0,0,0,315,0,1
9905,310,189,86,0,0,1,34,0,0
9906,105,75,38,0,0,0,2,0,1
9907,44,42,12,0,0,0,4,0,0
9908,158,104,57,0,0,0,2,0,1
9909,34,28,12,0,0,0,3,0,0
9910,107,69,27,0,0,1,5,0,0
9911,121,69,41,1,1,0,1,0,1
9912,108,85,40,0,0,0,2,0,1
9913,146,97,49,0,0,0,6,0,1
9914,53,41,20,0,0,0,1,0,0
9915,170,121,69,0,0,0,11,0,1
9916,202,183,2,0,0,0,132,0,1
9917,364,191,142,0,0,0,18,1,0
9918,59,52,14,0,0,0,3,1,0
9919,915,412,256,0,0,0,59,2,1
9920,99,75,25,0,0,0,4,0,1
9921,345,189,123,0,0,0,6,1,0
9922,158,99,55,0,0,0,4,0,0
9923,373,194,110,0,0,3,22,0,0
9924,178,123,60,0,0,0,18,1,0
9925,13,13,5,0,0,0,0,0,0
9926,73,56,30,0,0,0,2,0,1
9927,113,86,27,3,3,1,12,0,1
9928,687,301,22,0,0,1,329,0,0
9929,34,25,7,0,0,0,10,0,1
9930,72,61,17,0,0,0,5,0,1
9931,48,43,15,0,0,0,0,0,1
9932,158,104,43,0,0,0,10,1,1
9933,62,54,11,0,0,0,5,0,1
9934,50,40,20,0,0,0,1,0,0
9935,2679,1095,481,17,7,2,264,4,0
9936,97,79,21,0,0,0,16,1,1
9937,199,182,24,0,0,0,10,0,1
9938,2000,674,617,13,5,0,71,3,0
9939,59,50,16,0,0,0,4,0,1
9940,184,102,7,0,0,3,59,0,0
9941,22,21,7,0,0,0,0,0,0
9942,292,153,121,0,0,0,6,0,0
9943,58,48,23,0,0,0,6,0,1
9944,66,54,3,0,0,0,37,0,1
9945,20,15,6,0,0,0,0,0,1
9946,1197,490,389,0,0,11,62,3,0
9947,360,144,58,0,0,0,86,0,0
9948,205,110,62,0,0,4,24,0,0
9949,19,17,5,0,0,0,0,0,0
9950,79,68,14,0,0,0,16,0,1
9951,401,223,123,0,0,0,13,1,0
9952,71,61,25,0,0,0,2,0,1
9953,719,301,217,0,0,0,56,1,0
9954,255,131,43,9,3,11,35,0,0
9955,15,15,5,0,0,0,3,0,0
9956,124,101,20,0,0,0,8,0,1
9957,26,20,15,0,0,0,1,0,1
9958,98,77,24,0,0,0,4,0,1
9959,251,96,63,0,0,0,5,0,0
9960,19,19,6,0,0,0,1,0,0
9961,46,37,11,0,0,0,0,0,1
9962,385,179,90,0,0,0,39,1,0
9963,206,156,56,0,0,0,19,0,0
9964,575,155,80,31,3,4,105,1,0
9965,169,104,46,0,0,0,0,1,1
9966,8,8,1,0,0,0,1,0,0
9967,53,44,10,0,0,0,24,0,1
9968,280,140,64,0,0,0,28,1,0
9969,469,214,194,2,2,1,12,0,1
9970,49,38,9,0,0,0,3,0,1
9971,494,284,162,0,0,1,23,1,1
9972,54,49,10,0,0,0,5,0,1
9973,109,70,38,0,0,0,0,0,1
9974,99,77,23,2,1,1,7,0,1
9975,11,9,5,0,0,0,1,0,1
9976,59,49,18,0,0,0,2,0,1
9977,118,88,45,0,0,0,6,1,1
9978,37,34,8,0,0,0,4,0,1
9979,185,116,52,0,0,0,12,1,0
9980,215,115,87,0,0,0,1,0,1
9981,79,69,14,0,0,0,15,0,1
9982,125,98,44,0,0,0,8,0,1
9983,83,63,25,0,0,0,1,0,0
9984,231,128,90,0,0,0,0,0,0
9985,27,21,6,0,0,0,2,0,0
9986,31,28,0,0,0,0,5,0,0
9987,91,66,33,0,0,2,6,0,0
9988,576,263,238,0,0,0,6,1,1
9989,109,75,19,0,0,1,10,0,0
9990,100,75,41,0,0,0,0,0,0
9991,371,194,130,0,0,0,11,1,1
9992,7,7,1,0,0,0,0,0,1
9993,300,159,66,1,1,3,21,1,0
9994,35,31,9,1,1,0,5,0,0
9995,183,113,49,0,0,0,17,0,1
9996,1269,409,483,0,0,0,21,3,1
9997,58,48,23,0,0,0,7,0,1
9998,49,42,16,0,0,0,2,0,1
9999,62,48,24,0,0,0,6,0,0
10000,128,25,8,0,0,0,28,0,0
10001,155,111,47,0,0,0,9,1,1
10002,153,97,39,0,0,1,26,0,0
10003,9,9,5,0,0,0,2,0,0
10004,17,17,8,0,0,0,0,0,0
10005,45,34,17,1,1,0,3,0,1
10006,40,39,5,0,0,0,8,0,1
10007,102,69,6,0,0,0,28,0,1
10008,45,35,19,0,0,0,0,0,1
10009,48,37,23,0,0,0,3,0,1
10010,133,110,22,0,0,0,6,0,1
10011,14,14,4,0,0,0,0,0,0
10012,46,45,6,0,0,0,1,0,1
10013,102,74,34,1,1,0,4,0,0
10014,103,73,37,0,0,0,3,0,0
10015,200,129,37,1,1,9,52,0,0
10016,22,18,0,0,0,0,1,0,0
10017,42,33,9,1,1,0,11,0,0
10018,18,18,5,0,0,0,1,0,0
10019,204,118,54,0,0,8,18,1,0
10020,350,175,108,2,1,0,5,0,0
10021,955,292,259,1,1,1,15,1,0
10022,180,126,41,4,4,2,14,0,1
10023,170,59,10,0,0,0,67,0,1
10024,8,8,4,0,0,0,0,0,1
10025,91,48,8,0,0,0,9,0,1
10026,107,74,35,0,0,0,7,0,0
10027,67,64,7,0,0,0,16,0,1
10028,377,210,149,1,1,1,11,1,0
10029,9,9,2,0,0,0,1,0,0
10030,8,8,3,0,0,0,0,1,0
10031,62,52,19,0,0,0,3,0,0
10032,29,27,7,0,0,0,1,0,1
10033,136,106,23,0,0,0,2,0,1
10034,887,363,291,0,0,1,30,1,1
10035,66,53,22,0,0,0,1,2,1
10036,399,185,134,3,1,3,15,0,0
10037,2689,731,1070,0,0,0,44,1,1
10038,78,50,19,3,3,1,12,0,1
10039,12,12,5,0,0,0,3,0,1
10040,60,52,20,0,0,0,5,0,1
10041,40,38,7,0,0,0,0,0,1
10042,414,173,109,0,0,5,45,0,0
10043,533,302,171,0,0,0,98,0,1
10044,83,67,26,0,0,0,11,0,1
10045,166,119,57,0,0,2,13,0,0
10046,68,59,19,0,0,0,1,0,1
10047,242,137,97,1,1,4,14,0,0
10048,39,34,17,0,0,0,2,0,0
10049,48,39,8,0,0,0,23,0,1
10050,86,59,26,1,1,1,10,0,0
10051,241,149,70,0,0,0,22,0,1
10052,75,59,25,1,1,0,2,1,0
10053,53,44,22,0,0,0,0,1,0
10054,185,113,55,0,0,0,14,0,0
10055,13,10,0,0,0,1,4,0,0
10056,51,47,14,0,0,0,4,0,1
10057,102,69,6,0,0,0,27,0,1
10058,157,85,69,0,0,0,11,0,0
10059,63,62,2,0,0,0,38,0,1
10060,10,9,7,0,0,0,0,0,0
10061,40,34,9,1,1,0,7,0,0
10062,16,15,2,0,0,0,2,0,0
10063,1663,558,632,5,5,1,15,0,1
10064,101,78,31,3,3,2,14,0,1
10065,735,285,245,0,0,0,86,1,0
10066,38,28,16,0,0,0,0,0,0
10067,80,67,26,0,0,0,8,0,1
10068,110,76,28,1,1,4,12,0,0
10069,573,302,184,0,0,0,20,2,1
10070,56,43,25,0,0,0,1,0,0
10071,158,97,49,0,0,0,5,0,1
10072,487,233,192,0,0,0,28,0,0
10073,480,278,159,0,0,1,21,1,1
10074,23,19,8,1,1,1,3,0,1
10075,77,57,31,1,1,0,4,1,1
10076,135,96,36,3,1,0,18,0,0
10077,90,77,19,0,0,0,9,0,1
10078,193,122,79,0,0,0,4,0,1
10079,213,118,84,0,0,0,0,1,1
10080,307,137,84,0,0,0,44,1,0
10081,79,63,19,1,1,0,2,1,0
10082,762,353,319,0,0,0,12,3,1
10083,100,82,32,0,0,0,16,0,1
10084,908,327,188,51,2,0,86,1,0
10085,127,85,20,0,0,0,19,0,1
10086,89,66,36,0,0,0,1,0,0
10087,169,91,32,0,0,0,16,0,1
10088,45,35,22,0,0,0,0,0,0
10089,126,121,8,0,0,0,35,0,1
10090,355,182,116,6,5,1,10,1,1
10091,186,123,56,0,0,0,4,0,1
10092,23,22,9,0,0,0,1,0,0
10093,150,99,66,0,0,0,7,0,0
10094,169,106,73,0,0,0,7,0,0
10095,74,61,21,3,3,0,2,0,1
10096,47,37,9,0,0,0,5,0,1
10097,84,70,26,0,0,0,2,1,1
10098,163,104,55,0,0,0,8,0,1
10099,377,201,119,1,1,1,6,0,1
10100,149,107,57,0,0,0,17,0,1
10101,730,339,274,0,0,0,34,2,1
10102,379,224,103,0,0,0,36,0,1
10103,114,75,51,4,3,0,5,0,1
10104,10,10,5,0,0,0,1,0,0
10105,314,162,128,0,0,0,17,0,0
10106,221,138,61,0,0,0,23,0,1
10107,94,73,33,0,0,0,0,2,1
10108,174,118,59,0,0,0,5,1,0
10109,715,398,234,0,0,0,53,0,0
10110,76,57,24,1,1,1,12,1,0
10111,5,5,2,0,0,0,0,0,0
10112,126,79,40,0,0,0,8,0,1
10113,408,229,154,0,0,0,21,0,1
10114,174,102,64,0,0,0,8,0,1
10115,66,51,22,0,0,0,2,0,1
10116,37,34,13,0,0,0,2,0,0
10117,652,308,201,0,0,3,24,0,0
10118,23,22,4,0,0,0,3,0,0
10119,21,21,5,0,0,0,1,0,0
10120,89,77,25,0,0,2,7,0,0
10121,85,70,24,0,0,0,4,0,1
10122,377,127,25,0,0,0,156,1,1
10123,123,81,45,0,0,0,4,0,0
10124,65,46,21,0,0,0,5,0,1
10125,68,62,9,0,0,0,13,0,1
10126,349,195,143,0,0,0,4,1,1
10127,1172,411,383,0,0,5,131,2,0
10128,47,33,12,0,0,0,3,0,1
10129,154,96,43,0,0,0,25,0,0
10130,514,218,147,0,0,4,40,0,0
10131,344,164,112,0,0,0,4,2,1
10132,210,126,71,0,0,0,9,0,1
10133,24,22,0,0,0,0,4,0,0
10134,99,74,31,0,0,0,3,0,0
10135,29,27,6,0,0,0,2,0,0
10136,68,48,20,0,0,0,3,0,1
10137,44,37,13,0,0,0,8,0,1
10138,135,89,43,2,1,0,12,0,0
10139,77,65,23,0,0,0,11,1,1
10140,263,153,41,0,0,1,68,1,0
10141,222,123,56,0,0,0,12,1,1
10142,392,232,115,1,1,2,34,1,0
10143,221,139,60,0,0,0,14,0,1
10144,160,94,37,0,0,0,10,0,1
10145,15,15,9,0,0,0,0,0,0
10146,86,67,34,0,0,0,0,0,0
10147,148,103,61,0,0,0,9,0,1
10148,45,44,8,0,0,0,2,1,1
10149,104,67,33,1,1,2,10,0,1
10150,55,54,6,0,0,0,1,0,1
10151,369,208,148,0,0,0,3,2,1
10152,119,87,29,1,1,0,9,1,1
10153,186,109,62,0,0,0,22,1,0
10154,107,81,33,0,0,0,5,0,1
10155,42,37,7,0,0,0,0,0,1
10156,224,150,84,0,0,0,15,1,1
10157,140,85,34,9,3,0,22,0,0
10158,80,69,23,0,0,1,7,0,0
10159,7,7,1,0,0,0,2,0,1
10160,156,96,45,0,0,0,3,0,1
10161,52,39,22,0,0,0,1,0,0
10162,144,91,33,0,0,1,19,0,0
10163,892,374,298,3,3,1,30,0,1
10164,73,61,12,0,0,0,22,0,1
10165,119,80,48,1,1,0,4,0,0
10166,76,61,23,0,0,0,7,0,1
10167,106,83,27,2,1,1,4,0,1
10168,920,510,203,1,1,0,59,1,0
10169,28,25,13,0,0,0,0,0,0
10170,133,86,36,0,0,0,21,0,0
10171,290,187,47,0,0,40,83,0,0
10172,27,20,10,0,0,0,1,0,0
10173,927,366,392,0,0,0,13,2,1
10174,166,81,37,4,1,0,7,0,0
10175,233,129,91,0,0,0,5,0,1
10176,118,74,14,0,0,1,38,0,0
10177,208,143,81,0,0,0,4,0,1
10178,407,202,148,0,0,0,4,0,0
10179,81,62,26,0,0,2,3,0,0
10180,73,57,19,2,1,0,2,0,1
10181,214,209,14,0,0,0,168,0,1
10182,173,101,55,0,0,0,0,1,0
10183,225,61,82,0,0,0,20,0,1
10184,73,58,24,1,1,1,1,2,1
10185,191,107,57,0,0,0,29,0,0
10186,24,21,2,0,0,0,1,0,0
10187,335,185,132,0,0,0,11,2,1
10188,247,151,97,6,6,1,10,1,1
10189,27,27,7,0,0,0,2,0,0
10190,28,25,7,0,0,0,1,0,0
10191,67,45,20,0,0,0,7,0,0
10192,58,52,21,0,0,0,0,0,0
10193,83,63,25,0,0,0,8,0,0
10194,87,67,28,0,0,0,6,0,0
10195,132,70,22,0,0,0,20,0,0
10196,25,24,7,0,0,0,1,0,0
10197,134,105,22,0,0,0,8,0,1
10198,207,94,38,0,0,0,8,0,1
10199,62,54,21,0,0,0,3,0,1
10200,65,49,18,0,0,2,10,0,0
10201,129,84,58,0,0,0,1,0,1
10202,419,221,172,0,0,0,7,2,1
10203,69,61,10,0,0,0,16,0,1
10204,19,19,4,0,0,0,0,0,1
10205,534,230,190,0,0,0,15,1,0
10206,1006,403,343,0,0,0,16,3,1
10207,34,26,10,0,0,0,1,0,1
10208,339,218,94,0,0,0,24,1,1
10209,103,91,14,0,0,0,11,0,1
10210,108,77,23,0,0,0,8,0,0
10211,261,177,50,0,0,2,27,1,0
10212,821,263,275,2,1,4,64,0,0
10213,141,111,50,0,0,0,5,1,1
10214,48,39,10,0,0,0,4,0,1
10215,21,21,5,0,0,0,2,0,0
10216,69,50,27,0,0,0,6,0,0
10217,93,73,30,0,0,0,7,0,0
10218,461,247,155,0,0,0,13,0,1
10219,123,86,26,0,0,2,29,0,0
10220,505,247,198,0,0,0,20,2,0
10221,476,246,137,6,6,3,31,1,1
10222,409,224,178,0,0,0,6,1,1
10223,158,104,8,0,0,19,39,0,0
10224,332,207,80,0,0,2,50,0,0
10225,93,75,18,0,0,0,15,1,1
10226,8,8,1,0,0,0,0,0,1
10227,394,240,107,4,1,2,46,1,0
10228,57,48,9,0,0,0,9,0,1
10229,294,159,114,0,0,0,17,1,1
10230,431,424,14,0,0,0,391,0,1
10231,134,93,43,0,0,0,6,0,0
10232,58,54,13,0,0,1,5,0,0
10233,19,18,4,0,0,0,1,0,0
10234,132,92,35,1,1,3,15,0,0
10235,226,121,6,0,0,0,115,0,1
10236,65,56,15,0,0,1,6,0,0
10237,79,69,14,0,0,0,20,0,1
10238,58,47,23,0,0,0,5,0,1
10239,98,62,16,0,0,0,43,0,0
10240,191,129,58,0,0,0,11,0,1
10241,71,56,25,0,0,0,8,0,0
10242,143,92,51,0,0,0,6,0,1
10243,192,126,49,3,3,3,14,1,1
10244,56,49,27,0,0,0,0,0,1
10245,153,102,54,0,0,1,7,0,0
10246,38,33,13,0,0,0,7,1,0
10247,549,294,154,0,0,0,21,0,1
10248,35,30,17,0,0,0,1,0,0
10249,54,43,10,0,0,0,11,0,1
10250,251,138,62,0,0,0,40,0,0
10251,116,74,25,3,1,2,18,0,1
10252,32,25,16,0,0,0,2,0,0
10253,85,66,24,0,0,0,10,0,1
10254,71,55,19,0,0,0,2,1,0
10255,2870,972,904,0,0,0,144,4,1
10256,700,302,239,1,1,11,65,1,0
10257,11,10,0,0,0,0,2,0,0
10258,112,87,28,0,0,0,8,0,1
10259,45,45,0,0,0,0,2,0,1
10260,115,69,42,0,0,0,11,0,1
10261,60,48,22,0,0,0,5,0,1
10262,8,8,4,0,0,0,0,0,0
10263,146,83,39,0,0,2,23,1,0
10264,178,127,57,3,2,1,5,0,1
10265,13,12,4,0,0,0,1,0,0
10266,209,141,38,0,0,0,22,1,1
10267,7,7,1,0,0,0,0,0,1
10268,1010,462,338,0,0,0,40,0,1
10269,32,30,11,0,0,0,2,0,0
10270,358,207,14,0,0,0,176,0,1
10271,6,6,0,0,0,0,1,0,1
10272,405,215,119,0,0,0,47,0,0
10273,92,76,19,0,0,0,25,1,1
10274,51,46,16,0,0,0,1,0,0
10275,87,61,36,0,0,0,2,0,0
10276,274,153,71,1,1,11,36,1,0
10277,161,103,51,0,0,0,3,0,0
10278,98,73,24,0,0,0,4,0,1
10279,304,164,109,0,0,0,20,0,0
10280,492,204,176,0,0,0,21,1,0
10281,252,181,5,0,0,0,54,0,1
10282,42,38,9,0,0,0,3,1,0
10283,31,25,11,0,0,0,3,0,1
10284,69,66,2,0,0,0,1,0,1
10285,136,90,48,0,0,0,12,0,0
10286,146,96,49,0,0,0,4,0,1
10287,67,57,22,0,0,0,2,0,0
10288,6,6,3,0,0,0,0,0,0
10289,225,137,61,4,4,1,12,0,1
10290,149,102,43,0,0,0,11,1,1
10291,108,81,36,0,0,0,5,1,1
10292,46,43,10,0,0,0,1,0,1
10293,242,118,84,0,0,4,7,1,0
10294,108,81,37,0,0,0,10,1,1
10295,62,44,14,0,0,0,4,0,1
10296,717,688,20,0,0,0,78,0,1
10297,409,212,180,0,0,0,10,0,1
10298,7,7,1,0,0,0,0,0,1
10299,446,251,113,0,0,1,77,1,0
10300,34,32,9,0,0,0,1,0,0
10301,84,77,1,0,0,0,1,0,1
10302,104,80,26,0,0,4,9,0,0
10303,131,95,36,0,0,4,18,0,0
10304,577,261,156,4,3,0,60,0,0
10305,27,23,7,1,1,0,2,0,0
10306,74,65,9,0,0,0,18,0,1
10307,229,210,8,0,0,0,32,0,1
10308,216,118,81,0,0,0,5,2,1
10309,27,26,2,0,0,0,5,0,1
10310,458,212,162,0,0,2,45,0,0
10311,76,56,32,0,0,0,4,0,1
10312,58,49,14,0,0,0,6,2,1
10313,28,28,9,0,0,0,1,0,0
10314,105,49,17,0,0,12,10,0,0
10315,49,40,10,0,0,0,2,0,1
10316,210,122,27,1,1,3,32,1,0
10317,49,38,21,0,0,0,3,0,0
10318,417,227,98,0,0,0,18,1,0
10319,328,156,100,0,0,8,23,2,0
10320,53,46,19,0,0,0,2,0,0
10321,413,208,123,0,0,0,23,2,0
10322,575,267,196,0,0,0,28,1,1
10323,121,89,38,0,0,0,4,0,1
10324,113,68,44,0,0,0,4,1,1
10325,140,103,53,0,0,0,3,0,0
10326,40,32,13,0,0,0,1,1,0
10327,9,9,2,0,0,0,0,0,1
10328,556,260,187,0,0,0,57,0,0
10329,84,43,37,0,0,0,2,0,0
10330,129,78,63,0,0,0,5,0,0
10331,52,52,0,0,0,0,7,0,1
10332,32,28,11,0,0,0,3,0,0
10333,104,79,27,0,0,0,4,0,0
10334,72,61,12,0,0,0,20,0,1
10335,954,454,319,0,0,0,30,2,1
10336,22,22,5,0,0,0,1,1,1
10337,67,54,24,0,0,0,1,0,0
10338,54,43,4,0,0,3,13,1,0
10339,189,116,49,0,0,0,5,0,0
10340,112,68,2,1,1,16,32,0,0
10341,20,20,8,0,0,0,2,0,0
10342,261,245,5,0,0,0,50,0,1
10343,64,52,28,0,0,0,1,0,0
10344,605,251,185,8,2,0,11,1,0
10345,282,122,55,14,3,13,42,0,0
10346,360,148,132,0,0,0,36,1,0
10347,605,281,188,0,0,0,7,1,1
10348,106,76,42,0,0,0,11,0,0
10349,50,40,21,0,0,0,0,0,0
10350,9,9,2,0,0,0,1,0,0
10351,128,86,54,0,0,1,2,0,0
10352,456,170,114,0,0,0,88,0,0
10353,111,57,30,0,0,0,1,0,0
10354,161,102,61,1,1,0,8,0,0
10355,343,157,129,0,0,3,20,0,0
10356,58,52,18,0,0,0,14,0,1
10357,112,82,35,0,0,0,13,0,0
10358,39,38,12,0,0,0,2,1,1
10359,517,232,160,0,0,0,21,0,0
10360,510,248,46,0,0,0,131,0,0
10361,28,25,12,0,0,0,3,0,0
10362,19,19,7,0,0,0,0,0,0
10363,184,135,5,0,0,0,38,0,1
10364,24,24,0,0,0,0,10,0,1
10365,357,172,131,0,0,0,9,0,0
10366,227,141,55,5,1,2,18,2,0
10367,193,111,58,0,0,0,25,0,0
10368,556,255,149,0,0,1,114,0,0
10369,658,344,209,0,0,0,93,0,1
10370,196,123,66,2,1,0,10,1,0
10371,209,116,91,0,0,0,0,0,0
10372,298,170,102,0,0,5,19,0,0
10373,521,188,176,0,0,0,5,0,0
10374,102,68,6,0,0,0,28,0,1
10375,57,53,12,0,0,0,1,0,1
10376,448,214,170,0,0,1,10,0,0
10377,149,126,33,0,0,0,10,0,1
10378,362,210,136,0,0,0,26,2,1
10379,50,45,20,0,0,0,1,0,1
10380,42,39,11,0,0,0,1,0,1
10381,351,187,111,1,1,1,4,1,1
10382,146,87,50,0,0,0,5,2,1
10383,142,132,22,0,0,0,12,1,1
10384,11,10,2,0,0,0,2,0,0
10385,63,52,20,0,0,0,3,0,0
10386,70,54,20,0,0,0,1,0,1
10387,24,22,0,0,0,0,4,0,0
10388,40,33,12,0,0,0,1,0,1
10389,225,129,69,0,0,0,9,1,1
10390,80,62,23,1,1,2,8,0,0
10391,1230,536,421,0,0,0,155,2,1
10392,367,122,44,0,0,0,107,1,0
10393,296,194,75,0,0,0,37,0,1
10394,166,89,39,1,1,4,15,0,0
10395,103,78,25,0,0,0,11,0,1
10396,34,33,7,0,0,0,1,1,1
10397,439,165,163,0,0,10,27,1,0
10398,123,89,43,0,0,0,7,0,1
10399,143,80,16,5,4,7,39,0,0
10400,117,80,40,0,0,0,11,0,1
10401,54,41,8,0,0,0,8,1,1
10402,59,49,19,0,0,0,7,1,0
10403,176,84,53,0,0,0,10,0,1
10404,113,82,21,0,0,0,14,0,1
10405,48,41,17,0,0,0,1,0,1
10406,38,38,6,0,0,0,0,1,1
10407,201,119,69,3,1,0,10,0,0
10408,59,45,20,0,0,0,3,0,0
10409,415,198,97,0,0,10,64,0,0
10410,46,45,3,0,0,0,2,0,1
10411,27,22,11,0,0,0,0,0,0
10412,327,192,105,0,0,0,20,1,1
10413,13,13,4,0,0,0,0,0,0
10414,401,193,182,0,0,0,2,2,1
10415,146,81,15,0,0,0,42,0,1
10416,774,271,235,2,2,2,77,1,0
10417,346,186,118,0,0,0,12,1,1
10418,168,102,57,0,0,0,5,0,0
10419,921,373,322,0,0,0,20,2,1
10420,279,156,100,0,0,0,4,0,1
10421,203,137,70,0,0,0,14,0,1
10422,127,80,28,0,0,5,13,1,0
10423,138,88,64,0,0,0,9,0,0
10424,46,35,16,0,0,0,3,0,0
10425,412,228,121,0,0,0,44,1,1
10426,45,41,4,0,0,0,2,0,1
10427,66,51,30,0,0,0,0,0,0
10428,262,153,91,0,0,2,4,1,1
10429,18,17,3,0,0,0,0,0,0
10430,40,37,7,0,0,0,2,0,1
10431,180,106,27,0,0,1,50,0,0
10432,114,80,33,0,0,0,1,1,0
10433,163,84,45,0,0,1,50,0,0
10434,114,75,51,4,3,0,5,0,1
10435,84,62,37,0,0,0,0,0,1
10436,132,88,42,0,0,0,5,0,0
10437,414,216,167,0,0,0,7,0,0
10438,36,31,12,0,0,0,0,0,0
10439,245,131,21,1,1,0,76,0,0
10440,501,491,10,0,0,0,44,0,1
10441,468,217,185,0,0,0,9,2,1
10442,455,227,142,0,0,0,6,1,1
10443,11,11,5,0,0,0,0,0,0
10444,165,100,50,0,0,3,17,0,0
10445,240,137,89,0,0,0,14,0,0
10446,811,287,315,0,0,0,19,2,1
10447,601,308,227,2,2,2,21,1,0
10448,199,110,88,0,0,0,8,0,0
10449,205,108,58,0,0,4,16,0,0
10450,1394,596,486,0,0,0,136,2,1
10451,201,120,53,0,0,6,29,0,0
10452,102,71,36,0,0,1,6,1,0
10453,322,182,86,2,1,2,31,0,0
10454,8,8,1,0,0,0,0,0,0
10455,195,146,64,0,0,2,8,0,1
10456,128,72,27,0,0,1,4,0,0
10457,61,57,8,0,0,0,17,0,1
10458,243,99,64,0,0,1,4,0,0
10459,73,61,22,1,1,1,5,0,0
10460,132,88,38,0,0,0,4,0,1
10461,10,10,5,0,0,0,0,0,0
10462,135,71,58,0,0,0,1,0,1
10463,105,65,32,0,0,0,5,0,0
10464,127,95,44,0,0,0,6,1,0
10465,388,202,51,0,0,0,24,0,1
10466,96,72,31,0,0,0,6,0,0
10467,123,99,24,0,0,3,18,1,0
10468,203,137,48,3,3,2,15,1,1
10469,39,38,16,0,0,0,3,1,0
10470,425,215,183,0,0,2,13,3,1
10471,80,61,25,0,0,2,3,0,0
10472,205,138,73,1,1,1,10,0,0
10473,82,65,24,0,0,0,7,0,1
10474,62,55,21,0,0,0,4,0,1
10475,401,208,148,3,3,3,22,2,1
10476,56,47,6,0,0,0,4,0,1
10477,16,16,0,0,0,0,3,0,0
10478,140,107,43,0,0,0,15,0,0
10479,163,96,74,0,0,0,0,1,1
10480,163,79,54,0,0,0,21,0,0
10481,59,57,2,0,0,0,10,0,1
10482,70,64,11,0,0,0,12,0,1
10483,240,125,64,0,0,1,17,1,0
10484,278,202,72,0,0,0,54,0,1
10485,883,334,293,0,0,0,100,1,0
10486,1316,437,540,0,0,0,11,3,1
10487,30,28,12,0,0,0,2,0,0
10488,119,94,36,0,0,0,3,0,1
10489,165,131,37,0,0,0,31,0,1
10490,1958,541,787,0,0,0,18,1,1
10491,240,154,87,0,0,0,11,0,0
10492,2117,771,609,2,2,1,77,3,0
10493,87,70,22,0,0,0,11,0,1
10494,32,29,13,0,0,0,2,0,0
10495,59,49,23,0,0,0,0,0,1
10496,396,192,122,0,0,1,9,1,1
10497,263,135,76,0,0,0,10,0,1
10498,191,122,71,0,0,0,14,0,1
10499,428,221,135,0,0,0,15,1,1
10500,49,37,18,0,0,0,2,0,0
10501,1236,534,412,0,0,0,101,1,1
10502,19,19,0,0,0,0,11,0,1
10503,82,68,23,0,0,0,12,1,1
10504,29,26,11,0,0,0,0,0,0
10505,490,236,67,0,0,0,31,0,1
10506,4,4,0,0,0,0,0,0,1
10507,872,395,303,2,1,1,22,1,1
10508,313,170,107,1,1,1,21,0,0
10509,67,67,2,0,0,0,11,0,1
10510,177,158,25,0,0,0,97,0,1
10511,138,96,38,2,1,0,6,0,1
10512,692,360,177,1,1,1,70,0,0
10513,34,30,15,0,0,0,2,0,0
10514,837,222,268,0,0,4,48,0,0
10515,287,179,87,0,0,0,22,0,1
10516,58,48,23,0,0,0,11,0,1
10517,19,18,6,0,0,0,2,0,1
10518,55,41,27,0,0,0,1,0,0
10519,124,78,49,4,3,3,11,0,1
10520,774,614,33,0,0,0,204,0,1
10521,31,29,12,0,0,0,1,0,0
10522,39,33,16,0,0,0,0,0,0
10523,66,65,7,0,0,0,9,0,1
10524,149,106,49,0,0,0,16,0,1
10525,137,96,50,0,0,0,1,0,1
10526,264,142,65,0,0,4,56,1,0
10527,280,175,92,1,1,0,7,0,0
10528,76,73,1,0,0,0,2,0,1
10529,87,61,39,0,0,0,9,0,0
10530,8,8,3,0,0,0,0,0,1
10531,640,243,217,0,0,0,15,0,0
10532,137,78,38,0,0,0,17,0,0
10533,243,159,85,0,0,4,11,0,0
10534,23,22,5,0,0,0,6,0,1
10535,179,125,54,0,0,0,12,0,1
10536,39,37,13,0,0,0,9,0,0
10537,112,74,21,0,0,1,25,0,0
10538,96,64,27,0,0,0,14,0,0
10539,101,100,5,0,0,0,15,0,1
10540,79,56,37,0,0,0,0,0,0
10541,52,39,19,0,0,0,3,0,0
10542,69,51,28,0,0,0,7,0,0
10543,71,59,24,0,0,0,2,0,1
10544,467,238,193,0,0,0,6,1,1
10545,51,46,10,0,0,0,3,0,1
10546,24,19,3,0,0,0,13,0,1
10547,101,71,39,0,0,1,3,0,0
10548,24,22,0,0,0,0,4,0,0
10549,1543,555,534,0,0,0,42,1,1
10550,109,81,41,0,0,0,3,0,0
10551,46,46,2,0,0,0,10,0,1
10552,80,55,23,0,0,1,15,0,0
10553,204,123,62,0,0,0,8,0,0
10554,152,108,50,0,0,0,2,0,1
10555,543,314,171,0,0,0,91,0,1
10556,363,194,90,0,0,1,13,1,1
10557,67,60,8,0,0,0,12,0,1
10558,195,120,50,0,0,0,13,1,0
10559,309,179,115,14,6,0,13,0,0
10560,122,58,18,0,0,0,14,1,0
10561,549,537,9,0,0,0,53,0,1
10562,102,75,39,2,2,0,4,0,1
10563,131,76,24,0,0,0,47,0,0
10564,66,63,8,0,0,0,15,0,1
10565,73,54,29,2,2,2,8,0,1
10566,30,28,3,0,0,0,14,0,1
10567,224,143,71,0,0,0,7,0,1
10568,85,45,17,0,0,0,21,0,0
10569,176,121,60,0,0,0,5,1,1
10570,3011,787,1232,0,0,0,36,2,1
10571,29,28,4,0,0,0,11,0,1
10572,23,21,3,0,0,0,0,0,0
10573,1944,174,63,0,0,0,569,0,1
10574,14,13,6,0,0,0,0,0,0
10575,606,276,260,1,1,3,26,1,1
10576,260,154,31,0,0,0,66,0,0
10577,142,78,28,0,0,9,20,0,0
10578,89,72,24,0,0,1,1,0,1
10579,44,37,7,0,0,0,1,0,1
10580,311,173,103,0,0,0,22,1,1
10581,801,307,220,11,1,2,65,1,0
10582,155,93,55,0,0,0,10,0,0
10583,70,56,31,0,0,0,2,0,0
10584,67,54,14,4,4,1,15,0,1
10585,885,395,263,0,0,0,94,2,0
10586,43,39,18,0,0,0,1,0,0
10587,235,109,54,0,0,0,18,0,0
10588,12,11,4,0,0,0,0,0,1
10589,237,110,59,0,0,0,20,0,0
10590,45,37,6,0,0,0,1,0,1
10591,21,20,4,0,0,0,4,0,0
10592,335,129,91,4,1,14,26,0,0
10593,60,54,17,0,0,0,2,0,1
10594,37,36,11,0,0,0,2,0,1
10595,330,177,130,0,0,0,8,1,0
10596,57,48,16,0,0,0,0,0,1
10597,32,23,8,0,0,0,3,0,1
10598,178,117,39,4,4,2,27,0,1
10599,36,29,10,0,0,0,0,0,1
10600,13,12,5,0,0,0,1,0,0
10601,641,298,243,0,0,0,41,1,0
10602,95,68,40,0,0,0,4,1,0
10603,1210,482,466,1,1,3,24,0,0
10604,1673,649,429,7,5,0,150,2,0
10605,337,196,122,0,0,0,16,0,1
10606,42,39,13,0,0,0,1,1,1
10607,76,61,20,0,0,2,7,2,0
10608,113,72,25,0,0,0,19,0,0
10609,20,19,7,0,0,0,0,0,0
10610,198,136,41,0,0,9,44,0,0
10611,82,49,29,0,0,0,7,0,0
10612,56,46,18,0,0,2,10,0,0
10613,541,283,159,0,0,0,62,2,1
10614,39,38,4,0,0,0,14,0,1
10615,11,11,3,0,0,0,1,0,0
10616,47,27,6,0,0,0,14,0,1
10617,56,51,14,0,0,0,2,0,0
10618,80,65,33,0,0,0,7,0,1
10619,55,42,28,0,0,0,0,0,0
10620,51,46,8,0,0,2,11,0,0
10621,175,131,44,0,0,0,28,0,1
10622,23,23,5,0,0,0,1,1,1
10623,254,151,64,2,1,8,33,1,0
10624,58,42,17,1,1,0,0,1,0
10625,74,58,26,0,0,0,3,0,1
10626,408,219,158,0,0,0,15,0,1
10627,6,6,3,0,0,0,0,0,1
10628,20,13,0,2,1,0,9,0,0
10629,107,73,47,0,0,0,0,0,0
10630,49,38,13,0,0,0,5,1,1
10631,105,82,21,0,0,0,7,0,1
10632,43,42,5,0,0,0,0,0,1
10633,45,37,20,0,0,0,0,0,0
10634,180,105,61,1,1,3,10,0,0
10635,34,31,14,0,0,0,1,0,1
10636,49,41,18,0,0,0,1,0,0
10637,82,79,6,0,0,0,0,0,1
10638,244,134,94,0,0,3,24,0,0
10639,73,63,14,0,0,1,7,0,0
10640,11,11,3,0,0,0,1,0,0
10641,50,39,20,0,0,0,1,0,0
10642,141,89,48,0,0,0,3,0,1
10643,23,21,9,0,0,0,0,0,0
10644,35,32,15,0,0,0,2,0,0
10645,11,11,4,0,0,0,0,0,0
10646,12,12,2,0,0,0,2,0,1
10647,93,72,18,0,0,6,21,0,0
10648,150,115,24,1,1,0,8,0,0
10649,82,56,27,0,0,0,8,1,0
10650,112,73,20,1,1,5,10,0,0
10651,643,340,208,0,0,0,71,0,1
10652,75,53,23,0,0,2,6,1,0
10653,517,231,198,0,0,6,24,2,0
10654,67,63,12,0,0,0,2,0,1
10655,9,9,4,0,0,0,0,0,0
10656,85,66,24,0,0,0,11,0,1
10657,237,144,96,0,0,0,15,1,0
10658,75,62,22,0,0,1,9,0,0
10659,829,442,235,3,2,1,57,0,0
10660,61,53,13,0,0,0,17,0,1
10661,59,47,22,0,0,0,0,0,0
10662,33,29,13,0,0,0,2,0,1
10663,210,111,64,0,0,1,17,1,0
10664,65,47,24,1,1,0,0,0,1
10665,320,166,97,6,5,0,17,1,1
10666,77,51,9,0,0,7,25,0,0
10667,63,51,23,0,0,0,3,0,1
10668,185,122,46,0,0,0,30,0,1
10669,406,198,150,0,0,0,8,0,1
10670,184,142,39,0,0,2,21,0,0
10671,301,155,114,0,0,0,10,0,0
10672,85,83,2,0,0,0,15,0,1
10673,60,49,9,0,0,0,7,0,0
10674,110,76,34,0,0,2,13,0,0
10675,32,27,6,0,0,0,6,0,1
10676,85,61,35,0,0,0,3,0,0
10677,127,90,44,0,0,0,4,1,1
10678,21,18,8,0,0,0,1,0,0
10679,688,285,197,0,0,0,7,2,1
10680,121,70,34,0,0,0,19,0,0
10681,1453,608,432,6,4,3,70,1,0
10682,214,119,68,0,0,0,18,1,0
10683,402,208,145,0,0,0,10,2,1
10684,24,19,15,0,0,0,0,0,0
10685,2118,767,549,1,1,0,153,1,1
10686,71,45,15,0,0,0,5,0,0
10687,251,151,69,0,0,2,13,0,0
10688,104,78,30,1,1,0,1,0,0
10689,234,140,92,0,0,0,6,1,1
10690,62,36,4,0,0,0,9,0,0
10691,119,87,38,0,0,4,7,1,0
10692,32,25,6,0,0,0,1,0,1
10693,146,92,36,0,0,0,29,0,0
10694,147,113,47,0,0,0,16,0,1
10695,18,17,3,1,1,0,2,0,0
10696,25,25,4,0,0,0,14,0,1
10697,75,53,16,1,1,1,2,1,0
10698,225,144,68,0,0,0,8,1,1
10699,729,348,185,0,0,0,106,0,1
10700,209,124,78,0,0,0,13,0,0
10701,2876,861,714,9,3,2,243,2,0
10702,45,41,10,0,0,0,3,0,1
10703,127,80,40,0,0,0,9,0,1
10704,64,55,18,0,0,0,9,0,1
10705,128,81,33,4,4,1,17,0,1
10706,47,41,12,2,2,0,8,0,0
10707,5,5,1,0,0,0,0,0,0
10708,100,81,24,0,0,0,2,0,1
10709,189,144,49,0,0,4,16,0,0
10710,61,42,19,2,1,2,5,0,1
10711,255,150,83,2,2,4,18,1,0
10712,82,65,30,0,0,0,4,0,0
10713,167,124,46,0,0,0,8,0,1
10714,42,37,10,0,0,0,0,0,1
10715,350,211,103,3,2,1,18,0,0
10716,28,25,8,0,0,0,0,0,0
10717,9,9,2,0,0,0,2,0,1
10718,19,15,9,0,0,0,2,0,0
10719,105,80,40,1,1,1,6,0,1
10720,326,231,63,1,1,0,40,0,0
10721,295,175,97,0,0,0,11,0,1
10722,81,68,23,0,0,0,11,0,1
10723,91,74,32,0,0,0,5,1,1
10724,214,117,73,0,0,0,4,0,0
10725,204,115,71,0,0,1,10,0,0
10726,50,43,13,0,0,0,15,0,1
10727,66,55,22,0,0,0,2,0,1
10728,574,267,152,5,2,2,34,2,0
10729,478,235,86,0,0,2,74,0,0
10730,100,68,49,0,0,0,3,0,0
10731,215,91,71,0,0,0,9,0,0
10732,588,266,253,1,1,0,6,1,1
10733,47,43,13,0,0,0,1,0,1
10734,39,37,8,0,0,0,1,0,1
10735,111,77,32,2,2,1,19,0,0
10736,223,149,59,0,0,0,8,2,1
10737,140,83,7,0,0,13,47,0,0
10738,85,81,14,0,0,0,12,0,1
10739,34,32,6,0,0,1,5,0,1
10740,272,178,65,0,0,0,4,1,1
10741,256,131,42,1,1,22,54,0,0
10742,23,19,9,0,0,0,0,0,0
10743,79,55,28,2,2,3,10,0,1
10744,26,24,9,0,0,0,0,0,0
10745,476,243,198,1,1,2,26,2,1
10746,16,15,2,0,0,0,0,0,0
10747,38,36,7,0,0,0,3,0,1
10748,169,103,51,0,0,3,10,0,0
10749,991,413,360,0,0,0,73,0,0
10750,117,87,26,0,0,0,10,1,1
10751,51,46,5,0,0,0,13,1,1
10752,1280,527,379,9,5,2,37,1,0
10753,175,105,61,0,0,0,14,1,0
10754,212,125,72,0,0,1,4,0,0
10755,33,31,7,0,0,0,12,0,1
10756,54,46,10,1,1,1,6,0,0
10757,71,63,8,0,0,0,19,0,1
10758,108,81,37,0,0,0,6,1,1
10759,3521,881,1223,0,0,0,64,4,1
10760,21,21,1,0,0,0,8,0,1
10761,8,8,2,0,0,0,0,0,0
10762,142,96,54,0,0,0,5,0,1
10763,178,89,66,0,0,0,5,0,1
10764,139,100,38,0,0,0,3,0,1
10765,152,90,29,0,0,0,30,0,0
10766,25,24,5,0,0,0,1,1,1
10767,141,90,43,0,0,0,8,0,0
10768,325,169,97,2,1,19,49,0,0
10769,59,46,13,0,0,0,2,0,0
10770,215,133,27,1,1,2,24,0,0
10771,72,61,22,0,0,0,1,0,1
10772,51,43,24,0,0,0,4,0,0
10773,302,179,96,0,0,3,12,0,0
10774,43,32,3,0,0,0,4,0,1
10775,20,17,1,0,0,0,0,0,0
10776,172,128,51,0,0,0,17,0,1
10777,72,49,23,0,0,0,7,0,0
10778,107,71,25,0,0,2,8,0,0
10779,23,19,8,1,1,1,3,0,1
10780,9,9,3,0,0,0,0,0,0
10781,109,83,31,1,1,0,4,0,0
10782,138,107,44,2,2,1,10,1,0
10783,112,80,34,3,3,2,13,0,1
10784,59,42,2,0,0,0,17,0,1
10785,57,56,5,0,0,0,1,0,1
10786,132,90,54,0,0,1,3,0,1
10787,106,65,46,0,0,0,4,0,1
10788,55,46,11,0,0,0,21,0,1
10789,41,34,15,0,0,0,4,0,0
10790,178,101,55,3,2,1,7,1,0
10791,46,41,7,0,0,0,10,0,1
10792,406,211,158,0,0,0,12,2,1
10793,85,57,23,0,0,0,2,0,0
10794,24,21,6,0,0,0,1,0,1
10795,306,233,41,0,0,1,79,0,0
10796,17,17,6,0,0,0,2,0,0
10797,89,67,23,0,0,0,8,0,1
10798,14,14,0,0,0,0,11,0,1
10799,368,158,100,0,0,0,24,1,0
10800,165,111,67,0,0,0,1,0,0
10801,856,378,291,0,0,0,47,1,1
10802,567,256,233,0,0,0,21,0,1
10803,102,68,6,0,0,0,26,0,1
10804,343,199,95,0,0,0,10,1,0
10805,33,29,5,0,0,0,10,0,0
10806,1980,659,662,5,1,1,87,2,0
10807,8,8,4,0,0,0,0,0,0
10808,39,33,8,0,0,0,3,0,0
10809,7,3,0,0,0,0,3,0,0
10810,16,14,3,1,1,0,4,0,0
10811,54,43,20,0,0,0,1,0,1
10812,178,131,49,0,0,0,2,1,1
10813,105,78,40,0,0,0,5,0,0
10814,430,202,171,0,0,0,11,0,0
10815,1089,465,332,21,2,2,72,0,0
10816,232,158,63,0,0,1,12,0,0
10817,194,121,66,1,1,1,1,0,0
10818,26,23,9,0,0,0,0,0,0
10819,102,79,26,0,0,0,20,0,1
10820,299,150,81,1,1,1,19,0,0
10821,201,126,63,0,0,3,21,0,0
10822,370,203,117,0,0,0,17,0,1
10823,83,56,45,0,0,0,2,0,0
10824,60,47,26,0,0,0,4,0,0
10825,12,12,2,0,0,0,1,0,1
10826,480,471,19,0,0,0,31,0,1
10827,150,96,54,0,0,0,3,2,1
10828,136,85,34,0,0,1,19,0,0
10829,61,51,22,0,0,0,9,0,1
10830,88,76,28,0,0,0,7,1,1
10831,455,212,185,1,1,0,8,2,1
10832,25,22,9,0,0,0,1,0,1
10833,184,108,60,1,1,0,4,1,1
10834,142,105,41,0,0,2,11,0,0
10835,220,111,17,0,0,0,92,0,0
10836,137,95,31,1,1,0,18,0,0
10837,47,38,7,0,0,0,19,0,0
10838,79,69,14,0,0,0,17,0,1
10839,13,13,4,0,0,0,1,0,0
10840,209,125,55,7,2,2,28,1,0
10841,465,264,131,0,0,0,26,0,1
10842,56,46,19,0,0,0,3,0,0
10843,38,31,8,0,0,1,4,0,0
10844,108,83,24,1,1,0,1,1,1
10845,45,40,15,0,0,0,1,0,0
10846,339,165,157,0,0,0,8,0,0
10847,46,38,15,0,0,0,0,0,1
10848,501,286,157,0,0,0,98,0,1
10849,138,95,57,0,0,1,4,1,0
10850,139,80,49,0,0,0,9,0,1
10851,190,131,63,0,0,0,17,1,1
10852,31,30,12,0,0,0,1,0,0
10853,236,123,83,0,0,0,24,0,0
10854,49,40,13,0,0,0,8,1,1
10855,604,322,176,0,0,4,57,0,0
10856,192,95,47,0,0,0,32,0,0
10857,18,17,9,0,0,0,0,0,0
10858,249,148,79,0,0,0,23,1,0
10859,131,104,41,0,0,0,11,0,0
10860,2578,683,1058,5,5,0,27,1,1
10861,257,157,76,0,0,4,24,1,0
10862,87,63,28,0,0,2,7,1,0
10863,47,39,18,0,0,0,0,0,1
10864,75,61,24,0,0,2,3,0,0
10865,221,145,75,0,0,0,7,0,1
10866,79,63,22,0,0,0,4,0,1
10867,210,123,72,0,0,1,4,0,0
10868,733,312,310,0,0,0,17,2,1
10869,26,24,9,0,0,0,2,0,0
10870,190,117,77,0,0,0,15,0,1
10871,92,62,38,0,0,0,2,0,0
10872,25,24,7,0,0,0,2,0,0
10873,23,22,8,0,0,0,0,0,0
10874,40,36,12,0,0,0,0,0,0
10875,53,40,10,0,0,0,12,0,0
10876,138,91,33,0,0,2,12,0,0
10877,929,395,221,0,0,0,129,0,0
10878,105,83,33,0,0,0,30,0,1
10879,43,43,2,0,0,0,1,0,1
10880,131,99,29,2,2,1,10,0,1
10881,235,128,76,2,1,0,5,1,0
10882,283,155,85,0,0,0,15,2,1
10883,32,32,12,0,0,0,0,0,0
10884,178,98,43,0,0,2,28,1,0
10885,174,109,59,0,0,0,4,0,1
10886,70,63,10,0,0,0,12,0,1
10887,17768,2986,5410,5,4,3,392,3,0
10888,37,34,12,0,0,0,6,0,0
10889,827,323,307,0,0,0,15,1,0
10890,21,17,9,0,0,0,0,0,0
10891,217,140,43,0,0,0,30,0,1
10892,77,66,15,0,0,0,2,0,1
10893,165,110,65,0,0,0,5,0,1
10894,40,28,5,0,0,0,16,0,0
10895,166,109,60,0,0,0,11,0,0
10896,137,88,45,0,0,0,2,0,1
10897,188,99,39,0,0,0,13,0,0
10898,442,156,131,0,0,0,59,1,0
10899,77,55,16,0,0,4,9,0,0
10900,338,134,38,1,1,0,33,0,1
10901,610,288,195,0,0,0,43,0,0
10902,1576,222,114,48,3,12,525,0,0
10903,1337,516,459,0,0,0,25,0,1
10904,664,294,162,35,17,2,76,0,0
10905,67,64,7,0,0,0,17,0,1
10906,81,59,32,0,0,0,0,0,0
10907,20,19,4,1,1,0,0,0,0
10908,23,20,5,0,0,0,7,0,0
10909,50,46,3,0,0,0,9,0,0
10910,178,121,56,0,0,0,9,0,0
10911,139,104,42,3,3,1,14,0,1
10912,329,155,71,0,0,0,43,1,0
10913,90,75,21,0,0,1,15,0,1
10914,55,44,17,0,0,0,7,0,0
10915,179,75,22,0,0,3,22,0,0
10916,98,70,34,0,0,0,1,0,0
10917,94,73,32,0,0,0,5,0,0
10918,26,25,3,0,0,0,9,0,1
10919,19,18,0,0,0,1,3,0,0
10920,659,348,210,0,0,0,79,0,1
10921,99,55,33,0,0,3,2,0,0
10922,89,78,28,0,0,0,19,0,1
10923,136,108,37,0,0,0,4,0,1
10924,97,79,20,0,0,0,11,0,1
10925,48,41,19,0,0,0,7,0,1
10926,33,29,13,0,0,0,2,0,1
10927,120,61,22,0,0,0,11,1,0
10928,49,43,0,0,0,0,27,0,1
10929,105,80,33,0,0,0,10,0,0
10930,33,28,8,0,0,0,3,0,1
10931,760,376,202,0,0,19,80,0,0
10932,188,105,61,0,0,1,28,0,0
10933,81,59,26,0,0,0,4,1,1
10934,232,137,18,0,0,0,130,0,1
10935,90,73,22,0,0,1,5,0,0
10936,69,36,15,0,0,3,18,0,0
10937,1468,612,490,0,0,0,142,4,1
10938,311,177,35,0,0,2,36,0,0
10939,360,15,0,0,0,0,40,0,0
10940,505,283,156,0,0,0,69,0,1
10941,9,9,2,0,0,0,1,0,1
10942,109,72,38,0,0,0,3,0,1
10943,38,35,5,0,0,0,7,0,1
10944,714,345,206,0,0,0,62,2,0
10945,626,333,166,0,0,1,76,0,0
10946,1015,452,333,0,0,0,32,2,1
10947,270,121,62,0,0,5,23,0,0
10948,165,91,58,1,1,3,13,0,1
10949,231,156,74,0,0,0,9,0,0
10950,45,34,15,1,1,1,1,0,0
10951,258,135,97,0,0,0,12,1,0
10952,220,129,74,1,1,5,13,1,0
10953,213,129,34,0,0,25,27,1,0
10954,96,63,17,3,1,0,18,0,0
10955,121,90,40,0,0,0,7,1,1
10956,32,26,4,0,0,0,6,0,0
10957,158,97,45,2,1,0,6,0,1
10958,64,54,18,2,2,0,5,1,1
10959,86,68,28,0,0,0,1,0,0
10960,34,31,16,0,0,0,0,0,0
10961,645,351,186,16,5,2,56,1,1
10962,90,63,25,1,1,1,13,0,0
10963,65,51,20,0,0,0,1,1,0
10964,85,73,20,0,0,0,5,0,1
10965,129,95,29,0,0,0,11,0,1
10966,110,72,45,5,1,0,10,0,1
10967,27,25,6,0,0,0,2,0,0
10968,19,19,4,0,0,0,1,0,1
10969,127,95,49,1,1,1,5,0,1
10970,264,94,73,0,0,0,39,1,0
10971,124,72,15,7,3,3,28,0,1
10972,81,68,24,0,0,0,6,0,0
10973,9,9,1,0,0,0,4,0,1
10974,299,152,57,0,0,4,28,0,0
10975,46,42,15,0,0,0,1,0,1
10976,203,127,75,0,0,0,1,0,1
10977,257,161,70,2,1,1,7,0,1
10978,820,421,205,0,0,43,120,0,0
10979,42,38,16,0,0,0,0,0,0
10980,24,14,0,0,0,0,12,0,0
10981,434,240,138,0,0,0,21,1,1
10982,1221,552,373,0,0,0,154,0,1
10983,23,21,3,0,0,1,3,0,0
10984,455,232,159,0,0,4,18,0,0
10985,90,75,23,0,0,0,12,0,1
10986,122,87,46,0,0,0,5,1,0
10987,61,52,10,0,0,0,21,0,1
10988,103,68,16,5,3,2,19,0,1
10989,115,71,56,0,0,0,3,0,0
10990,572,275,161,16,4,16,57,0,0
10991,39,30,12,0,0,0,2,0,1
10992,108,82,34,0,0,0,5,0,1
10993,173,102,37,3,1,1,17,2,0
10994,68,44,27,0,0,0,3,0,0
10995,60,55,18,1,1,0,4,0,0
10996,657,336,210,0,0,0,91,0,1
10997,201,119,72,0,0,0,12,0,0
10998,44,44,3,0,0,0,0,0,1
10999,324,182,114,0,0,0,4,1,1
11000,38,29,8,0,0,0,8,1,0
11001,43,37,14,0,0,0,6,0,1
11002,15,14,6,0,0,0,1,0,0
11003,226,129,77,0,0,0,15,1,1
11004,7,7,1,0,0,0,2,0,0
11005,223,149,59,0,0,0,8,2,1
11006,388,157,106,0,0,0,56,0,0
11007,21,20,6,0,0,0,0,0,1
11008,189,115,65,0,0,0,9,0,0
11009,67,55,17,0,0,0,2,0,1
11010,564,276,150,0,0,0,34,3,0
11011,990,409,258,0,0,0,48,0,0
11012,174,94,45,0,0,7,39,0,0
11013,274,273,9,0,0,0,243,0,1
11014,231,113,78,0,0,0,1,0,0
11015,112,76,31,0,0,0,6,0,0
11016,33,29,6,0,0,0,7,0,1
11017,13,11,5,0,0,0,0,0,1
11018,91,72,33,0,0,0,2,0,0
11019,117,90,53,0,0,0,14,0,1
11020,153,95,56,0,0,0,9,0,1
11021,246,140,87,0,0,0,9,0,1
11022,267,175,74,0,0,0,21,0,1
11023,254,145,71,0,0,0,13,1,1
11024,6,6,2,0,0,0,0,0,0
11025,747,250,200,2,1,16,52,1,0
11026,165,103,63,2,1,1,10,0,0
11027,851,378,276,7,2,2,16,0,0
11028,160,112,61,1,1,0,13,0,0
11029,71,55,25,0,0,2,6,0,0
11030,309,174,74,1,1,16,60,2,0
11031,421,229,168,2,1,0,23,1,1
11032,540,329,132,0,0,0,106,1,1
11033,171,119,56,0,0,0,12,0,1
11034,125,87,37,0,0,0,6,1,1
11035,73,44,8,0,0,0,0,0,0
11036,49,46,10,0,0,0,12,0,1
11037,110,83,20,0,0,0,26,0,1
11038,574,305,164,3,2,1,15,0,0
11039,108,86,25,0,0,0,6,0,1
11040,602,289,208,0,0,0,32,1,0
11041,92,62,32,0,0,0,7,0,1
11042,17,17,2,0,0,0,3,0,0
11043,10,9,1,0,0,0,1,0,1
11044,26,23,13,0,0,0,0,0,0
11045,470,260,157,2,2,16,39,1,0
11046,350,186,134,0,0,0,4,1,1
11047,180,126,60,0,0,0,7,0,1
11048,79,67,25,0,0,0,4,0,1
11049,122,71,36,0,0,7,11,0,0
11050,44,43,5,0,0,0,2,0,1
11051,15,14,5,0,0,0,1,0,0
11052,32,29,13,0,0,0,1,0,0
11053,99,70,29,3,1,0,1,0,1
11054,27,24,2,0,0,0,0,0,0
11055,3014,674,498,76,19,9,760,2,0
11056,93,68,27,1,1,0,11,1,0
11057,83,59,23,1,1,0,8,0,1
11058,220,126,68,0,0,0,15,1,0
11059,38,33,20,0,0,0,0,0,0
11060,571,293,205,0,0,0,29,2,1
11061,200,123,51,0,0,0,7,0,1
11062,43,35,10,0,0,0,9,0,0
11063,284,151,69,0,0,0,57,1,0
11064,86,61,35,0,0,0,8,0,1
11065,170,91,27,0,0,0,53,0,0
11066,307,141,101,0,0,0,28,0,0
11067,42,33,10,0,0,0,5,0,1
11068,47,34,8,0,0,0,5,0,1
11069,24,22,0,0,0,0,4,0,0
11070,801,396,122,0,0,0,234,0,0
11071,60,55,16,0,0,0,6,0,1
11072,188,109,69,0,0,0,16,0,0
11073,3707,673,1263,72,38,20,199,1,1
11074,189,113,10,0,0,16,59,0,0
11075,86,74,25,2,1,0,1,0,1
11076,649,300,246,0,0,1,43,0,0
11077,618,282,217,0,0,0,19,1,0
11078,106,74,37,0,0,0,9,0,0
11079,105,71,37,0,0,0,9,0,1
11080,1112,257,72,0,0,0,322,0,1
11081,42,35,18,0,0,0,1,0,0
11082,126,100,16,0,0,0,33,0,1
11083,11,11,2,0,0,1,2,0,1
11084,168,137,34,0,0,0,27,0,0
11085,313,156,118,1,1,0,20,0,0
11086,110,83,39,0,0,0,4,0,1
11087,14,14,2,0,0,0,0,0,1
11088,400,193,107,0,0,1,94,0,1
11089,432,209,133,4,2,0,51,1,0
11090,350,198,114,0,0,0,6,0,1
11091,530,225,185,0,0,0,27,0,0
11092,36,29,14,0,0,0,2,1,0
11093,40,33,12,0,0,0,3,0,0
11094,145,86,44,0,0,0,3,0,1
11095,24,24,1,0,0,0,1,0,1
11096,900,344,411,0,0,0,17,3,1
11097,6906,1783,2057,4,2,0,176,4,0
11098,34,31,11,0,0,0,1,0,0
11099,1700,644,565,0,0,0,67,2,1
11100,5,5,1,0,0,0,0,0,1
11101,46,29,2,0,0,0,3,0,1
11102,74,56,22,0,0,0,7,0,1
11103,150,104,48,2,1,1,7,0,0
11104,839,350,315,2,2,2,32,2,0
11105,132,34,21,0,0,0,5,0,0
11106,146,100,30,0,0,0,14,1,0
11107,60,47,18,0,0,0,2,0,1
11108,173,120,52,0,0,0,6,0,1
11109,63,47,30,0,0,0,1,0,0
11110,207,138,68,0,0,0,10,0,1
11111,137,79,37,3,2,3,12,0,0
11112,213,94,49,0,0,12,30,0,0
11113,938,249,232,2,1,36,152,0,0
11114,50,35,6,0,0,5,9,0,0
11115,154,74,64,0,0,3,6,0,0
11116,205,139,62,0,0,1,8,0,1
11117,54,43,17,0,0,0,9,0,0
11118,221,138,61,0,0,0,23,0,1
11119,1076,427,302,14,1,1,85,0,0
11120,54,49,16,0,0,0,10,0,1
11121,278,162,92,0,0,0,7,0,1
11122,40,30,8,0,0,0,11,0,0
11123,145,106,46,0,0,4,17,0,0
11124,180,107,57,0,0,0,13,0,0
11125,109,60,36,0,0,0,17,0,0
11126,103,70,35,0,0,0,1,0,0
11127,589,288,61,0,0,2,198,1,0
11128,72,54,24,2,1,0,3,0,1
11129,153,81,29,0,0,0,13,1,0
11130,148,97,56,1,1,0,12,0,0
11131,120,92,3,0,0,0,67,0,1
11132,23,22,2,0,0,0,4,0,0
11133,778,273,163,0,0,0,60,0,0
11134,1751,600,748,0,0,0,10,3,1
11135,26,23,6,0,0,1,2,0,0
11136,43,39,2,0,0,1,11,0,0
11137,163,97,73,0,0,0,1,0,0
11138,101,74,23,0,0,0,8,0,0
11139,52,47,15,0,0,0,3,1,0
11140,52,41,23,0,0,0,1,0,0
11141,24,23,10,0,0,0,0,0,0
11142,493,275,94,1,1,0,83,0,0
11143,35,29,13,0,0,0,0,0,0
11144,475,302,9,3,3,2,382,0,1
11145,117,85,29,1,1,0,3,2,0
11146,71,56,28,0,0,0,7,0,0
11147,19,16,4,0,0,0,2,0,1
11148,132,34,21,0,0,0,5,0,0
11149,102,79,23,0,0,0,7,0,1
11150,191,88,4,0,0,0,93,0,0
11151,28,24,6,0,0,0,2,0,0
11152,223,141,67,0,0,0,6,0,1
11153,9,8,4,0,0,0,0,1,0
11154,6,6,1,0,0,0,0,0,1
11155,321,191,93,0,0,0,18,0,1
11156,150,99,42,0,0,4,17,0,0
11157,121,108,27,0,0,0,23,0,1
11158,135,69,5,0,0,0,65,0,0
11159,61,52,21,0,0,0,9,1,1
11160,61,51,18,0,0,0,7,2,1
11161,1177,550,353,12,5,0,75,1,0
11162,165,142,18,0,0,0,9,0,1
11163,136,111,32,0,0,0,24,0,1
11164,50,40,13,0,0,0,2,1,0
11165,46,39,2,0,0,0,7,0,0
11166,2786,840,989,5,5,1,30,0,1
11167,47,42,15,0,0,0,0,0,1
11168,34,29,13,0,0,0,2,0,0
11169,197,96,47,0,0,0,0,2,1
11170,44,36,5,1,1,0,11,0,1
11171,201,140,68,0,0,0,4,0,1
11172,186,111,46,0,0,8,27,0,0
11173,154,127,16,0,0,0,32,0,1
11174,46,31,16,0,0,0,1,0,1
11175,161,106,57,0,0,1,6,0,0
11176,227,119,48,0,0,0,20,0,0
11177,641,293,193,1,1,0,49,0,0
11178,177,101,57,0,0,2,7,0,0
11179,107,77,33,0,0,0,8,0,1
11180,228,224,14,0,0,0,177,0,1
11181,157,96,64,0,0,1,4,1,0
11182,202,122,64,0,0,0,18,0,0
11183,17,17,4,0,0,0,0,0,0
11184,101,59,14,0,0,1,27,0,0
11185,20,16,7,0,0,0,1,0,0
11186,31,30,8,0,0,0,0,0,0
11187,195,127,79,0,0,0,7,0,1
11188,55,43,18,1,1,0,4,0,0
11189,71,54,26,0,0,2,3,0,1
11190,281,157,56,0,0,0,21,1,0
11191,596,105,88,0,0,0,222,0,1
11192,82,73,19,0,0,0,2,0,1
11193,79,69,14,0,0,0,19,0,1
11194,117,90,37,0,0,0,14,0,1
11195,197,112,70,0,0,1,9,1,0
11196,192,120,76,0,0,0,11,0,0
11197,94,92,7,0,0,0,9,0,1
11198,54,45,8,0,0,0,28,0,1
11199,376,184,121,1,1,9,15,0,0
11200,13,10,5,0,0,0,2,0,0
11201,138,94,54,0,0,0,13,2,1
11202,528,212,87,0,0,0,113,1,0
11203,269,151,5,0,0,0,134,0,1
11204,74,65,24,0,0,0,3,0,1
11205,135,81,33,0,0,2,9,0,0
11206,651,227,144,0,0,0,55,1,0
11207,44,31,19,0,0,0,2,0,1
11208,83,75,18,0,0,0,11,1,1
11209,87,67,24,3,3,2,14,0,1
11210,61,50,17,0,0,0,3,0,1
11211,11,11,2,0,0,0,1,0,0
11212,155,93,50,0,0,4,11,0,0
11213,337,198,78,0,0,23,54,0,0
11214,77,76,6,0,0,0,9,0,1
11215,330,174,111,0,0,8,23,2,0
11216,221,118,30,0,0,5,31,0,0
11217,28,25,8,0,0,0,2,0,1
11218,368,178,134,0,0,0,5,4,1
11219,50,33,4,0,0,0,6,0,0
11220,314,164,120,0,0,0,26,1,0
11221,1275,473,82,0,0,0,601,0,1
11222,189,114,70,0,0,3,8,0,0
11223,363,212,112,0,0,0,9,0,1
11224,128,90,51,0,0,0,8,0,0
11225,371,126,24,0,0,0,151,0,0
11226,53,48,15,0,0,0,4,1,1
11227,132,116,24,0,0,0,5,0,1
11228,75,50,32,0,0,0,0,0,0
11229,917,401,299,11,4,3,45,0,0
11230,274,153,101,0,0,0,20,0,1
11231,440,169,110,0,0,0,63,0,0
11232,73,71,5,0,0,0,3,0,1
11233,330,155,83,10,1,0,33,2,0
11234,461,204,164,3,3,0,20,0,1
11235,204,131,64,0,0,0,6,1,1
11236,619,273,182,0,0,0,59,0,0
11237,160,104,64,0,0,2,8,1,0
11238,93,88,19,0,0,0,21,0,1
11239,27,20,8,0,0,3,6,0,0
11240,197,141,67,0,0,0,11,0,1
11241,15,15,2,0,0,0,4,0,0
11242,176,132,46,0,0,0,28,0,1
11243,640,311,213,14,4,2,11,1,0
11244,38,36,8,0,0,0,4,0,1
11245,977,490,303,0,0,0,150,2,1
11246,113,65,34,0,0,0,4,0,1
11247,104,66,47,0,0,0,2,0,0
11248,21,18,0,0,0,0,2,0,0
11249,306,185,111,0,0,3,6,0,0
11250,13,12,3,1,1,0,0,0,0
11251,50,36,4,0,0,1,14,1,0
11252,152,74,30,0,0,0,14,0,0
11253,212,125,72,0,0,1,5,0,0
11254,229,131,88,0,0,0,10,0,0
11255,77,69,9,0,0,0,14,0,0
11256,172,92,47,0,0,0,21,0,0
11257,79,53,32,0,0,1,3,0,0
11258,10,10,1,0,0,0,0,0,1
11259,628,614,14,0,0,0,49,0,1
11260,843,407,298,0,0,0,29,1,1
11261,126,90,39,0,0,0,3,0,1
11262,61,44,4,0,0,0,7,0,0
11263,59,51,23,0,0,0,4,0,0
11264,102,69,18,1,1,5,14,0,0
11265,134,75,31,0,0,0,22,0,1
11266,103,71,28,1,1,0,4,1,1
11267,30,25,15,0,0,0,1,0,0
11268,87,68,26,3,3,0,4,0,1
11269,158,97,74,0,0,0,3,0,0
11270,80,64,33,0,0,0,8,0,1
11271,85,58,29,0,0,0,11,0,0
11272,199,73,37,0,0,0,55,1,0
11273,2577,1047,461,40,11,2,213,3,0
11274,283,133,11,0,0,0,117,0,0
11275,216,153,48,4,2,1,20,0,0
11276,19,19,7,0,0,1,1,0,0
11277,84,55,8,4,1,12,29,0,0
11278,439,195,71,0,0,0,124,0,0
11279,239,129,76,0,0,0,14,0,0
11280,39,33,2,0,0,0,5,0,0
11281,6906,1783,2057,4,2,0,176,4,0
11282,654,300,198,0,0,0,11,0,1
11283,850,461,280,0,0,0,145,2,1
11284,86,66,31,0,0,0,8,0,1
11285,255,134,94,1,1,1,9,2,1
11286,52,46,16,0,0,0,2,0,1
11287,18,17,7,0,0,0,0,0,0
11288,15,11,3,1,1,0,1,0,0
11289,188,132,72,0,0,0,12,0,1
11290,43,39,14,0,0,0,8,0,1
11291,1478,488,600,5,5,1,15,2,1
11292,13,12,6,0,0,0,0,0,0
11293,134,86,41,4,4,0,7,1,1
11294,107,75,41,0,0,0,4,0,0
11295,5,5,0,0,0,0,3,0,0
11296,527,225,178,0,0,0,27,2,0
11297,135,92,55,0,0,0,1,0,0
11298,555,258,190,0,0,0,21,0,0
11299,208,109,87,0,0,0,11,0,0
11300,147,105,46,0,0,0,10,0,0
11301,85,73,28,0,0,0,5,0,1
11302,37,29,17,0,0,0,1,0,0
11303,5,5,1,0,0,0,0,0,1
11304,141,100,56,0,0,0,7,0,0
11305,40,34,18,0,0,0,1,0,0
11306,10,10,1,0,0,0,1,0,0
11307,132,89,50,1,1,0,15,0,0
11308,134,92,51,2,1,0,3,0,1
11309,28,28,5,0,0,0,3,0,1
11310,76,57,21,0,0,0,12,0,0
11311,67,53,12,0,0,0,5,0,1
11312,339,188,100,0,0,0,15,0,0
11313,98,63,35,1,1,0,4,0,0
11314,181,179,4,0,0,0,11,0,1
11315,133,85,37,0,0,0,4,0,1
11316,88,63,45,0,0,0,1,0,0
11317,51,44,15,0,0,0,6,0,1
11318,193,120,73,0,0,0,1,0,0
11319,192,124,60,0,0,0,21,0,1
11320,175,108,66,0,0,0,7,0,0
11321,47,41,14,0,0,0,4,0,1
11322,222,149,59,0,0,0,8,2,1
11323,15,15,3,0,0,0,2,0,0
11324,479,213,210,0,0,0,4,0,1
11325,108,78,36,1,1,0,3,0,1
11326,57,43,23,0,0,0,2,0,0
11327,35,31,9,1,1,0,5,0,0
11328,152,142,19,0,0,0,13,0,1
11329,223,172,50,0,0,0,6,0,1
11330,383,207,151,0,0,0,10,1,1
11331,195,121,57,0,0,0,4,0,0
11332,3713,1293,1327,2,2,4,168,2,0
11333,65,52,21,0,0,0,2,0,1
11334,67,47,14,0,0,1,1,0,0
11335,838,361,304,0,0,0,16,1,1
11336,47,39,20,1,1,0,2,0,0
11337,18,18,7,0,0,0,0,0,0
11338,2786,840,989,5,5,1,30,0,1
11339,53,53,5,0,0,0,3,0,1
11340,8,6,0,0,0,0,3,0,0
11341,178,127,57,3,2,1,5,0,1
11342,165,93,10,2,2,37,66,0,0
11343,144,99,30,0,0,1,22,0,0
11344,311,152,118,0,0,1,6,0,0
11345,14,14,4,0,0,0,1,0,0
11346,25,24,3,0,0,1,3,0,0
11347,163,93,63,2,1,0,7,0,1
11348,38,34,8,0,0,0,12,0,1
11349,202,149,56,0,0,1,20,0,0
11350,174,118,43,0,0,0,14,0,1
11351,121,82,28,0,0,1,23,0,0
11352,83,62,11,1,1,6,20,0,0
11353,19,19,8,0,0,0,2,0,0
11354,874,397,278,0,0,0,35,2,1
11355,92,80,22,0,0,0,28,0,1
11356,22,22,6,0,0,0,1,0,0
11357,194,104,90,0,0,1,2,0,1
11358,221,143,68,0,0,0,11,1,1
11359,55,46,19,0,0,0,3,0,0
11360,14841,3054,4789,4,4,1,479,2,0
11361,143,90,12,0,0,0,21,1,0
11362,585,296,153,0,0,2,33,2,0
11363,47,40,10,0,0,0,8,0,0
11364,97,67,29,0,0,0,3,0,0
11365,395,187,115,0,0,0,30,1,0
11366,21,19,6,0,0,0,1,1,0
11367,92,67,41,0,0,0,0,0,0
11368,357,197,101,0,0,0,16,0,0
11369,148,104,36,0,0,0,8,1,1
11370,62,42,20,0,0,0,2,0,1
11371,408,199,149,0,0,0,7,0,0
11372,149,102,43,0,0,0,11,1,1
11373,902,390,302,0,0,0,54,0,1
11374,79,69,14,0,0,0,17,0,1
11375,129,85,33,0,0,0,2,0,1
11376,24,23,6,0,0,0,0,0,0
11377,44,38,13,0,0,0,1,0,0
11378,42,42,0,0,0,0,6,0,1
11379,215,129,72,0,0,0,9,2,1
11380,175,99,56,0,0,0,26,1,1
11381,198,117,58,1,1,2,34,0,0
11382,104,66,37,0,0,0,5,0,0
11383,952,396,308,0,0,7,53,1,0
11384,994,378,395,0,0,5,25,1,0
11385,15,14,1,0,0,0,1,0,0
11386,31,25,7,1,1,0,2,0,0
11387,39,30,12,0,0,0,2,0,1
11388,230,181,8,0,0,0,48,0,1
11389,114,75,51,4,3,0,5,0,1
11390,314,159,115,0,0,0,15,0,0
11391,213,113,84,0,0,0,0,1,1
11392,224,125,88,0,0,1,10,1,0
11393,56,46,24,0,0,0,0,0,1
11394,612,357,181,1,1,0,36,0,0
11395,446,235,64,0,0,0,122,0,0
11396,202,130,55,3,3,1,12,0,1
11397,129,92,40,0,0,0,9,0,0
11398,45,40,11,0,0,0,0,0,1
11399,127,90,43,0,0,0,12,0,1
11400,47,44,11,0,0,0,12,0,1
11401,208,111,77,0,0,0,9,0,0
11402,58,51,6,0,0,0,17,0,1
11403,284,167,86,4,2,2,12,0,0
11404,212,126,58,1,1,7,25,0,0
11405,271,167,86,1,1,2,7,2,1
11406,84,62,27,0,0,0,0,1,0
11407,36,32,13,0,0,0,0,0,1
11408,20,19,7,0,0,0,0,0,1
11409,11,11,4,0,0,0,0,0,0
11410,8,7,0,0,0,0,3,0,1
11411,139,95,41,0,0,0,9,1,1
11412,300,156,73,1,1,1,25,0,0
11413,37,28,0,0,0,0,20,0,1
11414,109,72,40,0,0,0,7,0,1
11415,449,222,173,3,3,1,18,0,1
11416,191,106,68,0,0,0,1,1,0
11417,139,92,53,0,0,1,5,1,0
11418,79,64,25,0,0,0,1,1,1
11419,33,27,17,0,0,0,0,0,0
11420,33,29,12,0,0,0,2,0,0
11421,74,57,23,0,0,0,2,0,1
11422,114,77,41,0,0,0,11,0,0
11423,47,37,15,0,0,0,1,1,1
11424,74,64,8,0,0,0,8,0,1
11425,42,40,6,0,0,0,4,0,1
11426,10,10,3,0,0,0,1,0,0
11427,42,36,3,0,0,0,2,0,1
11428,187,123,85,0,0,0,3,0,0
11429,132,88,38,0,0,0,4,0,1
11430,257,156,80,0,0,0,22,2,0
11431,17,17,5,0,0,0,2,0,1
11432,76,58,27,0,0,0,2,0,0
11433,78,60,20,0,0,0,14,0,0
11434,48,48,0,0,0,0,5,0,1
11435,193,119,66,0,0,3,16,0,0
11436,131,91,51,0,0,2,6,1,0
11437,86,71,30,0,0,0,8,0,0
11438,359,221,93,2,2,2,21,0,1
11439,66,53,25,0,0,0,13,0,1
11440,79,58,26,0,0,0,5,0,0
11441,232,115,46,4,1,3,22,0,0
11442,74,64,11,0,0,0,17,0,1
11443,191,100,43,3,3,1,31,1,1
11444,77,70,15,0,0,0,27,0,1
11445,132,97,14,0,0,0,53,0,1
11446,216,154,75,0,0,0,18,0,1
11447,184,104,61,0,0,0,9,0,0
11448,100,72,42,0,0,0,4,0,0
11449,27,26,4,1,1,0,4,0,0
11450,130,112,23,0,0,0,10,0,1
11451,301,175,88,1,1,1,12,1,0
11452,173,97,57,3,2,0,4,0,1
11453,114,58,35,0,0,0,10,0,0
11454,133,97,43,0,0,0,11,1,1
11455,405,229,108,5,3,0,29,0,0
11456,121,84,49,0,0,1,5,1,0
11457,2352,955,704,0,0,0,149,2,0
11458,38,27,3,0,0,0,5,0,1
11459,129,106,36,0,0,0,8,0,1
11460,366,53,30,0,0,0,79,0,0
11461,448,232,134,2,2,1,21,0,0
11462,64,54,21,0,0,0,8,2,1
11463,47,40,20,0,0,0,0,0,1
11464,1277,563,427,0,0,0,147,2,1
11465,71,52,31,0,0,0,1,0,0
11466,100,76,23,2,2,2,11,0,1
11467,90,74,22,0,0,0,7,0,1
11468,130,80,46,4,2,0,9,0,1
11469,21,15,5,0,0,0,3,0,0
11470,46,37,11,0,0,0,4,0,0
11471,42,42,0,0,0,0,3,0,1
11472,218,128,62,0,0,5,19,0,0
11473,57,50,21,0,0,0,6,0,1
11474,115,82,38,0,0,0,8,0,1
11475,32,29,8,0,0,0,2,1,0
11476,23,23,8,0,0,0,1,0,0
11477,601,320,206,0,0,1,16,0,0
11478,66,62,5,0,0,0,18,0,1
11479,36,33,13,0,0,0,2,0,0
11480,174,109,50,0,0,0,13,1,0
11481,124,93,15,0,0,0,29,0,1
11482,28,27,9,0,0,0,2,0,1
11483,29,27,4,0,0,0,6,0,1
11484,119,70,20,6,3,2,22,0,1
11485,167,123,40,0,0,0,11,0,0
11486,9,7,5,0,0,0,1,0,1
11487,190,124,42,0,0,0,13,0,0
11488,534,195,128,1,1,5,99,1,0
11489,307,182,68,5,3,17,39,0,0
11490,102,60,35,0,0,0,4,0,0
11491,19,18,8,0,0,0,1,0,0
11492,32,26,12,0,0,0,2,0,1
11493,9,8,0,0,0,0,3,0,0
11494,334,216,91,0,0,0,30,0,1
11495,498,245,167,0,0,0,15,2,1
11496,44,44,9,0,0,0,2,0,1
11497,129,80,36,0,0,0,15,0,0
11498,49,46,13,1,1,0,6,0,1
11499,149,106,50,0,0,0,4,1,1
11500,212,127,73,0,0,0,7,0,1
11501,11,8,0,0,0,0,8,0,0
11502,45,35,4,0,0,3,6,1,0
11503,812,239,316,0,0,16,31,1,0
11504,151,108,33,3,3,1,21,0,1
11505,66,50,20,1,1,0,5,0,0
11506,53,38,22,0,0,0,2,0,0
11507,200,124,50,0,0,0,31,0,1
11508,333,87,82,0,0,0,18,1,0
11509,161,106,59,0,0,0,6,0,0
11510,96,63,41,0,0,0,1,0,1
11511,103,79,36,0,0,0,7,0,1
11512,148,109,55,0,0,0,15,0,1
11513,35,33,7,0,0,0,3,0,0
11514,9,9,3,0,0,0,1,0,0
11515,127,81,31,1,1,0,11,1,0
11516,287,160,105,0,0,0,13,0,1
11517,22,21,4,0,0,0,7,0,0
11518,174,103,74,0,0,0,1,0,1
11519,27,24,9,0,0,0,3,0,1
11520,90,68,28,0,0,0,3,0,0
11521,21,21,9,0,0,0,0,0,0
11522,321,167,118,0,0,0,8,0,1
11523,115,74,26,0,0,1,24,0,0
11524,22,20,5,0,0,0,0,0,1
11525,391,257,80,0,0,0,54,0,0
11526,363,148,151,0,0,0,30,1,1
11527,102,75,39,2,2,0,4,0,1
11528,319,191,79,0,0,0,30,0,1
11529,173,112,64,0,0,0,7,0,0
11530,1399,605,476,0,0,0,147,2,1
11531,159,94,69,0,0,0,1,0,0
11532,197,115,78,3,3,1,11,1,1
11533,236,123,89,0,0,0,11,0,0
11534,8,8,3,0,0,0,0,0,1
11535,38,34,12,0,0,0,2,0,1
11536,8,8,1,0,0,0,0,0,0
11537,5,5,1,0,0,0,0,0,0
11538,190,121,53,0,0,0,26,1,0
11539,135,82,63,1,1,0,6,1,1
11540,57,35,19,0,0,0,0,1,0
11541,541,312,171,0,0,0,95,0,1
11542,387,184,133,0,0,0,24,1,0
11543,81,63,35,0,0,0,0,0,1
11544,81,70,3,0,0,0,28,0,1
11545,54,45,19,0,0,0,2,0,0
11546,47,47,0,0,0,0,3,0,1
11547,93,62,39,0,0,0,0,1,1
11548,25,22,6,0,0,0,1,0,1
11549,270,191,84,0,0,0,23,0,1
11550,7,7,4,0,0,0,0,0,0
11551,64,47,21,0,0,0,0,0,1
11552,354,188,144,0,0,0,4,0,0
11553,21,19,5,1,1,0,5,0,0
11554,105,84,32,0,0,0,5,0,1
11555,124,70,26,0,0,0,9,0,0
11556,193,126,61,0,0,0,4,2,1
11557,963,369,370,0,0,0,11,1,1
11558,162,111,62,1,1,0,4,0,0
11559,27,24,9,0,0,0,2,0,1
11560,104,75,36,0,0,1,7,0,0
11561,8,8,2,0,0,0,0,0,0
11562,49,43,15,0,0,0,2,0,1
11563,80,60,28,0,0,0,10,0,0
11564,57,55,7,0,0,0,3,0,1
11565,7,7,1,0,0,0,1,0,1
11566,190,131,63,0,0,0,16,1,1
11567,687,347,227,0,0,0,70,0,1
11568,467,240,150,1,1,0,22,1,0
11569,1822,721,565,1,1,0,126,2,0
11570,124,81,42,0,0,0,4,1,0
11571,6,6,2,0,0,0,0,0,0
11572,594,313,169,1,1,0,66,1,0
11573,39,33,8,0,0,0,5,0,1
11574,76,49,13,0,0,0,8,0,1
11575,269,145,109,0,0,0,5,0,0
11576,459,259,112,0,0,0,32,0,1
11577,10,10,2,1,1,0,1,0,1
11578,92,71,15,0,0,15,21,0,0
11579,236,118,85,0,0,0,40,0,0
11580,193,143,67,0,0,0,14,0,1
11581,220,149,17,0,0,0,93,0,1
11582,27,25,11,0,0,0,0,0,0
11583,73,65,5,0,0,0,49,0,1
11584,136,88,44,0,0,0,3,0,1
11585,39,33,2,0,0,0,6,0,0
11586,73,67,17,0,0,0,10,1,1
11587,419,232,119,5,4,0,13,2,1
11588,67,60,23,0,0,0,3,0,0
11589,108,106,5,0,0,0,14,0,1
11590,32,28,10,0,0,0,1,0,0
11591,41,32,2,0,0,0,6,0,0
11592,78,59,28,1,1,0,0,0,1
11593,269,146,101,0,0,0,24,0,0
11594,186,103,50,6,1,0,11,1,0
11595,142,110,37,0,0,0,30,0,1
11596,199,116,44,0,0,8,31,1,0
11597,124,81,42,0,0,1,12,1,0
11598,193,122,70,0,0,0,2,1,0
11599,268,120,102,0,0,2,18,1,0
11600,52,52,6,0,0,0,1,0,1
11601,44,42,11,0,0,0,8,0,1
11602,1504,1452,2,0,0,0,146,0,1
11603,39,35,8,0,0,0,2,0,1
11604,141,99,64,0,0,0,2,0,0
11605,11,10,2,0,0,0,2,0,1
11606,51,36,19,0,0,0,9,0,0
11607,659,348,210,0,0,0,79,0,1
11608,57,50,21,0,0,0,6,0,1
11609,147,89,36,0,0,0,21,0,0
11610,115,69,40,0,0,0,6,0,0
11611,108,72,37,0,0,1,0,0,0
11612,264,154,26,0,0,2,36,1,0
11613,33,31,13,0,0,0,2,0,0
11614,37,33,7,0,0,0,10,0,1
11615,979,391,315,0,0,12,79,0,0
11616,49,38,15,0,0,0,0,0,1
11617,199,112,20,0,0,4,41,0,0
11618,153,96,49,3,1,0,4,0,1
11619,55,40,11,0,0,0,7,0,0
11620,86,62,34,0,0,0,0,0,0
11621,251,155,83,0,0,0,10,0,1
11622,118,85,34,0,0,0,2,0,1
11623,73,57,24,0,0,0,0,0,0
11624,82,60,27,0,0,0,1,0,0
11625,627,195,219,0,0,0,33,0,0
11626,70,51,11,0,0,0,13,0,0
11627,52,41,7,0,0,0,16,0,0
11628,232,148,72,0,0,0,9,0,1
11629,1673,561,632,0,0,0,15,0,1
11630,534,268,168,0,0,1,62,0,0
11631,72,55,26,0,0,0,13,0,0
11632,68,57,21,0,0,0,3,0,1
11633,33,24,13,0,0,0,2,0,1
11634,1613,737,488,1,1,12,72,1,0
11635,70,58,14,0,0,0,6,0,1
11636,10,10,2,0,0,0,1,0,1
11637,79,69,14,0,0,0,19,0,1
11638,228,123,56,1,1,3,19,1,0
11639,30,27,9,0,0,0,5,0,1
11640,97,75,25,0,0,0,7,0,1
11641,162,123,48,0,0,0,19,0,1
11642,254,162,70,0,0,1,14,1,1
11643,253,144,74,0,0,0,8,1,1
11644,426,203,137,2,2,1,13,1,0
11645,32,28,4,0,0,2,13,0,0
11646,41,33,14,0,0,0,4,0,1
11647,1031,412,340,0,0,0,36,0,1
11648,15,15,2,0,0,0,3,0,1
11649,4956,1302,1150,128,84,3,450,0,0
11650,1031,450,361,0,0,0,21,2,1
11651,337,201,67,0,0,0,69,1,1
11652,64,52,25,2,2,0,5,0,1
11653,58,48,23,0,0,0,7,0,1
11654,87,66,17,0,0,0,17,0,0
11655,79,67,14,0,0,0,14,0,1
11656,5,4,0,0,0,0,2,0,0
11657,107,73,47,0,0,0,0,0,0
11658,219,139,77,0,0,0,8,0,1
11659,7,7,3,0,0,0,0,0,0
11660,3886,881,1604,0,0,0,34,3,1
11661,225,118,85,0,0,0,11,0,0
11662,200,125,16,0,0,0,60,0,1
11663,381,180,130,2,1,0,9,0,0
11664,15,11,3,0,0,0,0,0,1
11665,108,81,38,0,0,0,7,0,1
11666,190,103,78,0,0,0,9,1,0
11667,89,64,31,0,0,0,0,0,1
11668,214,133,22,0,0,0,59,0,1
11669,95,71,19,1,1,0,6,0,1
11670,85,66,24,0,0,0,11,0,1
11671,82,63,26,0,0,1,6,0,1
11672,399,232,114,0,0,0,18,0,1
11673,129,88,36,0,0,1,14,0,0
11674,57,51,13,0,0,0,8,0,1
11675,32,27,6,0,0,0,1,0,1
11676,43,40,9,0,0,0,2,0,1
11677,162,102,52,0,0,0,19,0,1
11678,49,40,12,2,2,1,10,0,1
11679,301,155,114,0,0,0,10,0,0
11680,131,103,21,2,1,1,10,0,1
11681,190,67,70,1,1,1,23,0,0
11682,616,600,18,0,0,0,44,0,1
11683,394,238,115,2,1,0,25,0,0
11684,808,325,332,0,0,0,10,0,1
11685,33,28,8,0,0,0,8,0,0
11686,109,92,18,0,0,0,30,0,1
11687,409,224,115,1,1,0,13,2,1
11688,258,154,72,3,3,2,20,0,1
11689,141,91,45,0,0,0,23,0,0
11690,178,101,55,3,2,1,7,1,0
11691,262,152,98,1,1,0,2,1,1
11692,25,22,12,0,0,0,0,0,0
11693,379,180,105,0,0,15,38,0,0
11694,424,186,162,0,0,0,27,0,0
11695,89,60,15,0,0,0,19,0,0
11696,268,167,107,2,2,0,9,1,0
11697,49,37,9,0,0,2,7,0,0
11698,22,21,7,0,0,0,1,1,0
11699,74,54,29,0,0,0,1,0,0
11700,15,9,3,0,0,0,0,0,0
11701,187,127,62,0,0,0,13,1,1
11702,260,139,47,0,0,0,82,0,1
11703,36,29,7,0,0,0,4,0,1
11704,1264,562,224,3,3,3,198,0,0
11705,129,88,34,0,0,0,13,0,1
11706,631,320,216,0,0,0,31,1,0
11707,202,129,72,0,0,0,10,1,1
11708,56,42,24,0,0,0,2,0,1
11709,328,191,132,0,0,1,11,0,0
11710,39,34,17,0,0,0,1,0,1
11711,1225,512,416,2,2,2,73,1,1
11712,7,7,3,0,0,0,1,0,0
11713,108,86,35,0,0,0,11,0,1
11714,869,403,354,0,0,0,41,1,0
11715,442,213,145,4,2,3,29,1,1
11716,198,122,44,0,0,0,30,0,0
11717,635,247,197,0,0,0,64,0,0
11718,651,297,250,0,0,1,46,1,0
11719,128,98,43,0,0,0,4,0,1
11720,20,16,10,0,0,0,0,0,0
11721,133,86,35,1,1,0,3,0,1
11722,70,54,27,0,0,0,0,0,0
11723,265,149,55,1,1,0,27,1,0
11724,369,191,150,0,0,0,6,1,1
11725,79,60,23,3,3,0,1,0,1
11726,83,57,16,0,0,16,17,0,0
11727,54,45,19,0,0,0,2,0,0
11728,381,216,127,0,0,0,16,1,1
11729,106,79,28,0,0,0,2,0,1
11730,93,74,33,0,0,0,8,0,1
11731,286,167,109,0,0,0,19,0,0
11732,138,103,48,0,0,0,4,0,1
11733,1737,645,616,3,3,2,103,2,0
11734,89,52,40,0,0,1,8,1,0
11735,481,245,176,3,1,1,12,0,1
11736,108,78,36,0,0,2,7,0,1
11737,688,402,170,0,0,0,51,1,1
11738,112,78,33,1,1,2,11,0,0
11739,327,197,91,0,0,0,10,0,1
11740,346,161,114,0,0,0,5,0,1
11741,811,330,313,0,0,0,38,0,0
11742,48,31,3,0,0,0,19,0,0
11743,825,808,14,0,0,0,63,1,1
11744,38,31,11,0,0,0,0,0,0
11745,66,55,22,0,0,0,1,0,1
11746,87,61,26,0,0,0,12,0,0
11747,26,23,11,0,0,0,0,0,0
11748,11,11,4,0,0,0,0,0,0
11749,53,41,18,0,0,0,5,0,0
11750,166,115,48,2,2,3,19,1,1
11751,238,136,85,0,0,1,25,0,0
11752,487,250,186,1,1,3,22,1,1
11753,37,30,16,0,0,0,0,0,0
11754,194,104,68,0,0,0,19,0,1
11755,99,67,41,0,0,0,1,1,0
11756,363,193,111,0,0,1,37,1,0
11757,157,105,57,0,0,0,9,1,1
11758,62,40,32,0,0,0,0,0,0
11759,114,75,51,4,3,0,5,0,1
11760,73,72,4,0,0,0,2,0,1
11761,2943,525,356,96,2,1,212,1,0
11762,73,57,28,0,0,0,3,0,1
11763,28,24,10,0,0,0,0,0,0
11764,106,78,1,0,0,0,87,0,1
11765,160,96,35,0,0,0,10,0,1
11766,380,217,142,0,0,0,3,0,1
11767,48,47,10,0,0,0,10,0,1
11768,16,16,6,0,0,0,1,0,0
11769,624,324,206,0,0,0,23,0,1
11770,167,111,45,0,0,0,22,0,1
11771,158,119,51,0,0,0,11,0,0
11772,6,6,1,0,0,0,2,0,1
11773,208,178,31,0,0,0,62,1,1
11774,83,80,14,0,0,0,0,0,1
11775,114,87,31,1,1,0,8,0,1
11776,396,207,125,0,0,2,12,0,0
11777,1543,555,534,0,0,0,42,1,1
11778,52,46,16,0,0,0,2,0,0
11779,63,61,7,0,0,0,1,0,1
11780,144,101,42,0,0,0,10,1,0
11781,55,49,11,0,0,0,2,0,1
11782,79,55,29,0,0,0,3,0,1
11783,195,122,64,1,1,0,7,0,0
11784,45,34,19,0,0,0,0,0,1
11785,1847,754,457,39,19,8,154,1,0
11786,299,163,127,0,0,0,12,0,1
11787,89,56,22,0,0,0,3,1,1
11788,65,62,7,0,0,0,15,0,1
11789,312,157,133,0,0,0,10,0,0
11790,442,218,185,0,0,0,20,1,0
11791,337,153,129,0,0,0,27,0,1
11792,121,69,41,1,1,0,1,0,1
11793,58,48,23,0,0,0,9,0,1
11794,150,98,50,0,0,4,22,0,0
11795,32,27,13,0,0,0,0,1,1
11796,180,129,38,0,0,0,20,0,0
11797,28,26,10,0,0,0,0,0,0
11798,13,11,7,0,0,0,0,0,0
11799,55,47,13,0,0,0,10,0,0
11800,1091,551,323,0,0,0,57,2,1
11801,39,39,0,0,0,0,4,0,1
11802,199,128,51,0,0,0,28,0,1
11803,54,54,0,0,0,0,3,0,1
11804,335,194,101,3,2,2,16,1,1
11805,85,54,24,0,0,3,5,0,0
11806,62,51,14,0,0,3,6,0,0
11807,27,25,4,0,0,0,7,0,1
11808,55,49,17,0,0,0,1,0,0
11809,261,135,72,0,0,13,29,1,0
11810,661,322,89,0,0,78,176,0,0
11811,235,134,70,0,0,5,29,0,0
11812,491,234,207,0,0,0,13,3,1
11813,51,43,11,0,0,0,2,0,0
11814,46,41,8,0,0,2,7,0,0
11815,51,44,3,0,0,1,7,0,0
11816,1129,535,326,5,2,0,65,0,0
11817,98,87,19,0,0,0,39,0,1
11818,139,97,28,0,0,0,13,4,1
11819,320,166,97,6,5,0,17,1,1
11820,102,71,34,1,1,1,4,0,1
11821,43,37,11,0,0,0,5,0,1
11822,313,160,91,2,1,4,30,0,0
11823,32,26,7,1,1,0,2,0,0
11824,54,47,14,0,0,0,2,0,0
11825,30,25,0,2,1,0,20,0,1
11826,291,167,109,0,0,1,8,0,0
11827,52,42,24,0,0,0,0,0,1
11828,275,136,82,0,0,0,33,0,0
11829,430,177,107,0,0,6,64,0,0
11830,49,35,7,0,0,0,3,0,0
11831,102,69,25,0,0,0,12,0,0
11832,247,143,76,0,0,4,21,1,0
11833,45,26,9,0,0,4,8,0,0
11834,270,193,41,4,4,7,33,1,1
11835,311,167,32,9,4,27,74,0,0
11836,296,148,88,0,0,0,22,0,0
11837,640,322,165,0,0,0,41,0,0
11838,42,35,7,0,0,0,2,0,1
11839,304,167,120,0,0,0,9,0,0
11840,52,38,10,0,0,0,4,0,1
11841,166,119,35,0,0,0,7,1,1
11842,44,35,19,0,0,0,0,0,0
11843,75,57,22,0,0,0,4,0,0
11844,34,32,9,0,0,0,0,0,1
11845,583,322,25,0,0,0,399,0,1
11846,78,59,28,1,1,0,0,0,1
11847,592,269,30,1,1,7,283,0,0
11848,217,108,31,0,0,0,22,0,0
11849,35,30,3,0,0,0,5,0,1
11850,525,271,211,2,2,3,18,2,1
11851,41,35,15,0,0,0,1,2,1
11852,141,96,50,0,0,1,7,0,0
11853,180,127,58,0,0,3,4,0,0
11854,104,64,41,0,0,0,6,0,1
11855,330,183,129,0,0,0,19,0,1
11856,102,77,42,0,0,0,2,0,0
11857,1487,494,602,0,0,0,16,2,1
11858,60,52,10,0,0,2,7,0,0
11859,307,187,113,0,0,0,7,1,1
11860,644,318,207,0,0,1,41,2,0
11861,104,82,27,0,0,0,9,0,1
11862,195,129,56,1,1,2,15,0,0
11863,72,58,29,0,0,0,2,0,0
11864,10,10,5,0,0,0,0,1,0
11865,141,96,43,0,0,0,0,0,0
11866,46,45,6,0,0,0,6,0,1
11867,73,54,24,1,1,0,3,0,1
11868,46,40,13,0,0,0,0,0,0
11869,8,8,3,0,0,0,1,0,0
11870,27,23,8,0,0,0,1,0,0
11871,217,128,74,0,0,1,6,0,0
11872,86,65,30,1,1,0,9,0,0
11873,478,118,42,18,2,0,155,0,0
11874,40,31,2,0,0,0,4,0,0
11875,106,80,35,0,0,0,4,0,0
11876,116,93,36,0,0,0,18,0,1
11877,34,23,4,3,3,1,11,0,1
11878,365,149,113,0,0,0,33,0,0
11879,69,48,24,0,0,0,10,0,0
11880,678,320,227,5,2,1,24,0,0
11881,41,35,16,0,0,0,2,0,0
11882,39,38,4,0,0,0,21,0,1
11883,21,17,6,0,0,0,5,0,1
11884,177,123,61,0,0,0,13,1,1
11885,260,144,95,0,0,0,10,2,1
11886,291,155,79,1,1,9,21,0,0
11887,108,68,39,0,0,0,0,0,1
11888,71,57,21,0,0,0,9,0,0
11889,180,101,80,3,2,0,4,0,1
11890,199,142,56,0,0,0,4,0,1
11891,213,122,82,0,0,3,14,0,0
11892,167,127,43,0,0,0,5,1,1
11893,100,72,35,1,1,1,6,0,1
11894,308,177,111,0,0,0,19,0,0
11895,10,10,3,0,0,0,1,0,0
11896,168,111,41,1,1,2,32,0,0
11897,56,43,17,0,0,0,3,1,1
11898,91,68,26,0,0,0,8,1,0
11899,329,65,58,0,0,0,24,0,0
11900,148,134,24,0,0,0,9,1,1
11901,231,149,62,0,0,0,1,0,1
11902,59,59,1,0,0,0,5,0,1
11903,65,50,24,0,0,0,7,0,0
11904,67,57,19,0,0,0,7,0,1
11905,314,184,83,0,0,0,53,0,0
11906,432,233,114,3,3,0,12,0,0
11907,100,72,35,1,1,1,5,0,1
11908,32,30,9,0,0,0,0,0,0
11909,251,150,32,0,0,1,96,0,0
11910,435,216,110,0,0,0,29,0,1
11911,219,135,83,0,0,0,10,0,0
11912,46,34,4,4,4,1,12,0,1
11913,163,114,45,0,0,0,10,0,1
11914,265,136,54,12,4,7,53,0,0
11915,82,54,17,0,0,0,14,0,0
11916,4,4,2,0,0,0,0,0,0
11917,39,31,23,0,0,0,1,0,0
11918,1595,597,515,13,5,0,58,3,0
11919,117,71,38,0,0,0,3,0,0
11920,268,157,96,0,0,0,13,0,0
11921,266,154,94,0,0,0,9,4,1
11922,97,71,40,0,0,0,1,0,0
11923,206,126,69,0,0,0,10,1,0
11924,319,179,119,2,2,1,26,1,1
11925,83,57,18,0,0,0,13,0,0
11926,47,43,13,0,0,0,7,0,0
11927,3837,1079,893,31,2,1,247,2,0
11928,913,360,307,0,0,1,5,1,1
11929,106,82,30,0,0,0,2,0,1
11930,70,60,11,0,0,0,18,0,1
11931,55,43,10,0,0,0,3,0,0
11932,56,51,8,0,0,0,8,0,1
11933,1993,387,548,10,2,2,167,2,0
11934,82,69,20,0,0,0,7,1,1
11935,6,6,2,0,0,0,1,0,0
11936,930,437,286,0,0,1,9,0,0
11937,27,24,9,0,0,0,3,0,1
11938,295,174,126,0,0,0,9,0,1
11939,1330,540,503,0,0,0,14,1,0
11940,66,54,23,0,0,0,4,0,1
11941,104,69,46,0,0,0,0,1,1
11942,63,51,17,2,1,0,4,0,1
11943,261,158,63,0,0,0,43,0,0
11944,159,116,57,0,0,0,3,0,1
11945,1562,651,502,0,0,0,161,2,1
11946,132,91,26,4,3,1,10,0,1
11947,496,284,158,0,0,0,102,0,1
11948,174,102,64,0,0,0,8,0,1
11949,78,57,36,0,0,0,2,0,0
11950,182,130,6,0,0,0,31,0,1
11951,186,86,4,0,0,0,88,0,0
11952,552,196,176,0,0,0,74,0,0
11953,110,73,36,0,0,0,10,0,1
11954,137,84,42,0,0,1,8,1,0
11955,26,25,8,1,1,0,6,0,0
11956,632,355,203,0,0,0,89,0,1
11957,187,91,56,7,4,4,21,0,1
11958,18,18,3,0,0,0,1,0,0
11959,129,34,21,0,0,0,5,0,0
11960,48,43,17,0,0,0,1,0,1
11961,58,43,21,0,0,0,5,0,0
11962,85,56,20,0,0,0,2,0,1
11963,337,185,134,0,0,0,1,1,0
11964,72,49,22,0,0,0,1,0,0
11965,234,138,96,0,0,0,3,0,0
11966,1036,363,313,0,0,30,81,0,0
11967,129,83,29,0,0,0,42,0,0
11968,50,40,20,0,0,0,0,0,1
11969,92,69,35,0,0,0,2,0,0
11970,22,21,6,0,0,0,4,1,0
11971,78,59,18,0,0,0,9,0,0
11972,45,39,12,0,0,0,7,0,1
11973,109,68,44,0,0,0,0,1,1
11974,64,54,18,0,0,1,4,1,0
11975,5,5,1,0,0,0,0,0,0
11976,174,114,53,0,0,0,3,1,1
11977,209,124,74,1,1,1,3,0,1
11978,190,113,84,0,0,0,2,0,1
11979,94,73,37,0,0,0,2,0,0
11980,289,157,108,0,0,0,3,0,0
11981,201,125,73,0,0,0,9,1,0
11982,17,15,4,0,0,0,1,0,1
11983,12,12,3,0,0,0,0,0,0
11984,126,94,21,0,0,0,16,1,0
11985,133,94,46,0,0,0,2,0,1
11986,19,18,8,0,0,0,2,0,0
11987,485,255,151,0,0,0,50,0,0
11988,44,44,0,0,0,0,3,0,1
11989,41,35,7,0,0,0,6,0,1
11990,632,242,183,2,1,14,29,1,0
11991,254,212,29,0,0,0,20,0,1
11992,190,90,71,0,0,0,4,0,0
11993,59,41,12,0,0,0,0,0,1
11994,18,17,6,0,0,0,0,0,0
11995,264,165,91,0,0,0,1,0,0
11996,84,60,20,0,0,0,3,1,1
11997,58,40,9,0,0,0,12,0,1
11998,104,76,44,0,0,0,4,1,0
11999,13,10,1,0,0,0,0,0,1
12000,158,126,54,0,0,0,3,1,1
12001,118,77,30,0,0,1,11,0,0
12002,156,106,29,0,0,0,2,0,0
12003,513,505,4,0,0,0,56,0,1
12004,142,95,54,0,0,0,6,0,0
12005,193,107,70,1,1,0,4,0,0
12006,21,19,7,0,0,0,2,0,0
12007,67,56,25,0,0,0,1,0,1
12008,389,235,147,0,0,0,12,1,1
12009,103,79,24,0,0,0,6,0,0
12010,350,223,92,0,0,0,24,0,1
12011,86,67,32,0,0,0,13,0,1
12012,417,205,140,0,0,0,1,1,1
12013,298,183,117,0,0,0,13,1,1
12014,333,188,133,1,1,0,4,1,1
12015,243,143,78,0,0,0,5,0,1
12016,54,51,4,0,0,0,32,0,1
12017,67,55,28,0,0,0,0,0,0
12018,1236,534,412,0,0,0,101,1,1
12019,47,42,11,0,0,0,0,0,1
12020,8,8,1,0,0,0,0,0,1
12021,1411,584,246,0,0,100,209,1,0
12022,38,32,8,0,0,0,6,0,0
12023,96,72,20,0,0,0,5,0,1
12024,6,6,2,0,0,0,0,0,0
12025,1255,512,315,0,0,3,286,1,0
12026,246,122,78,1,1,8,21,0,0
12027,386,201,47,1,1,10,113,0,0
12028,131,76,30,0,0,0,12,1,0
12029,124,92,49,1,1,1,3,0,1
12030,36,33,6,0,0,0,14,0,1
12031,14,14,1,0,0,0,1,0,1
12032,69,62,12,0,0,0,11,0,1
12033,679,309,229,0,0,0,17,1,1
12034,149,91,32,0,0,0,10,0,1
12035,201,90,21,0,0,0,24,0,0
12036,505,286,174,0,0,1,15,1,0
12037,1997,620,139,0,0,447,790,1,0
12038,202,101,66,0,0,0,20,0,0
12039,144,102,44,1,1,2,12,1,0
12040,189,80,66,0,0,1,14,0,0
12041,88,62,35,0,0,0,4,0,0
12042,1199,450,409,0,0,0,104,1,0
12043,176,105,46,0,0,0,16,1,1
12044,1018,340,367,0,0,0,32,3,0
12045,35,35,1,0,0,0,15,0,1
12046,23,21,7,0,0,0,1,0,0
12047,2766,730,681,33,3,1,132,2,0
12048,332,211,84,0,0,0,33,0,1
12049,253,157,91,0,0,0,4,0,1
12050,740,374,219,0,0,0,95,0,0
12051,39,35,12,0,0,0,2,0,1
12052,42,34,10,0,0,0,2,0,1
12053,145,106,46,0,0,0,9,0,1
12054,59,49,19,1,1,0,3,0,0
12055,16,16,2,0,0,0,0,0,1
12056,313,168,66,0,0,35,52,1,0
12057,291,151,87,0,0,0,17,1,0
12058,119,115,8,0,0,0,27,0,1
12059,92,76,19,0,0,0,3,0,1
12060,64,51,22,0,0,1,3,0,0
12061,52,41,13,0,0,3,6,0,0
12062,58,32,7,0,0,6,9,0,0
12063,325,181,99,1,1,3,30,0,0
12064,82,71,10,0,0,0,23,0,1
12065,138,92,47,0,0,0,9,0,0
12066,9,9,2,0,0,0,0,0,1
12067,178,116,68,0,0,0,1,0,1
12068,482,263,88,0,0,1,78,0,0
12069,522,218,221,0,0,0,5,0,1
12070,56,46,19,1,1,0,2,0,1
12071,178,112,54,0,0,0,23,0,0
12072,128,77,42,4,2,0,1,1,1
12073,9,8,3,0,0,0,0,0,0
12074,80,65,33,0,0,0,8,0,1
12075,246,110,25,0,0,0,64,0,0
12076,96,68,42,0,0,0,0,1,0
12077,13,13,6,0,0,0,0,0,0
12078,184,119,61,0,0,0,3,0,1
12079,920,411,232,3,2,0,64,1,0
12080,21,17,4,0,0,1,3,0,0
12081,61,46,17,0,0,0,6,0,0
12082,3238,789,1314,0,0,0,33,2,1
12083,187,113,54,0,0,5,24,0,0
12084,36,31,11,0,0,1,1,0,0
12085,97,72,24,0,0,1,5,0,0
12086,43,39,17,0,0,1,1,0,0
12087,154,85,37,0,0,0,16,0,0
12088,140,86,37,1,1,3,27,0,0
12089,54,45,23,0,0,0,1,0,0
12090,58,47,23,0,0,0,8,0,1
12091,389,210,145,3,3,1,25,2,1
12092,1723,673,587,0,0,0,44,2,1
12093,131,103,43,0,0,0,12,0,1
12094,130,90,33,0,0,0,20,0,0
12095,33,20,7,0,0,0,6,0,0
12096,66,57,17,0,0,0,8,0,1
12097,282,149,105,0,0,3,13,1,0
12098,826,391,266,0,0,0,49,3,0
12099,80,65,33,0,0,0,7,0,1
12100,89,60,25,0,0,0,14,0,1
12101,188,122,64,0,0,0,13,0,0
12102,126,121,8,0,0,0,35,0,1
12103,647,345,178,0,0,0,88,1,1
12104,24,24,4,0,0,0,5,0,1
12105,59,58,3,0,0,0,0,0,1
12106,580,307,127,0,0,0,66,1,0
12107,122,74,20,0,0,0,41,0,1
12108,79,68,14,0,0,0,16,0,1
12109,14,14,4,0,0,0,0,0,0
12110,1663,558,632,5,5,1,15,0,1
12111,224,135,71,5,2,0,9,0,0
12112,61,46,7,0,0,2,10,0,0
12113,82,65,27,0,0,0,0,1,0
12114,79,52,28,0,0,0,7,0,0
12115,95,57,46,0,0,0,3,0,0
12116,19,17,8,0,0,0,0,0,1
12117,489,280,156,0,0,0,97,0,1
12118,128,95,35,0,0,0,13,0,1
12119,33,29,14,0,0,0,0,0,0
12120,272,176,74,2,2,1,35,0,0
12121,27,24,9,0,0,0,2,0,1
12122,186,102,62,0,0,0,4,0,0
12123,179,125,53,0,0,0,4,0,1
12124,107,83,35,0,0,0,8,0,1
12125,253,179,70,0,0,0,2,0,1
12126,63,47,21,1,1,0,4,0,0
12127,8,5,0,0,0,0,3,0,0
12128,36,26,3,1,1,0,14,0,0
12129,95,73,28,0,0,0,6,0,1
12130,201,113,62,0,0,0,10,0,1
12131,44,38,21,0,0,0,1,0,0
12132,149,111,53,0,0,0,4,0,1
12133,21,21,1,0,0,0,10,0,1
12134,72,60,20,0,0,0,3,0,1
12135,55,45,18,0,0,1,0,0,0
12136,111,90,29,0,0,0,15,0,1
12137,1400,541,467,4,1,2,90,2,0
12138,45,33,12,0,0,0,4,0,1
12139,98,71,35,0,0,0,5,0,1
12140,643,344,207,0,0,0,77,0,1
12141,1233,404,476,0,0,0,15,3,1
12142,70,57,20,0,0,0,5,1,1
12143,85,67,28,0,0,0,5,0,1
12144,48,41,20,0,0,0,3,0,0
12145,164,109,46,0,0,0,5,4,1
12146,78,58,17,0,0,0,9,0,1
12147,112,98,18,0,0,0,10,1,1
12148,73,50,24,1,1,0,3,0,0
12149,70,56,20,0,0,0,7,0,0
12150,512,275,202,1,1,1,13,4,1
12151,222,142,78,0,0,0,14,0,0
12152,54,48,22,0,0,0,3,0,0
12153,423,226,85,0,0,0,56,1,1
12154,88,65,20,0,0,0,3,1,1
12155,36,27,7,1,1,0,2,0,0
12156,318,167,102,0,0,5,16,1,0
12157,87,41,9,0,0,0,18,0,1
12158,225,211,11,0,0,0,31,0,1
12159,327,183,69,0,0,0,108,0,1
12160,93,55,21,0,0,4,13,0,0
12161,1132,502,53,16,6,217,499,0,0
12162,22,18,0,0,0,1,2,0,0
12163,102,68,6,0,0,0,27,0,1
12164,15,12,0,0,0,0,0,0,0
12165,537,288,186,0,0,0,23,2,1
12166,446,225,145,0,0,0,25,1,0
12167,14,14,5,0,0,0,1,0,1
12168,22,20,1,0,0,1,2,0,0
12169,1020,416,30,0,0,64,424,1,0
12170,175,106,56,4,3,2,16,1,1
12171,621,279,254,0,0,0,12,0,1
12172,78,59,24,0,0,0,2,0,1
12173,975,430,66,1,1,216,391,0,0
12174,49,45,17,0,0,0,0,0,1
12175,400,210,158,0,0,0,13,2,1
12176,212,123,72,0,0,1,6,0,0
12177,664,311,253,3,3,1,15,2,1
12178,120,92,3,0,0,0,67,0,1
12179,177,116,64,0,0,0,11,0,1
12180,2361,572,550,12,5,127,445,0,0
12181,104,87,17,0,0,0,12,1,1
12182,228,120,51,0,0,0,21,0,0
12183,56,44,17,0,0,0,9,0,0
12184,15,15,7,0,0,0,0,0,0
12185,279,155,108,0,0,0,8,4,1
12186,5,5,0,0,0,0,0,0,1
12187,91,62,24,0,0,0,15,0,0
12188,92,78,17,0,0,0,11,0,1
12189,885,372,298,0,0,0,26,0,1
12190,265,145,90,3,3,6,27,0,1
12191,31,27,2,0,0,2,5,0,0
12192,723,320,202,1,1,5,124,0,0
12193,292,155,82,0,0,0,24,0,0
12194,22,22,4,0,0,0,1,0,0
12195,20,17,0,0,0,0,1,0,0
12196,143,110,38,0,0,1,8,0,1
12197,171,103,54,0,0,2,8,0,0
12198,114,83,42,0,0,0,6,0,0
12199,95,74,33,0,0,0,0,0,1
12200,505,284,155,0,0,0,72,0,1
12201,80,53,30,0,0,0,5,1,0
12202,45,42,11,0,0,1,4,0,0
12203,77,61,26,0,0,0,2,0,1
12204,84,60,39,0,0,0,7,0,0
12205,89,68,31,0,0,0,8,0,1
12206,1569,396,508,0,0,0,37,2,0
12207,23,19,6,0,0,0,1,0,0
12208,21,16,9,0,0,0,2,0,0
12209,74,55,16,2,1,0,13,1,1
12210,27,18,3,0,0,0,10,0,0
12211,422,226,133,0,0,0,27,2,1
12212,117,92,34,0,0,0,15,0,1
12213,8,5,0,0,0,0,3,0,0
12214,412,220,81,0,0,0,81,0,1
12215,6,6,0,0,0,0,1,0,0
12216,102,67,6,0,0,0,26,0,1
12217,779,334,258,0,0,0,46,0,1
12218,892,374,298,3,3,1,30,0,1
12219,121,114,21,0,0,0,40,0,1
12220,150,92,46,3,3,1,13,0,1
12221,102,66,6,0,0,0,27,0,1
12222,135,70,20,1,1,4,25,0,0
12223,261,134,66,0,0,0,48,0,0
12224,60,47,17,0,0,0,5,0,0
12225,652,337,197,0,0,0,31,0,1
12226,886,857,10,0,0,0,98,0,1
12227,69,52,29,0,0,0,0,0,0
12228,5,5,1,0,0,0,1,0,1
12229,131,80,46,4,2,0,8,0,1
12230,129,93,25,0,0,0,11,1,1
12231,90,88,8,0,0,0,0,0,1
12232,21,17,5,0,0,0,2,0,1
12233,17,17,2,0,0,0,3,0,1
12234,3863,914,1577,0,0,0,50,3,1
12235,33,28,13,0,0,0,2,0,0
12236,72,58,25,0,0,0,4,0,1
12237,60,54,17,0,0,0,4,0,1
12238,239,127,98,1,1,0,2,0,1
12239,139,56,16,0,0,0,49,0,0
12240,505,274,174,0,0,3,55,2,0
12241,239,121,93,0,0,0,28,1,0
12242,80,67,30,0,0,0,2,0,0
12243,244,152,75,3,1,4,25,1,0
12244,108,67,39,1,1,0,5,0,0
12245,46,41,13,1,1,0,1,0,0
12246,32,22,12,0,0,0,2,0,1
12247,550,320,23,1,1,0,423,0,1
12248,85,58,21,0,0,0,7,1,0
12249,85,61,37,0,0,0,3,0,0
12250,215,129,95,0,0,0,5,0,1
12251,541,267,217,0,0,0,19,2,1
12252,205,133,68,0,0,0,7,0,1
12253,27,25,7,0,0,0,2,0,0
12254,206,132,63,4,1,1,18,0,0
12255,200,117,44,0,0,0,2,0,0
12256,90,72,31,1,1,0,7,0,0
12257,85,73,20,0,0,0,5,0,1
12258,79,79,0,0,0,0,8,0,1
12259,91,78,21,0,0,0,14,1,1
12260,32,23,8,0,0,0,3,0,1
12261,95,81,20,0,0,0,15,0,1
12262,269,185,50,0,0,0,48,0,1
12263,172,78,43,0,0,2,17,0,0
12264,16,8,0,3,2,0,4,0,1
12265,37,35,8,0,0,0,5,0,1
12266,420,188,145,0,0,0,22,0,0
12267,139,101,36,0,0,0,9,0,1
12268,103,78,38,0,0,0,9,0,1
12269,10,9,3,0,0,0,0,0,1
12270,384,224,144,0,0,1,9,0,0
12271,321,168,69,0,0,0,105,0,0
12272,198,113,59,4,3,2,12,0,1
12273,47,38,17,0,0,0,2,0,1
12274,42,41,2,0,0,0,4,0,1
12275,44,35,10,0,0,0,0,0,0
12276,184,88,5,0,0,0,75,0,0
12277,104,82,33,0,0,0,4,0,0
12278,99,68,43,0,0,0,3,1,0
12279,55,45,21,0,0,0,2,0,1
12280,65,51,22,0,0,0,4,1,1
12281,598,270,167,0,0,0,46,0,0
12282,923,456,304,0,0,14,63,0,0
12283,258,128,82,0,0,0,6,2,0
12284,155,85,61,0,0,0,11,0,0
12285,117,83,38,0,0,0,11,0,1
12286,349,210,100,0,0,0,30,0,1
12287,62,51,26,0,0,0,2,0,1
12288,686,309,150,0,0,7,116,0,0
12289,44,41,8,0,0,0,6,0,1
12290,385,206,124,0,0,5,27,1,0
12291,75,61,31,0,0,0,8,0,1
12292,47,31,7,0,0,2,5,0,0
12293,39,39,10,0,0,0,7,0,1
12294,439,218,154,0,0,0,29,1,0
12295,858,385,266,8,4,2,35,1,0
12296,596,95,92,0,0,0,221,0,1
12297,39,29,19,0,0,0,3,0,0
12298,575,263,199,0,0,0,20,0,0
12299,193,115,54,0,0,1,25,0,0
12300,83,49,19,0,0,6,12,0,0
12301,317,164,118,0,0,0,20,0,0
12302,2434,663,920,6,6,1,64,1,1
12303,26,23,2,0,0,1,1,0,0
12304,65,56,27,0,0,0,2,0,0
12305,12,11,1,0,0,0,0,0,1
12306,143,110,38,0,0,1,8,0,1
12307,424,224,174,0,0,0,7,2,1
12308,81,63,27,0,0,0,4,0,0
12309,11,11,2,0,0,0,0,0,0
12310,35,28,12,0,0,0,0,0,0
12311,7,7,3,0,0,0,0,0,0
12312,180,121,38,0,0,0,52,1,0
12313,234,156,87,0,0,0,4,0,1
12314,294,177,89,0,0,0,5,0,1
12315,100,71,37,0,0,0,3,0,0
12316,59,50,9,0,0,0,6,0,1
12317,73,52,23,1,1,1,9,0,0
12318,182,125,60,0,0,0,13,1,0
12319,12,8,0,0,0,0,8,0,1
12320,89,66,20,0,0,0,5,0,1
12321,37,27,10,0,0,0,5,0,1
12322,118,95,47,0,0,0,8,0,1
12323,148,107,57,0,0,0,11,0,1
12324,452,215,191,0,0,0,8,1,1
12325,869,402,307,0,0,0,29,1,0
12326,13,13,4,0,0,0,0,0,0
12327,679,202,319,0,0,3,5,0,1
12328,94,55,22,0,0,0,13,0,0
12329,208,133,65,0,0,0,6,1,1
12330,48,37,15,0,0,2,4,0,0
12331,1347,470,542,0,0,0,70,1,0
12332,319,198,109,0,0,0,27,1,1
12333,2461,640,554,46,4,1,127,2,0
12334,163,79,54,0,0,0,21,0,0
12335,99,67,26,2,2,1,6,0,1
12336,910,476,291,0,0,0,122,2,1
12337,57,51,16,0,0,0,1,0,0
12338,505,258,206,0,0,0,12,2,1
12339,52,42,10,0,0,0,2,0,1
12340,262,137,76,0,0,0,8,0,1
12341,145,116,39,0,0,0,21,0,1
12342,154,112,63,0,0,0,2,0,1
12343,30,27,9,1,1,0,5,0,0
12344,23,22,5,0,0,0,1,1,1
12345,104,44,5,0,0,0,4,1,0
12346,67,57,25,0,0,0,1,1,1
12347,421,199,156,0,0,2,4,0,1
12348,111,80,35,1,1,1,4,0,1
12349,63,45,21,0,0,0,12,0,0
12350,330,188,61,0,0,1,43,0,0
12351,746,269,145,3,1,61,136,0,0
12352,119,84,51,0,0,0,9,0,1
12353,258,149,106,0,0,0,8,0,1
12354,102,80,21,0,0,0,2,0,1
12355,182,102,68,0,0,3,24,0,0
12356,110,88,31,0,0,0,9,0,1
12357,47,37,5,0,0,0,10,0,0
12358,43,42,5,0,0,0,4,0,1
12359,157,95,64,0,0,0,13,0,0
12360,269,167,101,3,2,0,9,1,1
12361,94,78,21,0,0,0,15,0,0
12362,127,102,15,0,0,0,33,0,1
12363,330,170,118,0,0,5,18,1,0
12364,396,197,144,0,0,0,4,0,1
12365,13,13,4,0,0,0,0,0,0
12366,131,80,46,4,2,0,8,0,1
12367,144,132,24,0,0,0,10,0,1
12368,88,67,32,0,0,0,10,0,1
12369,86,56,34,1,1,0,6,0,0
12370,69,65,16,0,0,0,25,0,1
12371,65,51,18,0,0,0,3,0,1
12372,12,12,1,0,0,0,2,0,1
12373,268,121,89,0,0,0,13,0,0
12374,110,72,38,0,0,0,8,0,1
12375,210,139,76,0,0,0,8,1,1
12376,457,268,57,0,0,0,131,1,1
12377,62,51,5,0,0,0,5,0,1
12378,122,81,43,0,0,0,0,5,1
12379,16,16,4,0,0,0,1,0,0
12380,250,119,70,0,0,12,19,0,0
12381,41,30,9,0,0,0,8,0,0
12382,1581,644,335,0,0,79,198,1,0
12383,17,14,5,0,0,0,0,0,0
12384,3630,951,1076,4,2,1,123,3,0
12385,583,309,196,3,3,1,37,2,0
12386,302,145,111,0,0,9,29,1,0
12387,702,289,286,0,0,0,8,3,1
12388,313,174,116,0,0,0,19,0,1
12389,59,59,6,0,0,0,0,0,1
12390,477,243,107,4,1,6,85,3,1
12391,131,83,22,0,0,1,36,0,0
12392,9,9,0,0,0,0,1,0,0
12393,337,179,107,2,2,1,7,1,1
12394,482,222,44,0,0,2,122,0,0
12395,105,81,28,0,0,0,13,0,1
12396,357,157,88,1,1,0,17,0,1
12397,233,145,61,1,1,3,18,1,0
12398,4874,545,453,87,7,0,1297,3,0
12399,216,141,62,7,7,1,21,0,1
12400,36,30,12,0,0,0,1,0,0
12401,66,54,23,0,0,0,6,1,0
12402,282,171,84,0,0,0,9,0,0
12403,272,121,8,0,0,0,97,0,0
12404,21,19,2,0,0,0,6,0,1
12405,204,118,64,0,0,0,1,0,1
12406,457,198,137,6,1,6,24,0,0
12407,31,31,7,0,0,0,3,1,0
12408,288,172,111,0,0,0,3,1,1
12409,25,24,4,0,0,0,2,0,1
12410,431,183,154,0,0,0,3,1,1
12411,14,13,4,0,0,0,0,0,0
12412,353,200,114,0,0,0,39,1,0
12413,173,117,58,0,0,2,6,1,1
12414,293,288,15,0,0,0,246,0,1
12415,99,72,17,0,0,0,14,0,1
12416,191,96,48,2,2,2,13,0,0
12417,84,66,28,0,0,0,11,0,1
12418,127,69,38,0,0,0,18,0,0
12419,330,197,123,1,1,2,17,0,1
12420,137,98,55,0,0,0,4,0,0
12421,940,439,318,0,0,0,28,2,1
12422,854,278,133,1,1,0,80,1,0
12423,15,13,7,0,0,0,0,1,0
12424,373,207,108,0,0,13,28,1,0
12425,156,106,64,2,2,0,3,0,1
12426,42,36,2,0,0,0,7,0,0
12427,24,22,0,0,0,0,4,0,0
12428,1068,413,456,0,0,1,9,2,1
12429,142,102,42,0,0,1,9,0,1
12430,75,58,17,0,0,0,7,1,0
12431,196,127,53,0,0,0,11,0,0
12432,33,30,5,0,0,0,1,0,1
12433,23,20,10,0,0,0,1,0,0
12434,81,74,23,3,3,0,3,1,1
12435,104,72,26,0,0,1,6,0,0
12436,64,48,20,0,0,0,3,0,1
12437,52,45,9,0,0,0,0,0,1
12438,333,175,43,1,1,29,95,0,0
12439,144,99,52,0,0,0,2,0,1
12440,256,146,54,0,0,11,35,1,0
12441,35,34,7,0,0,0,1,0,1
12442,46,44,9,0,0,0,5,1,1
12443,649,340,104,11,3,35,146,1,0
12444,166,112,46,0,0,9,19,0,0
12445,173,139,34,0,0,0,23,1,0
12446,107,67,39,0,0,0,4,0,1
12447,608,275,203,0,0,1,3,1,1
12448,411,192,156,1,1,0,13,0,0
12449,80,64,33,0,0,0,8,0,1
12450,204,141,79,0,0,0,6,0,1
12451,393,191,128,6,1,1,11,1,1
12452,22,22,4,0,0,0,2,0,0
12453,83,67,26,0,0,0,12,0,1
12454,11,10,0,0,0,0,2,0,0
12455,125,87,37,0,0,0,6,1,1
12456,199,142,56,0,0,0,4,0,1
12457,46,38,13,0,0,0,2,0,1
12458,5,5,2,0,0,0,1,0,0
12459,621,265,192,1,1,11,69,0,0
12460,47,36,15,0,0,0,2,0,0
12461,2311,717,908,7,7,0,138,2,1
12462,156,79,56,0,0,0,18,0,0
12463,9,9,4,0,0,0,2,0,0
12464,204,131,64,0,0,0,6,1,1
12465,75,66,11,0,0,0,18,0,1
12466,2247,818,622,0,0,0,148,1,1
12467,1050,459,320,0,0,0,48,4,1
12468,96,73,37,0,0,0,3,0,0
12469,102,67,6,0,0,0,24,0,1
12470,52,38,19,0,0,0,4,0,0
12471,41,33,12,0,0,0,1,0,1
12472,103,79,24,0,0,0,6,0,0
12473,194,119,46,0,0,0,22,0,0
12474,289,141,72,2,2,0,54,0,0
12475,354,181,81,0,0,0,27,0,0
12476,57,39,10,0,0,0,8,0,1
12477,69,55,22,0,0,0,5,1,1
12478,39,34,19,0,0,0,1,0,0
12479,175,107,38,0,0,2,18,0,0
12480,117,88,29,0,0,0,9,0,1
12481,262,167,101,0,0,0,5,1,1
12482,351,202,97,0,0,0,17,0,1
12483,16,16,3,0,0,0,0,0,0
12484,72,59,20,0,0,0,6,0,0
12485,5571,1396,1698,7,6,2,168,4,0
12486,531,247,229,0,0,0,4,3,1
12487,396,199,84,0,0,0,48,1,0
12488,422,422,1,0,0,0,40,0,1
12489,91,58,24,0,0,0,5,0,0
12490,278,155,111,0,0,0,6,1,0
12491,52,44,15,0,0,0,5,0,0
12492,80,65,22,0,0,0,5,0,1
12493,20,17,7,0,0,0,0,0,1
12494,615,330,193,2,1,1,5,0,1
12495,533,286,186,2,2,0,22,2,1
12496,436,206,172,0,0,2,17,2,0
12497,70,49,8,0,0,1,20,0,0
12498,364,203,82,0,0,0,69,0,0
12499,353,177,106,0,0,7,12,0,0
12500,5,5,0,0,0,0,0,0,0
12501,99,77,20,0,0,0,18,0,1
12502,195,131,53,0,0,1,9,0,0
12503,118,72,43,0,0,0,3,0,0
12504,288,152,68,2,1,11,35,0,0
12505,108,67,23,0,0,0,24,0,0
12506,102,63,37,0,0,0,0,0,1
12507,30,28,1,0,0,0,11,0,1
12508,1033,694,27,2,2,3,662,0,1
12509,103,47,19,0,0,0,12,0,0
12510,109,71,37,0,0,0,9,0,1
12511,82,59,25,0,0,0,1,0,1
12512,638,263,203,2,1,5,59,2,0
12513,58,38,9,0,0,0,12,0,0
12514,362,232,76,1,1,32,67,0,0
12515,60,45,20,0,0,0,6,0,0
12516,106,89,25,0,0,0,37,0,1
12517,21,21,2,0,0,0,7,0,1
12518,137,102,44,0,0,1,6,0,0
12519,1517,575,438,0,0,0,44,1,0
12520,449,230,141,0,0,0,27,2,0
12521,390,244,98,0,0,0,42,0,1
12522,305,252,41,0,0,0,61,0,0
12523,68,50,29,0,0,0,0,0,0
12524,11,10,0,0,0,0,2,0,0
12525,66,52,15,0,0,0,2,0,1
12526,128,77,26,0,0,0,25,0,0
12527,146,97,49,0,0,0,6,0,1
12528,67,62,9,0,0,0,13,0,1
12529,96,72,32,0,0,0,9,1,1
12530,69,56,4,0,0,0,39,0,1
12531,34,32,8,0,0,1,5,1,0
12532,837,388,262,0,0,0,91,0,1
12533,116,92,32,0,0,0,9,0,1
12534,193,130,56,0,0,0,3,1,1
12535,24,22,0,0,0,0,4,0,0
12536,93,66,21,2,1,0,5,0,0
12537,5292,1471,1512,5,3,2,211,2,0
12538,802,371,332,0,0,0,28,2,1
12539,314,126,48,0,0,9,61,0,0
12540,100,80,25,0,0,0,2,0,1
12541,15,15,4,0,0,0,1,1,0
12542,173,111,48,2,1,0,6,0,0
12543,192,126,55,0,0,0,0,1,0
12544,134,82,53,0,0,0,1,0,0
12545,85,67,24,0,0,0,12,0,1
12546,858,385,286,5,4,0,31,1,0
12547,52,41,21,0,0,0,4,0,0
12548,63,52,14,0,0,0,5,0,1
12549,85,79,11,0,0,0,1,0,1
12550,104,72,38,1,1,0,3,0,1
12551,135,97,50,0,0,0,8,0,1
12552,150,95,47,0,0,0,3,0,1
12553,80,67,19,0,0,0,7,0,1
12554,64,64,2,0,0,0,12,0,1
12555,37,37,1,0,0,0,6,0,1
12556,196,92,20,0,0,12,73,0,0
12557,72,38,6,0,0,0,14,0,1
12558,409,203,96,0,0,0,61,2,0
12559,442,239,149,2,2,3,25,0,1
12560,122,81,36,1,1,0,13,0,0
12561,11,11,2,0,0,0,3,0,0
12562,407,217,136,0,0,5,25,1,0
12563,268,163,98,4,3,0,12,1,1
12564,719,375,214,0,0,0,42,0,1
12565,23,19,8,1,1,1,3,0,1
12566,557,240,239,0,0,4,17,0,0
12567,96,74,25,0,0,0,6,0,1
12568,873,425,273,3,3,1,54,0,1
12569,329,151,104,1,1,10,36,0,0
12570,34,32,11,0,0,0,4,0,1
12571,30,30,2,0,0,0,11,1,1
12572,32,30,3,0,0,0,2,1,1
12573,762,353,319,0,0,0,12,3,1
12574,36,34,8,0,0,1,3,0,0
12575,120,94,40,0,0,0,6,0,1
12576,57,45,15,0,0,0,0,0,0
12577,185,110,46,0,0,0,15,0,0
12578,229,228,2,0,0,0,206,0,1
12579,59,42,25,0,0,0,2,0,0
12580,258,148,67,0,0,0,33,0,0
12581,184,88,5,0,0,0,75,0,0
12582,320,185,115,0,0,0,16,0,0
12583,8,8,3,0,0,0,0,0,0
12584,251,141,96,0,0,3,6,0,0
12585,2430,838,681,0,0,0,157,1,1
12586,164,97,52,0,0,6,23,0,0
12587,235,146,74,0,0,0,2,2,1
12588,106,75,36,0,0,0,7,0,1
12589,31,23,13,0,0,0,3,0,1
12590,16,16,2,0,0,0,4,0,0
12591,212,134,75,0,0,0,4,0,1
12592,66,55,24,0,0,0,1,0,1
12593,102,72,28,2,1,0,13,0,0
12594,236,161,79,0,0,0,9,0,1
12595,5,5,0,0,0,0,0,0,0
12596,458,226,75,0,0,20,62,1,0
12597,78,25,5,0,0,0,17,0,0
12598,49,41,21,0,0,0,3,0,0
12599,302,161,96,0,0,0,6,0,1
12600,130,91,48,0,0,0,7,0,0
12601,65,47,20,2,2,0,3,0,0
12602,275,185,97,0,0,0,7,0,1
12603,204,130,10,0,0,0,63,0,1
12604,206,132,69,0,0,0,15,0,1
12605,499,288,158,0,0,0,95,0,1
12606,505,196,57,0,0,0,84,1,1
12607,24,22,8,0,0,0,0,0,0
12608,17,15,5,0,0,0,2,0,0
12609,256,141,86,0,0,0,15,0,0
12610,447,187,184,0,0,0,16,1,0
12611,266,158,95,0,0,3,7,0,0
12612,240,133,103,0,0,1,3,1,0
12613,185,113,63,0,0,0,4,2,1
12614,437,248,134,0,0,1,23,1,0
12615,234,232,4,0,0,0,202,0,1
12616,62,53,23,0,0,0,3,0,1
12617,118,73,31,0,0,0,5,0,0
12618,208,124,53,0,0,0,22,1,0
12619,46,40,13,0,0,0,4,0,1
12620,44,44,1,0,0,0,14,0,1
12621,597,227,123,3,3,2,94,1,1
12622,5119,1316,1620,1,1,0,253,0,0
12623,31,25,2,0,0,0,3,1,0
12624,24,22,8,0,0,0,0,0,0
12625,42,34,16,0,0,0,2,1,1
12626,123,94,29,1,1,0,12,0,1
12627,212,136,66,0,0,0,7,1,1
12628,33,25,10,0,0,0,1,0,1
12629,33,28,13,0,0,0,2,0,0
12630,1438,450,405,17,6,0,182,2,0
12631,590,286,170,0,0,0,14,2,1
12632,86,55,20,0,0,0,3,0,0
12633,197,131,57,0,0,0,7,0,1
12634,50,44,10,0,0,0,12,0,1
12635,1512,493,599,5,5,1,4,1,1
12636,1972,622,655,0,0,0,41,2,1
12637,360,210,104,0,0,0,20,0,1
12638,75,72,9,0,0,0,0,0,1
12639,24,22,5,0,0,0,1,1,1
12640,27,26,5,0,0,0,1,0,0
12641,56,48,24,0,0,1,1,1,1
12642,43,39,8,0,0,0,3,0,1
12643,307,153,106,0,0,0,14,1,0
12644,33,29,12,0,0,0,1,0,0
12645,392,185,11,0,0,0,199,0,1
12646,507,264,200,0,0,0,13,2,1
12647,170,126,66,0,0,0,2,0,1
12648,19,15,4,0,0,0,1,0,1
12649,39,29,10,0,0,0,8,0,0
12650,241,143,97,0,0,1,12,0,0
12651,73,60,22,0,0,0,10,0,1
12652,6,6,2,0,0,0,0,0,0
12653,489,251,186,1,1,3,20,1,1
12654,298,177,97,0,0,0,4,0,0
12655,81,61,31,0,0,0,1,0,0
12656,1153,540,264,15,8,3,155,0,0
12657,73,54,23,0,0,1,1,0,0
12658,80,50,22,0,0,0,13,0,0
12659,207,140,58,0,0,3,40,0,0
12660,269,167,76,0,0,0,32,0,1
12661,924,401,256,2,2,2,45,1,0
12662,457,216,179,0,0,0,19,0,0
12663,72,49,30,0,0,0,3,0,0
12664,54,44,15,0,0,0,2,0,0
12665,912,348,269,0,0,0,27,0,1
12666,109,62,13,0,0,0,13,0,0
12667,182,122,58,4,4,0,10,0,1
12668,56,45,22,0,0,0,1,1,0
12669,536,245,114,0,0,3,77,0,0
12670,54,47,10,0,0,0,2,0,1
12671,259,128,64,0,0,10,53,1,0
12672,95,72,23,0,0,0,11,0,1
12673,80,65,33,0,0,0,7,0,1
12674,6,6,2,0,0,0,1,0,1
12675,170,110,50,4,2,2,9,0,1
12676,239,124,67,0,0,0,20,1,0
12677,117,88,29,0,0,0,10,0,1
12678,39,32,12,0,0,0,1,0,0
12679,440,206,45,0,0,0,209,1,0
12680,104,83,37,0,0,0,4,0,0
12681,764,348,246,0,0,0,4,0,0
12682,61,50,17,2,1,0,4,0,1
12683,296,147,81,0,0,0,42,0,0
12684,166,119,35,0,0,0,7,1,1
12685,124,75,34,3,2,3,6,0,0
12686,397,226,120,0,0,0,28,1,1
12687,236,113,45,0,0,0,51,0,0
12688,21,18,0,0,0,0,0,0,0
12689,1264,510,424,1,1,0,62,1,1
12690,31,26,2,0,0,1,11,0,0
12691,503,196,169,2,1,14,40,0,0
12692,161,119,53,1,1,0,2,1,1
12693,11,10,0,0,0,0,2,0,0
12694,32,26,8,0,0,0,1,0,0
12695,157,113,54,0,0,0,11,0,1
12696,71,54,28,0,0,0,0,0,1
12697,899,436,302,0,0,0,93,1,1
12698,28,25,10,0,0,0,2,0,0
12699,123,97,32,0,0,1,16,0,1
12700,30,28,4,0,0,1,4,0,0
12701,27,24,9,0,0,0,3,0,0
12702,53,46,14,0,0,0,6,0,1
12703,324,197,63,0,0,0,68,1,1
12704,361,207,110,0,0,0,29,0,1
12705,31,28,0,0,0,0,5,0,0
12706,139,92,48,0,0,0,4,1,1
12707,65,55,23,0,0,0,5,1,1
12708,27,20,11,0,0,0,1,0,0
12709,486,262,138,0,0,1,40,0,0
12710,415,203,137,0,0,5,44,0,0
12711,34,29,10,0,0,0,1,0,0
12712,222,143,87,0,0,0,1,0,1
12713,187,117,67,0,0,0,10,0,1
12714,308,165,91,0,0,0,25,0,0
12715,102,58,30,0,0,0,17,0,0
12716,104,69,47,0,0,0,1,0,1
12717,11,11,3,0,0,0,0,0,0
12718,416,217,157,0,0,0,20,1,1
12719,44,42,12,0,0,0,6,0,1
12720,209,102,63,1,1,7,31,0,0
12721,149,107,49,0,0,0,8,0,0
12722,275,117,14,1,1,61,120,0,0
12723,187,91,56,7,4,4,21,0,1
12724,667,259,105,0,0,0,66,1,0
12725,3519,879,1221,0,0,0,62,4,1
12726,43,40,16,0,0,0,2,0,0
12727,625,291,194,1,1,1,34,0,0
12728,860,374,360,2,2,2,6,2,1
12729,38,36,5,0,0,0,12,0,1
12730,47,41,11,0,0,1,3,0,0
12731,69,56,26,1,1,0,2,0,0
12732,27,27,6,0,0,0,3,0,1
12733,102,61,15,0,0,0,9,0,0
12734,461,259,121,0,0,0,95,2,0
12735,154,106,54,0,0,0,4,1,0
12736,147,96,52,0,0,0,2,1,1
12737,108,70,40,0,0,0,8,0,1
12738,70,43,12,0,0,3,4,0,0
12739,88,68,23,0,0,0,2,1,0
12740,559,197,87,15,1,0,65,0,0
12741,594,246,205,0,0,0,15,2,1
12742,147,95,34,0,0,0,21,0,1
12743,315,141,93,0,0,0,25,0,0
12744,108,106,6,0,0,0,12,0,1
12745,76,64,24,0,0,0,4,1,1
12746,40,40,0,0,0,0,2,0,1
12747,486,206,32,0,0,0,179,0,0
12748,662,293,229,0,0,0,39,1,1
12749,48,35,5,1,1,3,9,0,0
12750,32,25,6,0,0,0,1,0,1
12751,37,34,8,0,0,1,4,0,0
12752,57,46,22,0,0,0,1,0,1
12753,24,21,9,0,0,0,0,0,0
12754,102,68,6,0,0,0,26,0,1
12755,254,144,89,2,1,0,4,1,1
12756,176,108,57,0,0,0,11,2,0
12757,70,56,19,0,0,0,5,0,0
12758,50,45,10,0,0,0,9,0,1
12759,7,7,1,0,0,0,2,0,1
12760,28,22,0,0,0,0,5,0,0
12761,639,284,238,0,0,1,44,0,0
12762,175,106,58,0,0,0,15,0,1
12763,79,69,14,0,0,0,17,0,1
12764,39,33,11,0,0,0,11,0,1
12765,29,24,15,0,0,0,0,0,0
12766,3593,889,1250,0,0,0,67,4,1
12767,630,248,116,43,7,3,28,2,0
12768,515,240,220,0,0,0,24,2,1
12769,40,28,4,0,0,0,13,0,0
12770,30,27,5,0,0,0,3,0,1
12771,14,14,4,0,0,0,1,0,1
12772,257,166,67,7,2,0,24,0,0
12773,557,301,199,3,2,3,26,0,0
12774,26,26,7,0,0,0,0,0,0
12775,72,55,29,0,0,0,2,0,1
12776,311,173,103,0,0,0,22,1,1
12777,345,171,54,0,0,0,76,0,0
12778,610,280,225,9,4,3,28,1,0
12779,22,20,9,0,0,0,1,0,0
12780,1524,508,568,0,0,0,25,4,1
12781,4,4,0,0,0,0,0,0,0
12782,79,63,22,0,0,0,4,0,0
12783,70,61,17,0,0,0,1,0,1
12784,2183,661,528,40,1,3,251,2,0
12785,92,75,12,0,0,6,20,0,0
12786,5,4,0,0,0,0,2,0,0
12787,27,24,9,0,0,0,3,0,1
12788,35,35,0,0,0,0,27,0,1
12789,231,83,40,0,0,3,43,0,0
12790,332,156,102,1,1,9,26,1,0
12791,2062,858,633,36,6,1,109,1,0
12792,190,129,63,0,0,0,15,1,1
12793,485,232,159,0,0,0,56,1,0
12794,121,120,1,0,0,0,107,0,1
12795,176,127,31,2,1,1,10,1,1
12796,30,26,5,0,0,0,1,0,1
12797,42,34,3,0,0,0,5,0,1
12798,192,128,61,0,0,1,23,1,0
12799,115,84,39,0,0,0,10,0,0
12800,10,10,2,0,0,0,1,0,1
12801,437,231,98,0,0,3,77,2,0
12802,145,108,48,0,0,0,4,0,0
12803,860,386,325,0,0,7,27,1,0
12804,24,23,0,0,0,0,5,0,0
12805,265,149,79,0,0,0,50,0,1
12806,71,61,10,0,0,0,18,0,1
12807,22,20,3,0,0,0,8,0,1
12808,97,75,8,0,0,0,16,0,1
12809,338,150,94,1,1,3,56,0,0
12810,109,72,39,0,0,0,11,0,1
12811,49,44,17,0,0,0,2,0,1
12812,33,31,8,0,0,0,10,0,1
12813,135,116,11,0,0,0,5,0,1
12814,72,66,10,0,0,0,17,0,1
12815,14,14,5,0,0,0,1,0,0
12816,15,15,5,0,0,0,0,0,0
12817,440,203,157,6,6,0,20,0,1
12818,19,18,2,0,0,0,2,0,1
12819,236,130,98,0,0,0,6,1,1
12820,176,110,48,1,1,1,10,1,0
12821,114,75,40,0,0,0,2,0,0
12822,50,45,10,0,0,0,9,0,1
12823,162,117,12,0,0,0,39,1,1
12824,112,81,45,0,0,0,3,0,0
12825,1006,448,296,0,0,0,59,1,0
12826,245,158,67,0,0,0,15,0,0
12827,2097,577,605,0,0,0,11,0,0
12828,27,24,9,0,0,0,2,0,1
12829,36,27,17,0,0,0,0,0,0
12830,14,14,0,0,0,0,5,0,1
12831,27,24,11,0,0,0,0,0,0
12832,83,64,24,0,0,0,8,0,1
12833,81,74,9,1,1,1,6,0,1
12834,80,65,33,0,0,0,7,0,1
12835,198,117,68,0,0,0,18,0,0
12836,65,42,14,0,0,0,10,0,0
12837,31,28,7,0,0,0,2,0,0
12838,188,111,56,0,0,0,8,0,0
12839,73,51,12,0,0,0,20,0,0
12840,70,56,16,0,0,0,2,0,1
12841,676,304,217,2,1,3,14,0,0
12842,102,79,35,0,0,0,9,0,1
12843,37,30,12,0,0,0,0,0,1
12844,628,318,243,3,3,0,13,0,1
12845,508,256,179,6,4,2,21,0,1
12846,430,219,135,3,3,2,22,1,1
12847,25,24,0,1,1,1,4,0,0
12848,47,24,10,0,0,0,2,0,1
12849,383,203,136,1,1,0,5,1,0
12850,77,64,29,0,0,0,1,0,0
12851,46,41,8,0,0,0,3,0,1
12852,38,35,5,0,0,0,2,0,1
12853,138,101,47,0,0,0,7,0,0
12854,27,26,10,0,0,0,2,0,0
12855,646,281,206,0,0,10,66,0,0
12856,526,264,168,0,0,2,19,1,0
12857,62,48,16,0,0,0,1,0,0
12858,582,304,176,2,1,0,14,2,0
12859,68,51,19,0,0,0,6,1,0
12860,6,6,3,0,0,0,0,0,0
12861,86,69,29,0,0,0,4,0,0
12862,246,138,103,0,0,0,3,0,1
12863,147,79,51,0,0,0,16,0,0
12864,80,65,33,0,0,0,6,0,1
12865,155,111,48,0,0,0,9,0,1
12866,265,146,80,0,0,6,18,0,0
12867,47,39,12,0,0,0,0,0,1
12868,42,35,4,0,0,0,10,0,0
12869,762,370,245,2,1,1,72,1,0
12870,87,66,32,0,0,0,13,0,1
12871,61,51,22,0,0,0,10,0,1
12872,55,48,16,0,0,0,1,0,1
12873,375,207,132,0,0,0,25,2,1
12874,135,88,43,0,0,0,7,0,0
12875,90,61,21,3,2,1,12,1,0
12876,24,22,0,0,0,0,4,0,0
12877,114,91,31,0,0,0,14,0,1
12878,108,82,37,0,0,0,11,0,1
12879,94,58,9,0,0,2,44,0,0
12880,61,46,12,0,0,0,2,0,1
12881,2738,817,982,2,2,0,19,0,1
12882,466,221,171,0,0,4,19,0,0
12883,195,118,74,0,0,0,8,1,0
12884,43,33,5,0,0,0,9,0,1
12885,227,144,95,0,0,0,4,0,0
12886,88,73,20,0,0,0,19,0,1
12887,143,102,51,0,0,0,6,0,0
12888,18,10,12,0,0,0,0,0,0
12889,72,60,20,0,0,0,0,0,1
12890,138,88,40,1,1,0,2,0,0
12891,82,79,4,0,0,0,2,0,1
12892,152,98,43,0,0,0,27,0,0
12893,281,157,102,0,0,0,8,1,1
12894,122,95,43,0,0,0,2,0,1
12895,95,63,32,0,0,0,2,1,0
12896,430,198,147,0,0,0,7,1,1
12897,318,179,6,0,0,0,225,0,1
12898,33,31,12,0,0,0,1,0,0
12899,69,66,10,0,0,0,19,0,1
12900,64,53,21,0,0,0,2,0,0
12901,4,4,0,0,0,0,0,0,1
12902,111,75,42,0,0,0,1,0,0
12903,300,195,83,0,0,0,25,0,1
12904,1895,656,686,2,1,1,55,1,0
12905,36,33,14,0,0,0,3,0,0
12906,3108,791,1263,0,0,0,29,2,1
12907,116,78,38,0,0,0,5,0,0
12908,71,56,28,0,0,0,0,0,0
12909,162,99,56,4,2,1,7,0,1
12910,121,62,37,0,0,2,9,0,0
12911,224,124,73,2,1,0,11,0,0
12912,224,121,52,0,0,18,41,1,0
12913,76,62,20,0,0,0,16,0,1
12914,60,53,13,0,0,0,5,1,1
12915,71,64,10,0,0,0,19,0,1
12916,284,159,78,6,1,0,7,1,0
12917,69,58,14,0,0,0,6,0,1
12918,176,129,63,0,0,0,2,0,1
12919,275,162,92,0,0,0,4,0,1
12920,80,56,38,0,0,0,3,0,0
12921,130,71,38,0,0,0,25,0,0
12922,64,63,8,0,0,0,0,0,1
12923,84,62,33,0,0,0,0,1,0
12924,112,82,44,0,0,3,8,0,0
12925,54,52,4,0,0,0,4,0,1
12926,73,60,27,0,0,0,9,1,1
12927,13,12,7,0,0,0,0,0,0
12928,248,133,96,0,0,4,10,0,0
12929,156,107,58,1,1,0,3,0,0
12930,308,178,94,0,0,2,19,1,1
12931,63,51,17,2,1,0,4,0,1
12932,111,83,37,0,0,0,4,1,1
12933,24,23,3,0,0,0,4,0,0
12934,99,80,23,1,1,1,15,0,1
12935,10,10,1,0,0,0,0,0,1
12936,80,64,33,0,0,0,9,0,1
12937,14,13,5,1,1,0,0,0,0
12938,324,164,99,0,0,2,27,3,0
12939,876,393,263,4,3,3,41,1,0
12940,24,22,0,0,0,0,4,0,0
12941,198,95,50,0,0,0,23,1,0
12942,12,10,3,0,0,0,0,0,1
12943,80,74,2,0,0,0,27,0,1
12944,279,152,91,3,2,0,11,0,1
12945,79,68,14,0,0,0,18,0,1
12946,64,59,4,0,0,0,20,0,1
12947,184,105,61,1,1,0,1,0,1
12948,24,23,6,0,0,0,4,0,1
12949,131,86,37,0,0,0,4,0,1
12950,2775,826,998,2,2,1,21,0,1
12951,86,74,18,0,0,0,9,1,1
12952,458,224,158,0,0,3,17,1,0
12953,563,206,206,0,0,17,41,2,0
12954,153,103,29,0,0,2,18,1,0
12955,316,166,99,0,0,0,45,0,0
12956,72,55,26,0,0,0,3,0,0
12957,72,54,17,3,3,1,15,0,1
12958,24,21,0,0,0,0,2,0,0
12959,876,460,288,0,0,0,31,3,0
12960,566,250,206,0,0,0,36,2,1
12961,229,111,23,0,0,0,92,0,0
12962,254,141,81,0,0,0,27,0,0
12963,574,296,171,0,0,0,16,3,1
12964,349,151,112,0,0,7,15,0,0
12965,473,239,195,0,0,0,11,2,1
12966,705,272,306,0,0,0,17,1,1
12967,88,68,32,0,0,0,15,0,1
12968,17,16,4,0,0,0,2,1,0
12969,306,157,95,0,0,0,33,0,0
12970,47,34,8,3,3,1,12,0,1
12971,21,19,7,0,0,0,0,0,0
12972,659,359,145,22,5,4,96,2,0
12973,64,53,28,0,0,0,2,0,1
12974,218,123,94,0,0,0,7,0,0
12975,241,142,80,0,0,6,23,0,0
12976,32,26,12,0,0,0,0,0,0
12977,585,244,160,0,0,4,46,1,0
12978,8,8,0,1,1,0,2,0,1
12979,60,57,13,0,0,0,3,0,0
12980,153,87,47,0,0,3,21,1,0
12981,808,451,226,3,2,1,69,1,0
12982,13,10,0,1,1,1,4,0,1
12983,250,165,92,0,0,0,4,0,1
12984,67,62,9,0,0,0,13,0,1
12985,491,256,20,0,0,107,202,0,0
12986,124,81,34,0,0,0,2,0,1
12987,20,20,6,0,0,0,0,0,0
12988,356,189,117,0,0,0,7,1,1
12989,74,67,9,0,0,0,17,0,1
12990,128,96,29,2,2,1,9,0,1
12991,25,22,12,0,0,0,0,0,0
12992,27,25,2,0,0,0,8,0,1
12993,49,42,9,0,0,0,7,0,1
12994,108,68,34,0,0,0,19,0,0
12995,328,201,97,0,0,0,10,0,1
12996,968,428,320,0,0,0,41,0,1
12997,119,79,42,0,0,0,4,0,1
12998,33,32,5,0,0,0,5,0,0
12999,64,50,10,0,0,0,2,0,1
13000,298,174,99,0,0,2,15,0,0
13001,14,13,3,0,0,0,1,0,0
13002,89,62,38,0,0,0,0,0,0
13003,45,38,9,0,0,0,6,0,1
13004,594,282,262,0,0,1,12,1,1
13005,275,225,54,1,1,2,31,0,0
13006,82,66,27,0,0,0,10,0,1
13007,190,139,70,0,0,1,6,0,0
13008,33,32,5,0,0,1,3,0,0
13009,68,51,7,0,0,0,9,0,1
13010,144,88,44,2,1,0,9,2,0
13011,93,67,30,0,0,0,5,1,1
13012,719,328,239,4,2,5,21,2,0
13013,20,20,1,0,0,0,5,0,1
13014,5787,1260,1821,0,0,0,173,3,0
13015,706,377,210,0,0,0,13,0,0
13016,173,139,34,0,0,0,23,1,0
13017,359,207,128,0,0,0,8,0,0
13018,167,127,43,0,0,0,5,1,1
13019,709,288,251,1,1,6,31,1,0
13020,122,68,26,0,0,0,20,0,0
13021,130,118,15,0,0,0,25,0,0
13022,62,53,14,0,0,0,5,0,0
13023,148,104,48,2,1,0,4,0,1
13024,61,51,22,0,0,0,10,0,1
13025,61,55,23,0,0,0,3,0,1
13026,14,13,0,0,0,0,2,0,0
13027,217,141,38,4,4,4,27,1,1
13028,33,27,8,0,0,0,6,0,0
13029,85,53,25,0,0,0,0,1,0
13030,93,65,19,5,2,1,9,0,0
13031,233,122,63,0,0,0,24,1,0
13032,216,208,11,0,0,0,37,0,1
13033,115,90,37,0,0,0,12,0,1
13034,49,45,10,0,0,0,15,0,1
13035,52,40,4,0,0,3,11,1,0
13036,269,141,82,0,0,0,33,0,0
13037,15,14,5,0,0,0,1,0,0
13038,141,101,45,0,0,0,10,1,0
13039,45,41,11,0,0,0,1,0,1
13040,837,214,81,24,4,2,214,0,0
13041,58,43,9,0,0,0,15,0,1
13042,15,15,7,0,0,0,0,0,0
13043,21,21,9,0,0,0,0,0,0
13044,234,113,58,0,0,0,38,0,0
13045,131,86,37,0,0,0,4,0,1
13046,4637,1286,1108,25,24,13,452,2,0
13047,476,248,189,0,0,0,7,3,1
13048,378,231,65,0,0,0,65,1,1
13049,650,329,20,0,0,0,535,0,1
13050,158,144,19,0,0,0,29,0,1
13051,179,94,44,0,0,0,23,0,0
13052,263,133,78,0,0,10,21,1,0
13053,62,52,26,0,0,0,0,0,0
13054,38,38,1,0,0,0,3,0,1
13055,112,72,38,0,0,3,14,0,0
13056,293,149,101,0,0,4,23,0,0
13057,92,74,28,0,0,0,3,0,1
13058,11,10,2,0,0,0,0,0,1
13059,184,88,5,0,0,0,75,0,0
13060,518,280,189,0,0,0,28,0,0
13061,77,61,22,1,1,0,3,0,1
13062,9,9,1,0,0,0,0,0,1
13063,69,65,8,0,0,0,13,0,1
13064,59,51,22,0,0,0,4,1,0
13065,303,168,91,0,0,0,33,0,0
13066,603,285,227,1,1,0,5,1,1
13067,110,77,39,1,1,2,7,1,0
13068,58,47,5,0,0,0,6,0,1
13069,2724,990,776,0,0,0,205,2,1
13070,33,29,13,0,0,0,3,0,0
13071,252,142,109,0,0,0,9,1,1
13072,136,90,45,0,0,1,6,0,0
13073,26,22,9,0,0,0,4,0,1
13074,108,80,29,0,0,0,2,0,1
13075,90,70,30,1,1,0,3,0,1
13076,203,119,77,0,0,0,4,0,0
13077,146,98,39,0,0,0,28,0,0
13078,124,81,46,0,0,0,6,1,0
13079,176,171,8,0,0,0,10,0,1
13080,67,54,32,0,0,0,3,0,0
13081,122,87,47,0,0,0,2,0,1
13082,242,149,88,0,0,0,4,2,0
13083,1027,488,326,0,0,0,39,2,1
13084,113,82,42,0,0,0,2,0,0
13085,12,2,0,0,0,0,12,0,0
13086,39,38,4,0,0,0,21,0,1
13087,53,46,15,0,0,0,2,0,1
13088,57,44,27,0,0,0,0,0,0
13089,132,91,26,4,3,1,10,0,1
13090,252,126,67,0,0,0,19,0,0
13091,103,77,32,0,0,1,4,0,0
13092,213,120,59,1,1,3,20,0,0
13093,84,66,28,0,0,0,11,0,1
13094,308,172,104,0,0,0,8,0,0
13095,464,155,109,1,1,14,33,1,0
13096,36,35,9,0,0,0,6,0,1
13097,855,371,363,2,2,0,5,2,1
13098,934,425,304,0,0,0,66,0,1
13099,385,242,126,0,0,0,25,0,1
13100,67,58,22,0,0,0,13,0,1
13101,340,210,86,0,0,0,12,0,1
13102,90,70,30,1,1,0,3,0,1
13103,224,119,85,2,1,1,8,0,1
13104,532,248,190,0,0,0,2,0,0
13105,103,73,35,0,0,0,3,0,1
13106,72,51,14,3,3,3,18,0,1
13107,142,101,35,0,0,0,7,0,1
13108,99,58,35,0,0,0,7,1,0
13109,228,125,71,0,0,0,8,0,0
13110,102,83,24,0,0,0,10,0,1
13111,217,138,37,0,0,0,21,0,1
13112,222,123,56,0,0,0,12,1,1
13113,44,34,17,0,0,0,5,0,0
13114,59,59,1,0,0,0,7,0,1
13115,79,54,6,0,0,0,2,0,1
13116,60,45,26,0,0,0,1,0,0
13117,108,83,37,0,0,0,11,1,1
13118,131,100,31,1,1,2,13,0,1
13119,116,82,40,0,0,0,15,1,0
13120,194,121,66,1,1,1,1,0,0
13121,68,57,11,0,0,0,10,0,1
13122,133,89,41,0,0,0,7,0,0
13123,89,67,30,0,0,0,6,0,0
13124,107,86,23,0,0,0,16,0,1
13125,55,47,8,2,2,2,4,0,1
13126,242,122,85,0,0,0,24,0,0
13127,1011,428,285,5,4,2,55,0,0
13128,286,165,98,0,0,0,5,0,1
13129,469,217,173,0,0,0,23,0,0
13130,30,24,3,0,0,0,10,0,1
13131,422,212,142,0,0,11,38,1,0
13132,1461,591,497,0,0,0,40,2,1
13133,76,62,14,0,0,2,7,1,0
13134,190,127,64,0,0,0,12,1,1
13135,1194,513,318,0,0,3,63,1,0
13136,253,168,100,0,0,0,3,0,0
13137,108,80,29,0,0,0,2,0,1
13138,2445,746,929,0,0,0,30,2,1
13139,99,69,23,0,0,0,5,0,0
13140,57,39,26,0,0,0,0,0,0
13141,94,63,25,0,0,0,12,0,0
13142,108,82,36,0,0,0,11,0,1
13143,90,63,33,0,0,0,6,0,1
13144,2414,832,676,0,0,0,157,1,1
13145,235,227,17,0,0,0,185,1,1
13146,145,69,17,0,0,0,35,0,1
13147,117,75,38,0,0,0,1,0,1
13148,12,8,4,0,0,0,0,0,0
13149,156,97,64,0,0,0,5,0,0
13150,71,55,24,0,0,0,7,0,0
13151,36,33,13,0,0,0,1,0,0
13152,12,12,4,0,0,0,0,0,0
13153,96,59,43,0,0,0,0,0,0
13154,74,58,20,0,0,0,2,0,1
13155,9,9,5,0,0,0,1,0,0
13156,95,79,24,0,0,0,7,1,1
13157,49,45,15,0,0,0,0,0,0
13158,95,76,13,0,0,0,41,0,1
13159,12,12,5,0,0,0,0,0,0
13160,205,133,68,0,0,0,7,0,1
13161,76,62,19,0,0,0,6,0,1
13162,112,81,43,0,0,0,2,0,0
13163,677,657,30,0,0,0,54,1,1
13164,44,37,11,0,0,2,8,0,0
13165,297,165,116,0,0,2,4,0,0
13166,64,53,17,0,0,0,5,0,1
13167,41,29,9,0,0,0,4,0,1
13168,2118,767,549,1,1,0,153,1,1
13169,202,129,14,0,0,0,59,0,1
13170,428,234,128,0,0,2,13,1,1
13171,64,41,11,0,0,0,6,0,1
13172,461,237,193,1,1,0,26,2,1
13173,48,43,16,0,0,0,1,0,1
13174,45,37,12,0,0,0,3,0,0
13175,71,60,26,0,0,0,1,0,0
13176,35,27,10,1,1,0,1,1,1
13177,52,44,13,0,0,0,1,1,1
13178,201,105,85,0,0,0,6,1,0
13179,35,34,11,0,0,0,1,0,1
13180,71,34,10,0,0,0,2,0,1
13181,96,63,41,0,0,0,1,0,1
13182,42,37,16,0,0,0,2,0,0
13183,186,127,63,0,0,0,14,1,1
13184,109,77,46,0,0,0,2,1,0
13185,108,78,14,0,0,0,29,0,1
13186,105,86,25,0,0,0,4,0,1
13187,659,341,213,1,1,2,63,0,0
13188,17,15,6,0,0,0,2,0,1
13189,30,27,3,0,0,0,3,0,0
13190,115,78,17,4,1,1,15,0,1
13191,364,206,103,0,0,0,12,0,1
13192,206,102,80,0,0,0,9,0,0
13193,65,43,14,0,0,0,3,0,1
13194,146,85,30,0,0,0,19,0,0
13195,98,75,25,0,0,0,4,0,1
13196,5,5,0,0,0,0,3,0,1
13197,59,35,12,0,0,0,26,0,0
13198,120,91,29,0,0,0,18,1,1
13199,29,25,10,0,0,2,4,0,0
13200,39,28,5,0,0,0,15,0,0
13201,345,174,137,0,0,5,26,1,0
13202,759,327,259,0,0,0,63,1,0
13203,687,295,279,0,0,0,5,0,0
13204,183,135,44,0,0,0,9,0,1
13205,222,137,73,0,0,0,12,0,0
13206,777,303,325,0,0,0,27,0,0
13207,288,147,101,0,0,1,22,2,0
13208,204,132,61,0,0,0,19,0,0
13209,727,341,231,5,3,0,65,2,0
13210,182,110,22,0,0,0,38,0,0
13211,132,131,2,0,0,0,8,0,1
13212,131,91,47,0,0,2,13,0,0
13213,191,106,68,0,0,0,1,1,0
13214,114,79,35,1,1,0,1,1,1
13215,386,211,8,0,0,0,209,0,1
13216,79,69,14,0,0,0,14,0,1
13217,38,36,4,0,0,0,2,0,1
13218,216,127,63,0,0,1,33,0,0
13219,138,89,53,0,0,2,6,0,0
13220,186,129,63,0,0,0,16,1,1
13221,161,121,34,0,0,0,29,0,1
13222,430,196,146,0,0,0,24,1,0
13223,23,23,5,0,0,0,1,1,1
13224,102,66,45,0,0,0,2,1,1
13225,23,21,4,1,1,0,2,0,0
13226,6,6,2,0,0,0,0,0,0
13227,29,29,2,0,0,0,8,0,0
13228,722,333,247,0,0,12,31,1,0
13229,42,29,6,0,0,2,3,0,0
13230,88,64,32,0,0,0,5,1,0
13231,50,41,19,0,0,0,2,0,1
13232,141,94,47,0,0,0,3,0,1
13233,112,75,40,3,1,0,4,0,1
13234,46,35,18,0,0,0,2,0,1
13235,443,215,141,0,0,1,17,0,0
13236,85,68,22,0,0,0,16,0,1
13237,91,67,28,0,0,0,4,0,1
13238,56,44,27,0,0,0,1,0,0
13239,58,47,23,0,0,0,5,0,1
13240,21,15,3,0,0,0,5,0,0
13241,96,84,27,0,0,0,7,0,1
13242,181,110,44,0,0,0,7,0,0
13243,6,6,3,0,0,0,0,0,0
13244,78,59,14,1,1,0,8,0,1
13245,78,53,22,0,0,0,5,1,0
13246,17,17,7,0,0,0,0,0,0
13247,122,118,9,0,0,0,15,0,1
13248,423,205,123,2,2,1,12,3,0
13249,63,57,17,0,0,0,4,0,1
13250,23,19,5,0,0,0,3,0,1
13251,230,148,84,0,0,0,3,0,1
13252,567,251,203,4,3,0,39,2,1
13253,16,16,2,0,0,0,2,0,1
13254,21,19,6,0,0,0,0,0,0
13255,186,111,57,0,0,0,13,1,1
13256,157,94,70,1,1,0,5,0,0
13257,82,66,27,0,0,0,1,0,0
13258,104,43,20,0,0,0,30,0,0
13259,121,90,39,2,2,1,5,0,1
13260,33,25,13,0,0,0,1,0,0
13261,42,42,0,0,0,0,5,0,1
13262,26,26,9,0,0,0,1,0,1
13263,561,283,85,10,5,52,111,0,0
13264,44,34,20,0,0,0,0,0,0
13265,2,2,0,0,0,0,0,0,0
13266,136,80,34,0,0,2,14,0,0
13267,239,94,49,0,0,0,3,1,0
13268,39,35,10,0,0,0,2,0,1
13269,42,35,16,0,0,0,2,0,1
13270,106,86,26,0,0,0,8,0,1
13271,396,221,127,0,0,0,16,1,1
13272,117,80,49,0,0,0,4,0,1
13273,226,129,60,3,1,1,13,1,0
13274,22,22,8,0,0,0,2,0,1
13275,47,37,12,0,0,0,7,0,0
13276,104,55,27,0,0,0,13,1,0
13277,219,123,71,1,1,6,14,0,0
13278,555,195,183,0,0,0,41,0,0
13279,109,72,35,0,0,0,11,0,1
13280,98,75,36,0,0,0,9,0,1
13281,78,59,29,0,0,0,2,0,0
13282,52,31,20,0,0,0,8,0,1
13283,218,116,72,0,0,0,5,0,1
13284,300,173,73,0,0,0,25,1,0
13285,505,229,165,1,1,3,27,0,0
13286,38,35,13,0,0,0,1,0,0
13287,115,74,42,0,0,0,7,0,0
13288,32,29,12,0,0,0,1,0,0
13289,44,36,13,0,0,0,1,0,1
13290,51,40,13,1,1,1,6,0,0
13291,130,120,19,0,0,0,25,0,1
13292,115,80,29,0,0,0,8,0,1
13293,102,68,6,0,0,0,28,0,1
13294,75,65,15,0,0,0,8,0,0
13295,198,110,54,0,0,0,21,0,0
13296,48,41,15,0,0,0,2,0,1
13297,68,67,10,0,0,0,1,0,1
13298,366,179,120,0,0,0,10,1,0
13299,205,119,73,1,1,0,7,1,1
13300,31,24,6,0,0,0,8,0,1
13301,92,76,20,0,0,0,7,1,1
13302,318,208,40,0,0,0,15,0,1
13303,40,37,8,0,0,0,7,0,1
13304,51,45,20,0,0,1,4,0,0
13305,842,344,372,0,0,0,23,1,1
13306,206,110,94,0,0,1,1,1,1
13307,61,59,3,0,0,0,2,0,1
13308,685,288,268,0,0,0,19,1,0
13309,30,28,5,0,0,1,3,0,0
13310,129,83,41,0,0,0,3,0,1
13311,87,61,25,0,0,0,9,0,0
13312,424,239,121,0,0,0,10,0,1
13313,23,22,6,0,0,0,1,0,0
13314,143,93,37,3,1,0,7,0,1
13315,42,41,7,0,0,0,2,2,1
13316,263,154,86,1,1,2,14,1,0
13317,589,252,244,1,1,2,2,0,1
13318,8,8,3,0,0,0,0,0,0
13319,131,80,46,4,2,0,8,0,1
13320,9,9,3,0,0,0,0,0,0
13321,59,51,11,1,1,0,5,1,0
13322,395,54,41,0,0,0,80,0,0
13323,1370,535,473,0,0,0,134,2,1
13324,216,130,60,1,1,1,3,1,0
13325,102,68,6,0,0,0,25,0,1
13326,215,122,41,0,0,4,31,0,0
13327,82,64,26,0,0,1,7,0,1
13328,51,34,7,1,1,0,9,0,0
13329,122,121,1,0,0,0,9,0,1
13330,8,8,3,0,0,0,0,0,0
13331,38,37,5,0,0,0,8,0,1
13332,832,337,285,0,0,0,47,0,1
13333,890,391,238,0,0,32,80,0,0
13334,5,5,0,0,0,0,0,0,0
13335,422,237,149,5,5,2,22,2,1
13336,131,83,48,0,0,2,4,3,0
13337,370,204,125,0,0,0,11,1,1
13338,35,34,8,0,0,0,5,0,1
13339,38,37,10,0,0,0,1,0,1
13340,16,16,2,0,0,0,2,0,1
13341,149,103,46,1,1,1,6,0,0
13342,40,38,8,0,0,0,5,0,1
13343,312,169,105,0,0,2,19,1,0
13344,93,86,21,0,0,0,12,0,1
13345,54,37,2,0,0,0,9,0,1
13346,2012,624,667,0,0,0,43,3,1
13347,48,43,13,0,0,0,2,0,0
13348,47,45,11,0,0,0,10,0,1
13349,32,27,7,1,1,0,7,0,0
13350,430,233,169,0,0,0,25,1,1
13351,3,3,0,0,0,0,1,0,0
13352,1003,402,370,0,0,0,17,2,1
13353,147,99,51,0,0,0,12,0,1
13354,398,176,84,1,1,0,34,0,0
13355,330,153,124,1,1,0,11,0,0
13356,139,84,42,0,0,0,1,0,1
13357,10,10,6,0,0,0,0,0,0
13358,21,21,6,0,0,0,0,0,0
13359,174,103,44,0,0,0,35,0,1
13360,75,66,10,0,0,0,15,0,1
13361,91,67,28,1,1,1,2,0,0
13362,34,22,4,0,0,0,6,0,0
13363,125,103,32,0,0,0,15,1,0
13364,76,55,25,0,0,0,1,0,1
13365,115,95,10,0,0,0,40,0,1
13366,170,82,36,11,5,7,34,0,0
13367,73,61,23,1,1,2,5,0,1
13368,488,249,200,0,0,0,12,2,1
13369,11,11,2,0,0,0,4,0,1
13370,78,62,30,2,2,0,7,0,1
13371,199,145,64,0,0,0,15,0,1
13372,52,45,15,0,0,0,0,0,1
13373,201,128,63,0,0,0,15,0,0
13374,74,58,15,0,0,0,14,0,0
13375,137,83,49,0,0,0,8,1,0
13376,215,161,49,0,0,0,33,1,1
13377,65,42,29,0,0,0,0,2,1
13378,146,96,53,0,0,0,12,0,0
13379,73,66,11,0,0,0,17,0,1
13380,597,106,88,0,0,0,222,0,1
13381,58,41,13,0,0,0,4,0,0
13382,107,71,36,0,0,0,3,0,1
13383,313,188,107,0,0,0,3,4,1
13384,42,20,10,0,0,0,7,0,0
13385,97,58,22,6,3,0,24,0,0
13386,713,317,45,0,0,82,175,0,0
13387,8,8,1,0,0,0,2,0,1
13388,254,142,97,0,0,3,7,0,0
13389,48,37,20,0,0,0,1,0,0
13390,32,29,9,0,0,0,3,0,1
13391,78,56,12,0,0,0,18,0,0
13392,600,267,254,0,0,0,6,1,1
13393,38,31,11,0,0,0,3,0,0
13394,12,12,5,0,0,0,1,0,0
13395,150,82,43,0,0,0,20,0,0
13396,44,44,6,0,0,0,14,0,1
13397,108,73,36,0,0,0,22,1,0
13398,148,94,52,0,0,0,6,0,0
13399,276,166,104,3,3,0,0,0,1
13400,122,91,39,2,2,1,6,0,1
13401,148,101,58,0,0,1,7,1,0
13402,21,19,10,0,0,0,0,0,0
13403,2093,685,878,0,0,0,7,3,1
13404,411,189,168,0,0,4,26,0,0
13405,26,25,12,0,0,0,0,0,0
13406,12,12,3,0,0,0,1,0,1
13407,114,67,6,0,0,7,59,0,0
13408,78,60,21,0,0,0,8,0,0
13409,162,109,54,0,0,0,6,1,0
13410,69,52,16,2,1,0,7,0,0
13411,892,373,295,0,0,0,46,1,1
13412,39,34,11,0,0,0,5,0,1
13413,437,190,153,0,0,6,35,1,0
13414,37,34,11,0,0,0,1,0,0
13415,132,90,25,0,0,0,10,1,1
13416,58,48,23,0,0,0,7,0,1
13417,47,42,5,0,0,0,11,0,1
13418,13,12,1,0,0,0,1,0,1
13419,170,98,57,0,0,0,3,0,1
13420,116,87,21,0,0,1,8,1,0
13421,33,30,8,0,0,0,1,0,1
13422,7,7,1,0,0,0,1,0,0
13423,161,111,44,0,0,0,3,1,1
13424,129,94,39,0,0,0,7,1,1
13425,100,70,23,0,0,0,9,0,0
13426,56,54,7,0,0,0,3,0,1
13427,225,126,79,0,0,7,18,0,0
13428,269,133,39,6,3,15,46,2,0
13429,242,233,19,0,0,0,42,0,1
13430,221,141,62,3,3,0,10,0,1
13431,56,40,12,0,0,0,16,0,0
13432,171,136,56,0,0,0,19,0,1
13433,125,78,60,0,0,0,1,1,0
13434,17,17,5,0,0,0,1,0,0
13435,183,115,51,0,0,0,1,0,1
13436,96,72,36,0,0,0,4,0,1
13437,99,70,29,3,1,0,1,0,1
13438,80,65,33,0,0,0,9,0,1
13439,445,236,113,0,0,1,21,0,0
13440,226,127,40,0,0,0,38,0,0
13441,49,40,23,0,0,0,1,0,0
13442,55,43,4,0,0,3,13,1,0
13443,47,40,11,0,0,0,3,0,1
13444,17,16,3,1,1,0,2,0,0
13445,61,49,17,0,0,0,2,0,1
13446,2444,661,942,0,0,0,22,3,1
13447,21,21,6,0,0,0,0,0,0
13448,137,84,39,0,0,0,10,0,0
13449,81,63,28,0,0,0,6,1,1
13450,120,82,47,0,0,0,2,0,0
13451,272,135,101,0,0,6,20,1,0
13452,28,23,10,1,1,0,0,0,0
13453,28,21,1,0,0,0,13,0,1
13454,156,103,41,1,1,1,5,0,0
13455,199,107,16,0,0,0,61,0,0
13456,1784,226,549,0,0,0,95,1,1
13457,366,201,81,0,0,1,64,0,0
13458,96,57,20,0,0,12,12,1,0
13459,115,88,18,0,0,0,2,0,1
13460,98,72,20,0,0,0,20,0,0
13461,407,234,100,0,0,18,51,0,0
13462,410,227,125,0,0,0,35,0,1
13463,84,70,23,0,0,0,3,0,1
13464,246,163,87,0,0,0,24,0,1
13465,89,55,10,1,1,7,13,0,0
13466,112,70,46,0,0,0,2,0,1
13467,107,92,20,0,0,0,41,0,1
13468,11,10,0,0,0,0,2,0,0
13469,996,408,318,1,1,10,59,1,0
13470,99,73,24,0,0,0,4,0,1
13471,89,66,33,0,0,0,4,0,1
13472,101,86,23,0,0,0,9,2,1
13473,112,85,24,0,0,0,5,0,1
13474,268,138,105,0,0,3,9,0,0
13475,107,73,38,0,0,0,6,0,1
13476,35,24,2,0,0,0,2,1,1
13477,593,245,55,0,0,0,82,0,0
13478,113,70,52,0,0,0,1,1,1
13479,141,137,9,0,0,0,15,1,1
13480,73,37,13,1,1,0,6,0,0
13481,413,239,136,0,0,0,16,0,1
13482,258,166,81,1,1,5,14,0,0
13483,85,67,25,0,0,0,9,0,1
13484,9,9,1,0,0,0,4,0,1
13485,54,41,5,0,0,3,13,1,0
13486,333,176,97,0,0,0,45,0,0
13487,7,7,2,0,0,0,2,0,0
13488,78,62,19,0,0,0,0,0,1
13489,7,7,1,0,0,0,1,0,1
13490,50,41,19,0,0,0,1,0,0
13491,291,213,72,0,0,0,53,0,1
13492,114,74,32,0,0,0,12,0,0
13493,2208,798,673,13,10,27,342,2,1
13494,160,104,51,0,0,0,21,0,0
13495,166,97,54,0,0,0,18,0,0
13496,24,22,0,0,0,0,4,0,0
13497,80,59,34,0,0,0,8,0,0
13498,78,60,26,1,1,1,9,0,1
13499,60,46,15,0,0,0,11,0,0
13500,101,84,10,0,0,0,26,0,1
13501,411,143,40,0,0,3,29,2,0
13502,11,11,3,0,0,0,0,0,0
13503,47,25,8,0,0,0,3,0,0
13504,213,121,57,0,0,0,24,0,0
13505,229,174,63,0,0,0,22,0,0
13506,332,178,132,0,0,0,15,0,0
13507,320,193,113,3,3,1,24,1,1
13508,166,110,51,0,0,0,17,0,0
13509,47,45,11,0,0,0,9,0,1
13510,77,52,32,0,0,0,9,0,1
13511,89,61,30,0,0,0,8,0,1
13512,2228,627,742,3,2,1,30,2,0
13513,2010,774,717,1,1,1,39,1,0
13514,1762,607,645,0,0,0,88,1,0
13515,307,153,30,0,0,0,136,0,0
13516,75,61,28,0,0,0,3,0,1
13517,222,114,23,0,0,0,74,0,0
13518,30,24,10,0,0,0,3,0,0
13519,608,256,188,0,0,4,57,2,0
13520,359,228,17,0,0,0,190,0,1
13521,373,193,133,8,5,1,29,0,1
13522,14,13,6,0,0,0,0,0,0
13523,68,64,7,0,0,0,15,0,1
13524,81,67,25,0,0,0,7,0,1
13525,875,345,332,9,1,4,28,1,0
13526,33,28,7,0,0,0,1,0,1
13527,320,180,136,0,0,0,1,0,0
13528,17,16,5,0,0,0,3,0,0
13529,267,155,50,0,0,0,54,0,1
13530,322,178,106,0,0,0,31,0,0
13531,229,123,98,0,0,0,7,0,0
13532,462,219,144,0,0,11,42,0,0
13533,480,145,176,0,0,0,10,0,1
13534,392,195,132,0,0,0,23,0,1
13535,68,49,21,0,0,0,6,0,0
13536,72,58,26,0,0,0,14,0,0
13537,306,197,79,0,0,0,32,0,1
13538,49,39,12,0,0,0,7,0,0
13539,488,235,127,0,0,2,65,1,0
13540,107,75,30,0,0,0,12,0,0
13541,92,72,29,0,0,0,10,0,0
13542,215,115,73,0,0,0,12,1,0
13543,17,16,9,0,0,0,0,0,0
13544,30,29,6,0,0,0,1,0,0
13545,212,126,58,1,1,7,25,0,0
13546,115,76,48,0,0,0,2,1,1
13547,449,198,125,0,0,5,60,1,0
13548,28,24,10,0,0,0,1,0,0
13549,186,114,73,1,1,0,0,1,1
13550,55,43,22,0,0,0,0,0,1
13551,12,12,6,0,0,0,1,0,0
13552,27,24,9,0,0,0,2,0,1
13553,190,127,60,0,0,0,11,0,1
13554,513,246,174,0,0,4,32,1,0
13555,149,94,63,0,0,0,3,0,1
13556,134,89,49,0,0,0,5,0,1
13557,115,95,21,0,0,0,19,0,1
13558,65,48,28,0,0,0,2,0,1
13559,51,47,10,0,0,0,6,1,1
13560,170,116,65,0,0,0,7,1,0
13561,531,272,194,0,0,0,18,0,0
13562,123,90,37,1,1,0,6,0,1
13563,262,245,33,0,0,0,40,0,1
13564,173,117,66,0,0,0,15,0,0
13565,56,49,19,0,0,0,4,0,1
13566,21,18,4,0,0,0,0,0,0
13567,24,22,0,0,0,0,4,0,0
13568,251,96,63,0,0,0,5,0,0
13569,130,84,40,1,1,0,9,1,0
13570,94,59,29,1,1,0,7,0,1
13571,96,62,25,0,0,0,4,0,0
13572,110,78,37,0,0,0,7,1,1
13573,305,174,120,0,0,0,4,1,1
13574,1219,462,399,0,0,0,41,0,1
13575,83,66,27,0,0,0,11,0,1
13576,89,54,36,0,0,0,2,0,1
13577,103,75,38,0,0,0,9,0,1
13578,57,51,14,0,0,0,7,0,1
13579,460,252,116,1,1,22,59,1,0
13580,224,123,68,0,0,6,14,0,0
13581,77,61,22,1,1,0,3,0,1
13582,66,53,4,0,0,0,37,0,1
13583,15,15,6,0,0,0,1,0,0
13584,75,46,4,0,0,7,22,0,0
13585,23,21,9,0,0,0,2,1,0
13586,164,102,48,0,0,3,11,1,0
13587,626,615,16,0,0,0,86,0,1
13588,8,7,2,0,0,0,1,0,1
13589,528,256,180,2,1,3,27,1,0
13590,114,87,24,0,0,0,5,0,1
13591,73,57,10,0,0,0,18,0,1
13592,10,10,3,0,0,0,2,0,1
13593,730,328,177,0,0,0,179,0,0
13594,45,37,16,0,0,0,3,0,0
13595,50,41,18,0,0,0,2,0,1
13596,44,38,12,0,0,0,4,0,0
13597,132,79,50,3,3,0,0,0,1
13598,197,105,60,0,0,0,21,0,1
13599,845,317,304,0,0,6,62,1,0
