months_as_customer,age,policy_state,policy_csl,policy_deductable,policy_annual_premium,umbrella_limit,insured_sex,insured_education_level,insured_occupation,insured_relationship,capital-gains,capital-loss,incident_date,incident_type,collision_type,incident_severity,authorities_contacted,incident_state,incident_hour_of_the_day,number_of_vehicles_involved,property_damage,bodily_injuries,witnesses,police_report_available,auto_make,auto_year,fraud_reported
328,48,OH,250/500,1000,1406.91,0,MALE,MD,craft-repair,husband,53300,0,2015-01-25,Single Vehicle Collision,Side Collision,Major Damage,Police,SC,5,1,YES,1,2,YES,Saab,2004,Y
228,42,IN,250/500,2000,1197.22,5000000,MALE,MD,machine-op-inspct,other-relative,0,0,2015-01-21,Vehicle Theft,?,Minor Damage,Police,VA,8,1,?,0,0,?,Mercedes,2007,Y
134,29,OH,100/300,2000,1413.14,5000000,FEMALE,PhD,sales,own-child,35100,0,2015-02-22,Multi-vehicle Collision,Rear Collision,Minor Damage,Police,NY,7,3,NO,2,3,NO,Dodge,2007,N
256,41,IL,250/500,2000,1415.74,6000000,FEMALE,PhD,armed-forces,unmarried,48900,-62400,2015-01-10,Single Vehicle Collision,Front Collision,Major Damage,Police,OH,5,1,?,1,2,NO,Chevrolet,2014,Y
228,44,IL,500/1000,1000,1583.91,6000000,MALE,Associate,sales,unmarried,66000,-46000,2015-02-17,Vehicle Theft,?,Minor Damage,None,NY,20,1,NO,0,1,NO,Accura,2009,N
256,39,OH,250/500,1000,1351.1,0,FEMALE,PhD,tech-support,unmarried,0,0,2015-01-02,Multi-vehicle Collision,Rear Collision,Major Damage,Fire,SC,19,3,NO,0,2,NO,Saab,2003,Y
137,34,IN,250/500,1000,1333.35,0,MALE,PhD,prof-specialty,husband,0,-77000,2015-01-13,Multi-vehicle Collision,Front Collision,Minor Damage,Police,NY,0,3,?,0,0,?,Nissan,2012,N
165,37,IL,100/300,1000,1137.03,0,MALE,Associate,tech-support,unmarried,0,0,2015-02-27,Multi-vehicle Collision,Front Collision,Total Loss,Police,VA,23,3,?,2,2,YES,Audi,2015,N
27,33,IL,100/300,500,1442.99,0,FEMALE,PhD,other-service,own-child,0,0,2015-01-30,Single Vehicle Collision,Front Collision,Total Loss,Police,WV,21,1,NO,1,1,YES,Toyota,2012,N
212,42,IL,100/300,500,1315.68,0,MALE,PhD,priv-house-serv,wife,0,-39300,2015-01-05,Single Vehicle Collision,Rear Collision,Total Loss,Other,NC,14,1,NO,2,1,?,Saab,1996,N
235,42,OH,100/300,500,1253.12,4000000,FEMALE,Masters,exec-managerial,other-relative,38400,0,2015-01-06,Single Vehicle Collision,Front Collision,Total Loss,Police,NY,22,1,YES,2,2,?,Ford,2002,N
447,61,OH,100/300,2000,1137.16,0,FEMALE,High School,exec-managerial,other-relative,0,-51000,2015-02-15,Multi-vehicle Collision,Front Collision,Major Damage,Fire,SC,21,3,YES,1,2,YES,Audi,2006,N
60,23,OH,500/1000,500,1215.36,3000000,MALE,MD,protective-serv,wife,0,0,2015-01-22,Single Vehicle Collision,Rear Collision,Total Loss,Ambulance,SC,9,1,YES,1,0,NO,Saab,2000,N
121,34,OH,100/300,1000,936.61,0,FEMALE,MD,armed-forces,wife,52800,-32800,2015-01-08,Parked Car,?,Minor Damage,None,SC,5,1,NO,1,1,NO,Toyota,2010,N
180,38,OH,250/500,2000,1301.13,0,FEMALE,College,machine-op-inspct,not-in-family,41300,-55500,2015-01-15,Single Vehicle Collision,Rear Collision,Total Loss,Police,SC,12,1,NO,0,2,YES,Dodge,2003,Y
473,58,IN,100/300,2000,1131.4,0,FEMALE,MD,transport-moving,other-relative,55700,0,2015-01-29,Multi-vehicle Collision,Side Collision,Major Damage,Other,WV,12,4,YES,0,0,NO,Accura,1999,Y
70,26,OH,500/1000,1000,1199.44,5000000,MALE,College,machine-op-inspct,own-child,63600,0,2015-02-22,Multi-vehicle Collision,Rear Collision,Major Damage,Other,NY,0,3,?,1,2,YES,Nissan,2012,N
140,31,IN,500/1000,500,708.64,6000000,MALE,High School,machine-op-inspct,unmarried,53500,0,2015-01-06,Single Vehicle Collision,Side Collision,Total Loss,Police,WV,9,1,NO,0,2,YES,Suburu,2015,N
160,37,OH,500/1000,500,1374.22,0,FEMALE,MD,craft-repair,other-relative,45500,-37800,2015-01-19,Single Vehicle Collision,Side Collision,Total Loss,Other,NY,19,1,YES,1,0,NO,Accura,2015,N
196,39,IN,500/1000,2000,1475.73,0,FEMALE,High School,handlers-cleaners,own-child,57000,-27300,2015-02-22,Multi-vehicle Collision,Side Collision,Major Damage,Police,VA,8,3,?,2,0,NO,Nissan,2014,N
460,62,IN,250/500,1000,1187.96,4000000,MALE,JD,other-service,own-child,0,0,2015-01-01,Multi-vehicle Collision,Rear Collision,Minor Damage,Police,NY,20,3,NO,1,0,?,Suburu,2011,N
217,41,IL,500/1000,2000,875.15,0,FEMALE,Associate,machine-op-inspct,own-child,46700,0,2015-02-10,Multi-vehicle Collision,Side Collision,Total Loss,Police,SC,15,3,?,1,2,?,Accura,1996,N
370,55,IL,100/300,2000,972.18,0,MALE,High School,prof-specialty,other-relative,72700,-68200,2015-01-11,Multi-vehicle Collision,Rear Collision,Major Damage,Ambulance,SC,20,3,NO,0,0,YES,Suburu,2000,Y
413,55,IN,100/300,2000,1268.79,0,MALE,MD,priv-house-serv,own-child,0,-31000,2015-01-19,Single Vehicle Collision,Front Collision,Total Loss,Ambulance,WV,15,1,?,2,2,?,Dodge,2011,Y
237,40,IN,100/300,1000,883.31,0,MALE,College,craft-repair,husband,0,-53500,2015-02-24,Single Vehicle Collision,Rear Collision,Minor Damage,Other,VA,6,1,NO,1,3,NO,Ford,2005,N
8,35,OH,100/300,2000,1266.92,0,MALE,Masters,sales,own-child,0,0,2015-01-09,Multi-vehicle Collision,Rear Collision,Major Damage,Other,OH,16,3,NO,1,3,YES,Ford,2006,Y
257,43,IN,100/300,2000,1322.1,0,MALE,High School,prof-specialty,own-child,0,-29200,2015-01-28,Parked Car,?,Minor Damage,Police,PA,4,1,YES,1,3,YES,Toyota,2005,N
202,34,IN,100/300,500,848.07,3000000,MALE,JD,exec-managerial,not-in-family,31000,-30200,2015-01-07,Vehicle Theft,?,Minor Damage,None,VA,5,1,YES,2,1,?,Suburu,2003,Y
224,40,OH,100/300,2000,1291.7,0,FEMALE,JD,sales,not-in-family,0,-55600,2015-01-08,Single Vehicle Collision,Side Collision,Minor Damage,Other,SC,21,1,NO,1,0,YES,Dodge,2009,N
241,45,IL,500/1000,2000,1104.5,0,FEMALE,PhD,machine-op-inspct,unmarried,0,0,2015-02-15,Single Vehicle Collision,Rear Collision,Minor Damage,Police,SC,5,1,NO,2,2,NO,Accura,2011,N
64,25,IL,250/500,1000,954.16,0,MALE,Masters,prof-specialty,husband,53200,0,2015-01-18,Multi-vehicle Collision,Side Collision,Major Damage,Ambulance,SC,22,4,NO,0,0,?,Toyota,2005,N
166,37,IL,100/300,2000,1337.28,8000000,MALE,JD,craft-repair,husband,27500,0,2015-02-28,Multi-vehicle Collision,Side Collision,Major Damage,Police,WV,10,3,NO,2,2,?,Ford,2006,Y
155,35,IL,500/1000,1000,1088.34,0,FEMALE,Associate,adm-clerical,other-relative,81100,0,2015-02-24,Multi-vehicle Collision,Front Collision,Total Loss,Police,NY,16,3,YES,2,3,NO,BMW,2008,N
114,30,IL,100/300,1000,1558.29,0,MALE,High School,farming-fishing,wife,51400,-64000,2015-01-09,Multi-vehicle Collision,Front Collision,Major Damage,Ambulance,NY,1,3,NO,1,2,?,Suburu,2015,N
149,37,IL,500/1000,500,1415.68,0,MALE,PhD,prof-specialty,own-child,0,0,2015-02-12,Single Vehicle Collision,Side Collision,Total Loss,Fire,WV,17,1,YES,0,1,YES,Audi,1999,N
147,33,OH,100/300,1000,1334.15,6000000,MALE,High School,craft-repair,not-in-family,53300,-49200,2015-01-24,Single Vehicle Collision,Front Collision,Major Damage,Other,WV,15,1,YES,2,0,YES,Mercedes,1995,Y
62,28,IL,100/300,1000,988.45,0,FEMALE,Masters,protective-serv,unmarried,0,0,2015-01-09,Single Vehicle Collision,Rear Collision,Total Loss,Police,NY,3,1,?,1,1,YES,Suburu,2004,Y
289,49,IL,500/1000,2000,1222.48,0,FEMALE,JD,priv-house-serv,unmarried,0,0,2015-01-18,Parked Car,?,Minor Damage,None,WV,16,1,NO,1,1,YES,Suburu,2001,N
431,54,IN,500/1000,2000,1155.55,0,FEMALE,MD,craft-repair,unmarried,65700,0,2015-01-21,Multi-vehicle Collision,Rear Collision,Major Damage,Police,NY,4,3,?,2,0,?,Jeep,2007,N
199,37,IN,250/500,500,1262.08,0,MALE,JD,tech-support,wife,48500,0,2015-01-08,Single Vehicle Collision,Front Collision,Major Damage,Ambulance,NC,4,1,?,0,3,NO,Nissan,2011,Y
79,26,IL,100/300,500,1451.62,0,MALE,Associate,tech-support,not-in-family,0,-55700,2015-01-03,Single Vehicle Collision,Rear Collision,Minor Damage,Ambulance,WV,19,1,NO,2,2,?,BMW,2010,N
116,34,IN,250/500,500,1737.66,0,MALE,Associate,transport-moving,unmarried,0,-24100,2015-01-01,Single Vehicle Collision,Side Collision,Major Damage,Police,WV,1,1,?,1,1,?,BMW,2001,Y
37,23,IL,500/1000,500,1475.93,0,FEMALE,College,prof-specialty,husband,0,-67400,2015-01-16,Multi-vehicle Collision,Side Collision,Minor Damage,Other,SC,17,3,YES,1,0,NO,Dodge,2010,N
106,30,OH,250/500,500,538.17,0,FEMALE,PhD,transport-moving,own-child,49700,-60200,2015-02-10,Single Vehicle Collision,Rear Collision,Total Loss,Other,NC,23,1,NO,2,2,NO,Mercedes,2005,N
269,44,IL,100/300,2000,1081.08,0,MALE,JD,priv-house-serv,unmarried,36400,-28700,2015-02-14,Single Vehicle Collision,Front Collision,Minor Damage,Other,SC,14,1,YES,0,2,?,Toyota,2014,N
265,40,IL,250/500,1000,1454.43,0,FEMALE,MD,protective-serv,husband,0,0,2015-02-21,Multi-vehicle Collision,Rear Collision,Total Loss,Other,NY,17,3,NO,2,3,?,Accura,2002,N
163,33,IN,100/300,500,1240.47,0,FEMALE,Associate,other-service,husband,35300,0,2015-02-18,Multi-vehicle Collision,Rear Collision,Total Loss,Fire,NC,11,3,YES,1,1,?,Honda,2014,N
355,47,OH,500/1000,2000,1273.7,4000000,MALE,College,other-service,husband,0,0,2015-01-10,Multi-vehicle Collision,Front Collision,Major Damage,Fire,WV,19,3,NO,2,1,NO,Audi,2003,Y
175,34,IN,500/1000,1000,1123.87,8000000,FEMALE,PhD,protective-serv,other-relative,0,0,2015-02-26,Vehicle Theft,?,Trivial Damage,Police,NY,5,1,?,2,0,YES,Volkswagen,1995,N
192,35,IL,100/300,1000,1245.89,0,FEMALE,Masters,exec-managerial,wife,0,-40300,2015-01-01,Single Vehicle Collision,Rear Collision,Total Loss,Other,WV,19,1,NO,0,0,?,Mercedes,2000,N
430,59,OH,250/500,2000,1326.62,7000000,MALE,MD,other-service,own-child,0,0,2015-01-03,Multi-vehicle Collision,Front Collision,Minor Damage,Fire,NY,19,3,?,0,3,YES,Nissan,1998,N
91,27,IL,100/300,2000,1073.83,0,FEMALE,JD,farming-fishing,husband,0,0,2015-01-17,Vehicle Theft,?,Trivial Damage,None,NY,4,1,?,1,2,?,BMW,2008,N
217,39,IN,100/300,1000,1530.52,0,MALE,College,armed-forces,not-in-family,0,0,2015-02-22,Vehicle Theft,?,Minor Damage,None,WV,8,1,?,2,1,YES,Toyota,2000,N
223,40,IN,100/300,500,1201.41,0,FEMALE,JD,priv-house-serv,husband,88400,-46500,2015-01-27,Multi-vehicle Collision,Side Collision,Major Damage,Police,NC,7,3,YES,1,0,?,Suburu,1999,N
195,39,OH,250/500,1000,1393.57,0,MALE,PhD,machine-op-inspct,not-in-family,47600,-39600,2015-02-27,Parked Car,?,Minor Damage,Police,VA,5,1,NO,0,1,YES,Ford,2009,N
22,26,OH,100/300,1000,1276.57,0,MALE,PhD,craft-repair,not-in-family,71500,0,2015-01-06,Single Vehicle Collision,Rear Collision,Minor Damage,Fire,NY,3,1,YES,1,2,NO,Chevrolet,1995,N
439,56,IN,250/500,500,1082.49,0,FEMALE,PhD,prof-specialty,unmarried,36100,-55000,2015-02-28,Multi-vehicle Collision,Front Collision,Major Damage,Fire,SC,12,3,?,2,3,?,Honda,2014,N
94,32,IN,500/1000,1000,1414.74,0,FEMALE,Masters,adm-clerical,own-child,0,0,2015-02-22,Parked Car,?,Minor Damage,None,VA,19,1,NO,1,3,NO,Chevrolet,2014,N
11,39,IL,250/500,2000,1470.06,0,MALE,PhD,other-service,husband,56600,-45800,2015-01-07,Single Vehicle Collision,Front Collision,Total Loss,Ambulance,WV,22,1,YES,0,1,NO,Saab,2007,N
151,36,OH,250/500,2000,870.63,0,FEMALE,MD,adm-clerical,own-child,94800,-58500,2015-01-06,Multi-vehicle Collision,Side Collision,Minor Damage,Police,VA,12,3,NO,1,1,NO,Ford,2000,N
154,34,IN,100/300,500,795.23,0,MALE,PhD,machine-op-inspct,other-relative,36900,0,2015-01-10,Multi-vehicle Collision,Rear Collision,Major Damage,Police,NY,15,3,YES,2,1,?,Nissan,2014,Y
245,44,IL,500/1000,1000,1168.2,0,MALE,JD,handlers-cleaners,husband,69100,0,2015-02-11,Multi-vehicle Collision,Side Collision,Total Loss,Other,OH,23,3,NO,0,3,NO,Honda,1997,N
119,32,IL,500/1000,1000,993.51,0,MALE,High School,armed-forces,unmarried,0,-49500,2015-01-12,Single Vehicle Collision,Side Collision,Minor Damage,Other,WV,12,1,NO,0,3,YES,BMW,2011,N
215,42,OH,500/1000,500,1848.81,0,MALE,JD,transport-moving,own-child,0,-49000,2015-02-06,Multi-vehicle Collision,Front Collision,Major Damage,Fire,WV,20,3,YES,2,2,YES,Suburu,2003,Y
295,42,OH,250/500,2000,1641.73,5000000,MALE,PhD,sales,not-in-family,62400,0,2015-01-20,Multi-vehicle Collision,Rear Collision,Total Loss,Fire,VA,16,3,NO,0,0,NO,Ford,2006,Y
254,39,IN,100/300,500,1362.87,0,FEMALE,MD,exec-managerial,other-relative,35700,0,2015-02-22,Multi-vehicle Collision,Front Collision,Minor Damage,Ambulance,NY,6,3,YES,2,2,NO,Dodge,1995,Y
107,31,IN,250/500,500,1239.22,7000000,FEMALE,High School,tech-support,not-in-family,43400,-91200,2015-01-30,Single Vehicle Collision,Side Collision,Minor Damage,Fire,SC,12,1,YES,0,1,NO,Audi,2009,Y
478,64,OH,250/500,500,835.02,0,FEMALE,Associate,adm-clerical,unmarried,59600,0,2015-02-02,Multi-vehicle Collision,Side Collision,Minor Damage,Fire,WV,17,3,NO,1,1,NO,BMW,1998,N
128,30,OH,100/300,1000,1061.33,0,MALE,MD,machine-op-inspct,own-child,43300,-66200,2015-01-10,Single Vehicle Collision,Front Collision,Major Damage,Ambulance,WV,8,1,NO,0,3,NO,Audi,1997,N
338,49,IN,500/1000,1000,1279.08,0,MALE,MD,other-service,own-child,0,-51500,2015-02-27,Parked Car,?,Minor Damage,None,NC,13,1,NO,0,1,?,Ford,2004,N
271,42,OH,100/300,500,1105.49,0,FEMALE,Associate,prof-specialty,own-child,56200,-50000,2015-02-20,Multi-vehicle Collision,Side Collision,Major Damage,Other,SC,12,2,?,2,3,?,Audi,2003,Y
222,41,OH,100/300,2000,1055.53,0,FEMALE,MD,armed-forces,not-in-family,37800,-50300,2015-02-08,Single Vehicle Collision,Front Collision,Total Loss,Other,WV,7,1,NO,0,2,NO,Honda,1995,Y
199,41,OH,250/500,1000,895.83,0,FEMALE,Associate,sales,husband,0,0,2015-02-11,Single Vehicle Collision,Rear Collision,Minor Damage,Ambulance,NC,10,1,NO,1,2,NO,Chevrolet,1999,N
215,37,IN,100/300,500,1632.93,0,FEMALE,College,transport-moving,not-in-family,0,-42900,2015-02-23,Multi-vehicle Collision,Rear Collision,Minor Damage,Fire,SC,7,3,NO,2,0,YES,Mercedes,2002,N
192,40,IL,100/300,1000,1405.99,0,FEMALE,Associate,sales,wife,0,0,2015-03-01,Multi-vehicle Collision,Side Collision,Minor Damage,Ambulance,VA,18,3,YES,1,0,YES,BMW,2005,N
120,35,OH,100/300,1000,1425.54,0,FEMALE,High School,transport-moving,other-relative,78300,0,2015-01-15,Multi-vehicle Collision,Front Collision,Total Loss,Ambulance,SC,22,3,NO,2,0,NO,Ford,2010,N
270,45,OH,500/1000,1000,1038.09,0,FEMALE,College,handlers-cleaners,husband,0,-19700,2015-01-14,Multi-vehicle Collision,Front Collision,Minor Damage,Fire,NY,18,3,NO,1,1,YES,Suburu,1998,N
319,47,IN,250/500,500,1307.11,0,MALE,College,transport-moving,not-in-family,0,0,2015-02-17,Multi-vehicle Collision,Front Collision,Total Loss,Police,WV,22,3,NO,0,2,?,Audi,2005,N
194,39,OH,500/1000,1000,1489.24,6000000,FEMALE,JD,other-service,wife,0,-45000,2015-01-24,Vehicle Theft,?,Minor Damage,None,SC,15,1,YES,2,2,YES,Saab,2004,N
227,38,OH,500/1000,500,976.67,0,FEMALE,PhD,handlers-cleaners,unmarried,0,0,2015-01-21,Single Vehicle Collision,Rear Collision,Major Damage,Fire,SC,16,1,?,1,2,?,BMW,2013,Y
137,31,OH,250/500,2000,1340.43,0,MALE,High School,exec-managerial,husband,52700,-40600,2015-02-19,Multi-vehicle Collision,Side Collision,Minor Damage,Ambulance,NC,6,3,NO,1,2,NO,Accura,2005,N
244,40,OH,500/1000,2000,1267.81,5000000,FEMALE,Masters,exec-managerial,wife,0,0,2015-01-03,Vehicle Theft,?,Trivial Damage,None,NC,10,1,?,2,1,?,Accura,2005,N
78,29,IL,250/500,1000,1234.2,6000000,MALE,Masters,other-service,other-relative,0,0,2015-01-29,Vehicle Theft,?,Minor Damage,Police,NY,3,1,YES,2,2,NO,Nissan,2002,N
200,35,IN,250/500,2000,1318.06,0,MALE,High School,exec-managerial,wife,57300,-80600,2015-01-19,Vehicle Theft,?,Trivial Damage,None,VA,13,1,NO,0,3,YES,Volkswagen,2002,N
284,48,IN,500/1000,2000,769.95,0,MALE,Masters,prof-specialty,not-in-family,0,-44200,2015-01-19,Multi-vehicle Collision,Side Collision,Major Damage,Ambulance,NY,16,2,?,2,3,NO,Audi,2013,Y
275,41,OH,100/300,2000,1514.72,0,MALE,High School,transport-moving,own-child,35700,0,2015-02-02,Multi-vehicle Collision,Front Collision,Major Damage,Fire,NY,13,3,YES,0,1,?,Suburu,2007,N
153,34,IL,500/1000,1000,873.64,4000000,FEMALE,Associate,priv-house-serv,husband,800,0,2015-01-30,Multi-vehicle Collision,Front Collision,Minor Damage,Other,SC,9,3,NO,2,1,?,Ford,2007,N
134,32,IL,500/1000,500,1612.43,0,FEMALE,MD,other-service,own-child,36400,0,2015-01-08,Single Vehicle Collision,Side Collision,Total Loss,Fire,VA,2,1,?,2,1,YES,BMW,2015,N
31,36,IL,500/1000,2000,1318.24,9000000,FEMALE,College,prof-specialty,not-in-family,0,-78600,2015-01-30,Parked Car,?,Trivial Damage,None,WV,9,1,NO,0,1,YES,Dodge,2002,N
41,25,IN,100/300,1000,1226.83,0,FEMALE,College,exec-managerial,not-in-family,0,-56100,2015-01-07,Multi-vehicle Collision,Side Collision,Major Damage,Other,SC,12,3,YES,2,0,?,Accura,2011,Y
127,29,OH,250/500,2000,1326.44,5000000,FEMALE,High School,sales,own-child,0,0,2015-02-24,Multi-vehicle Collision,Front Collision,Total Loss,Fire,SC,12,2,YES,1,1,?,Saab,1995,N
61,23,IL,250/500,2000,1136.83,4000000,FEMALE,Associate,tech-support,own-child,0,-62400,2015-02-02,Single Vehicle Collision,Side Collision,Major Damage,Police,NY,14,1,NO,0,3,?,Honda,2004,Y
207,42,IL,250/500,2000,1322.78,0,MALE,PhD,farming-fishing,own-child,55200,0,2015-02-28,Parked Car,?,Trivial Damage,None,WV,9,1,NO,0,1,NO,BMW,2007,N
219,43,IN,100/300,1000,1483.25,0,FEMALE,MD,exec-managerial,not-in-family,90700,-20800,2015-02-09,Multi-vehicle Collision,Front Collision,Major Damage,Ambulance,NC,3,3,NO,1,1,?,Ford,2009,N
271,42,IL,100/300,500,1515.3,0,FEMALE,High School,machine-op-inspct,not-in-family,0,0,2015-01-19,Multi-vehicle Collision,Rear Collision,Total Loss,Ambulance,SC,21,3,NO,1,0,NO,Mercedes,2005,N
80,25,IL,100/300,2000,1075.18,5000000,FEMALE,PhD,armed-forces,husband,67700,-58400,2015-02-21,Vehicle Theft,?,Minor Damage,None,OH,5,1,NO,2,0,YES,Toyota,2001,N
325,47,IN,500/1000,1000,1690.27,0,FEMALE,Associate,protective-serv,not-in-family,61500,0,2015-01-14,Single Vehicle Collision,Side Collision,Major Damage,Fire,VA,11,1,YES,0,3,NO,Dodge,2006,Y
29,25,IL,250/500,2000,1352.83,0,MALE,Masters,farming-fishing,own-child,0,-71700,2015-01-22,Multi-vehicle Collision,Rear Collision,Minor Damage,Other,SC,4,4,YES,1,2,YES,Nissan,2013,Y
295,48,OH,250/500,1000,1148.73,0,FEMALE,College,machine-op-inspct,wife,0,0,2015-02-22,Parked Car,?,Trivial Damage,None,WV,6,1,?,1,2,YES,Saab,1999,N
239,42,IL,100/300,1000,969.5,0,MALE,College,exec-managerial,not-in-family,0,0,2015-01-26,Vehicle Theft,?,Trivial Damage,None,NC,10,1,NO,0,0,?,Audi,2007,N
269,41,IN,100/300,500,1463.82,0,FEMALE,College,protective-serv,not-in-family,0,-72300,2015-01-24,Single Vehicle Collision,Rear Collision,Minor Damage,Police,SC,23,1,YES,0,0,?,Saab,2007,N
80,27,IL,100/300,1000,1474.17,0,FEMALE,College,tech-support,unmarried,0,0,2015-02-19,Single Vehicle Collision,Side Collision,Major Damage,Police,WV,13,1,YES,1,0,YES,Saab,2004,N
279,41,IL,250/500,500,1497.35,0,FEMALE,JD,prof-specialty,husband,37300,-31700,2015-01-29,Multi-vehicle Collision,Front Collision,Minor Damage,Fire,NC,16,3,?,2,3,NO,Ford,2013,N
165,33,OH,100/300,1000,1427.14,0,FEMALE,Associate,tech-support,other-relative,35300,-58100,2015-02-15,Parked Car,?,Minor Damage,Police,WV,3,1,NO,1,1,NO,Toyota,2008,N
350,54,OH,500/1000,500,1495.1,0,MALE,College,other-service,wife,50500,0,2015-02-12,Multi-vehicle Collision,Side Collision,Total Loss,Police,SC,15,3,NO,0,0,?,Chevrolet,2014,N
295,49,IL,100/300,500,1141.62,0,MALE,College,prof-specialty,husband,34300,-24300,2015-01-01,Vehicle Theft,?,Minor Damage,None,WV,4,1,YES,1,3,YES,Mercedes,2002,N
464,61,OH,500/1000,1000,1125.37,0,FEMALE,Associate,prof-specialty,husband,0,-56400,2015-01-13,Multi-vehicle Collision,Rear Collision,Major Damage,Police,VA,6,3,?,0,2,YES,Saab,2000,Y
118,28,IN,500/1000,2000,1207.36,0,FEMALE,High School,handlers-cleaners,own-child,0,-57000,2015-03-01,Multi-vehicle Collision,Front Collision,Major Damage,Ambulance,WV,22,2,NO,1,0,?,Volkswagen,1997,N
298,47,IL,500/1000,2000,1338.5,0,FEMALE,PhD,machine-op-inspct,other-relative,28800,0,2015-02-02,Single Vehicle Collision,Front Collision,Major Damage,Fire,NY,1,1,?,0,0,?,Saab,2000,Y
87,31,IN,500/1000,1000,1074.07,0,FEMALE,Masters,sales,husband,0,-47500,2015-01-27,Multi-vehicle Collision,Rear Collision,Major Damage,Fire,NY,16,3,NO,0,3,YES,Nissan,2006,Y
261,42,OH,250/500,500,1337.56,0,FEMALE,College,prof-specialty,unmarried,0,0,2015-01-12,Single Vehicle Collision,Rear Collision,Minor Damage,Police,SC,18,1,?,1,2,YES,Dodge,2010,N
453,60,IN,100/300,500,1298.91,6000000,MALE,PhD,craft-repair,unmarried,52600,-38800,2015-01-06,Single Vehicle Collision,Front Collision,Major Damage,Fire,NC,0,1,YES,0,0,?,Ford,2015,Y
210,41,IL,500/1000,500,1222.75,0,MALE,High School,exec-managerial,other-relative,0,-41000,2015-01-30,Multi-vehicle Collision,Rear Collision,Total Loss,Other,WV,12,3,?,2,0,NO,BMW,2001,N
168,32,IN,100/300,1000,1059.52,0,MALE,MD,protective-serv,own-child,0,-40600,2015-03-01,Multi-vehicle Collision,Side Collision,Major Damage,Other,VA,13,2,?,1,1,?,Saab,2007,N
390,51,OH,250/500,2000,1124.38,0,MALE,Associate,armed-forces,other-relative,0,0,2015-02-24,Vehicle Theft,?,Minor Damage,None,VA,9,1,YES,1,1,YES,Ford,2001,N
258,46,IN,100/300,1000,1110.37,10000000,MALE,MD,machine-op-inspct,other-relative,34400,-56800,2015-01-24,Multi-vehicle Collision,Side Collision,Total Loss,Other,NY,14,3,NO,0,1,?,Accura,1997,Y
107,31,IL,500/1000,2000,1374.22,0,FEMALE,PhD,machine-op-inspct,other-relative,62000,-63100,2015-02-26,Single Vehicle Collision,Rear Collision,Minor Damage,Police,SC,16,1,NO,0,3,NO,Suburu,2002,N
225,41,OH,500/1000,2000,1103.58,0,MALE,High School,exec-managerial,unmarried,41200,-36200,2015-01-19,Multi-vehicle Collision,Side Collision,Major Damage,Police,NY,20,3,?,2,2,NO,Toyota,2011,Y
164,38,IL,250/500,2000,1269.76,0,FEMALE,PhD,transport-moving,not-in-family,44300,0,2015-01-17,Single Vehicle Collision,Rear Collision,Minor Damage,Fire,NY,4,1,NO,1,3,YES,Ford,2015,N
245,39,OH,250/500,500,964.79,8000000,FEMALE,Associate,adm-clerical,husband,58000,0,2015-02-20,Multi-vehicle Collision,Rear Collision,Minor Damage,Police,NY,7,3,?,0,1,?,BMW,2010,N
255,41,IL,500/1000,2000,1167.3,4000000,MALE,High School,priv-house-serv,other-relative,0,0,2015-02-22,Single Vehicle Collision,Side Collision,Minor Damage,Fire,SC,22,1,NO,2,0,?,Volkswagen,2000,N
206,36,IL,500/1000,500,1625.45,4000000,FEMALE,MD,other-service,other-relative,0,-53700,2015-01-23,Single Vehicle Collision,Front Collision,Major Damage,Ambulance,NY,11,1,NO,2,1,NO,Ford,2008,Y
203,38,IL,250/500,500,1394.43,0,FEMALE,Masters,other-service,not-in-family,0,0,2015-01-31,Single Vehicle Collision,Front Collision,Major Damage,Ambulance,VA,7,1,?,0,1,YES,Nissan,1999,Y
22,25,OH,250/500,2000,1053.24,0,FEMALE,College,prof-specialty,other-relative,51100,0,2015-01-05,Multi-vehicle Collision,Front Collision,Total Loss,Other,NC,0,4,YES,1,0,NO,Accura,1995,N
211,35,IL,100/300,500,1040.75,0,FEMALE,JD,prof-specialty,not-in-family,0,0,2015-02-03,Single Vehicle Collision,Rear Collision,Total Loss,Ambulance,WV,1,1,YES,1,1,?,BMW,2011,N
206,39,IN,250/500,1000,1302.4,6000000,MALE,JD,craft-repair,unmarried,47200,-69700,2015-02-17,Multi-vehicle Collision,Rear Collision,Total Loss,Ambulance,NY,12,3,NO,2,3,YES,Ford,2013,N
166,38,IL,100/300,2000,1588.55,0,MALE,MD,protective-serv,unmarried,59600,-32100,2015-01-09,Single Vehicle Collision,Side Collision,Total Loss,Other,WV,8,1,NO,0,0,?,Suburu,2001,N
165,32,IN,500/1000,500,1399.26,0,FEMALE,High School,tech-support,own-child,70500,0,2015-02-08,Parked Car,?,Minor Damage,Police,PA,9,1,?,2,0,?,BMW,1998,N
274,43,OH,100/300,2000,1352.31,0,MALE,College,farming-fishing,wife,40700,-47300,2015-02-06,Single Vehicle Collision,Front Collision,Major Damage,Fire,NY,22,1,YES,0,3,YES,BMW,2006,Y
81,28,IL,250/500,1000,1139.0,6000000,FEMALE,Masters,sales,husband,42400,0,2015-01-14,Multi-vehicle Collision,Front Collision,Major Damage,Fire,SC,0,3,?,1,2,?,Saab,2000,Y
280,45,IN,250/500,1000,1397.67,0,MALE,JD,machine-op-inspct,wife,57900,0,2015-01-22,Multi-vehicle Collision,Front Collision,Minor Damage,Other,NY,0,3,YES,1,2,NO,Ford,1999,N
194,39,IN,250/500,500,823.17,0,MALE,Masters,adm-clerical,own-child,0,0,2015-02-23,Multi-vehicle Collision,Front Collision,Major Damage,Other,WV,3,3,?,2,2,NO,Dodge,2012,N
112,27,OH,100/300,500,965.13,0,FEMALE,Masters,tech-support,unmarried,60000,-54800,2015-02-22,Multi-vehicle Collision,Front Collision,Major Damage,Ambulance,NC,21,3,?,0,1,?,Nissan,2013,N
24,33,IL,500/1000,1000,1922.84,0,FEMALE,High School,machine-op-inspct,wife,0,-45200,2015-01-24,Single Vehicle Collision,Side Collision,Total Loss,Police,WV,0,1,?,2,1,NO,Jeep,2002,N
93,32,OH,250/500,2000,1624.82,0,MALE,PhD,exec-managerial,unmarried,65300,-65600,2015-02-09,Single Vehicle Collision,Side Collision,Minor Damage,Ambulance,WV,16,1,?,1,1,?,BMW,2006,N
171,34,IN,250/500,2000,1277.25,0,FEMALE,College,exec-managerial,other-relative,84900,0,2015-01-19,Single Vehicle Collision,Rear Collision,Major Damage,Police,NY,14,1,NO,1,2,?,Volkswagen,1996,Y
200,40,IL,100/300,1000,1439.34,0,FEMALE,High School,sales,other-relative,45300,-20400,2015-01-01,Vehicle Theft,?,Minor Damage,Police,VA,9,1,?,0,0,NO,Ford,2015,N
120,28,IL,250/500,1000,1281.27,0,FEMALE,PhD,tech-support,not-in-family,68900,0,2015-01-07,Multi-vehicle Collision,Rear Collision,Minor Damage,Fire,SC,9,3,NO,0,3,?,BMW,2010,N
325,46,IL,500/1000,500,1348.83,0,FEMALE,High School,prof-specialty,wife,46300,-77500,2015-02-01,Multi-vehicle Collision,Rear Collision,Minor Damage,Fire,NC,21,3,?,1,2,YES,Toyota,1999,N
124,32,IL,250/500,1000,1198.15,0,FEMALE,MD,other-service,not-in-family,0,-43200,2015-02-21,Multi-vehicle Collision,Front Collision,Total Loss,Other,VA,19,3,NO,0,2,YES,BMW,1995,N
211,35,OH,100/300,2000,1221.22,0,MALE,Masters,machine-op-inspct,other-relative,76000,0,2015-01-21,Single Vehicle Collision,Rear Collision,Total Loss,Police,NY,2,1,YES,0,1,?,Mercedes,2008,N
287,41,IL,500/1000,2000,968.74,0,MALE,Masters,transport-moving,wife,0,-49000,2015-01-19,Vehicle Theft,?,Trivial Damage,None,SC,9,1,?,2,3,?,Suburu,2001,N
122,34,IN,250/500,1000,1220.71,0,MALE,PhD,machine-op-inspct,own-child,58600,-28700,2015-02-27,Parked Car,?,Minor Damage,None,SC,5,1,?,2,1,YES,Chevrolet,2013,N
22,29,IN,250/500,2000,1238.62,6000000,MALE,MD,exec-managerial,other-relative,0,-56200,2015-02-14,Single Vehicle Collision,Rear Collision,Major Damage,Ambulance,SC,14,1,?,2,3,?,Accura,2012,Y
106,31,IL,500/1000,2000,1320.75,0,FEMALE,JD,farming-fishing,wife,54100,0,2015-02-01,Multi-vehicle Collision,Rear Collision,Total Loss,Police,WV,20,3,?,0,3,YES,Accura,2011,N
398,58,OH,100/300,500,990.98,0,FEMALE,Associate,exec-managerial,wife,0,-57900,2015-02-02,Single Vehicle Collision,Front Collision,Major Damage,Police,NC,18,1,YES,2,1,?,Accura,2002,Y
214,41,IL,500/1000,500,1398.51,4000000,MALE,Masters,tech-support,not-in-family,0,-57100,2015-02-01,Multi-vehicle Collision,Side Collision,Major Damage,Fire,NC,13,3,?,2,0,NO,BMW,1996,Y
209,38,OH,100/300,500,1355.08,0,FEMALE,MD,other-service,other-relative,58100,0,2015-01-19,Single Vehicle Collision,Front Collision,Minor Damage,Fire,WV,21,1,?,1,1,?,Nissan,2014,N
82,27,IL,100/300,1000,1384.51,0,MALE,PhD,adm-clerical,not-in-family,13100,-38200,2015-02-18,Single Vehicle Collision,Rear Collision,Major Damage,Other,SC,14,1,NO,2,3,?,Volkswagen,2007,Y
193,41,OH,250/500,500,847.03,0,FEMALE,JD,craft-repair,not-in-family,0,0,2015-02-08,Single Vehicle Collision,Side Collision,Major Damage,Other,SC,1,1,?,1,0,YES,Suburu,2011,Y
134,32,OH,100/300,1000,1000.06,0,FEMALE,PhD,farming-fishing,wife,0,0,2015-01-09,Single Vehicle Collision,Side Collision,Total Loss,Other,NY,17,1,?,1,0,?,Audi,2014,N
288,45,IL,100/300,1000,1046.71,0,MALE,Masters,priv-house-serv,husband,0,0,2015-02-27,Multi-vehicle Collision,Rear Collision,Major Damage,Fire,NC,4,3,?,2,1,?,Mercedes,2009,N
104,32,IN,250/500,500,1158.03,0,MALE,High School,exec-managerial,own-child,31900,-44600,2015-01-08,Multi-vehicle Collision,Rear Collision,Total Loss,Police,NY,23,3,YES,1,3,YES,Volkswagen,2006,Y
431,54,OH,100/300,1000,1372.27,0,FEMALE,Masters,craft-repair,own-child,17600,0,2015-01-08,Multi-vehicle Collision,Rear Collision,Total Loss,Fire,WV,13,3,NO,2,3,?,Suburu,1997,N
101,33,OH,100/300,1000,1053.04,7000000,FEMALE,Masters,other-service,own-child,52000,-44500,2015-02-24,Multi-vehicle Collision,Rear Collision,Minor Damage,Ambulance,NC,20,3,NO,1,3,?,Saab,2013,Y
375,50,OH,100/300,1000,1275.39,0,MALE,Associate,sales,other-relative,0,0,2015-02-12,Single Vehicle Collision,Front Collision,Major Damage,Police,NY,16,1,YES,2,3,NO,Audi,1996,Y
461,61,OH,100/300,2000,1402.75,0,MALE,JD,exec-managerial,husband,0,0,2015-02-18,Multi-vehicle Collision,Rear Collision,Minor Damage,Police,NY,10,3,?,2,1,YES,Jeep,2006,N
428,59,IN,250/500,500,1344.36,7000000,FEMALE,JD,prof-specialty,other-relative,0,0,2015-02-06,Parked Car,?,Minor Damage,None,WV,8,1,?,2,3,NO,Saab,2013,N
45,38,IN,100/300,1000,1197.71,0,MALE,Masters,machine-op-inspct,not-in-family,29000,0,2015-02-14,Multi-vehicle Collision,Front Collision,Total Loss,Ambulance,WV,17,3,?,2,0,?,Suburu,2013,N
136,29,OH,100/300,500,1203.24,0,FEMALE,JD,transport-moving,other-relative,62500,-66900,2015-02-05,Vehicle Theft,?,Minor Damage,Police,NY,9,1,?,2,0,?,Honda,1999,N
216,36,IN,500/1000,1000,1152.4,0,FEMALE,Associate,priv-house-serv,unmarried,39600,-82400,2015-01-25,Parked Car,?,Minor Damage,Police,VA,0,1,YES,2,3,?,Mercedes,2014,N
278,48,IN,500/1000,2000,1142.62,7000000,FEMALE,MD,farming-fishing,not-in-family,0,-54000,2015-01-16,Single Vehicle Collision,Front Collision,Total Loss,Ambulance,SC,12,1,?,2,0,?,Chevrolet,1997,N
295,48,OH,500/1000,1000,1332.07,0,FEMALE,MD,exec-managerial,unmarried,49700,-59100,2015-01-28,Multi-vehicle Collision,Side Collision,Total Loss,Ambulance,NY,20,2,NO,2,1,YES,Volkswagen,2002,N
112,30,OH,500/1000,1000,1166.54,0,FEMALE,Masters,prof-specialty,not-in-family,47700,-59300,2015-01-21,Single Vehicle Collision,Front Collision,Major Damage,Fire,SC,3,1,YES,2,0,NO,Dodge,1997,Y
122,34,IL,250/500,500,1495.06,0,FEMALE,Masters,prof-specialty,unmarried,38100,-31400,2015-01-07,Multi-vehicle Collision,Rear Collision,Total Loss,Fire,PA,18,3,NO,2,0,YES,Mercedes,2011,N
108,29,IN,500/1000,1000,1337.92,0,FEMALE,PhD,armed-forces,not-in-family,71400,0,2015-02-23,Multi-vehicle Collision,Side Collision,Minor Damage,Ambulance,WV,4,3,NO,2,2,YES,Suburu,2012,N
14,28,OH,250/500,2000,1587.96,0,FEMALE,Associate,craft-repair,unmarried,0,-26900,2015-02-14,Single Vehicle Collision,Rear Collision,Major Damage,Fire,WV,18,1,?,2,1,YES,Audi,2012,Y
298,45,IL,500/1000,1000,1362.29,0,MALE,High School,farming-fishing,unmarried,0,-51100,2015-02-27,Multi-vehicle Collision,Front Collision,Minor Damage,Ambulance,NY,18,3,NO,0,0,NO,Saab,1999,N
276,46,IL,250/500,500,1448.84,0,FEMALE,Masters,machine-op-inspct,husband,0,-50000,2015-02-21,Parked Car,?,Trivial Damage,Police,SC,7,1,?,0,1,NO,Toyota,2015,N
47,37,IN,250/500,2000,1241.97,0,MALE,High School,other-service,not-in-family,75400,0,2015-01-05,Parked Car,?,Minor Damage,None,NY,18,1,NO,1,0,NO,Jeep,2011,N
222,42,IL,250/500,500,1124.6,0,MALE,Associate,armed-forces,not-in-family,0,0,2015-01-30,Multi-vehicle Collision,Rear Collision,Minor Damage,Police,NY,23,3,YES,0,0,?,Jeep,2006,N
119,28,OH,250/500,2000,1079.92,0,MALE,High School,machine-op-inspct,husband,88800,0,2015-02-26,Single Vehicle Collision,Rear Collision,Total Loss,Ambulance,PA,1,1,?,0,1,YES,Volkswagen,2007,Y
73,29,IL,250/500,1000,1447.78,0,MALE,College,protective-serv,wife,35100,-59900,2015-01-10,Multi-vehicle Collision,Rear Collision,Total Loss,Other,SC,15,3,YES,1,0,?,Dodge,2001,N
8,31,IN,250/500,500,1229.16,4000000,FEMALE,MD,transport-moving,wife,0,-88300,2015-02-23,Multi-vehicle Collision,Front Collision,Major Damage,Fire,PA,2,3,?,0,2,YES,Volkswagen,2014,N
294,44,IL,100/300,1000,1226.49,0,FEMALE,PhD,farming-fishing,unmarried,53900,0,2015-02-05,Vehicle Theft,?,Trivial Damage,None,WV,3,1,NO,0,1,NO,Ford,2002,N
324,46,IN,100/300,2000,897.89,6000000,MALE,MD,tech-support,wife,0,-41300,2015-01-21,Single Vehicle Collision,Rear Collision,Minor Damage,Other,PA,13,1,?,1,0,YES,Jeep,2011,N
155,34,IN,100/300,500,1706.79,0,MALE,Masters,protective-serv,other-relative,0,0,2015-01-07,Single Vehicle Collision,Front Collision,Minor Damage,Ambulance,OH,1,1,NO,1,1,YES,Honda,1998,N
261,45,IL,250/500,1000,1254.18,0,FEMALE,PhD,prof-specialty,other-relative,0,-45100,2015-01-11,Single Vehicle Collision,Rear Collision,Minor Damage,Fire,SC,16,1,YES,0,1,?,Volkswagen,2003,N
245,40,IN,500/1000,500,885.08,0,FEMALE,Masters,armed-forces,other-relative,27000,-58900,2015-02-06,Single Vehicle Collision,Front Collision,Total Loss,Other,WV,0,1,YES,0,1,NO,Chevrolet,1998,N
235,39,IL,100/300,500,1046.58,4000000,MALE,MD,tech-support,wife,0,-31700,2015-01-24,Vehicle Theft,?,Trivial Damage,None,NY,1,1,?,2,1,NO,Chevrolet,2010,N
53,36,OH,500/1000,2000,1712.68,0,MALE,Associate,handlers-cleaners,not-in-family,72200,0,2015-02-18,Multi-vehicle Collision,Side Collision,Major Damage,Fire,VA,17,3,?,2,0,YES,Audi,2006,N
426,54,IL,500/1000,2000,1097.71,0,FEMALE,Masters,adm-clerical,not-in-family,29600,-22300,2015-01-12,Single Vehicle Collision,Side Collision,Minor Damage,Police,SC,13,1,YES,2,3,?,Dodge,1997,N
111,27,IN,250/500,500,1363.77,4000000,FEMALE,Masters,tech-support,husband,51100,0,2015-01-17,Single Vehicle Collision,Side Collision,Total Loss,Police,VA,12,1,YES,2,3,NO,Accura,2009,N
86,26,OH,100/300,500,1382.88,7000000,MALE,JD,tech-support,other-relative,0,-30300,2015-01-12,Single Vehicle Collision,Rear Collision,Minor Damage,Police,SC,11,1,?,1,1,YES,Chevrolet,2011,Y
296,46,OH,100/300,1000,1141.35,7000000,MALE,Masters,craft-repair,not-in-family,0,0,2015-01-06,Single Vehicle Collision,Front Collision,Major Damage,Ambulance,NY,18,1,?,0,2,NO,Mercedes,2013,N
125,35,OH,500/1000,500,1054.83,7000000,MALE,JD,tech-support,husband,0,-51300,2015-02-25,Single Vehicle Collision,Front Collision,Total Loss,Fire,NY,17,1,YES,2,3,NO,Mercedes,2007,Y
177,34,IL,100/300,2000,1057.77,0,FEMALE,JD,tech-support,unmarried,0,-57700,2015-02-16,Multi-vehicle Collision,Front Collision,Total Loss,Ambulance,NC,22,3,?,1,1,NO,Audi,2009,N
238,39,IN,250/500,2000,1488.02,0,FEMALE,JD,protective-serv,other-relative,0,-39200,2015-02-25,Vehicle Theft,?,Minor Damage,Police,NY,9,1,YES,1,3,YES,Chevrolet,2010,N
81,25,IN,100/300,500,920.3,5000000,FEMALE,High School,tech-support,own-child,51000,-67900,2015-02-21,Multi-vehicle Collision,Rear Collision,Major Damage,Other,WV,11,3,?,1,0,?,Honda,2003,Y
128,28,OH,500/1000,1000,986.53,0,FEMALE,High School,adm-clerical,other-relative,62700,0,2015-02-16,Single Vehicle Collision,Rear Collision,Total Loss,Ambulance,VA,11,1,NO,0,2,YES,Honda,2007,N
449,57,OH,250/500,2000,1440.68,0,MALE,Associate,tech-support,own-child,25000,0,2015-02-09,Parked Car,?,Minor Damage,None,SC,8,1,YES,0,1,YES,Volkswagen,2008,N
252,39,IN,250/500,1000,1086.21,0,MALE,JD,farming-fishing,unmarried,68500,-57500,2015-02-13,Single Vehicle Collision,Side Collision,Minor Damage,Police,SC,18,1,?,1,2,?,Nissan,2001,N
359,47,OH,100/300,2000,1367.68,0,FEMALE,MD,handlers-cleaners,unmarried,0,0,2015-01-11,Single Vehicle Collision,Front Collision,Total Loss,Police,SC,13,1,NO,0,3,NO,Mercedes,2012,N
19,32,OH,500/1000,1000,1215.85,0,MALE,High School,other-service,husband,42900,-90200,2015-01-02,Vehicle Theft,?,Minor Damage,Police,VA,8,1,YES,1,1,YES,Nissan,2015,N
73,26,IL,250/500,2000,1191.19,4000000,MALE,MD,farming-fishing,not-in-family,29300,0,2015-02-12,Multi-vehicle Collision,Rear Collision,Total Loss,Other,VA,9,3,?,0,1,YES,Chevrolet,2003,N
285,44,IL,500/1000,1000,1594.45,0,MALE,High School,handlers-cleaners,husband,0,0,2015-02-05,Multi-vehicle Collision,Side Collision,Total Loss,Fire,NC,17,2,YES,2,3,NO,Saab,2006,N
196,36,IN,250/500,2000,1463.07,0,MALE,MD,armed-forces,own-child,0,0,2015-01-24,Vehicle Theft,?,Trivial Damage,Police,WV,3,1,?,1,1,NO,Jeep,2001,Y
223,43,OH,250/500,500,1734.09,0,FEMALE,MD,adm-clerical,not-in-family,0,0,2015-01-12,Parked Car,?,Trivial Damage,None,WV,6,1,YES,0,3,?,Accura,2006,N
328,48,IL,250/500,500,1411.43,0,MALE,Masters,armed-forces,own-child,45100,-32800,2015-01-16,Single Vehicle Collision,Front Collision,Major Damage,Ambulance,NY,17,1,YES,2,1,NO,Honda,2014,N
285,43,OH,100/300,2000,1512.58,0,FEMALE,College,sales,other-relative,47600,0,2015-01-13,Vehicle Theft,?,Minor Damage,Police,SC,7,1,?,1,1,?,BMW,1997,N
30,31,IL,250/500,2000,1153.35,0,MALE,PhD,craft-repair,not-in-family,0,0,2015-02-02,Vehicle Theft,?,Trivial Damage,Police,NY,9,1,NO,2,1,YES,Suburu,2011,N
342,49,OH,250/500,500,1722.95,0,MALE,PhD,transport-moving,not-in-family,63100,-13800,2015-02-28,Single Vehicle Collision,Rear Collision,Minor Damage,Fire,WV,3,1,?,2,0,YES,Suburu,2006,N
219,39,IN,250/500,2000,1281.07,7000000,FEMALE,High School,protective-serv,unmarried,0,0,2015-01-18,Parked Car,?,Trivial Damage,Police,NY,6,1,NO,0,2,NO,Chevrolet,2015,N
468,62,IL,100/300,500,1011.92,0,MALE,PhD,machine-op-inspct,wife,0,0,2015-02-15,Multi-vehicle Collision,Rear Collision,Major Damage,Fire,SC,7,3,YES,0,3,?,Chevrolet,2009,N
241,39,IL,250/500,2000,1042.26,0,MALE,JD,sales,husband,0,0,2015-01-31,Multi-vehicle Collision,Rear Collision,Total Loss,Ambulance,WV,21,3,NO,1,2,?,Saab,1995,N
223,43,OH,500/1000,500,1235.1,0,FEMALE,Masters,tech-support,not-in-family,66400,-34400,2015-02-10,Single Vehicle Collision,Rear Collision,Minor Damage,Police,SC,14,1,NO,2,1,NO,BMW,2011,N
128,32,OH,100/300,2000,768.91,0,FEMALE,College,sales,other-relative,0,-39300,2015-02-26,Single Vehicle Collision,Rear Collision,Total Loss,Fire,SC,0,1,?,1,0,NO,Ford,1999,Y
124,29,OH,500/1000,500,1301.72,0,MALE,Masters,handlers-cleaners,husband,0,0,2015-02-25,Multi-vehicle Collision,Side Collision,Major Damage,Police,VA,14,3,?,0,3,YES,Audi,2005,N
343,48,IN,250/500,500,1451.54,3000000,MALE,JD,adm-clerical,husband,0,0,2015-01-08,Multi-vehicle Collision,Side Collision,Total Loss,Police,SC,13,4,NO,2,3,NO,Mercedes,2003,N
404,53,IN,250/500,500,767.14,0,MALE,Associate,sales,not-in-family,25500,-36700,2015-01-14,Parked Car,?,Trivial Damage,Police,WV,8,1,NO,0,1,NO,Suburu,2002,N
63,24,OH,250/500,2000,1620.89,0,FEMALE,High School,handlers-cleaners,other-relative,0,0,2015-02-03,Vehicle Theft,?,Minor Damage,Police,NC,7,1,NO,2,0,NO,Toyota,2015,N
210,37,IN,500/1000,2000,1048.46,0,MALE,High School,priv-house-serv,not-in-family,59900,0,2015-01-05,Vehicle Theft,?,Trivial Damage,None,OH,9,1,?,1,2,?,Dodge,1999,N
335,50,OH,100/300,1000,1538.26,6000000,MALE,High School,sales,other-relative,62200,-31400,2015-01-24,Multi-vehicle Collision,Side Collision,Minor Damage,Ambulance,NY,12,3,YES,2,3,YES,Volkswagen,2009,N
11,40,OH,500/1000,2000,1217.69,0,FEMALE,MD,prof-specialty,wife,24000,0,2015-01-26,Multi-vehicle Collision,Side Collision,Major Damage,Other,SC,6,3,?,1,0,?,Dodge,2004,Y
142,33,IN,100/300,2000,1362.64,5000000,FEMALE,JD,exec-managerial,wife,0,0,2015-01-21,Single Vehicle Collision,Side Collision,Total Loss,Other,NC,11,1,YES,1,3,?,Suburu,2009,Y
272,43,OH,100/300,1000,1279.13,0,MALE,PhD,craft-repair,other-relative,0,0,2015-02-06,Multi-vehicle Collision,Side Collision,Minor Damage,Ambulance,NC,5,3,?,1,2,YES,Audi,2006,Y
69,26,IL,100/300,2000,924.72,0,FEMALE,High School,machine-op-inspct,unmarried,0,0,2015-01-07,Single Vehicle Collision,Front Collision,Minor Damage,Fire,NY,14,1,NO,2,2,NO,Audi,2008,N
38,28,OH,250/500,1000,1019.44,0,MALE,Masters,transport-moving,not-in-family,0,-39700,2015-02-10,Vehicle Theft,?,Trivial Damage,None,NC,17,1,?,2,1,NO,BMW,2004,N
328,46,IL,500/1000,500,1314.6,0,FEMALE,MD,prof-specialty,not-in-family,24800,0,2015-02-23,Single Vehicle Collision,Rear Collision,Total Loss,Other,WV,0,1,?,2,3,?,Saab,1998,Y
281,43,OH,100/300,1000,1515.18,6000000,MALE,College,priv-house-serv,other-relative,0,0,2015-01-09,Multi-vehicle Collision,Side Collision,Minor Damage,Fire,SC,21,3,NO,1,0,NO,BMW,1999,N
246,44,OH,250/500,2000,1649.18,0,MALE,College,farming-fishing,other-relative,0,-58600,2015-02-22,Single Vehicle Collision,Front Collision,Major Damage,Other,NY,18,1,YES,1,2,YES,Honda,2009,Y
298,49,OH,250/500,500,1451.01,0,FEMALE,College,other-service,own-child,47800,0,2015-02-21,Single Vehicle Collision,Front Collision,Minor Damage,Ambulance,NY,17,1,NO,2,2,NO,Jeep,2012,N
330,50,IL,500/1000,1000,978.46,0,FEMALE,High School,sales,husband,0,0,2015-02-04,Single Vehicle Collision,Side Collision,Total Loss,Fire,NY,19,1,YES,0,0,NO,Chevrolet,1995,N
362,50,IL,250/500,500,1198.34,4000000,MALE,Associate,sales,wife,53000,-72500,2015-01-07,Multi-vehicle Collision,Side Collision,Total Loss,Fire,NY,17,3,?,1,1,NO,Mercedes,1995,N
241,38,IN,100/300,2000,1003.23,0,FEMALE,Associate,tech-support,not-in-family,0,0,2015-01-17,Multi-vehicle Collision,Side Collision,Major Damage,Fire,VA,23,3,?,0,3,YES,Accura,2008,N
245,41,IN,500/1000,2000,1212.0,0,MALE,Masters,exec-managerial,unmarried,24400,-60500,2015-01-28,Single Vehicle Collision,Front Collision,Total Loss,Ambulance,NY,4,1,YES,0,1,YES,Jeep,1999,N
371,52,IL,250/500,1000,1242.96,7000000,FEMALE,High School,other-service,own-child,0,-37100,2015-02-22,Multi-vehicle Collision,Rear Collision,Minor Damage,Other,NY,2,2,YES,2,0,?,Accura,2010,N
343,52,IL,500/1000,1000,1053.02,0,FEMALE,Associate,prof-specialty,not-in-family,0,0,2015-02-16,Single Vehicle Collision,Front Collision,Major Damage,Other,NY,2,1,?,0,2,NO,Toyota,2005,Y
377,53,IL,100/300,500,1693.63,0,FEMALE,MD,craft-repair,unmarried,0,-64000,2015-02-17,Multi-vehicle Collision,Front Collision,Total Loss,Fire,WV,10,3,YES,1,3,NO,Saab,2015,N
154,37,IL,250/500,1000,2047.59,0,FEMALE,MD,farming-fishing,other-relative,0,-67800,2015-01-09,Single Vehicle Collision,Rear Collision,Minor Damage,Other,SC,2,1,?,0,3,NO,Accura,2000,N
166,34,OH,100/300,1000,1083.72,0,FEMALE,High School,machine-op-inspct,wife,65600,-68200,2015-02-09,Single Vehicle Collision,Side Collision,Total Loss,Other,NY,18,1,NO,0,2,YES,Honda,2005,N
298,46,OH,500/1000,1000,1138.42,6000000,MALE,JD,prof-specialty,own-child,36900,-55000,2015-02-16,Single Vehicle Collision,Side Collision,Minor Damage,Police,SC,18,1,NO,2,3,YES,Volkswagen,2005,N
235,42,IN,250/500,500,1072.62,0,FEMALE,Masters,machine-op-inspct,husband,39900,-60200,2015-02-18,Multi-vehicle Collision,Side Collision,Total Loss,Other,WV,7,4,?,2,1,YES,Toyota,2006,N
172,35,IL,100/300,2000,1219.04,0,MALE,MD,handlers-cleaners,own-child,63600,-68700,2015-01-11,Multi-vehicle Collision,Rear Collision,Major Damage,Police,OH,19,3,?,2,0,NO,Nissan,1999,N
27,28,IN,100/300,2000,1371.78,0,MALE,JD,farming-fishing,other-relative,0,-32500,2015-02-04,Multi-vehicle Collision,Front Collision,Major Damage,Other,PA,10,3,?,0,2,YES,Audi,2015,Y
428,54,IN,100/300,2000,1506.21,0,MALE,Masters,transport-moving,unmarried,0,-24400,2015-01-22,Multi-vehicle Collision,Side Collision,Minor Damage,Fire,NY,16,3,NO,1,0,?,Nissan,2009,N
99,32,IN,100/300,1000,1058.21,3000000,MALE,JD,craft-repair,unmarried,0,0,2015-01-10,Single Vehicle Collision,Front Collision,Total Loss,Fire,NY,17,1,YES,1,1,NO,Dodge,1999,N
107,26,IL,500/1000,2000,932.14,0,MALE,MD,sales,own-child,40600,0,2015-01-10,Multi-vehicle Collision,Rear Collision,Total Loss,Fire,SC,2,3,NO,2,3,NO,Audi,1996,Y
272,41,OH,500/1000,2000,1608.34,0,FEMALE,Associate,farming-fishing,own-child,33300,-10600,2015-02-16,Single Vehicle Collision,Side Collision,Major Damage,Other,NY,19,1,?,1,1,?,Saab,2010,N
151,37,IN,500/1000,1000,1728.56,0,FEMALE,Masters,farming-fishing,own-child,54000,0,2015-02-08,Single Vehicle Collision,Front Collision,Minor Damage,Fire,WV,0,1,YES,1,1,?,Suburu,1999,N
249,43,IL,250/500,1000,1518.46,0,FEMALE,MD,armed-forces,own-child,0,0,2015-01-26,Single Vehicle Collision,Front Collision,Major Damage,Fire,SC,16,1,?,0,0,YES,Saab,2015,N
177,38,IL,100/300,2000,1540.19,0,FEMALE,College,adm-clerical,other-relative,0,-74500,2015-02-01,Single Vehicle Collision,Front Collision,Major Damage,Other,VA,20,1,YES,2,0,NO,Chevrolet,2001,Y
190,40,OH,500/1000,2000,965.21,0,FEMALE,JD,exec-managerial,other-relative,36900,-53700,2015-02-02,Parked Car,?,Trivial Damage,None,SC,10,1,?,2,1,YES,Nissan,2001,N
174,36,IL,100/300,2000,1278.75,0,FEMALE,College,tech-support,own-child,53200,-53800,2015-02-06,Multi-vehicle Collision,Rear Collision,Total Loss,Ambulance,NY,21,3,?,2,2,NO,Dodge,2012,N
95,28,OH,250/500,1000,773.99,0,MALE,Associate,armed-forces,other-relative,0,-70300,2015-01-01,Vehicle Theft,?,Trivial Damage,None,PA,3,1,YES,1,2,NO,Mercedes,2014,N
371,51,IN,500/1000,1000,1532.47,0,FEMALE,Associate,tech-support,other-relative,60300,-24700,2015-01-19,Single Vehicle Collision,Rear Collision,Major Damage,Fire,NY,7,1,YES,0,3,YES,Dodge,2012,Y
2,28,IL,250/500,1000,1340.56,0,FEMALE,JD,machine-op-inspct,not-in-family,0,0,2015-01-17,Single Vehicle Collision,Side Collision,Minor Damage,Fire,NY,19,1,YES,0,2,YES,Saab,2008,N
269,44,OH,100/300,500,1297.75,4000000,FEMALE,JD,other-service,own-child,0,-41400,2015-02-01,Multi-vehicle Collision,Rear Collision,Total Loss,Ambulance,SC,15,3,?,0,1,?,Chevrolet,2010,Y
101,27,IL,250/500,1000,433.33,0,MALE,Masters,machine-op-inspct,other-relative,25900,0,2015-01-02,Parked Car,?,Minor Damage,None,SC,7,1,?,0,3,NO,Mercedes,2009,N
94,30,IN,250/500,2000,1025.54,0,FEMALE,High School,armed-forces,other-relative,0,-52600,2015-02-20,Single Vehicle Collision,Rear Collision,Major Damage,Fire,NC,19,1,?,1,3,YES,Chevrolet,2001,N
117,28,OH,250/500,500,1264.77,0,FEMALE,Associate,transport-moving,unmarried,47500,-32500,2015-02-05,Multi-vehicle Collision,Rear Collision,Total Loss,Fire,SC,13,2,YES,0,1,?,Suburu,2009,Y
111,27,OH,250/500,500,1459.97,5000000,MALE,MD,sales,other-relative,0,0,2015-02-27,Multi-vehicle Collision,Side Collision,Major Damage,Police,SC,2,3,NO,1,2,NO,Ford,2011,Y
242,40,OH,100/300,500,1238.65,0,FEMALE,High School,transport-moving,husband,0,-44600,2015-01-27,Vehicle Theft,?,Trivial Damage,Police,WV,5,1,YES,1,1,NO,Saab,1998,N
440,61,OH,250/500,500,1050.76,0,MALE,PhD,transport-moving,wife,41500,-70200,2015-01-26,Single Vehicle Collision,Side Collision,Major Damage,Fire,OH,21,1,?,2,3,NO,Nissan,2004,Y
20,23,OH,500/1000,1000,1711.72,0,FEMALE,JD,tech-support,wife,0,0,2015-01-13,Multi-vehicle Collision,Rear Collision,Major Damage,Fire,SC,21,3,NO,2,2,NO,Chevrolet,2002,Y
461,57,IL,100/300,500,865.33,7000000,FEMALE,High School,farming-fishing,own-child,0,0,2015-01-14,Multi-vehicle Collision,Side Collision,Major Damage,Ambulance,NY,7,3,NO,0,1,?,Dodge,1995,N
208,36,IL,250/500,500,1153.49,0,MALE,Associate,craft-repair,other-relative,0,0,2015-02-22,Multi-vehicle Collision,Side Collision,Total Loss,Other,SC,16,3,YES,1,0,YES,Accura,2004,N
279,43,OH,500/1000,2000,1281.25,0,MALE,Associate,machine-op-inspct,other-relative,0,0,2015-01-17,Single Vehicle Collision,Side Collision,Major Damage,Police,SC,13,1,YES,0,1,NO,Mercedes,2010,Y
244,40,IL,100/300,500,1342.8,0,FEMALE,MD,sales,husband,0,0,2015-02-02,Vehicle Theft,?,Trivial Damage,Police,NY,2,1,YES,1,3,YES,Toyota,2014,N
134,30,OH,250/500,2000,1443.32,0,FEMALE,PhD,exec-managerial,unmarried,0,0,2015-01-07,Multi-vehicle Collision,Rear Collision,Major Damage,Fire,SC,19,3,?,0,2,YES,Suburu,1995,Y
122,29,OH,250/500,1000,1629.94,0,FEMALE,Masters,priv-house-serv,other-relative,0,-47100,2015-02-02,Parked Car,?,Trivial Damage,None,SC,17,1,?,0,1,NO,Dodge,2014,N
156,31,IL,100/300,2000,1134.08,0,MALE,PhD,other-service,husband,0,0,2015-02-07,Single Vehicle Collision,Front Collision,Major Damage,Police,NC,3,1,?,2,0,?,Ford,2013,Y
232,43,OH,250/500,500,1483.91,8000000,MALE,College,machine-op-inspct,husband,0,-33600,2015-01-18,Multi-vehicle Collision,Rear Collision,Major Damage,Ambulance,NY,17,3,NO,0,1,?,Volkswagen,2013,Y
244,40,IN,500/1000,2000,1304.67,7000000,MALE,Masters,armed-forces,other-relative,0,-45000,2015-01-10,Multi-vehicle Collision,Side Collision,Minor Damage,Police,SC,5,3,?,1,1,?,Dodge,2001,N
84,30,IL,500/1000,2000,1035.79,0,FEMALE,MD,protective-serv,wife,44400,-51500,2015-01-30,Single Vehicle Collision,Side Collision,Minor Damage,Police,SC,9,1,NO,1,0,YES,Volkswagen,2010,N
394,57,IL,250/500,500,1401.2,0,FEMALE,High School,craft-repair,own-child,51500,0,2015-01-25,Vehicle Theft,?,Trivial Damage,Police,NC,9,1,NO,1,0,NO,Audi,1999,N
246,45,IL,250/500,1000,1665.45,0,MALE,JD,machine-op-inspct,wife,34400,-33100,2015-01-29,Multi-vehicle Collision,Side Collision,Major Damage,Fire,PA,9,3,?,2,2,?,Toyota,2006,Y
35,29,IN,500/1000,2000,653.66,0,FEMALE,JD,handlers-cleaners,unmarried,52100,-46900,2015-02-24,Multi-vehicle Collision,Rear Collision,Minor Damage,Fire,SC,22,3,NO,0,0,?,BMW,2009,N
156,37,OH,100/300,500,1080.13,0,MALE,Associate,protective-serv,other-relative,0,-61000,2015-01-04,Multi-vehicle Collision,Rear Collision,Major Damage,Ambulance,PA,15,3,YES,0,3,NO,Nissan,2001,N
195,36,IN,100/300,2000,1346.18,0,FEMALE,Associate,machine-op-inspct,wife,57800,-53300,2015-02-25,Multi-vehicle Collision,Front Collision,Total Loss,Fire,SC,14,3,YES,2,3,YES,Chevrolet,2007,N
369,55,OH,250/500,2000,1589.54,0,MALE,College,handlers-cleaners,husband,55400,0,2015-01-27,Multi-vehicle Collision,Rear Collision,Minor Damage,Police,VA,6,3,?,2,0,YES,Toyota,2003,N
271,40,IL,100/300,1000,1251.65,0,FEMALE,Associate,other-service,wife,71200,0,2015-02-19,Parked Car,?,Minor Damage,None,NY,6,1,NO,0,0,NO,Audi,2012,N
332,47,IL,100/300,2000,1083.01,0,MALE,MD,craft-repair,other-relative,91900,0,2015-01-31,Multi-vehicle Collision,Front Collision,Major Damage,Police,WV,22,4,YES,2,0,?,Jeep,2010,Y
107,26,OH,100/300,500,974.59,0,FEMALE,JD,armed-forces,wife,62800,0,2015-01-18,Multi-vehicle Collision,Rear Collision,Minor Damage,Ambulance,NY,14,3,?,1,0,NO,Nissan,2002,N
217,39,IL,500/1000,2000,1399.85,0,FEMALE,Masters,other-service,other-relative,49900,-19800,2015-01-10,Multi-vehicle Collision,Front Collision,Minor Damage,Fire,NY,16,3,NO,0,2,?,Ford,1997,N
243,43,IN,500/1000,500,1307.74,0,FEMALE,Associate,machine-op-inspct,own-child,0,-75700,2015-01-28,Multi-vehicle Collision,Front Collision,Major Damage,Ambulance,SC,10,3,?,0,1,NO,Jeep,2008,N
296,42,IN,250/500,2000,1219.27,0,MALE,Associate,tech-support,husband,53100,-63400,2015-02-16,Multi-vehicle Collision,Side Collision,Total Loss,Ambulance,WV,9,3,YES,1,2,NO,Saab,2012,N
264,41,OH,100/300,500,1411.3,0,MALE,PhD,prof-specialty,unmarried,55600,0,2015-02-08,Single Vehicle Collision,Rear Collision,Minor Damage,Other,PA,4,1,NO,1,0,?,BMW,2004,Y
108,33,IL,100/300,2000,694.45,0,FEMALE,JD,armed-forces,not-in-family,0,0,2015-01-20,Multi-vehicle Collision,Side Collision,Major Damage,Police,WV,6,3,?,0,1,YES,Nissan,2011,Y
32,38,IL,100/300,500,1006.77,6000000,FEMALE,College,other-service,own-child,0,0,2015-02-06,Multi-vehicle Collision,Side Collision,Minor Damage,Police,SC,15,3,YES,2,1,YES,BMW,1997,N
259,39,OH,250/500,1000,1422.36,0,FEMALE,JD,craft-repair,unmarried,0,-83900,2015-01-24,Multi-vehicle Collision,Side Collision,Minor Damage,Fire,PA,12,3,NO,1,3,?,Nissan,2012,N
186,33,IN,100/300,1000,1348.32,0,FEMALE,Associate,craft-repair,wife,37600,-37600,2015-01-14,Vehicle Theft,?,Trivial Damage,Police,NY,3,1,NO,2,1,?,Chevrolet,2013,Y
201,40,OH,250/500,2000,1315.56,0,FEMALE,PhD,transport-moving,not-in-family,0,0,2015-02-18,Vehicle Theft,?,Minor Damage,Police,SC,14,1,YES,0,0,YES,Jeep,2003,N
436,58,OH,250/500,2000,1407.01,5000000,MALE,PhD,tech-support,other-relative,47400,-27600,2015-01-10,Single Vehicle Collision,Rear Collision,Major Damage,Police,WV,10,1,?,0,2,?,BMW,1997,Y
189,36,OH,250/500,2000,1388.58,0,FEMALE,MD,priv-house-serv,own-child,0,-49400,2015-02-13,Multi-vehicle Collision,Side Collision,Major Damage,Police,WV,17,3,?,1,3,YES,Ford,2009,N
105,33,IL,500/1000,500,1310.76,0,FEMALE,High School,adm-clerical,not-in-family,0,-40900,2015-02-17,Single Vehicle Collision,Front Collision,Total Loss,Other,VA,8,1,YES,0,1,?,Accura,2008,N
163,31,IN,100/300,1000,1004.63,6000000,MALE,JD,priv-house-serv,not-in-family,26900,0,2015-01-07,Multi-vehicle Collision,Rear Collision,Total Loss,Ambulance,SC,14,3,YES,2,0,NO,Suburu,1999,N
219,40,OH,100/300,500,1134.91,0,FEMALE,Associate,transport-moving,not-in-family,68700,0,2015-01-29,Vehicle Theft,?,Trivial Damage,None,SC,6,1,?,1,0,NO,Toyota,1997,N
88,25,IN,250/500,1000,1194.0,0,FEMALE,JD,handlers-cleaners,husband,0,0,2015-02-13,Single Vehicle Collision,Rear Collision,Major Damage,Ambulance,SC,6,1,YES,1,2,YES,Ford,2013,Y
40,39,IN,500/1000,1000,1248.25,4000000,FEMALE,College,sales,own-child,0,-33300,2015-02-01,Parked Car,?,Minor Damage,Police,VA,8,1,NO,0,2,?,BMW,2013,N
284,42,OH,100/300,500,1338.54,-1000000,MALE,Associate,machine-op-inspct,wife,0,0,2015-01-29,Single Vehicle Collision,Side Collision,Major Damage,Ambulance,NC,13,1,YES,0,1,?,Chevrolet,1996,N
59,40,IL,250/500,2000,782.23,0,MALE,College,protective-serv,other-relative,64200,-32300,2015-02-06,Multi-vehicle Collision,Front Collision,Total Loss,Ambulance,OH,0,3,?,0,2,NO,BMW,2010,N
39,31,IL,250/500,2000,1366.9,0,FEMALE,High School,handlers-cleaners,husband,0,-15700,2015-01-28,Multi-vehicle Collision,Rear Collision,Major Damage,Fire,NC,14,3,?,1,0,NO,BMW,2014,Y
147,34,IL,500/1000,1000,1275.81,0,MALE,High School,sales,wife,0,-48300,2015-01-21,Single Vehicle Collision,Side Collision,Minor Damage,Fire,NY,13,1,YES,2,2,?,Mercedes,1998,N
156,37,IN,250/500,500,1090.65,0,MALE,High School,exec-managerial,unmarried,0,-51800,2015-01-16,Multi-vehicle Collision,Rear Collision,Minor Damage,Police,NC,16,4,?,1,2,YES,Honda,2010,Y
123,31,IN,250/500,500,1326.0,0,FEMALE,Associate,prof-specialty,wife,0,-54600,2015-02-17,Single Vehicle Collision,Side Collision,Total Loss,Fire,SC,13,1,?,1,2,NO,Mercedes,2009,N
231,43,IL,250/500,2000,972.47,0,MALE,College,protective-serv,wife,0,-58100,2015-02-01,Multi-vehicle Collision,Front Collision,Minor Damage,Police,PA,15,3,YES,2,2,YES,Audi,2010,N
247,39,IL,100/300,500,806.31,0,FEMALE,College,handlers-cleaners,wife,0,0,2015-02-25,Parked Car,?,Trivial Damage,Police,SC,3,1,?,2,3,?,Dodge,2003,N
194,35,IL,500/1000,500,1416.24,0,FEMALE,MD,adm-clerical,not-in-family,0,0,2015-02-26,Parked Car,?,Minor Damage,None,WV,7,1,YES,1,0,?,Nissan,2003,N
119,27,IN,250/500,2000,1097.64,0,MALE,High School,transport-moving,other-relative,27100,0,2015-02-06,Multi-vehicle Collision,Rear Collision,Major Damage,Other,PA,16,2,NO,1,0,?,Accura,2006,N
259,43,IL,100/300,500,947.75,0,FEMALE,Masters,farming-fishing,not-in-family,0,-39300,2015-02-03,Vehicle Theft,?,Trivial Damage,Police,SC,15,1,NO,1,3,NO,Audi,2008,N
107,31,IL,100/300,2000,1018.73,5000000,MALE,Associate,handlers-cleaners,own-child,20000,-82700,2015-01-27,Multi-vehicle Collision,Side Collision,Total Loss,Police,NY,21,3,YES,1,2,?,Honda,2001,N
48,44,IL,100/300,2000,1400.74,0,MALE,College,sales,other-relative,34000,-55600,2015-01-21,Multi-vehicle Collision,Rear Collision,Major Damage,Police,NC,23,3,YES,0,2,?,Jeep,2013,N
267,40,IL,250/500,500,1155.53,5000000,MALE,JD,transport-moving,wife,0,-35200,2015-01-24,Parked Car,?,Trivial Damage,Police,NY,5,1,?,0,2,NO,Ford,1997,N
286,47,IN,250/500,500,1386.93,0,MALE,High School,priv-house-serv,husband,54100,-77600,2015-01-17,Multi-vehicle Collision,Rear Collision,Minor Damage,Other,NY,15,3,YES,0,0,NO,Accura,2001,N
175,34,OH,100/300,500,915.29,0,FEMALE,JD,handlers-cleaners,wife,82400,-57100,2015-02-23,Single Vehicle Collision,Front Collision,Major Damage,Other,NY,14,1,?,2,1,YES,Honda,2009,Y
111,29,IL,250/500,500,1239.55,2000000,FEMALE,PhD,farming-fishing,own-child,0,0,2015-01-09,Single Vehicle Collision,Side Collision,Major Damage,Fire,SC,1,1,?,1,1,YES,Mercedes,1996,Y
151,37,IN,250/500,500,1366.42,0,FEMALE,Associate,protective-serv,unmarried,44000,0,2015-02-15,Multi-vehicle Collision,Rear Collision,Total Loss,Fire,SC,14,3,NO,1,2,YES,Nissan,1998,Y
156,37,OH,500/1000,1000,1086.48,6000000,MALE,Associate,machine-op-inspct,unmarried,0,-53800,2015-01-16,Multi-vehicle Collision,Rear Collision,Total Loss,Other,NY,17,3,?,1,1,YES,Suburu,1999,N
165,36,IL,250/500,2000,1247.87,0,MALE,Masters,armed-forces,husband,0,-39700,2015-01-14,Multi-vehicle Collision,Side Collision,Total Loss,Fire,NY,20,3,NO,2,2,NO,BMW,2008,N
253,41,OH,100/300,2000,1312.75,0,FEMALE,PhD,sales,other-relative,81300,0,2015-01-01,Multi-vehicle Collision,Rear Collision,Major Damage,Other,SC,10,3,NO,2,2,YES,Toyota,2014,Y
10,26,IN,100/300,2000,765.64,0,MALE,MD,sales,not-in-family,0,-22200,2015-02-16,Multi-vehicle Collision,Front Collision,Major Damage,Ambulance,SC,3,3,?,0,3,?,Honda,2001,Y
158,33,OH,100/300,2000,1327.41,0,FEMALE,Associate,handlers-cleaners,other-relative,0,-38600,2015-01-04,Single Vehicle Collision,Side Collision,Total Loss,Other,SC,0,1,?,0,0,?,Suburu,2012,N
436,59,OH,500/1000,1000,1338.55,0,MALE,PhD,protective-serv,own-child,39000,0,2015-01-12,Multi-vehicle Collision,Side Collision,Total Loss,Police,WV,10,3,?,2,2,NO,Toyota,2014,N
91,30,IL,250/500,2000,1316.63,8000000,FEMALE,Masters,machine-op-inspct,unmarried,43900,0,2015-01-08,Multi-vehicle Collision,Side Collision,Minor Damage,Other,SC,13,3,YES,2,0,?,BMW,2009,N
256,42,IL,500/1000,1000,1286.44,0,FEMALE,MD,transport-moving,wife,0,-39500,2015-01-22,Single Vehicle Collision,Rear Collision,Minor Damage,Police,WV,14,1,NO,2,1,?,Nissan,1998,N
274,46,OH,500/1000,1000,1372.18,0,MALE,High School,exec-managerial,not-in-family,0,0,2015-01-13,Multi-vehicle Collision,Side Collision,Total Loss,Other,WV,22,3,NO,1,3,?,BMW,2009,N
275,45,IN,500/1000,2000,1447.77,0,FEMALE,Associate,adm-clerical,wife,39400,-63900,2015-01-18,Multi-vehicle Collision,Side Collision,Total Loss,Ambulance,VA,8,3,YES,1,1,?,Accura,1998,N
1,33,IL,250/500,500,903.32,0,FEMALE,High School,transport-moving,not-in-family,0,0,2015-01-19,Multi-vehicle Collision,Rear Collision,Minor Damage,Police,NY,1,3,?,1,0,?,Toyota,2006,N
85,30,IN,500/1000,1000,1454.42,0,MALE,Associate,protective-serv,other-relative,51600,-73900,2015-01-31,Single Vehicle Collision,Side Collision,Major Damage,Other,NY,19,1,YES,0,1,YES,Suburu,2006,Y
233,37,IL,100/300,2000,1603.42,0,FEMALE,High School,sales,wife,61600,-30200,2015-02-06,Single Vehicle Collision,Front Collision,Total Loss,Fire,NY,17,1,YES,0,2,YES,Toyota,2005,N
142,30,IN,250/500,2000,1616.58,0,MALE,JD,adm-clerical,husband,58500,-46800,2015-02-04,Multi-vehicle Collision,Rear Collision,Major Damage,Other,SC,13,3,YES,0,3,YES,Dodge,2010,N
266,44,IL,250/500,500,1611.83,0,MALE,High School,handlers-cleaners,husband,0,0,2015-01-02,Single Vehicle Collision,Front Collision,Total Loss,Police,WV,4,1,?,1,2,YES,BMW,2012,N
350,50,OH,500/1000,500,889.13,0,FEMALE,Masters,priv-house-serv,other-relative,0,0,2015-02-26,Multi-vehicle Collision,Rear Collision,Total Loss,Police,PA,14,3,NO,0,2,NO,Audi,2015,N
97,26,IL,250/500,1000,1252.08,0,MALE,College,exec-managerial,not-in-family,0,0,2015-02-08,Multi-vehicle Collision,Rear Collision,Major Damage,Other,VA,4,2,YES,2,2,NO,Honda,2000,Y
399,55,IL,500/1000,2000,995.56,0,MALE,JD,tech-support,not-in-family,0,-65400,2015-02-07,Multi-vehicle Collision,Side Collision,Total Loss,Police,NY,23,3,YES,1,1,YES,Nissan,2010,N
305,49,IL,100/300,2000,1347.92,0,FEMALE,High School,farming-fishing,own-child,0,-42100,2015-02-17,Multi-vehicle Collision,Front Collision,Total Loss,Fire,NY,21,3,YES,0,2,?,Volkswagen,2003,N
276,47,IN,100/300,1000,1724.09,0,MALE,PhD,craft-repair,own-child,0,0,2015-01-12,Multi-vehicle Collision,Rear Collision,Minor Damage,Police,NY,23,3,YES,0,0,?,Chevrolet,2014,N
257,40,IN,250/500,500,1379.93,0,MALE,MD,armed-forces,husband,0,0,2015-02-01,Multi-vehicle Collision,Side Collision,Major Damage,Other,NY,6,3,?,0,2,YES,Audi,2002,Y
78,31,IN,250/500,1000,1554.64,4000000,MALE,PhD,protective-serv,own-child,0,-27900,2015-02-03,Single Vehicle Collision,Front Collision,Major Damage,Other,WV,21,1,NO,1,0,NO,Honda,2009,Y
129,28,OH,500/1000,1000,1377.94,0,MALE,Masters,machine-op-inspct,not-in-family,0,0,2015-02-21,Single Vehicle Collision,Side Collision,Major Damage,Fire,NY,23,1,?,2,3,?,Toyota,2005,N
283,46,IL,500/1000,2000,1313.33,0,FEMALE,PhD,transport-moving,husband,53500,-73600,2015-01-09,Multi-vehicle Collision,Front Collision,Major Damage,Ambulance,NY,3,3,?,1,3,NO,Nissan,2004,Y
85,25,IN,250/500,500,1259.02,0,FEMALE,JD,tech-support,unmarried,67000,-53600,2015-02-16,Parked Car,?,Trivial Damage,None,SC,8,1,NO,2,2,?,Nissan,2005,N
101,26,IL,500/1000,1000,1371.88,0,FEMALE,MD,prof-specialty,husband,0,0,2015-02-04,Parked Car,?,Trivial Damage,None,VA,4,1,?,2,2,?,Suburu,1995,N
96,30,OH,100/300,500,1399.27,6000000,MALE,College,prof-specialty,wife,38900,-48700,2015-02-24,Single Vehicle Collision,Side Collision,Total Loss,Fire,NC,22,1,?,0,0,YES,Ford,2004,N
121,31,IL,500/1000,1000,1061.98,6000000,FEMALE,JD,armed-forces,unmarried,0,0,2015-02-01,Single Vehicle Collision,Rear Collision,Minor Damage,Police,WV,16,1,NO,0,1,YES,BMW,2002,N
176,39,OH,250/500,500,1365.46,4000000,MALE,College,armed-forces,unmarried,0,-56600,2015-02-05,Multi-vehicle Collision,Side Collision,Minor Damage,Fire,SC,14,3,NO,2,1,NO,Chevrolet,2008,N
159,37,IL,500/1000,1000,894.4,0,MALE,Associate,tech-support,wife,0,-53700,2015-01-07,Single Vehicle Collision,Rear Collision,Total Loss,Police,NY,13,1,YES,2,0,NO,Dodge,1999,N
120,30,IN,250/500,500,956.69,0,FEMALE,Associate,priv-house-serv,husband,39600,-64300,2015-02-06,Single Vehicle Collision,Front Collision,Minor Damage,Other,NY,20,1,?,1,1,YES,Saab,2000,N
212,35,IN,500/1000,2000,1123.89,0,MALE,MD,priv-house-serv,unmarried,35400,-49200,2015-01-21,Multi-vehicle Collision,Front Collision,Total Loss,Fire,NY,0,3,?,1,3,?,Suburu,1996,N
290,45,IL,100/300,500,1085.03,0,FEMALE,JD,sales,wife,0,-61000,2015-03-01,Multi-vehicle Collision,Side Collision,Total Loss,Police,VA,23,3,YES,2,2,NO,Audi,2014,Y
299,42,OH,100/300,2000,1437.33,0,FEMALE,Associate,craft-repair,wife,25000,0,2015-02-24,Single Vehicle Collision,Rear Collision,Minor Damage,Other,SC,13,1,YES,1,3,NO,BMW,2000,N
66,26,IL,250/500,1000,988.29,0,MALE,College,armed-forces,own-child,0,0,2015-02-02,Single Vehicle Collision,Rear Collision,Major Damage,Police,NY,8,1,?,2,2,YES,Suburu,2008,Y
334,47,IL,500/1000,500,1238.89,0,MALE,Masters,protective-serv,other-relative,0,0,2015-01-31,Vehicle Theft,?,Minor Damage,None,WV,3,1,?,0,3,NO,Ford,2011,N
216,38,IN,100/300,1000,1384.64,5000000,FEMALE,Associate,tech-support,unmarried,0,0,2015-01-09,Single Vehicle Collision,Rear Collision,Total Loss,Police,VA,16,1,?,2,3,NO,Jeep,2012,Y
86,28,IN,100/300,2000,1595.07,0,MALE,PhD,transport-moving,unmarried,75800,0,2015-02-23,Single Vehicle Collision,Side Collision,Minor Damage,Police,VA,19,1,YES,0,2,YES,Jeep,2002,N
429,56,OH,250/500,1000,1127.89,6000000,MALE,Associate,machine-op-inspct,own-child,67400,-43800,2015-01-28,Single Vehicle Collision,Rear Collision,Minor Damage,Ambulance,WV,0,1,YES,2,0,YES,Suburu,2002,N
257,43,IN,500/1000,2000,929.7,6000000,FEMALE,PhD,handlers-cleaners,husband,46400,-74300,2015-01-14,Single Vehicle Collision,Front Collision,Total Loss,Other,VA,12,1,?,2,2,YES,Mercedes,2005,N
15,34,IL,100/300,1000,1829.63,0,MALE,JD,tech-support,not-in-family,56700,0,2015-02-03,Multi-vehicle Collision,Side Collision,Total Loss,Other,SC,21,3,YES,1,0,?,Audi,2009,N
230,39,IL,100/300,1000,904.7,7000000,FEMALE,MD,craft-repair,unmarried,68600,-22300,2015-02-17,Single Vehicle Collision,Front Collision,Major Damage,Fire,SC,0,1,?,1,3,NO,Accura,2002,Y
250,43,OH,500/1000,1000,1243.84,0,FEMALE,JD,tech-support,own-child,47900,-73400,2015-01-30,Single Vehicle Collision,Side Collision,Minor Damage,Other,VA,22,1,YES,1,3,NO,Volkswagen,2011,N
270,44,IL,500/1000,2000,1030.95,0,FEMALE,Associate,machine-op-inspct,other-relative,47200,0,2015-02-03,Multi-vehicle Collision,Rear Collision,Major Damage,Ambulance,NC,20,3,?,1,0,NO,Audi,2007,Y
65,26,IN,100/300,500,1285.03,3000000,FEMALE,High School,craft-repair,unmarried,0,-41500,2015-02-03,Single Vehicle Collision,Rear Collision,Minor Damage,Fire,VA,0,1,NO,1,3,?,Honda,2011,N
475,57,OH,100/300,500,1216.56,0,MALE,Masters,adm-clerical,own-child,67400,-83200,2015-01-31,Single Vehicle Collision,Front Collision,Minor Damage,Police,SC,20,1,?,0,2,NO,Suburu,2000,N
77,27,IN,500/1000,2000,966.26,0,FEMALE,High School,adm-clerical,own-child,56400,-32800,2015-02-06,Multi-vehicle Collision,Front Collision,Minor Damage,Ambulance,NY,1,3,YES,0,0,?,Volkswagen,1995,N
256,43,OH,100/300,500,1203.17,0,FEMALE,MD,prof-specialty,unmarried,56700,-65600,2015-02-06,Single Vehicle Collision,Rear Collision,Total Loss,Fire,WV,11,1,NO,0,0,?,Nissan,1997,N
229,37,IL,250/500,2000,1212.12,0,FEMALE,MD,craft-repair,not-in-family,65600,0,2015-01-29,Multi-vehicle Collision,Side Collision,Major Damage,Other,WV,14,3,YES,1,1,YES,Ford,1995,N
110,28,OH,250/500,1000,1573.93,0,MALE,College,other-service,other-relative,30400,0,2015-01-07,Multi-vehicle Collision,Side Collision,Minor Damage,Police,NY,20,3,YES,0,2,?,Suburu,2010,N
177,33,IL,100/300,1000,1609.67,0,MALE,College,adm-clerical,wife,0,-13200,2015-01-20,Single Vehicle Collision,Side Collision,Major Damage,Ambulance,SC,22,1,?,1,3,?,Jeep,2004,Y
292,44,OH,500/1000,500,1097.57,0,MALE,PhD,priv-house-serv,unmarried,0,0,2015-02-28,Single Vehicle Collision,Side Collision,Total Loss,Other,SC,12,1,NO,1,0,YES,Saab,2005,N
451,61,IN,250/500,2000,1618.65,2000000,FEMALE,Associate,transport-moving,unmarried,0,-42600,2015-02-04,Multi-vehicle Collision,Rear Collision,Major Damage,Ambulance,OH,3,3,YES,2,1,YES,Chevrolet,1997,Y
61,24,IN,100/300,500,922.67,0,FEMALE,College,priv-house-serv,other-relative,47400,0,2015-01-12,Multi-vehicle Collision,Rear Collision,Major Damage,Ambulance,SC,15,3,YES,2,1,?,Toyota,2011,Y
150,30,IN,100/300,1000,1342.02,0,MALE,MD,prof-specialty,own-child,0,0,2015-02-28,Parked Car,?,Trivial Damage,None,VA,8,1,YES,0,2,NO,Saab,1999,N
283,41,OH,100/300,500,1195.01,0,FEMALE,Associate,sales,own-child,60700,-54300,2015-01-08,Multi-vehicle Collision,Side Collision,Major Damage,Other,WV,13,3,NO,0,2,?,Mercedes,2011,Y
291,46,OH,500/1000,1000,994.74,0,FEMALE,High School,adm-clerical,own-child,0,-55300,2015-01-25,Parked Car,?,Minor Damage,Police,SC,8,1,NO,2,2,YES,Volkswagen,2005,Y
162,31,IN,100/300,1000,1050.24,0,FEMALE,Masters,adm-clerical,wife,30700,0,2015-02-26,Parked Car,?,Minor Damage,None,NC,7,1,?,0,0,NO,BMW,2013,Y
154,36,IL,250/500,2000,1313.51,7000000,FEMALE,Masters,exec-managerial,own-child,68500,0,2015-02-03,Vehicle Theft,?,Trivial Damage,None,SC,9,1,?,2,0,?,Volkswagen,2015,N
289,47,OH,500/1000,2000,1102.29,0,FEMALE,Associate,adm-clerical,own-child,73000,-37900,2015-01-31,Single Vehicle Collision,Front Collision,Minor Damage,Ambulance,VA,15,1,NO,1,0,YES,Toyota,1996,N
10,19,IN,250/500,1000,1185.78,0,FEMALE,JD,craft-repair,wife,0,-60700,2015-02-01,Single Vehicle Collision,Side Collision,Minor Damage,Police,NC,5,1,?,0,2,?,Accura,2011,Y
309,47,IL,500/1000,500,1527.95,0,MALE,PhD,exec-managerial,other-relative,69400,0,2015-02-21,Multi-vehicle Collision,Rear Collision,Major Damage,Other,WV,15,4,YES,0,1,?,Dodge,2002,N
396,57,IN,100/300,1000,1366.39,0,MALE,High School,protective-serv,other-relative,0,-22400,2015-01-30,Multi-vehicle Collision,Front Collision,Major Damage,Other,NC,22,3,YES,2,1,NO,Saab,1995,N
273,41,OH,500/1000,1000,1403.9,0,FEMALE,PhD,farming-fishing,own-child,0,0,2015-01-31,Multi-vehicle Collision,Side Collision,Total Loss,Police,VA,16,2,?,1,2,YES,Honda,2015,N
129,30,IL,500/1000,2000,927.23,0,FEMALE,PhD,sales,husband,51500,0,2015-01-13,Single Vehicle Collision,Front Collision,Total Loss,Other,SC,7,1,NO,1,3,?,Suburu,2009,N
140,31,OH,250/500,2000,1554.86,6000000,FEMALE,JD,armed-forces,wife,59000,0,2015-02-16,Parked Car,?,Minor Damage,None,WV,2,1,YES,1,2,?,Honda,2002,Y
419,53,IL,500/1000,2000,736.07,6000000,MALE,College,transport-moving,unmarried,45700,0,2015-02-04,Multi-vehicle Collision,Side Collision,Minor Damage,Police,SC,17,4,?,0,0,YES,Suburu,2012,N
315,44,IL,250/500,1000,974.16,6000000,FEMALE,Masters,sales,other-relative,0,-56800,2015-02-07,Multi-vehicle Collision,Front Collision,Total Loss,Other,NY,12,3,?,1,0,YES,Volkswagen,2006,N
72,29,OH,500/1000,500,973.8,0,FEMALE,Associate,craft-repair,own-child,0,-85900,2015-01-16,Single Vehicle Collision,Rear Collision,Major Damage,Ambulance,WV,9,1,?,1,0,NO,Dodge,2013,N
32,26,OH,100/300,2000,1260.32,6000000,MALE,JD,other-service,not-in-family,0,-79800,2015-02-28,Single Vehicle Collision,Side Collision,Total Loss,Fire,VA,16,1,?,1,2,?,Toyota,2009,N
230,41,IN,100/300,1000,1464.03,0,MALE,JD,transport-moving,own-child,0,0,2015-02-08,Multi-vehicle Collision,Side Collision,Minor Damage,Ambulance,NY,19,3,?,2,0,?,Audi,2006,N
157,32,OH,100/300,2000,617.11,0,MALE,College,other-service,other-relative,0,-54100,2015-01-02,Multi-vehicle Collision,Front Collision,Major Damage,Other,VA,14,3,?,1,2,NO,Mercedes,2013,Y
265,41,IN,250/500,2000,1724.46,6000000,FEMALE,Associate,craft-repair,own-child,81800,0,2015-01-13,Multi-vehicle Collision,Side Collision,Total Loss,Police,SC,18,3,?,1,3,?,Audi,2014,N
47,34,IL,500/1000,500,1161.31,0,FEMALE,PhD,exec-managerial,other-relative,64800,-24300,2015-01-07,Single Vehicle Collision,Front Collision,Minor Damage,Police,SC,23,1,YES,1,3,?,Chevrolet,2012,N
113,29,OH,250/500,2000,1091.73,0,MALE,PhD,exec-managerial,not-in-family,36100,-42300,2015-01-05,Multi-vehicle Collision,Rear Collision,Minor Damage,Other,NY,15,3,?,0,2,YES,Nissan,2004,Y
289,46,IL,250/500,2000,1209.07,0,MALE,JD,armed-forces,unmarried,0,0,2015-02-28,Single Vehicle Collision,Rear Collision,Minor Damage,Ambulance,NC,18,1,YES,0,1,YES,BMW,1995,Y
254,41,IL,250/500,2000,1241.04,0,FEMALE,Masters,protective-serv,own-child,0,0,2015-01-04,Single Vehicle Collision,Front Collision,Minor Damage,Police,NY,16,1,NO,2,2,YES,Audi,2014,N
115,30,OH,500/1000,500,1757.21,0,MALE,High School,prof-specialty,wife,46400,0,2015-02-02,Multi-vehicle Collision,Front Collision,Minor Damage,Fire,NY,12,3,NO,1,0,YES,Ford,2007,N
236,38,OH,250/500,1000,802.24,0,FEMALE,College,other-service,not-in-family,0,-62500,2015-02-23,Single Vehicle Collision,Side Collision,Major Damage,Ambulance,WV,16,1,NO,0,1,?,Mercedes,2014,N
7,21,IN,500/1000,1000,1342.72,0,MALE,Associate,machine-op-inspct,wife,0,-45300,2015-02-10,Single Vehicle Collision,Front Collision,Total Loss,Other,NY,21,1,?,1,2,?,Honda,2003,N
208,36,OH,100/300,2000,1209.41,5000000,MALE,JD,machine-op-inspct,wife,0,0,2015-02-16,Multi-vehicle Collision,Side Collision,Total Loss,Other,NY,15,3,YES,0,1,?,Nissan,1999,N
126,33,OH,500/1000,1000,1141.71,2000000,FEMALE,JD,priv-house-serv,own-child,36700,-73400,2015-01-04,Single Vehicle Collision,Front Collision,Major Damage,Ambulance,WV,21,1,YES,1,2,?,Suburu,2009,N
48,35,IL,100/300,500,1090.03,0,FEMALE,JD,exec-managerial,unmarried,0,-51000,2015-01-30,Single Vehicle Collision,Rear Collision,Major Damage,Ambulance,WV,1,1,YES,0,2,NO,Saab,2005,N
297,48,IN,250/500,1000,1464.73,3000000,MALE,PhD,exec-managerial,other-relative,54900,-36700,2015-01-25,Multi-vehicle Collision,Side Collision,Total Loss,Fire,NY,17,3,?,0,0,NO,Toyota,2013,N
160,36,OH,100/300,1000,1118.58,0,FEMALE,High School,prof-specialty,husband,0,-36600,2015-01-22,Multi-vehicle Collision,Rear Collision,Total Loss,Fire,NY,5,3,NO,2,1,NO,Saab,2003,N
406,58,OH,250/500,2000,1117.04,0,MALE,MD,exec-managerial,own-child,0,-42700,2015-01-01,Multi-vehicle Collision,Front Collision,Total Loss,Other,WV,15,3,?,1,2,?,Volkswagen,2009,N
157,31,IN,500/1000,500,1257.83,7000000,MALE,High School,farming-fishing,own-child,40700,-41600,2015-02-14,Multi-vehicle Collision,Rear Collision,Major Damage,Other,OH,2,4,NO,2,2,NO,Accura,2011,Y
146,31,OH,250/500,2000,1082.72,0,FEMALE,PhD,machine-op-inspct,not-in-family,61400,-57500,2015-01-15,Vehicle Theft,?,Minor Damage,None,SC,3,1,YES,2,0,NO,Accura,2015,N
409,57,IN,100/300,1000,1191.8,6000000,MALE,High School,protective-serv,unmarried,55600,0,2015-01-06,Single Vehicle Collision,Side Collision,Major Damage,Other,NY,19,1,NO,1,0,?,Ford,2012,N
252,46,IN,100/300,1000,1242.02,0,MALE,Masters,adm-clerical,wife,0,-28800,2015-02-08,Single Vehicle Collision,Front Collision,Minor Damage,Fire,VA,17,1,YES,0,2,YES,Jeep,2003,N
6,27,OH,250/500,500,1075.71,0,FEMALE,High School,prof-specialty,unmarried,0,-47400,2015-02-17,Vehicle Theft,?,Trivial Damage,Police,WV,7,1,?,0,1,YES,Saab,2015,N
103,33,IN,100/300,1000,969.88,6000000,MALE,MD,armed-forces,own-child,0,0,2015-01-21,Single Vehicle Collision,Rear Collision,Minor Damage,Ambulance,NY,21,1,NO,1,0,YES,Chevrolet,2002,N
369,53,OH,250/500,2000,1459.93,0,FEMALE,Masters,priv-house-serv,not-in-family,0,0,2015-02-09,Multi-vehicle Collision,Front Collision,Total Loss,Police,WV,10,2,YES,1,3,NO,Jeep,2012,N
261,46,IL,500/1000,1000,1245.61,0,MALE,MD,transport-moving,own-child,0,0,2015-02-12,Single Vehicle Collision,Front Collision,Total Loss,Fire,NY,11,1,YES,1,0,?,Ford,2008,N
159,33,IN,100/300,2000,1462.76,0,FEMALE,College,craft-repair,husband,69200,-36900,2015-02-24,Multi-vehicle Collision,Rear Collision,Major Damage,Ambulance,NY,23,3,YES,2,0,NO,Mercedes,2004,Y
344,51,IN,100/300,2000,1398.46,0,MALE,Associate,sales,other-relative,0,0,2015-02-02,Single Vehicle Collision,Side Collision,Minor Damage,Ambulance,NC,14,1,?,0,2,NO,Audi,2004,N
437,60,OH,500/1000,1000,1269.64,0,FEMALE,College,armed-forces,unmarried,48800,0,2015-02-14,Single Vehicle Collision,Front Collision,Minor Damage,Other,SC,10,1,NO,1,3,NO,Chevrolet,2012,Y
65,30,IN,100/300,500,1455.65,4000000,FEMALE,College,transport-moving,wife,0,-66300,2015-02-15,Multi-vehicle Collision,Side Collision,Total Loss,Fire,WV,6,3,?,2,3,NO,Honda,1999,N
280,41,OH,500/1000,2000,1140.31,0,MALE,MD,adm-clerical,husband,29300,-64700,2015-02-28,Multi-vehicle Collision,Rear Collision,Minor Damage,Police,WV,10,3,?,0,3,YES,Toyota,1999,N
269,45,IN,500/1000,500,1330.46,0,FEMALE,High School,machine-op-inspct,wife,54800,-64100,2015-01-18,Multi-vehicle Collision,Side Collision,Total Loss,Police,VA,5,3,?,0,0,NO,Suburu,2008,N
275,40,OH,250/500,2000,1190.6,0,MALE,Masters,exec-managerial,unmarried,0,-45300,2015-01-06,Single Vehicle Collision,Rear Collision,Minor Damage,Fire,OH,17,1,?,1,3,YES,Chevrolet,2001,N
265,45,OH,250/500,500,972.5,0,FEMALE,College,exec-managerial,unmarried,0,0,2015-01-19,Vehicle Theft,?,Trivial Damage,None,NC,3,1,NO,2,3,NO,Ford,1995,N
283,43,IN,100/300,2000,1161.91,0,FEMALE,Associate,adm-clerical,not-in-family,0,-50400,2015-01-17,Parked Car,?,Minor Damage,None,WV,9,1,?,0,3,NO,BMW,2006,N
84,29,OH,250/500,1000,1117.17,0,FEMALE,High School,machine-op-inspct,not-in-family,0,-29900,2015-02-12,Parked Car,?,Trivial Damage,Police,SC,6,1,YES,2,0,YES,BMW,2005,N
247,44,OH,250/500,2000,1101.51,0,FEMALE,College,farming-fishing,not-in-family,64000,0,2015-02-11,Multi-vehicle Collision,Front Collision,Minor Damage,Fire,NY,22,3,NO,2,2,NO,Chevrolet,2008,N
56,29,IL,100/300,1000,1523.17,0,MALE,Masters,prof-specialty,own-child,0,0,2015-02-21,Multi-vehicle Collision,Front Collision,Major Damage,Fire,PA,10,3,?,1,2,YES,Jeep,1995,N
210,39,OH,500/1000,1000,984.45,0,MALE,Associate,armed-forces,unmarried,0,0,2015-01-02,Vehicle Theft,?,Minor Damage,None,NC,4,1,YES,1,2,?,Dodge,1997,N
108,32,OH,500/1000,2000,1257.0,4000000,FEMALE,High School,machine-op-inspct,unmarried,63900,-43700,2015-01-11,Single Vehicle Collision,Front Collision,Total Loss,Other,WV,23,1,NO,1,3,NO,Suburu,1999,N
328,49,OH,500/1000,500,1434.51,0,FEMALE,Masters,transport-moving,wife,0,0,2015-02-23,Single Vehicle Collision,Rear Collision,Total Loss,Police,NY,19,1,?,0,2,YES,Mercedes,2005,N
186,37,OH,250/500,2000,1628.0,0,FEMALE,JD,priv-house-serv,unmarried,0,0,2015-01-28,Single Vehicle Collision,Rear Collision,Total Loss,Ambulance,NY,22,1,YES,1,2,YES,Jeep,2009,N
277,44,IN,500/1000,500,1412.31,0,MALE,High School,priv-house-serv,unmarried,0,0,2015-02-01,Vehicle Theft,?,Trivial Damage,Police,NC,6,1,NO,1,3,NO,Jeep,2005,N
138,33,IL,250/500,500,1362.87,5000000,FEMALE,JD,exec-managerial,own-child,56900,-56900,2015-02-24,Single Vehicle Collision,Side Collision,Minor Damage,Other,NY,6,1,NO,2,0,?,BMW,2007,N
208,41,IN,100/300,1000,1134.68,0,FEMALE,College,tech-support,husband,0,0,2015-01-20,Single Vehicle Collision,Rear Collision,Major Damage,Ambulance,SC,18,1,NO,2,2,?,Volkswagen,1996,N
147,37,IN,250/500,1000,1306.78,0,MALE,MD,prof-specialty,other-relative,0,0,2015-01-14,Single Vehicle Collision,Front Collision,Total Loss,Ambulance,SC,22,1,?,1,0,NO,Toyota,1995,N
8,21,IN,500/1000,500,1021.9,0,MALE,High School,handlers-cleaners,husband,0,0,2015-02-05,Single Vehicle Collision,Front Collision,Major Damage,Other,WV,21,1,?,0,0,?,Toyota,2012,N
297,48,IN,100/300,1000,1538.6,0,FEMALE,MD,other-service,wife,0,-54700,2015-01-11,Single Vehicle Collision,Side Collision,Minor Damage,Fire,SC,12,1,?,0,0,?,Ford,2004,N
150,31,IN,500/1000,1000,1354.5,0,MALE,Masters,machine-op-inspct,husband,52800,0,2015-01-02,Multi-vehicle Collision,Front Collision,Major Damage,Ambulance,NY,6,3,?,0,3,YES,Suburu,2000,Y
4,34,OH,500/1000,500,1282.93,0,FEMALE,College,exec-managerial,other-relative,0,0,2015-02-12,Multi-vehicle Collision,Side Collision,Major Damage,Police,WV,0,4,?,0,0,?,Chevrolet,1996,Y
210,35,IL,500/1000,1000,1346.27,0,MALE,Masters,farming-fishing,not-in-family,44900,-91400,2015-01-03,Single Vehicle Collision,Front Collision,Total Loss,Ambulance,WV,11,1,NO,0,2,?,BMW,2013,N
91,31,IN,100/300,1000,1338.4,4000000,FEMALE,High School,priv-house-serv,own-child,63600,0,2015-02-25,Single Vehicle Collision,Side Collision,Minor Damage,Police,NC,19,1,?,1,0,NO,Nissan,2011,N
167,36,IL,100/300,1000,949.44,0,FEMALE,Masters,exec-managerial,other-relative,0,-38400,2015-01-19,Multi-vehicle Collision,Rear Collision,Major Damage,Ambulance,NC,22,3,?,0,0,NO,Mercedes,2008,Y
467,58,IN,500/1000,2000,977.4,0,MALE,Masters,transport-moving,own-child,82200,0,2015-01-03,Single Vehicle Collision,Front Collision,Total Loss,Fire,NY,2,1,YES,2,3,NO,Nissan,2014,N
264,47,IN,250/500,2000,1181.46,10000000,FEMALE,JD,transport-moving,other-relative,0,-67400,2015-02-12,Multi-vehicle Collision,Front Collision,Total Loss,Ambulance,OH,16,4,YES,1,2,YES,Dodge,2001,N
270,45,OH,500/1000,500,1187.53,0,FEMALE,PhD,priv-house-serv,not-in-family,83200,-53300,2015-02-24,Multi-vehicle Collision,Side Collision,Total Loss,Other,VA,23,3,?,0,0,YES,Saab,2005,N
310,48,OH,100/300,1000,845.16,0,FEMALE,Masters,priv-house-serv,other-relative,0,0,2015-02-25,Single Vehicle Collision,Front Collision,Major Damage,Police,NC,21,1,YES,1,0,NO,Audi,2005,Y
143,34,IL,100/300,500,1442.27,0,MALE,College,priv-house-serv,wife,67900,0,2015-02-17,Single Vehicle Collision,Front Collision,Minor Damage,Other,NY,10,1,?,2,3,YES,Dodge,1999,N
146,32,OH,100/300,2000,1276.43,0,MALE,Associate,priv-house-serv,own-child,0,0,2015-02-09,Single Vehicle Collision,Rear Collision,Major Damage,Fire,NC,12,1,?,0,3,?,Honda,1995,N
102,28,OH,250/500,500,1075.41,0,MALE,MD,machine-op-inspct,wife,55200,0,2015-02-15,Single Vehicle Collision,Side Collision,Total Loss,Police,PA,6,1,NO,1,0,NO,Dodge,1996,N
61,23,IL,100/300,500,1111.72,0,MALE,JD,exec-managerial,other-relative,54600,0,2015-02-25,Single Vehicle Collision,Side Collision,Major Damage,Fire,PA,6,1,?,1,2,?,Suburu,1997,N
255,44,OH,500/1000,2000,814.96,6000000,FEMALE,PhD,priv-house-serv,not-in-family,68500,0,2015-02-05,Parked Car,?,Trivial Damage,Police,NC,7,1,?,2,2,NO,Mercedes,2005,Y
211,40,IL,500/1000,1000,1575.86,0,FEMALE,PhD,other-service,own-child,0,0,2015-01-12,Vehicle Theft,?,Trivial Damage,Police,WV,3,1,NO,1,1,NO,Audi,2004,N
61,29,IN,250/500,1000,1115.27,0,MALE,JD,handlers-cleaners,unmarried,0,-66000,2015-01-01,Parked Car,?,Trivial Damage,None,VA,10,1,YES,2,1,YES,Nissan,2010,N
108,31,IN,500/1000,2000,1175.7,0,MALE,Masters,protective-serv,not-in-family,0,0,2015-02-19,Single Vehicle Collision,Rear Collision,Total Loss,Fire,NY,14,1,NO,0,2,NO,Dodge,2006,N
303,50,OH,100/300,500,793.15,0,MALE,MD,tech-support,own-child,54600,-45500,2015-01-14,Multi-vehicle Collision,Front Collision,Total Loss,Other,WV,17,3,NO,0,3,NO,Dodge,2008,N
152,33,IN,250/500,500,942.51,0,FEMALE,PhD,transport-moving,wife,0,0,2015-01-30,Single Vehicle Collision,Side Collision,Major Damage,Fire,SC,16,1,YES,0,0,?,Suburu,2001,Y
120,34,IN,500/1000,1000,1056.71,0,FEMALE,JD,protective-serv,not-in-family,77900,0,2015-01-20,Parked Car,?,Minor Damage,None,VA,3,1,NO,2,1,?,Jeep,2002,N
144,36,IN,500/1000,2000,1255.68,6000000,FEMALE,Associate,sales,other-relative,23600,-15600,2015-02-18,Parked Car,?,Minor Damage,None,NC,7,1,NO,0,0,?,Dodge,2014,N
414,52,IN,500/1000,500,1335.13,0,FEMALE,High School,farming-fishing,unmarried,44000,-71000,2015-01-07,Single Vehicle Collision,Rear Collision,Total Loss,Police,SC,13,1,YES,1,1,?,Chevrolet,1999,Y
163,37,IN,250/500,500,1178.95,6000000,FEMALE,JD,priv-house-serv,own-child,0,-67300,2015-01-16,Single Vehicle Collision,Rear Collision,Total Loss,Fire,NY,20,1,YES,2,3,YES,Jeep,2005,N
352,53,IL,250/500,500,1793.16,0,MALE,Associate,tech-support,wife,0,0,2015-01-15,Single Vehicle Collision,Front Collision,Minor Damage,Fire,NC,23,1,YES,2,2,NO,Chevrolet,2009,N
27,32,OH,100/300,500,1008.38,0,FEMALE,PhD,adm-clerical,other-relative,37900,0,2015-02-01,Single Vehicle Collision,Front Collision,Total Loss,Ambulance,SC,11,1,NO,1,0,?,Dodge,2013,N
239,39,IL,100/300,500,1396.83,0,FEMALE,Masters,other-service,husband,0,0,2015-01-06,Multi-vehicle Collision,Rear Collision,Major Damage,Ambulance,WV,0,4,?,0,3,NO,BMW,2007,N
33,32,OH,100/300,500,1402.78,5000000,FEMALE,PhD,other-service,husband,70300,-50300,2015-02-02,Single Vehicle Collision,Rear Collision,Minor Damage,Ambulance,NY,2,1,YES,0,1,?,Toyota,2012,N
88,30,IN,100/300,1000,1437.88,0,FEMALE,College,transport-moving,husband,42800,-51200,2015-02-25,Single Vehicle Collision,Side Collision,Total Loss,Fire,SC,3,1,NO,2,0,YES,Chevrolet,2003,N
101,33,IL,500/1000,1000,1313.64,0,FEMALE,College,priv-house-serv,unmarried,12100,0,2015-02-10,Parked Car,?,Trivial Damage,None,NY,3,1,YES,1,0,NO,Audi,1997,N
20,37,IL,250/500,500,1482.14,0,FEMALE,Associate,transport-moving,husband,33000,-43600,2015-02-22,Multi-vehicle Collision,Rear Collision,Total Loss,Other,NY,15,3,?,2,1,NO,Suburu,2003,N
126,30,IL,250/500,2000,1171.75,0,FEMALE,Associate,machine-op-inspct,not-in-family,46500,-42700,2015-01-31,Single Vehicle Collision,Side Collision,Minor Damage,Other,NY,23,1,?,2,3,NO,Chevrolet,2011,N
264,43,IL,500/1000,2000,1353.33,0,MALE,Associate,adm-clerical,not-in-family,0,-8500,2015-02-12,Multi-vehicle Collision,Front Collision,Minor Damage,Police,WV,9,3,YES,2,0,NO,Ford,2007,N
78,24,IN,100/300,500,1175.51,0,MALE,Masters,craft-repair,husband,0,0,2015-01-06,Vehicle Theft,?,Minor Damage,Police,NY,20,1,?,0,1,YES,Dodge,2003,N
123,28,IL,100/300,2000,1836.02,0,MALE,Masters,transport-moving,own-child,38000,-41200,2015-01-01,Single Vehicle Collision,Side Collision,Major Damage,Ambulance,NC,5,1,?,2,1,YES,Volkswagen,2011,Y
347,51,OH,500/1000,500,1480.79,9000000,FEMALE,MD,priv-house-serv,unmarried,0,-12100,2015-01-07,Single Vehicle Collision,Side Collision,Total Loss,Other,NC,15,1,YES,0,2,?,Jeep,1997,N
163,38,IN,500/1000,2000,1453.92,0,FEMALE,PhD,other-service,other-relative,51700,0,2015-02-21,Single Vehicle Collision,Side Collision,Minor Damage,Ambulance,NY,13,1,YES,2,3,?,Accura,1995,N
271,44,OH,250/500,500,1340.71,0,FEMALE,High School,tech-support,other-relative,0,0,2015-02-14,Single Vehicle Collision,Rear Collision,Minor Damage,Other,SC,16,1,NO,2,2,NO,Volkswagen,1997,Y
410,54,IL,100/300,2000,714.03,0,MALE,MD,protective-serv,own-child,0,-17000,2015-02-16,Single Vehicle Collision,Side Collision,Minor Damage,Ambulance,WV,0,1,YES,0,2,NO,Honda,2001,N
448,57,IL,100/300,2000,1376.16,0,FEMALE,PhD,tech-support,own-child,38600,-50300,2015-02-04,Multi-vehicle Collision,Front Collision,Major Damage,Police,SC,10,3,NO,2,1,?,Suburu,2013,Y
218,41,IL,100/300,500,914.22,0,MALE,JD,prof-specialty,wife,37900,-72900,2015-01-22,Multi-vehicle Collision,Side Collision,Total Loss,Police,NY,14,3,NO,2,0,NO,Saab,2013,N
43,38,OH,500/1000,1000,1601.47,0,MALE,PhD,handlers-cleaners,other-relative,64400,0,2015-02-15,Multi-vehicle Collision,Front Collision,Total Loss,Other,SC,1,3,YES,2,2,?,Nissan,2006,N
33,33,IL,500/1000,1000,1096.79,6000000,FEMALE,Associate,handlers-cleaners,unmarried,45500,-60600,2015-01-07,Single Vehicle Collision,Rear Collision,Major Damage,Police,VA,16,1,?,2,1,?,BMW,1998,N
126,34,IN,100/300,2000,1078.22,0,FEMALE,Masters,transport-moving,wife,54500,0,2015-02-23,Multi-vehicle Collision,Side Collision,Major Damage,Fire,SC,2,3,NO,0,1,YES,Chevrolet,2007,N
411,56,IL,250/500,1000,1595.28,0,FEMALE,College,protective-serv,other-relative,0,0,2015-01-06,Multi-vehicle Collision,Side Collision,Major Damage,Ambulance,VA,23,3,?,0,0,?,Volkswagen,2007,N
225,37,OH,100/300,1000,1217.84,5000000,FEMALE,High School,farming-fishing,not-in-family,49600,0,2015-02-07,Multi-vehicle Collision,Front Collision,Minor Damage,Fire,WV,19,3,?,2,2,NO,Volkswagen,2015,N
35,35,IL,100/300,2000,1117.42,0,FEMALE,PhD,protective-serv,not-in-family,0,-51900,2015-02-14,Multi-vehicle Collision,Side Collision,Minor Damage,Fire,NC,23,3,NO,2,2,NO,Volkswagen,1996,N
460,57,OH,100/300,2000,1567.37,0,FEMALE,JD,craft-repair,husband,62500,0,2015-02-15,Single Vehicle Collision,Front Collision,Major Damage,Other,NY,10,1,?,2,3,NO,Nissan,2014,Y
195,38,IL,500/1000,2000,1294.93,6000000,MALE,MD,tech-support,unmarried,38000,-50300,2015-02-14,Multi-vehicle Collision,Front Collision,Minor Damage,Ambulance,WV,12,3,YES,1,2,NO,Dodge,2003,N
360,51,IL,250/500,1000,1152.12,0,MALE,PhD,armed-forces,not-in-family,0,-62400,2015-02-05,Multi-vehicle Collision,Side Collision,Total Loss,Ambulance,WV,15,3,NO,2,0,YES,BMW,2000,N
300,49,IL,100/300,1000,1441.21,0,FEMALE,PhD,farming-fishing,wife,0,0,2015-01-04,Vehicle Theft,?,Trivial Damage,None,SC,3,1,NO,1,0,NO,Nissan,2001,N
245,42,IL,500/1000,1000,1575.74,7000000,MALE,JD,exec-managerial,other-relative,0,-68900,2015-02-20,Parked Car,?,Minor Damage,Police,PA,19,1,?,2,2,?,Toyota,2011,Y
146,36,OH,500/1000,2000,1233.96,0,FEMALE,Masters,other-service,other-relative,34500,-60600,2015-02-05,Multi-vehicle Collision,Side Collision,Total Loss,Police,NC,16,3,NO,1,1,NO,Nissan,2015,N
67,29,IL,250/500,1000,1861.43,0,MALE,High School,adm-clerical,husband,60400,-67800,2015-01-15,Single Vehicle Collision,Rear Collision,Major Damage,Other,SC,16,1,NO,0,3,YES,Saab,1998,Y
380,56,OH,100/300,1000,1570.86,0,MALE,MD,farming-fishing,other-relative,66000,0,2015-01-05,Single Vehicle Collision,Side Collision,Total Loss,Police,VA,10,1,?,0,1,YES,Saab,1996,Y
389,53,IL,500/1000,2000,791.47,0,MALE,Masters,armed-forces,unmarried,0,0,2015-01-01,Vehicle Theft,?,Minor Damage,Police,NC,6,1,NO,1,2,NO,Mercedes,2001,Y
317,46,IN,250/500,1000,1012.78,0,MALE,MD,sales,other-relative,43700,0,2015-01-26,Single Vehicle Collision,Front Collision,Major Damage,Fire,WV,18,1,NO,2,1,NO,Mercedes,1999,Y
264,44,IL,100/300,500,1047.06,6000000,MALE,College,exec-managerial,wife,0,0,2015-02-13,Multi-vehicle Collision,Rear Collision,Major Damage,Fire,SC,20,3,NO,0,2,NO,Ford,1999,N
20,21,OH,250/500,1000,1390.29,0,FEMALE,Masters,priv-house-serv,other-relative,0,-41200,2015-01-14,Single Vehicle Collision,Rear Collision,Minor Damage,Fire,PA,14,1,NO,0,0,?,Accura,2006,N
116,30,IN,500/1000,500,951.46,0,MALE,JD,handlers-cleaners,not-in-family,0,-35500,2015-01-31,Multi-vehicle Collision,Front Collision,Major Damage,Other,WV,8,3,NO,0,3,?,Volkswagen,2004,Y
222,40,IL,100/300,1000,1226.78,0,MALE,JD,armed-forces,unmarried,49600,-49200,2015-01-22,Multi-vehicle Collision,Rear Collision,Minor Damage,Other,NY,17,2,YES,2,0,?,BMW,2013,N
439,56,OH,100/300,500,1280.9,0,MALE,High School,armed-forces,own-child,48900,-40900,2015-01-30,Single Vehicle Collision,Rear Collision,Minor Damage,Ambulance,NC,9,1,NO,2,0,?,Jeep,2009,N
66,28,IN,100/300,2000,1472.77,0,MALE,Associate,adm-clerical,husband,0,-31700,2015-02-17,Single Vehicle Collision,Front Collision,Total Loss,Other,NY,0,1,?,2,1,?,Nissan,1995,N
128,29,OH,500/1000,1000,1878.44,0,MALE,High School,other-service,husband,0,-76000,2015-02-20,Single Vehicle Collision,Rear Collision,Total Loss,Fire,VA,2,1,NO,0,0,?,Chevrolet,2003,N
69,24,IN,500/1000,500,1418.5,0,FEMALE,High School,armed-forces,other-relative,0,0,2015-02-04,Multi-vehicle Collision,Rear Collision,Minor Damage,Police,NY,23,3,?,0,0,NO,Dodge,2012,N
294,46,IL,100/300,500,1532.8,0,MALE,College,prof-specialty,own-child,0,0,2015-02-23,Single Vehicle Collision,Side Collision,Total Loss,Other,SC,8,1,NO,0,3,YES,Mercedes,2013,N
19,29,OH,250/500,500,1304.35,0,MALE,JD,transport-moving,not-in-family,0,0,2015-02-08,Multi-vehicle Collision,Front Collision,Total Loss,Ambulance,NY,6,3,NO,0,2,?,Dodge,2005,Y
191,33,OH,500/1000,2000,1551.61,0,MALE,High School,armed-forces,unmarried,45000,-30400,2015-02-21,Vehicle Theft,?,Minor Damage,None,WV,3,1,YES,1,1,NO,Toyota,2005,N
4,39,IL,100/300,1000,1326.98,6000000,FEMALE,High School,machine-op-inspct,unmarried,64200,0,2015-01-13,Multi-vehicle Collision,Front Collision,Minor Damage,Ambulance,VA,14,3,YES,1,3,?,Jeep,2007,N
298,49,OH,250/500,500,862.92,0,MALE,MD,machine-op-inspct,wife,0,-71700,2015-01-17,Multi-vehicle Collision,Side Collision,Major Damage,Other,NY,16,3,NO,0,2,NO,Saab,2007,N
231,43,IN,100/300,2000,1331.69,0,FEMALE,Masters,adm-clerical,not-in-family,0,0,2015-02-18,Single Vehicle Collision,Rear Collision,Minor Damage,Police,NY,12,1,?,1,2,NO,Chevrolet,2015,N
338,47,OH,250/500,2000,1486.04,0,FEMALE,Associate,armed-forces,own-child,0,-56200,2015-01-14,Multi-vehicle Collision,Rear Collision,Major Damage,Other,OH,1,3,NO,2,3,?,Dodge,2014,Y
261,46,IN,100/300,1000,870.55,0,MALE,PhD,prof-specialty,unmarried,0,-49400,2015-01-27,Single Vehicle Collision,Rear Collision,Minor Damage,Other,SC,19,1,?,0,3,?,Chevrolet,2013,N
321,44,IL,500/1000,2000,1344.56,6000000,MALE,Associate,machine-op-inspct,husband,0,-39100,2015-02-12,Vehicle Theft,?,Trivial Damage,Police,NY,7,1,?,1,2,NO,Accura,1999,N
0,32,OH,500/1000,1000,1377.04,0,MALE,College,tech-support,wife,61400,-41100,2015-01-17,Multi-vehicle Collision,Rear Collision,Minor Damage,Ambulance,NY,6,4,?,1,1,NO,Accura,2002,N
405,58,IL,250/500,500,1237.88,0,MALE,MD,exec-managerial,not-in-family,0,-46900,2015-01-13,Single Vehicle Collision,Front Collision,Major Damage,Police,NY,11,1,?,0,0,?,Mercedes,1997,Y
304,49,IN,100/300,1000,1525.86,0,FEMALE,PhD,craft-repair,own-child,0,0,2015-01-21,Single Vehicle Collision,Side Collision,Minor Damage,Other,NC,2,1,YES,1,1,YES,Saab,2013,N
1,29,OH,500/1000,500,854.58,0,FEMALE,JD,craft-repair,other-relative,52200,0,2015-01-01,Single Vehicle Collision,Side Collision,Minor Damage,Police,SC,15,1,?,2,3,YES,Honda,2003,N
26,39,IN,250/500,1000,770.76,0,MALE,Masters,tech-support,husband,0,-53700,2015-02-18,Single Vehicle Collision,Side Collision,Major Damage,Police,WV,0,1,NO,0,2,?,Mercedes,2015,N
202,38,IL,100/300,2000,1132.74,0,FEMALE,Associate,armed-forces,husband,0,-37500,2015-02-04,Single Vehicle Collision,Side Collision,Major Damage,Other,WV,12,1,YES,1,1,NO,Nissan,2005,N
289,48,IL,500/1000,500,1173.37,8000000,FEMALE,PhD,handlers-cleaners,own-child,0,-42700,2015-01-09,Single Vehicle Collision,Front Collision,Total Loss,Other,SC,1,1,?,1,0,?,Accura,1999,N
61,26,OH,100/300,2000,1188.28,6000000,FEMALE,JD,farming-fishing,wife,0,-53800,2015-02-14,Multi-vehicle Collision,Rear Collision,Major Damage,Fire,VA,16,2,YES,1,0,NO,Ford,2015,Y
334,46,IL,100/300,1000,876.88,6000000,MALE,MD,sales,other-relative,0,0,2015-01-03,Single Vehicle Collision,Rear Collision,Minor Damage,Police,WV,2,1,NO,2,1,NO,Jeep,1998,N
12,24,IL,500/1000,1000,1143.95,0,FEMALE,PhD,tech-support,other-relative,51400,0,2015-02-04,Multi-vehicle Collision,Rear Collision,Minor Damage,Police,NY,13,3,NO,2,1,?,Nissan,2011,N
86,29,IL,100/300,2000,1409.06,0,MALE,High School,prof-specialty,husband,74200,-68100,2015-01-30,Single Vehicle Collision,Front Collision,Minor Damage,Police,NY,0,1,NO,2,2,YES,Accura,2005,N
83,24,IN,500/1000,1000,1070.63,0,FEMALE,High School,machine-op-inspct,unmarried,0,0,2015-02-20,Multi-vehicle Collision,Front Collision,Total Loss,Fire,NY,0,3,?,0,1,NO,Honda,2003,N
126,30,IL,500/1000,2000,916.13,0,MALE,College,sales,unmarried,55300,-58400,2015-01-07,Multi-vehicle Collision,Rear Collision,Total Loss,Police,NY,16,3,YES,2,0,NO,Mercedes,2002,N
209,38,OH,250/500,500,1191.5,0,MALE,High School,priv-house-serv,husband,38600,-52900,2015-01-31,Single Vehicle Collision,Rear Collision,Total Loss,Police,WV,8,1,NO,2,0,?,Audi,2015,N
283,48,OH,500/1000,1000,1474.66,0,FEMALE,JD,sales,husband,0,-46200,2015-02-17,Parked Car,?,Trivial Damage,Police,NY,9,1,?,2,3,NO,Volkswagen,2003,N
194,34,IL,250/500,1000,1193.45,0,MALE,JD,other-service,not-in-family,0,0,2015-01-24,Single Vehicle Collision,Rear Collision,Total Loss,Ambulance,WV,11,1,?,2,1,YES,Nissan,1997,N
184,38,IL,250/500,1000,1437.53,0,FEMALE,College,transport-moving,not-in-family,0,0,2015-02-02,Multi-vehicle Collision,Side Collision,Minor Damage,Ambulance,PA,6,3,?,0,2,NO,Dodge,2013,Y
479,60,IL,100/300,2000,1304.83,0,FEMALE,College,other-service,husband,0,0,2015-01-09,Single Vehicle Collision,Rear Collision,Total Loss,Ambulance,NY,18,1,NO,0,0,NO,Honda,2001,N
284,48,OH,250/500,1000,1168.8,0,FEMALE,JD,tech-support,other-relative,0,-42400,2015-02-28,Single Vehicle Collision,Side Collision,Total Loss,Other,NY,11,1,?,0,3,YES,Mercedes,2001,N
65,27,IN,100/300,1000,1164.97,0,FEMALE,College,adm-clerical,wife,43000,-42500,2015-01-17,Single Vehicle Collision,Front Collision,Total Loss,Ambulance,WV,17,1,?,1,2,YES,Chevrolet,2004,N
222,39,IL,250/500,1000,1232.72,0,MALE,High School,armed-forces,own-child,87800,-51200,2015-02-09,Multi-vehicle Collision,Front Collision,Major Damage,Fire,SC,21,3,?,1,0,NO,Jeep,1999,Y
196,41,IL,250/500,2000,1800.76,0,MALE,JD,protective-serv,other-relative,0,-78600,2015-01-14,Multi-vehicle Collision,Rear Collision,Minor Damage,Ambulance,SC,0,3,NO,1,0,NO,Jeep,2009,N
253,43,IL,500/1000,500,1187.01,7000000,FEMALE,Associate,tech-support,unmarried,46300,-33000,2015-02-02,Vehicle Theft,?,Trivial Damage,Police,NY,9,1,NO,0,1,?,Chevrolet,2014,N
280,43,IN,100/300,1000,1559.34,0,MALE,JD,transport-moving,own-child,0,-51600,2015-02-17,Single Vehicle Collision,Front Collision,Total Loss,Fire,NY,1,1,NO,0,2,?,Accura,2004,N
5,26,IL,250/500,2000,1137.02,0,FEMALE,PhD,farming-fishing,not-in-family,31500,0,2015-01-25,Single Vehicle Collision,Rear Collision,Total Loss,Ambulance,WV,22,1,YES,1,3,?,Audi,2003,N
220,42,IN,100/300,1000,1281.72,0,MALE,College,farming-fishing,other-relative,33500,-49500,2015-02-13,Multi-vehicle Collision,Rear Collision,Minor Damage,Fire,SC,20,4,NO,0,2,YES,Honda,2005,N
85,30,OH,100/300,1000,796.35,0,FEMALE,MD,craft-repair,own-child,72400,-77000,2015-02-20,Multi-vehicle Collision,Rear Collision,Total Loss,Fire,SC,9,3,YES,2,1,YES,Ford,2004,N
266,46,OH,250/500,500,1270.02,0,FEMALE,Associate,tech-support,own-child,0,-45800,2015-01-08,Parked Car,?,Minor Damage,Police,NC,5,1,NO,1,2,?,Toyota,2004,N
41,26,IL,100/300,1000,1383.13,0,FEMALE,JD,prof-specialty,own-child,46700,0,2015-02-28,Vehicle Theft,?,Trivial Damage,Police,SC,12,1,YES,1,1,?,Jeep,1997,N
316,45,IL,100/300,2000,1290.74,5000000,FEMALE,High School,prof-specialty,husband,58300,0,2015-02-12,Multi-vehicle Collision,Side Collision,Major Damage,Ambulance,VA,6,3,NO,2,0,YES,Suburu,2013,N
285,47,IN,100/300,1000,1216.68,0,FEMALE,Masters,sales,other-relative,55100,0,2015-01-06,Vehicle Theft,?,Trivial Damage,Police,SC,8,1,NO,1,1,NO,Ford,2013,N
379,54,IL,100/300,500,1251.16,0,FEMALE,Associate,machine-op-inspct,not-in-family,41400,0,2015-02-15,Single Vehicle Collision,Front Collision,Total Loss,Ambulance,WV,14,1,?,0,1,NO,Jeep,2010,N
15,34,IN,250/500,2000,1586.41,0,FEMALE,High School,sales,other-relative,33500,-58900,2015-01-20,Single Vehicle Collision,Front Collision,Major Damage,Police,WV,10,1,YES,1,3,?,BMW,2010,Y
354,48,IL,500/1000,2000,1526.11,5000000,FEMALE,Masters,sales,unmarried,0,0,2015-01-03,Single Vehicle Collision,Front Collision,Minor Damage,Police,SC,12,1,?,2,3,YES,Chevrolet,1995,N
342,53,IN,100/300,1000,1028.44,0,FEMALE,College,prof-specialty,not-in-family,0,0,2015-01-26,Single Vehicle Collision,Front Collision,Major Damage,Ambulance,SC,12,1,?,0,0,NO,Accura,2000,N
169,38,IL,100/300,1000,1555.94,0,MALE,PhD,craft-repair,own-child,23300,0,2015-01-25,Multi-vehicle Collision,Front Collision,Total Loss,Other,VA,12,3,NO,1,3,YES,Mercedes,2012,N
339,49,IN,500/1000,2000,1570.77,0,MALE,JD,adm-clerical,not-in-family,98800,-65300,2015-01-18,Vehicle Theft,?,Minor Damage,None,SC,13,1,NO,0,3,NO,Mercedes,2009,N
259,42,OH,100/300,2000,1170.53,0,FEMALE,PhD,armed-forces,wife,65000,-49200,2015-01-12,Multi-vehicle Collision,Rear Collision,Total Loss,Fire,WV,17,3,NO,1,2,YES,Nissan,2006,N
65,23,OH,250/500,1000,1099.95,0,FEMALE,College,sales,wife,0,-71900,2015-01-15,Single Vehicle Collision,Side Collision,Major Damage,Other,NY,14,1,NO,1,0,YES,Accura,2005,Y
254,46,IL,250/500,2000,1472.43,0,MALE,MD,tech-support,husband,0,-90600,2015-01-10,Multi-vehicle Collision,Front Collision,Major Damage,Ambulance,WV,3,3,?,1,3,YES,Volkswagen,2004,N
440,55,IL,250/500,500,1275.62,0,FEMALE,Associate,priv-house-serv,other-relative,0,-56200,2015-01-23,Multi-vehicle Collision,Side Collision,Minor Damage,Police,NY,18,3,YES,2,1,NO,Nissan,1995,N
478,63,IL,250/500,1000,1292.3,0,MALE,High School,adm-clerical,own-child,47600,0,2015-02-21,Parked Car,?,Minor Damage,None,VA,5,1,YES,1,3,NO,Dodge,2007,Y
230,44,IN,250/500,2000,1009.37,0,FEMALE,College,prof-specialty,other-relative,45400,-39400,2015-02-17,Single Vehicle Collision,Front Collision,Total Loss,Fire,SC,19,1,NO,0,2,YES,BMW,2015,N
138,30,OH,500/1000,500,1093.07,4000000,FEMALE,PhD,other-service,wife,27700,-72400,2015-01-06,Single Vehicle Collision,Front Collision,Major Damage,Other,VA,0,1,?,2,2,NO,Volkswagen,2011,N
239,41,OH,250/500,1000,1325.44,7000000,FEMALE,JD,farming-fishing,other-relative,51400,-6300,2015-02-18,Parked Car,?,Trivial Damage,Police,NC,22,1,?,0,2,YES,Mercedes,2013,N
93,31,IL,100/300,2000,1017.18,0,FEMALE,MD,prof-specialty,husband,0,0,2015-02-17,Multi-vehicle Collision,Rear Collision,Major Damage,Police,NC,21,3,YES,1,3,NO,Saab,2014,N
37,25,OH,100/300,1000,1221.17,0,FEMALE,Masters,protective-serv,not-in-family,49300,0,2015-01-24,Multi-vehicle Collision,Rear Collision,Minor Damage,Ambulance,SC,4,3,YES,0,0,YES,Suburu,1996,N
254,40,IN,100/300,500,1927.87,0,MALE,MD,prof-specialty,husband,0,0,2015-01-21,Single Vehicle Collision,Front Collision,Minor Damage,Fire,VA,10,1,YES,0,1,?,Honda,1996,Y
131,29,IN,250/500,1000,978.27,0,FEMALE,Associate,sales,own-child,65700,0,2015-02-03,Single Vehicle Collision,Front Collision,Major Damage,Fire,SC,5,1,?,1,3,NO,Suburu,2003,N
230,43,IN,100/300,2000,1221.14,0,MALE,MD,prof-specialty,wife,48100,0,2015-01-07,Single Vehicle Collision,Side Collision,Total Loss,Ambulance,VA,13,1,?,0,2,?,Audi,2002,N
313,50,OH,100/300,2000,1255.62,0,MALE,MD,armed-forces,unmarried,0,0,2015-02-02,Multi-vehicle Collision,Side Collision,Major Damage,Other,OH,18,3,YES,2,1,YES,Ford,1995,Y
210,38,IN,250/500,500,999.52,0,MALE,JD,tech-support,other-relative,0,0,2015-01-13,Vehicle Theft,?,Minor Damage,Police,VA,6,1,?,1,2,NO,Accura,2008,N
101,29,OH,250/500,500,1380.89,0,MALE,PhD,armed-forces,own-child,30000,-53000,2015-02-28,Multi-vehicle Collision,Rear Collision,Minor Damage,Ambulance,SC,0,3,?,2,1,?,BMW,1996,N
153,37,IN,500/1000,500,1010.77,0,MALE,High School,transport-moving,unmarried,52300,-55600,2015-01-16,Multi-vehicle Collision,Side Collision,Total Loss,Ambulance,NC,5,3,?,0,3,NO,Volkswagen,1999,N
337,53,OH,100/300,500,1205.86,0,MALE,Associate,armed-forces,wife,0,-34600,2015-02-01,Single Vehicle Collision,Rear Collision,Minor Damage,Fire,SC,8,1,YES,0,1,NO,Accura,2001,N
360,51,IL,500/1000,1000,1526.61,0,MALE,Masters,handlers-cleaners,not-in-family,0,-32900,2015-01-30,Vehicle Theft,?,Minor Damage,Police,SC,5,1,YES,2,2,?,Dodge,2009,Y
428,53,IL,100/300,1000,1496.44,0,FEMALE,High School,tech-support,unmarried,0,0,2015-02-16,Parked Car,?,Trivial Damage,Police,NC,9,1,YES,2,2,NO,Honda,2013,N
204,40,IL,100/300,500,1256.2,0,FEMALE,JD,sales,not-in-family,0,0,2015-01-07,Multi-vehicle Collision,Side Collision,Minor Damage,Other,SC,10,3,YES,1,2,YES,Saab,2013,N
364,51,IL,100/300,500,1268.35,0,MALE,Masters,transport-moving,wife,0,0,2015-01-10,Single Vehicle Collision,Rear Collision,Major Damage,Other,NY,16,1,YES,2,1,NO,Volkswagen,2014,Y
185,35,IN,500/1000,2000,1421.59,0,MALE,College,other-service,own-child,0,0,2015-01-31,Vehicle Theft,?,Trivial Damage,Police,WV,8,1,?,2,3,YES,Ford,2011,N
63,26,IL,500/1000,500,1500.04,6000000,MALE,PhD,craft-repair,own-child,0,-36500,2015-02-13,Vehicle Theft,?,Minor Damage,Police,NC,5,1,NO,0,2,YES,Accura,2004,N
210,35,IL,100/300,500,1433.24,0,FEMALE,College,exec-managerial,not-in-family,0,-19500,2015-02-22,Multi-vehicle Collision,Side Collision,Total Loss,Fire,WV,11,3,NO,2,1,?,Saab,2006,Y
194,38,IN,100/300,2000,1231.25,0,FEMALE,PhD,craft-repair,not-in-family,46500,0,2015-01-08,Multi-vehicle Collision,Rear Collision,Minor Damage,Ambulance,WV,15,3,?,1,0,?,Toyota,2011,N
294,49,IN,500/1000,500,1135.43,0,MALE,Masters,farming-fishing,own-child,22700,0,2015-02-04,Multi-vehicle Collision,Side Collision,Total Loss,Police,WV,23,3,YES,1,1,YES,Chevrolet,2010,N
272,41,OH,250/500,2000,945.73,5000000,MALE,MD,protective-serv,wife,38600,-42800,2015-02-04,Single Vehicle Collision,Front Collision,Minor Damage,Fire,NY,23,1,NO,0,0,NO,Ford,2009,Y
27,27,IN,100/300,2000,1118.76,0,FEMALE,College,adm-clerical,own-child,0,-55800,2015-02-26,Single Vehicle Collision,Front Collision,Total Loss,Fire,NY,23,1,?,1,3,?,Ford,2008,N
251,39,IN,500/1000,2000,1231.98,0,FEMALE,Associate,other-service,not-in-family,0,-31700,2015-01-08,Single Vehicle Collision,Rear Collision,Minor Damage,Police,NY,10,1,YES,0,0,?,Dodge,1997,N
180,33,IN,500/1000,2000,1005.47,0,FEMALE,JD,protective-serv,own-child,58100,-49000,2015-02-15,Multi-vehicle Collision,Rear Collision,Minor Damage,Ambulance,VA,12,4,?,2,3,YES,Jeep,2002,N
392,50,OH,100/300,2000,1108.97,0,FEMALE,PhD,exec-managerial,not-in-family,68400,-66800,2015-01-14,Single Vehicle Collision,Side Collision,Minor Damage,Other,WV,4,1,NO,2,2,YES,Saab,2002,N
143,30,IN,100/300,500,1392.39,5000000,FEMALE,High School,exec-managerial,unmarried,0,-65700,2015-01-12,Single Vehicle Collision,Rear Collision,Minor Damage,Fire,SC,16,1,NO,2,0,YES,Toyota,2010,N
371,54,IN,100/300,2000,1317.97,0,MALE,High School,craft-repair,wife,34700,-81000,2015-01-18,Multi-vehicle Collision,Front Collision,Major Damage,Ambulance,SC,18,3,?,1,2,?,Ford,2010,Y
292,42,IN,250/500,1000,1588.22,0,MALE,JD,machine-op-inspct,other-relative,0,-53800,2015-01-15,Multi-vehicle Collision,Rear Collision,Total Loss,Other,WV,15,3,YES,1,1,NO,Chevrolet,2007,N
165,35,IL,250/500,500,900.02,6000000,MALE,College,craft-repair,own-child,0,-49900,2015-02-24,Single Vehicle Collision,Front Collision,Total Loss,Other,SC,8,1,NO,1,3,YES,BMW,2008,N
158,33,OH,100/300,1000,1744.64,3000000,MALE,JD,prof-specialty,unmarried,0,0,2015-02-07,Multi-vehicle Collision,Rear Collision,Total Loss,Ambulance,WV,4,3,NO,0,1,NO,Volkswagen,1998,N
241,39,OH,250/500,1000,1260.56,0,FEMALE,JD,adm-clerical,own-child,0,-54900,2015-02-22,Multi-vehicle Collision,Side Collision,Minor Damage,Police,SC,20,3,NO,0,2,YES,Jeep,2010,N
103,33,OH,500/1000,2000,1021.14,0,FEMALE,Masters,other-service,wife,69500,-47700,2015-01-19,Multi-vehicle Collision,Side Collision,Major Damage,Ambulance,NY,1,3,NO,2,3,?,Dodge,2014,N
402,54,OH,250/500,2000,1285.09,0,MALE,JD,farming-fishing,not-in-family,48000,-79600,2015-02-28,Single Vehicle Collision,Rear Collision,Major Damage,Other,NY,19,1,NO,0,2,YES,Mercedes,2013,Y
102,32,OH,100/300,500,1537.07,3000000,MALE,JD,tech-support,wife,0,0,2015-02-04,Single Vehicle Collision,Side Collision,Total Loss,Other,OH,11,1,NO,1,0,NO,Chevrolet,2004,Y
182,40,IN,100/300,1000,1022.42,0,MALE,PhD,other-service,husband,50000,-56900,2015-02-17,Single Vehicle Collision,Front Collision,Total Loss,Other,SC,13,1,YES,0,2,?,Audi,2008,N
282,46,OH,100/300,2000,1558.86,0,MALE,MD,other-service,wife,51100,-75100,2015-02-17,Single Vehicle Collision,Front Collision,Minor Damage,Police,NY,2,1,?,2,2,NO,BMW,2012,N
222,39,OH,500/1000,500,1757.87,0,MALE,High School,transport-moving,not-in-family,71400,0,2015-01-17,Multi-vehicle Collision,Rear Collision,Major Damage,Other,SC,9,3,YES,2,1,?,Saab,1996,Y
415,52,IN,250/500,1000,973.5,0,MALE,PhD,machine-op-inspct,not-in-family,50400,0,2015-02-02,Multi-vehicle Collision,Rear Collision,Total Loss,Police,WV,15,2,YES,1,3,YES,Toyota,2003,N
51,34,OH,500/1000,500,1430.8,0,MALE,PhD,machine-op-inspct,unmarried,0,0,2015-02-12,Single Vehicle Collision,Side Collision,Major Damage,Fire,NY,23,1,?,2,3,NO,Honda,2007,Y
255,45,IL,500/1000,500,1192.27,0,MALE,High School,sales,own-child,0,-40200,2015-01-04,Single Vehicle Collision,Front Collision,Total Loss,Other,NC,16,1,NO,2,0,YES,Ford,2006,N
143,31,IL,250/500,500,1163.83,0,MALE,Associate,protective-serv,husband,37700,0,2015-02-21,Multi-vehicle Collision,Side Collision,Major Damage,Other,NC,21,4,YES,2,0,?,Audi,1999,N
130,28,OH,500/1000,1000,1003.15,0,FEMALE,JD,farming-fishing,other-relative,0,-38500,2015-01-23,Multi-vehicle Collision,Front Collision,Minor Damage,Ambulance,SC,21,2,YES,2,1,NO,Ford,2010,N
242,41,OH,250/500,2000,1153.54,6000000,MALE,Masters,protective-serv,unmarried,0,-57000,2015-02-12,Multi-vehicle Collision,Rear Collision,Minor Damage,Fire,NY,3,3,NO,0,1,?,Toyota,2009,N
96,27,IL,100/300,1000,1631.1,0,FEMALE,High School,priv-house-serv,wife,0,0,2015-01-23,Parked Car,?,Trivial Damage,Police,WV,4,1,?,1,2,NO,Nissan,2007,N
180,35,IL,500/1000,1000,1252.48,0,MALE,MD,machine-op-inspct,wife,0,-55800,2015-02-10,Vehicle Theft,?,Minor Damage,None,OH,17,1,?,1,3,NO,Chevrolet,2000,N
150,30,IN,100/300,1000,1677.26,0,MALE,College,sales,own-child,40100,0,2015-01-10,Vehicle Theft,?,Trivial Damage,Police,WV,7,1,YES,1,3,YES,Volkswagen,2013,N
463,59,IL,250/500,1000,979.73,0,FEMALE,JD,exec-managerial,not-in-family,51700,0,2015-02-12,Multi-vehicle Collision,Front Collision,Major Damage,Other,SC,14,2,?,1,2,NO,Chevrolet,1999,Y
472,64,IN,250/500,500,989.24,0,MALE,Masters,other-service,not-in-family,0,0,2015-02-21,Single Vehicle Collision,Front Collision,Major Damage,Fire,NY,13,1,NO,2,3,NO,Mercedes,2002,N
75,25,IL,500/1000,1000,1389.86,0,FEMALE,Associate,priv-house-serv,husband,0,0,2015-01-18,Multi-vehicle Collision,Side Collision,Total Loss,Other,WV,23,2,?,2,3,YES,Saab,2011,N
193,40,OH,100/300,500,1233.85,0,FEMALE,College,handlers-cleaners,husband,0,0,2015-02-28,Multi-vehicle Collision,Side Collision,Total Loss,Ambulance,PA,23,3,?,2,1,YES,Ford,1999,N
43,43,IL,500/1000,500,1320.39,0,FEMALE,Associate,armed-forces,not-in-family,0,0,2015-01-19,Single Vehicle Collision,Rear Collision,Major Damage,Ambulance,WV,16,1,?,2,1,?,Honda,1996,Y
253,41,IN,100/300,1000,1435.09,0,FEMALE,College,machine-op-inspct,not-in-family,36600,0,2015-01-11,Single Vehicle Collision,Rear Collision,Total Loss,Police,SC,17,1,NO,2,0,?,Chevrolet,1995,N
152,30,IN,500/1000,500,1448.54,0,FEMALE,JD,craft-repair,wife,58600,0,2015-02-11,Single Vehicle Collision,Side Collision,Major Damage,Fire,VA,9,1,YES,1,1,?,Toyota,2000,Y
160,38,OH,250/500,500,1733.56,0,MALE,High School,sales,wife,0,-43800,2015-01-09,Multi-vehicle Collision,Side Collision,Major Damage,Fire,SC,13,3,NO,2,1,YES,Mercedes,1996,N
56,36,IN,100/300,500,1533.07,0,MALE,JD,farming-fishing,own-child,0,-28800,2015-01-20,Single Vehicle Collision,Rear Collision,Major Damage,Police,NC,13,1,YES,1,2,YES,Ford,2001,N
286,41,IL,100/300,500,1106.77,0,FEMALE,College,prof-specialty,other-relative,45500,-62500,2015-02-26,Parked Car,?,Trivial Damage,Police,WV,3,1,?,2,0,NO,Dodge,2003,N
3,29,IL,100/300,500,995.7,5000000,FEMALE,JD,priv-house-serv,unmarried,0,0,2015-02-02,Parked Car,?,Trivial Damage,Police,PA,3,1,?,2,1,?,Mercedes,2008,Y
286,41,IL,250/500,1000,1298.85,6000000,FEMALE,High School,sales,other-relative,71300,-70300,2015-01-04,Multi-vehicle Collision,Front Collision,Major Damage,Ambulance,NY,16,3,?,1,3,YES,Saab,2007,N
239,38,OH,250/500,1000,1276.73,5000000,FEMALE,Masters,handlers-cleaners,other-relative,0,0,2015-02-19,Multi-vehicle Collision,Front Collision,Major Damage,Police,WV,12,3,NO,1,3,?,Saab,2003,N
64,29,OH,250/500,2000,1202.28,0,MALE,High School,exec-managerial,other-relative,0,-61400,2015-01-12,Single Vehicle Collision,Side Collision,Minor Damage,Ambulance,VA,4,1,?,1,2,NO,Nissan,2007,Y
98,31,IN,100/300,500,671.92,0,MALE,Masters,machine-op-inspct,wife,0,-26400,2015-01-24,Single Vehicle Collision,Front Collision,Minor Damage,Other,NC,3,1,?,2,0,?,Ford,1997,N
16,35,IL,250/500,1000,1358.03,0,MALE,JD,sales,own-child,59300,-31400,2015-02-17,Single Vehicle Collision,Rear Collision,Total Loss,Other,SC,0,1,NO,2,1,?,Volkswagen,2008,Y
70,27,IN,250/500,1000,1008.79,4000000,FEMALE,Masters,adm-clerical,own-child,46000,0,2015-01-13,Vehicle Theft,?,Trivial Damage,Police,WV,19,1,NO,2,3,?,Toyota,2000,N
75,27,OH,100/300,1000,1141.1,0,MALE,JD,armed-forces,other-relative,0,0,2015-02-28,Multi-vehicle Collision,Side Collision,Minor Damage,Police,SC,15,2,?,0,1,YES,Toyota,2008,N
246,44,OH,100/300,1000,1397.0,0,MALE,High School,machine-op-inspct,not-in-family,0,0,2015-01-03,Single Vehicle Collision,Rear Collision,Minor Damage,Other,NY,6,1,NO,1,0,NO,Accura,1997,N
110,27,OH,500/1000,1000,1664.66,0,FEMALE,Associate,priv-house-serv,own-child,0,-66200,2015-02-05,Single Vehicle Collision,Side Collision,Total Loss,Ambulance,SC,3,1,?,0,3,?,Audi,2010,N
236,39,IN,250/500,1000,1151.39,4000000,FEMALE,Masters,exec-managerial,wife,0,-63900,2015-01-01,Parked Car,?,Minor Damage,Police,NY,17,1,YES,0,0,?,Accura,2003,N
267,46,OH,100/300,2000,1546.01,0,FEMALE,MD,adm-clerical,wife,0,0,2015-01-06,Multi-vehicle Collision,Front Collision,Total Loss,Police,VA,4,4,NO,2,1,?,Volkswagen,1996,N
463,57,IL,250/500,500,1063.67,0,MALE,Masters,priv-house-serv,wife,0,0,2015-02-03,Single Vehicle Collision,Front Collision,Minor Damage,Police,NY,14,1,NO,2,0,YES,Dodge,1995,N
303,46,IN,100/300,1000,709.14,0,MALE,Masters,machine-op-inspct,husband,0,0,2015-02-12,Multi-vehicle Collision,Rear Collision,Minor Damage,Fire,NY,3,3,NO,1,0,NO,Toyota,2006,N
137,30,IL,250/500,500,1039.55,0,MALE,MD,exec-managerial,unmarried,55600,-59700,2015-02-16,Multi-vehicle Collision,Front Collision,Minor Damage,Other,WV,4,3,?,2,1,?,Chevrolet,2005,N
56,42,IL,250/500,500,1339.39,0,FEMALE,Associate,adm-clerical,not-in-family,0,0,2015-02-25,Single Vehicle Collision,Rear Collision,Total Loss,Other,NY,13,1,?,1,2,YES,BMW,1998,N
75,27,IN,250/500,1000,1202.75,0,MALE,High School,handlers-cleaners,not-in-family,57900,-90100,2015-01-21,Multi-vehicle Collision,Front Collision,Minor Damage,Police,SC,23,3,NO,0,2,YES,Volkswagen,2003,N
131,33,IL,100/300,2000,1081.17,0,MALE,MD,sales,wife,0,-65200,2015-01-28,Parked Car,?,Minor Damage,Police,NY,3,1,?,0,1,NO,Toyota,2010,N
153,34,IL,250/500,500,991.39,0,MALE,High School,tech-support,other-relative,45600,-61400,2015-02-27,Multi-vehicle Collision,Side Collision,Total Loss,Other,WV,0,3,?,1,0,NO,Nissan,2000,N
255,43,IN,500/1000,500,984.02,0,FEMALE,JD,transport-moving,unmarried,75800,0,2015-02-10,Multi-vehicle Collision,Side Collision,Major Damage,Fire,SC,14,2,?,2,2,?,Nissan,2007,Y
103,26,IL,100/300,500,1354.83,0,MALE,MD,tech-support,husband,66300,0,2015-01-18,Multi-vehicle Collision,Front Collision,Minor Damage,Police,NY,14,2,NO,2,2,?,Volkswagen,2010,N
97,28,OH,100/300,1000,830.31,0,MALE,JD,farming-fishing,husband,0,-32600,2015-01-13,Single Vehicle Collision,Rear Collision,Total Loss,Ambulance,SC,22,1,?,1,0,?,Jeep,2006,N
214,36,IL,100/300,2000,987.42,7000000,FEMALE,Associate,machine-op-inspct,own-child,0,0,2015-01-31,Multi-vehicle Collision,Front Collision,Minor Damage,Ambulance,NY,17,3,NO,0,3,?,Saab,2006,N
438,57,OH,500/1000,500,1119.29,0,FEMALE,MD,machine-op-inspct,husband,0,0,2015-01-15,Single Vehicle Collision,Side Collision,Minor Damage,Police,SC,14,1,?,0,0,NO,Volkswagen,2000,Y
87,27,OH,100/300,500,1048.39,0,FEMALE,Masters,transport-moving,own-child,0,0,2015-02-13,Single Vehicle Collision,Side Collision,Minor Damage,Police,NY,2,1,?,2,1,YES,Ford,1996,N
27,28,OH,500/1000,1000,1074.47,0,MALE,MD,protective-serv,wife,0,0,2015-02-13,Parked Car,?,Trivial Damage,Police,WV,4,1,?,2,0,?,Jeep,2012,N
206,42,IL,500/1000,1000,1230.76,0,MALE,High School,machine-op-inspct,unmarried,0,-74200,2015-01-03,Single Vehicle Collision,Rear Collision,Major Damage,Fire,VA,2,1,?,1,1,NO,Saab,1997,Y
127,31,OH,500/1000,500,1255.02,0,MALE,Associate,sales,not-in-family,58200,0,2015-01-13,Parked Car,?,Minor Damage,None,SC,10,1,YES,1,0,NO,Nissan,1996,N
422,60,IN,100/300,1000,1555.52,0,FEMALE,MD,machine-op-inspct,own-child,43600,-67800,2015-02-14,Single Vehicle Collision,Front Collision,Major Damage,Ambulance,NC,11,1,YES,1,1,NO,Mercedes,1999,N
303,50,IL,100/300,2000,836.11,5000000,MALE,Masters,sales,not-in-family,0,0,2015-01-20,Multi-vehicle Collision,Side Collision,Major Damage,Fire,SC,1,4,YES,1,2,NO,Dodge,2010,N
228,40,IN,100/300,500,1450.98,0,MALE,Associate,exec-managerial,husband,43700,0,2015-01-18,Parked Car,?,Trivial Damage,Police,WV,20,1,?,0,2,NO,Toyota,2010,N
239,39,IN,250/500,2000,625.08,0,FEMALE,JD,protective-serv,wife,44200,-37000,2015-01-03,Single Vehicle Collision,Front Collision,Major Damage,Fire,SC,10,1,NO,2,3,YES,BMW,2014,Y
330,47,IL,100/300,2000,1133.27,0,FEMALE,High School,craft-repair,wife,0,-56400,2015-03-01,Multi-vehicle Collision,Side Collision,Total Loss,Other,NY,20,2,?,0,2,YES,Ford,1999,Y
128,35,IN,500/1000,500,1366.6,0,FEMALE,MD,machine-op-inspct,other-relative,0,0,2015-01-01,Multi-vehicle Collision,Front Collision,Minor Damage,Fire,NY,10,3,?,2,1,NO,Chevrolet,2008,N
147,37,OH,500/1000,1000,1439.9,6000000,FEMALE,Associate,prof-specialty,husband,0,-48400,2015-01-29,Multi-vehicle Collision,Rear Collision,Total Loss,Other,SC,2,2,NO,1,2,NO,Accura,2004,N
287,45,OH,500/1000,1000,1230.69,0,MALE,Masters,transport-moving,not-in-family,0,-54600,2015-01-10,Single Vehicle Collision,Front Collision,Minor Damage,Fire,VA,19,1,NO,0,2,NO,Accura,2006,N
142,29,OH,100/300,2000,1307.68,0,FEMALE,MD,craft-repair,husband,0,-48500,2015-01-29,Single Vehicle Collision,Rear Collision,Major Damage,Police,NY,10,1,YES,1,2,NO,Mercedes,1995,Y
162,35,IL,500/1000,2000,1124.69,0,FEMALE,Masters,handlers-cleaners,husband,0,0,2015-02-20,Single Vehicle Collision,Side Collision,Major Damage,Police,WV,14,1,YES,0,3,YES,Toyota,2001,N
140,35,OH,100/300,1000,1520.78,0,FEMALE,High School,craft-repair,wife,0,-42900,2015-01-21,Parked Car,?,Trivial Damage,None,SC,5,1,?,0,2,YES,Chevrolet,1997,Y
106,28,OH,100/300,2000,1609.11,0,MALE,High School,craft-repair,own-child,0,0,2015-01-18,Vehicle Theft,?,Minor Damage,Police,WV,8,1,YES,2,1,YES,Saab,1999,N
292,45,IL,500/1000,1000,1358.91,0,MALE,Masters,craft-repair,unmarried,0,0,2015-01-09,Vehicle Theft,?,Trivial Damage,Police,WV,4,1,NO,0,2,?,Suburu,1997,N
34,34,OH,500/1000,500,1295.87,0,FEMALE,PhD,priv-house-serv,husband,0,0,2015-01-13,Multi-vehicle Collision,Side Collision,Major Damage,Ambulance,NC,4,3,?,1,0,NO,Audi,1997,Y
290,48,IL,250/500,500,1161.03,5000000,MALE,Associate,adm-clerical,not-in-family,45300,0,2015-02-13,Multi-vehicle Collision,Side Collision,Minor Damage,Fire,VA,20,2,?,1,1,?,Nissan,2014,N
182,38,OH,500/1000,2000,1441.06,0,FEMALE,Masters,armed-forces,husband,53800,-78300,2015-01-08,Single Vehicle Collision,Side Collision,Total Loss,Police,NY,18,1,?,2,3,YES,Dodge,2005,N
362,55,OH,100/300,1000,1097.99,0,FEMALE,JD,other-service,unmarried,44400,-71500,2015-02-17,Multi-vehicle Collision,Rear Collision,Total Loss,Police,NY,0,3,NO,0,3,NO,Suburu,1998,N
143,32,IL,500/1000,1000,1464.42,0,FEMALE,High School,exec-managerial,husband,79900,0,2015-01-15,Single Vehicle Collision,Rear Collision,Major Damage,Ambulance,SC,1,1,?,2,0,NO,Saab,1995,N
183,38,IL,250/500,500,1543.68,0,FEMALE,Masters,prof-specialty,not-in-family,20200,0,2015-01-24,Single Vehicle Collision,Side Collision,Major Damage,Police,NC,17,1,NO,0,1,YES,Audi,2001,Y
254,40,IL,250/500,500,1390.89,5000000,MALE,College,armed-forces,wife,0,-74400,2015-02-28,Single Vehicle Collision,Front Collision,Minor Damage,Other,NY,23,1,?,2,2,?,Volkswagen,2009,N
249,43,OH,100/300,2000,1148.58,0,FEMALE,MD,adm-clerical,not-in-family,0,-71200,2015-02-16,Multi-vehicle Collision,Rear Collision,Total Loss,Fire,SC,4,3,YES,2,1,YES,Honda,2014,N
169,36,IN,250/500,500,1616.26,0,MALE,High School,exec-managerial,unmarried,50700,-57600,2015-02-09,Multi-vehicle Collision,Front Collision,Total Loss,Ambulance,NY,0,3,NO,2,3,?,Dodge,2004,N
235,40,IL,500/1000,500,1398.94,0,MALE,College,craft-repair,husband,0,0,2015-01-24,Single Vehicle Collision,Side Collision,Minor Damage,Ambulance,NY,11,1,NO,1,2,NO,Suburu,2003,N
112,32,OH,500/1000,1000,1238.92,0,MALE,Associate,other-service,other-relative,57800,-53700,2015-02-11,Parked Car,?,Trivial Damage,None,NY,4,1,?,0,2,?,Honda,2012,N
16,32,IL,100/300,1000,968.46,0,MALE,MD,tech-support,not-in-family,50800,-66200,2015-01-27,Multi-vehicle Collision,Side Collision,Total Loss,Ambulance,WV,0,3,?,0,2,?,Dodge,1995,Y
128,31,IL,100/300,500,1045.12,0,FEMALE,High School,transport-moving,other-relative,0,-28300,2015-01-19,Multi-vehicle Collision,Side Collision,Major Damage,Ambulance,NY,2,3,NO,0,2,?,Ford,2013,Y
103,27,IN,100/300,1000,1537.33,0,FEMALE,College,handlers-cleaners,husband,0,-74800,2015-02-20,Multi-vehicle Collision,Front Collision,Minor Damage,Police,NY,11,3,YES,1,1,NO,Jeep,2008,N
356,54,OH,500/1000,500,912.3,0,MALE,College,prof-specialty,wife,58500,-44000,2015-01-10,Multi-vehicle Collision,Front Collision,Major Damage,Other,SC,23,3,NO,2,1,?,Audi,2007,Y
109,29,OH,100/300,2000,1007.28,6000000,FEMALE,High School,adm-clerical,husband,0,0,2015-02-21,Multi-vehicle Collision,Side Collision,Minor Damage,Police,NY,17,3,NO,1,3,YES,Jeep,1995,N
2,20,IN,500/1000,1000,1189.98,4000000,FEMALE,High School,craft-repair,other-relative,0,-54700,2015-02-01,Single Vehicle Collision,Side Collision,Minor Damage,Other,WV,22,1,NO,1,3,YES,Audi,2000,N
198,34,OH,250/500,1000,1576.41,0,MALE,Associate,handlers-cleaners,other-relative,0,-55100,2015-02-25,Single Vehicle Collision,Side Collision,Major Damage,Other,WV,18,1,YES,1,1,YES,Ford,2001,N
107,32,OH,100/300,500,1172.82,4000000,MALE,Associate,machine-op-inspct,other-relative,82100,0,2015-02-24,Vehicle Theft,?,Trivial Damage,Police,SC,8,1,?,1,3,NO,Ford,2010,N
252,39,IL,500/1000,500,1312.22,9000000,MALE,High School,transport-moving,other-relative,0,-33300,2015-02-21,Multi-vehicle Collision,Front Collision,Minor Damage,Other,NC,15,3,?,0,3,NO,Jeep,2010,Y
303,43,OH,500/1000,1000,671.01,7000000,FEMALE,Associate,machine-op-inspct,other-relative,42900,-61500,2015-01-08,Single Vehicle Collision,Rear Collision,Minor Damage,Fire,NC,20,1,?,2,0,?,Nissan,2013,N
101,32,IL,250/500,500,895.14,0,MALE,JD,sales,other-relative,52600,-30400,2015-01-10,Single Vehicle Collision,Front Collision,Minor Damage,Ambulance,SC,4,1,?,0,3,YES,Suburu,2010,N
446,57,IN,100/300,2000,1373.21,0,MALE,College,adm-clerical,unmarried,42700,-64900,2015-02-14,Multi-vehicle Collision,Front Collision,Total Loss,Police,SC,10,3,NO,0,0,NO,Jeep,2012,N
330,48,OH,250/500,1000,1625.65,0,MALE,College,farming-fishing,husband,0,0,2015-02-26,Single Vehicle Collision,Side Collision,Major Damage,Ambulance,VA,10,1,YES,1,3,?,Dodge,2006,N
211,37,OH,250/500,2000,1295.63,4000000,FEMALE,PhD,armed-forces,not-in-family,42200,-33800,2015-01-30,Multi-vehicle Collision,Front Collision,Total Loss,Police,WV,22,3,YES,1,0,?,Honda,2009,N
172,33,IL,100/300,1000,1459.96,6000000,FEMALE,High School,adm-clerical,wife,41300,-42000,2015-01-07,Multi-vehicle Collision,Side Collision,Total Loss,Ambulance,NY,15,3,NO,0,1,NO,Saab,1999,N
316,46,OH,100/300,500,1219.94,7000000,FEMALE,Masters,prof-specialty,wife,0,-51000,2015-02-27,Single Vehicle Collision,Side Collision,Minor Damage,Ambulance,NY,13,1,?,0,1,YES,Accura,2000,N
435,60,OH,500/1000,500,1064.49,5000000,MALE,Associate,priv-house-serv,other-relative,73500,-43300,2015-02-13,Single Vehicle Collision,Front Collision,Total Loss,Ambulance,WV,23,1,NO,2,1,?,Mercedes,2007,Y
344,51,IL,100/300,1000,959.83,0,FEMALE,Masters,sales,not-in-family,0,-38700,2015-02-02,Multi-vehicle Collision,Side Collision,Major Damage,Fire,NY,18,3,?,2,2,YES,BMW,2006,Y
204,40,OH,250/500,2000,1767.02,0,MALE,JD,machine-op-inspct,husband,0,-49300,2015-02-27,Single Vehicle Collision,Rear Collision,Total Loss,Ambulance,SC,7,1,YES,1,1,NO,Audi,1997,N
278,47,IN,500/1000,500,1285.01,0,MALE,Masters,machine-op-inspct,not-in-family,0,-39800,2015-02-02,Single Vehicle Collision,Rear Collision,Major Damage,Ambulance,VA,21,1,NO,2,2,YES,Toyota,2010,N
434,57,OH,500/1000,2000,1422.95,0,MALE,JD,transport-moving,husband,0,0,2015-01-17,Multi-vehicle Collision,Rear Collision,Major Damage,Other,SC,15,3,NO,1,3,NO,Nissan,2003,N
209,36,IN,100/300,2000,1223.39,0,FEMALE,MD,craft-repair,wife,0,0,2015-01-12,Multi-vehicle Collision,Rear Collision,Total Loss,Ambulance,PA,17,3,?,1,3,?,Jeep,2014,N
250,43,IL,500/1000,2000,1539.06,0,MALE,Masters,sales,other-relative,37800,0,2015-01-20,Single Vehicle Collision,Front Collision,Minor Damage,Fire,SC,2,1,NO,0,3,?,Ford,2002,N
61,25,IN,100/300,2000,988.06,0,FEMALE,Masters,other-service,not-in-family,0,0,2015-02-05,Multi-vehicle Collision,Rear Collision,Minor Damage,Ambulance,WV,1,3,YES,1,0,NO,Dodge,2000,N
80,28,IL,500/1000,1000,1740.57,0,FEMALE,College,farming-fishing,wife,0,-18600,2015-01-20,Single Vehicle Collision,Rear Collision,Major Damage,Police,SC,3,1,?,0,1,?,Dodge,2011,N
25,38,OH,250/500,1000,1540.91,7000000,MALE,College,adm-clerical,wife,40900,0,2015-02-24,Vehicle Theft,?,Trivial Damage,None,VA,0,1,NO,1,1,YES,Toyota,1995,N
4,29,IL,250/500,500,1381.88,5000000,MALE,High School,tech-support,other-relative,0,-77800,2015-02-21,Vehicle Theft,?,Trivial Damage,Police,SC,4,1,NO,0,2,?,Jeep,2008,N
32,29,OH,100/300,500,1446.98,0,MALE,MD,adm-clerical,own-child,0,-45700,2015-02-11,Multi-vehicle Collision,Front Collision,Minor Damage,Ambulance,NY,11,3,YES,2,0,NO,Saab,2006,N
125,31,IN,500/1000,500,1220.86,0,MALE,JD,other-service,husband,55400,-40400,2015-01-24,Parked Car,?,Trivial Damage,None,NY,4,1,YES,1,2,?,Saab,2003,N
276,45,IL,500/1000,500,948.1,0,FEMALE,High School,machine-op-inspct,wife,44500,-61400,2015-01-06,Multi-vehicle Collision,Front Collision,Minor Damage,Fire,SC,11,3,?,0,2,?,Ford,2010,N
148,30,OH,100/300,500,1471.24,0,FEMALE,Masters,farming-fishing,own-child,57500,-93600,2015-01-15,Multi-vehicle Collision,Side Collision,Minor Damage,Police,NC,4,3,NO,2,2,NO,Dodge,1997,N
222,38,IN,100/300,2000,1157.97,0,MALE,MD,machine-op-inspct,not-in-family,0,-64500,2015-02-22,Single Vehicle Collision,Front Collision,Total Loss,Police,NY,20,1,?,2,2,YES,Accura,2001,N
32,38,IL,250/500,2000,566.11,5000000,MALE,Associate,armed-forces,unmarried,0,0,2015-01-21,Parked Car,?,Trivial Damage,Police,NC,22,1,YES,0,0,NO,Honda,2015,N
78,27,OH,500/1000,500,1060.88,0,MALE,JD,other-service,other-relative,0,-66500,2015-02-03,Parked Car,?,Trivial Damage,Police,SC,4,1,NO,0,3,NO,Volkswagen,2009,N
238,43,OH,250/500,1000,1524.45,4000000,MALE,High School,handlers-cleaners,wife,0,-44800,2015-02-16,Multi-vehicle Collision,Rear Collision,Total Loss,Ambulance,NC,21,4,NO,0,0,NO,Saab,1995,Y
313,47,IN,250/500,1000,1556.17,0,MALE,College,prof-specialty,wife,63900,-53300,2015-02-07,Single Vehicle Collision,Front Collision,Major Damage,Ambulance,SC,20,1,YES,1,3,NO,Accura,1996,Y
334,50,OH,500/1000,500,1216.24,0,MALE,Masters,priv-house-serv,wife,26700,-47200,2015-01-14,Single Vehicle Collision,Rear Collision,Major Damage,Fire,NY,7,1,NO,2,0,?,Chevrolet,2008,N
190,35,IN,250/500,500,1484.72,5000000,FEMALE,High School,tech-support,husband,0,0,2015-02-02,Parked Car,?,Trivial Damage,None,NY,4,1,NO,0,1,NO,Saab,1998,N
194,41,IL,250/500,500,1203.81,0,MALE,JD,transport-moving,not-in-family,52500,-51300,2015-02-06,Multi-vehicle Collision,Rear Collision,Minor Damage,Police,WV,17,3,?,0,2,?,Saab,1999,N
290,47,IN,250/500,1000,1393.34,0,MALE,High School,exec-managerial,other-relative,0,-61400,2015-01-15,Multi-vehicle Collision,Side Collision,Minor Damage,Ambulance,WV,20,3,YES,1,3,YES,Audi,2002,N
26,42,OH,100/300,1000,1484.48,0,MALE,PhD,armed-forces,not-in-family,50700,-36300,2015-02-24,Single Vehicle Collision,Side Collision,Major Damage,Police,SC,10,1,NO,2,3,?,Saab,1996,N
254,41,IL,250/500,500,1581.27,5000000,FEMALE,PhD,handlers-cleaners,own-child,42200,-48000,2015-01-07,Single Vehicle Collision,Front Collision,Minor Damage,Police,NY,8,1,YES,2,2,NO,BMW,1999,N
199,38,IL,250/500,1000,1281.25,0,FEMALE,High School,tech-support,other-relative,0,-53100,2015-02-04,Single Vehicle Collision,Front Collision,Major Damage,Police,WV,6,1,?,0,2,NO,BMW,2007,Y
137,35,IN,250/500,500,1667.83,0,MALE,JD,prof-specialty,husband,48500,-67400,2015-02-04,Parked Car,?,Minor Damage,Police,WV,4,1,YES,1,1,NO,Jeep,2005,N
134,36,OH,250/500,1000,1497.41,0,MALE,PhD,machine-op-inspct,husband,14100,-44500,2015-01-25,Multi-vehicle Collision,Side Collision,Minor Damage,Ambulance,WV,17,3,NO,2,0,YES,Ford,1996,N
73,30,OH,100/300,500,803.36,0,FEMALE,High School,protective-serv,husband,0,0,2015-02-25,Multi-vehicle Collision,Rear Collision,Total Loss,Other,WV,15,3,?,0,0,YES,Audi,2013,N
289,45,OH,250/500,2000,1221.41,0,FEMALE,Masters,farming-fishing,wife,46700,-72500,2015-02-27,Vehicle Theft,?,Trivial Damage,Police,WV,9,1,NO,2,1,NO,Honda,2006,N
176,36,OH,250/500,500,1865.83,5000000,MALE,College,transport-moving,unmarried,32800,-50600,2015-02-11,Single Vehicle Collision,Rear Collision,Total Loss,Police,WV,17,1,?,2,1,YES,Volkswagen,2006,N
145,37,OH,250/500,2000,1434.27,0,FEMALE,Associate,tech-support,unmarried,0,-35900,2015-01-04,Single Vehicle Collision,Rear Collision,Major Damage,Other,VA,13,1,?,2,3,?,Nissan,2002,N
164,31,IN,500/1000,500,1114.68,0,FEMALE,Associate,other-service,husband,44500,-55900,2015-01-26,Vehicle Theft,?,Trivial Damage,Police,SC,5,1,YES,1,0,NO,Mercedes,2002,N
186,38,OH,250/500,2000,1218.56,0,FEMALE,Masters,transport-moving,husband,39300,-60300,2015-03-01,Multi-vehicle Collision,Front Collision,Total Loss,Police,VA,23,3,YES,2,2,?,Saab,1998,Y
85,31,IL,250/500,2000,1234.69,9000000,FEMALE,MD,tech-support,husband,0,0,2015-02-06,Multi-vehicle Collision,Front Collision,Major Damage,Other,WV,1,2,NO,2,1,?,BMW,2003,Y
162,33,OH,250/500,500,964.92,0,FEMALE,Associate,exec-managerial,other-relative,45700,0,2015-02-09,Multi-vehicle Collision,Rear Collision,Major Damage,Fire,NY,17,4,NO,2,1,NO,Mercedes,1996,Y
396,57,IL,500/1000,500,1351.72,0,MALE,High School,tech-support,wife,0,-49400,2015-02-05,Parked Car,?,Minor Damage,None,NY,3,1,YES,1,3,?,Volkswagen,2000,N
270,41,IL,250/500,1000,817.28,0,MALE,High School,sales,unmarried,62200,0,2015-01-03,Multi-vehicle Collision,Rear Collision,Total Loss,Ambulance,SC,17,3,?,1,1,NO,Mercedes,2014,Y
168,39,IL,500/1000,1000,1389.59,0,FEMALE,Masters,machine-op-inspct,own-child,0,-42600,2015-02-24,Multi-vehicle Collision,Rear Collision,Major Damage,Fire,NY,23,3,YES,1,3,NO,Chevrolet,2015,Y
274,45,IN,250/500,1000,1353.53,0,FEMALE,JD,tech-support,unmarried,54700,-47900,2015-01-14,Single Vehicle Collision,Side Collision,Minor Damage,Ambulance,NY,13,1,YES,0,0,NO,Accura,1995,Y
263,43,IN,500/1000,1000,1294.04,0,FEMALE,Masters,handlers-cleaners,not-in-family,0,0,2015-01-08,Single Vehicle Collision,Rear Collision,Minor Damage,Fire,SC,17,1,YES,2,3,YES,Nissan,1997,N
152,33,OH,100/300,1000,840.81,0,FEMALE,High School,farming-fishing,husband,0,0,2015-02-14,Single Vehicle Collision,Rear Collision,Minor Damage,Ambulance,NY,2,1,YES,0,2,?,Ford,2002,Y
46,41,OH,100/300,2000,998.19,0,FEMALE,MD,priv-house-serv,husband,43700,-66300,2015-01-23,Multi-vehicle Collision,Rear Collision,Total Loss,Ambulance,SC,23,3,NO,1,3,?,Dodge,2004,Y
276,46,OH,100/300,2000,1090.32,0,MALE,College,handlers-cleaners,husband,0,-70400,2015-01-05,Single Vehicle Collision,Front Collision,Minor Damage,Ambulance,SC,17,1,NO,1,2,?,Volkswagen,2007,Y
234,44,IN,500/1000,500,1780.67,0,MALE,Associate,other-service,other-relative,0,0,2015-02-19,Single Vehicle Collision,Side Collision,Major Damage,Ambulance,NC,3,1,NO,1,0,NO,Ford,2012,Y
64,30,IL,250/500,2000,1681.01,0,MALE,JD,protective-serv,own-child,0,-51100,2015-02-07,Parked Car,?,Minor Damage,None,SC,16,1,NO,2,1,NO,Jeep,2015,N
456,62,OH,250/500,1000,1395.77,0,FEMALE,MD,protective-serv,own-child,82600,-49500,2015-02-07,Multi-vehicle Collision,Side Collision,Major Damage,Other,PA,13,3,?,1,3,NO,Saab,2012,Y
58,23,OH,500/1000,2000,1471.44,5000000,MALE,High School,transport-moving,own-child,57500,0,2015-01-20,Single Vehicle Collision,Rear Collision,Major Damage,Fire,NC,8,1,NO,2,1,NO,Chevrolet,2007,Y
475,61,IL,500/1000,500,1265.72,0,FEMALE,Masters,handlers-cleaners,wife,0,-59500,2015-02-18,Single Vehicle Collision,Front Collision,Major Damage,Fire,SC,23,1,YES,0,2,?,Mercedes,1998,N
96,29,IN,250/500,1000,1274.7,5000000,MALE,College,prof-specialty,other-relative,47500,-58700,2015-01-11,Multi-vehicle Collision,Rear Collision,Major Damage,Ambulance,NC,15,3,YES,2,3,YES,Chevrolet,2004,Y
99,28,OH,100/300,500,1330.39,0,MALE,MD,prof-specialty,wife,0,0,2015-01-22,Single Vehicle Collision,Front Collision,Total Loss,Other,NY,3,1,NO,2,2,YES,Dodge,1998,N
38,28,OH,500/1000,500,1122.95,4000000,MALE,Masters,priv-house-serv,other-relative,78000,0,2015-02-23,Multi-vehicle Collision,Side Collision,Minor Damage,Ambulance,WV,4,3,NO,0,3,YES,Accura,2000,N
259,44,OH,250/500,2000,1655.79,0,FEMALE,Masters,exec-managerial,husband,0,0,2015-01-15,Single Vehicle Collision,Front Collision,Minor Damage,Other,NY,8,1,YES,0,0,YES,Audi,2002,N
241,43,IN,250/500,1000,935.77,0,MALE,Associate,prof-specialty,own-child,0,-36000,2015-02-20,Vehicle Theft,?,Trivial Damage,Police,PA,21,1,NO,1,0,YES,Volkswagen,2003,N
437,58,IN,500/1000,2000,1192.04,0,MALE,Associate,craft-repair,own-child,66100,-31400,2015-01-19,Single Vehicle Collision,Front Collision,Total Loss,Ambulance,SC,23,1,YES,0,0,NO,Dodge,2004,N
130,34,OH,100/300,500,990.11,0,MALE,Masters,sales,other-relative,0,-41200,2015-01-10,Parked Car,?,Trivial Damage,None,NY,8,1,?,1,3,YES,Dodge,2015,N
269,41,OH,100/300,2000,1422.21,0,FEMALE,Associate,handlers-cleaners,unmarried,0,-46400,2015-01-16,Single Vehicle Collision,Side Collision,Major Damage,Ambulance,WV,21,1,YES,2,1,NO,Suburu,2005,Y
103,29,OH,500/1000,500,914.85,0,MALE,Associate,prof-specialty,other-relative,72100,0,2015-02-12,Parked Car,?,Minor Damage,Police,OH,5,1,NO,2,3,NO,Accura,2005,N
284,43,IL,250/500,500,1123.84,0,MALE,PhD,prof-specialty,other-relative,48200,0,2015-01-23,Multi-vehicle Collision,Side Collision,Total Loss,Fire,WV,12,3,NO,0,0,YES,Chevrolet,2007,N
189,39,OH,250/500,2000,838.02,0,FEMALE,College,tech-support,own-child,0,0,2015-02-13,Multi-vehicle Collision,Rear Collision,Minor Damage,Police,VA,7,3,?,2,0,YES,Dodge,1997,N
267,43,OH,250/500,500,1300.68,0,MALE,PhD,adm-clerical,unmarried,49000,0,2015-01-27,Parked Car,?,Minor Damage,None,NC,0,1,NO,1,3,YES,Chevrolet,2011,N
39,22,IN,500/1000,500,1173.21,0,MALE,JD,farming-fishing,not-in-family,0,0,2015-02-14,Single Vehicle Collision,Rear Collision,Major Damage,Police,SC,14,1,YES,0,1,YES,Suburu,2009,Y
140,32,IL,250/500,1000,985.97,5000000,FEMALE,College,protective-serv,other-relative,0,0,2015-02-01,Single Vehicle Collision,Side Collision,Major Damage,Fire,VA,13,1,?,2,3,?,Chevrolet,1995,Y
243,41,IN,100/300,1000,1129.23,0,FEMALE,College,farming-fishing,own-child,17300,-60400,2015-02-23,Single Vehicle Collision,Front Collision,Major Damage,Fire,WV,1,1,?,1,0,YES,Suburu,1999,Y
116,31,IN,250/500,500,1194.83,0,FEMALE,MD,prof-specialty,husband,28600,0,2015-01-20,Single Vehicle Collision,Side Collision,Major Damage,Police,SC,23,1,NO,0,0,NO,Suburu,1997,N
219,43,IN,100/300,1000,1114.29,0,FEMALE,High School,transport-moving,other-relative,51300,0,2015-01-08,Single Vehicle Collision,Side Collision,Major Damage,Ambulance,VA,1,1,?,2,2,YES,Toyota,2006,N
96,26,OH,250/500,2000,1509.04,0,FEMALE,Associate,prof-specialty,husband,10000,0,2015-02-23,Single Vehicle Collision,Front Collision,Total Loss,Ambulance,SC,9,1,YES,2,3,NO,Saab,2007,N
149,34,IN,250/500,500,664.86,0,FEMALE,PhD,craft-repair,wife,0,-60000,2015-02-04,Single Vehicle Collision,Rear Collision,Total Loss,Fire,WV,3,1,?,0,1,NO,Dodge,1999,N
246,43,IN,250/500,1000,1267.4,6000000,MALE,JD,adm-clerical,husband,0,0,2015-02-09,Single Vehicle Collision,Side Collision,Minor Damage,Fire,NY,0,1,NO,2,1,?,Accura,2006,N
293,45,IL,100/300,1000,1119.23,0,FEMALE,MD,exec-managerial,unmarried,51500,0,2015-02-18,Multi-vehicle Collision,Front Collision,Total Loss,Fire,WV,13,3,NO,1,1,NO,Jeep,2015,N
339,48,OH,100/300,500,1698.51,0,MALE,JD,other-service,unmarried,0,0,2015-02-10,Multi-vehicle Collision,Rear Collision,Total Loss,Fire,SC,18,3,NO,2,1,?,Volkswagen,2001,N
160,33,IL,500/1000,1000,1422.78,0,FEMALE,High School,exec-managerial,husband,61600,0,2015-01-20,Multi-vehicle Collision,Front Collision,Total Loss,Ambulance,NC,17,3,?,2,3,YES,Nissan,2006,N
224,42,OH,500/1000,500,1212.75,0,FEMALE,College,prof-specialty,own-child,0,-51400,2015-01-27,Single Vehicle Collision,Front Collision,Minor Damage,Fire,WV,11,1,?,0,0,YES,Honda,1998,N
194,34,IN,100/300,1000,1423.34,0,MALE,Associate,sales,not-in-family,55300,-37900,2015-01-21,Vehicle Theft,?,Minor Damage,None,WV,0,1,YES,0,3,NO,Chevrolet,2003,N
385,51,IN,250/500,1000,976.37,0,FEMALE,MD,craft-repair,husband,0,-61000,2015-02-18,Multi-vehicle Collision,Rear Collision,Minor Damage,Other,WV,14,3,?,1,3,?,Suburu,2007,N
100,33,OH,250/500,500,1124.59,6000000,MALE,College,adm-clerical,not-in-family,67300,0,2015-02-26,Single Vehicle Collision,Rear Collision,Minor Damage,Other,NC,4,1,NO,1,2,NO,BMW,2004,N
371,50,IN,250/500,1000,1569.33,0,MALE,PhD,machine-op-inspct,not-in-family,79600,0,2015-01-29,Multi-vehicle Collision,Side Collision,Major Damage,Other,WV,2,3,NO,2,1,YES,Volkswagen,2011,Y
175,39,IN,500/1000,500,1359.36,5000000,MALE,PhD,exec-managerial,husband,0,-43600,2015-02-08,Multi-vehicle Collision,Front Collision,Major Damage,Other,SC,9,3,YES,2,2,YES,Toyota,2012,Y
373,55,IN,250/500,500,1607.36,0,MALE,MD,sales,own-child,0,0,2015-01-19,Multi-vehicle Collision,Rear Collision,Major Damage,Other,SC,21,4,?,0,2,NO,Dodge,2007,Y
258,41,IL,100/300,500,1042.25,0,MALE,Masters,exec-managerial,unmarried,0,-44400,2015-02-08,Multi-vehicle Collision,Rear Collision,Major Damage,Fire,NC,0,3,NO,2,3,NO,Mercedes,2008,Y
255,39,OH,250/500,500,1453.95,0,FEMALE,PhD,armed-forces,not-in-family,38200,0,2015-01-07,Multi-vehicle Collision,Side Collision,Total Loss,Fire,WV,17,3,YES,0,3,NO,Audi,2010,N
37,31,IL,500/1000,500,1969.63,0,FEMALE,MD,sales,own-child,0,0,2015-02-13,Multi-vehicle Collision,Side Collision,Total Loss,Fire,WV,21,3,NO,1,1,YES,Dodge,1995,N
322,44,IL,100/300,1000,1156.19,0,FEMALE,College,machine-op-inspct,husband,49900,-62700,2015-02-15,Multi-vehicle Collision,Side Collision,Major Damage,Fire,NY,20,3,YES,0,3,?,Jeep,2010,N
204,38,IL,100/300,2000,1124.47,0,FEMALE,MD,tech-support,wife,0,-45100,2015-02-14,Single Vehicle Collision,Side Collision,Total Loss,Ambulance,SC,5,1,NO,0,1,?,Ford,2003,N
76,31,OH,500/1000,500,1493.5,5000000,FEMALE,Associate,priv-house-serv,not-in-family,39900,-44000,2015-01-31,Vehicle Theft,?,Minor Damage,Police,WV,7,1,NO,2,1,NO,Mercedes,1995,N
193,40,IL,100/300,500,1155.38,0,FEMALE,PhD,handlers-cleaners,not-in-family,34200,-32300,2015-01-28,Single Vehicle Collision,Side Collision,Minor Damage,Fire,NY,6,1,NO,0,0,YES,Accura,2001,N
405,55,IL,250/500,500,878.19,0,MALE,PhD,machine-op-inspct,unmarried,57100,0,2015-03-01,Multi-vehicle Collision,Rear Collision,Minor Damage,Fire,NC,2,4,YES,0,2,NO,Chevrolet,1997,N
435,58,IN,100/300,2000,1145.85,0,MALE,JD,sales,not-in-family,0,-40000,2015-01-10,Multi-vehicle Collision,Rear Collision,Total Loss,Other,NY,19,3,?,1,1,YES,Mercedes,2004,N
54,35,IN,100/300,500,1261.28,0,FEMALE,MD,protective-serv,unmarried,68500,-42100,2015-02-25,Multi-vehicle Collision,Side Collision,Minor Damage,Fire,VA,21,3,YES,2,0,?,Nissan,2012,N
144,35,IL,100/300,500,1427.46,0,MALE,High School,machine-op-inspct,wife,0,0,2015-01-30,Multi-vehicle Collision,Side Collision,Major Damage,Police,WV,3,3,?,0,0,?,Dodge,1995,N
92,32,IL,500/1000,500,1592.41,0,MALE,Masters,prof-specialty,husband,58900,-29100,2015-02-06,Single Vehicle Collision,Rear Collision,Total Loss,Ambulance,WV,22,1,?,2,3,YES,Jeep,1996,N
173,36,OH,250/500,1000,1274.63,0,MALE,College,machine-op-inspct,unmarried,51000,0,2015-02-08,Single Vehicle Collision,Rear Collision,Total Loss,Fire,SC,22,1,YES,2,3,NO,Accura,1995,N
436,60,IN,250/500,500,1362.31,0,MALE,High School,prof-specialty,wife,67600,-65300,2015-01-13,Single Vehicle Collision,Front Collision,Minor Damage,Ambulance,VA,16,1,NO,0,2,NO,Saab,2005,N
155,35,OH,250/500,1000,919.37,0,FEMALE,Associate,protective-serv,not-in-family,83600,0,2015-01-18,Single Vehicle Collision,Front Collision,Minor Damage,Ambulance,NY,0,1,?,0,3,?,Nissan,1997,N
78,31,OH,250/500,1000,1377.23,0,FEMALE,Masters,armed-forces,unmarried,72600,0,2015-03-01,Multi-vehicle Collision,Side Collision,Minor Damage,Other,NY,1,3,?,2,1,?,Nissan,1997,N
440,57,IL,100/300,1000,995.55,5000000,MALE,College,protective-serv,wife,51500,-52100,2015-02-02,Multi-vehicle Collision,Rear Collision,Major Damage,Police,SC,19,3,YES,0,3,?,Jeep,2007,Y
264,43,IL,100/300,500,1508.12,6000000,MALE,PhD,craft-repair,wife,0,0,2015-01-20,Multi-vehicle Collision,Rear Collision,Major Damage,Other,NY,0,3,?,2,1,NO,Jeep,2015,Y
66,30,IN,500/1000,500,484.67,0,FEMALE,College,adm-clerical,wife,21100,-60800,2015-01-24,Multi-vehicle Collision,Front Collision,Major Damage,Fire,SC,2,3,?,0,2,YES,Volkswagen,2015,Y
366,50,IN,500/1000,1000,1561.41,0,FEMALE,High School,handlers-cleaners,husband,21200,0,2015-01-04,Multi-vehicle Collision,Rear Collision,Minor Damage,Police,NY,5,3,YES,1,3,NO,Mercedes,2012,N
188,37,OH,100/300,500,1457.21,0,FEMALE,JD,adm-clerical,own-child,46300,0,2015-01-17,Single Vehicle Collision,Rear Collision,Total Loss,Ambulance,SC,6,1,?,2,0,YES,Suburu,2003,N
224,39,IL,500/1000,1000,1128.71,0,FEMALE,JD,prof-specialty,other-relative,0,-47100,2015-02-04,Multi-vehicle Collision,Rear Collision,Total Loss,Fire,VA,21,3,YES,2,1,?,Suburu,2007,N
253,46,IL,100/300,500,1358.2,0,FEMALE,MD,transport-moving,husband,52900,0,2015-02-14,Multi-vehicle Collision,Front Collision,Major Damage,Ambulance,NY,11,3,YES,0,0,NO,Jeep,2001,N
446,61,IL,100/300,1000,1232.79,0,FEMALE,High School,adm-clerical,unmarried,49900,-62100,2015-01-07,Single Vehicle Collision,Rear Collision,Minor Damage,Other,VA,3,1,YES,2,0,YES,Suburu,2007,N
169,37,IL,100/300,1000,936.19,0,MALE,JD,armed-forces,other-relative,70600,-48500,2015-02-02,Multi-vehicle Collision,Side Collision,Total Loss,Police,SC,4,3,?,2,1,YES,Audi,2005,N
255,46,IL,250/500,500,1302.34,0,FEMALE,JD,prof-specialty,own-child,0,-52600,2015-01-12,Multi-vehicle Collision,Front Collision,Minor Damage,Fire,WV,2,3,NO,1,0,NO,Volkswagen,2011,N
209,39,IN,100/300,500,1264.99,0,MALE,PhD,transport-moving,husband,67800,0,2015-01-01,Single Vehicle Collision,Side Collision,Minor Damage,Fire,VA,22,1,?,1,1,NO,Chevrolet,1995,N
210,37,OH,500/1000,500,1467.76,0,FEMALE,MD,tech-support,own-child,38700,-33100,2015-02-22,Single Vehicle Collision,Front Collision,Total Loss,Ambulance,NY,8,1,?,1,3,YES,Toyota,2000,N
174,33,IN,250/500,2000,1124.43,0,FEMALE,College,farming-fishing,own-child,0,0,2015-01-16,Multi-vehicle Collision,Rear Collision,Total Loss,Ambulance,WV,14,3,YES,0,1,YES,Saab,1995,N
70,28,IL,250/500,1000,1319.81,0,MALE,High School,machine-op-inspct,husband,67200,-59400,2015-01-28,Multi-vehicle Collision,Side Collision,Minor Damage,Police,WV,14,4,NO,1,0,YES,Toyota,2006,N
89,32,IN,100/300,2000,1482.53,0,FEMALE,MD,tech-support,not-in-family,49100,-45100,2015-01-23,Parked Car,?,Trivial Damage,Police,WV,5,1,YES,1,2,?,Audi,2002,N
458,61,IN,100/300,1000,1328.18,0,FEMALE,High School,protective-serv,other-relative,53000,0,2015-02-25,Single Vehicle Collision,Front Collision,Minor Damage,Fire,WV,18,1,NO,2,1,NO,Volkswagen,2003,N
239,40,IN,100/300,500,1463.95,0,FEMALE,JD,sales,own-child,0,0,2015-02-11,Multi-vehicle Collision,Rear Collision,Total Loss,Police,NC,20,3,?,0,0,YES,Dodge,2003,N
161,38,IL,100/300,2000,1133.85,0,MALE,PhD,priv-house-serv,not-in-family,60200,0,2015-01-03,Multi-vehicle Collision,Front Collision,Total Loss,Police,WV,0,3,YES,2,2,YES,Volkswagen,2003,N
446,61,IN,500/1000,1000,1037.32,0,FEMALE,High School,tech-support,wife,0,-15700,2015-01-30,Multi-vehicle Collision,Rear Collision,Minor Damage,Police,NC,1,3,?,2,1,NO,Nissan,2005,N
476,61,IN,250/500,1000,1562.8,0,FEMALE,Masters,handlers-cleaners,not-in-family,42800,-68200,2015-01-18,Single Vehicle Collision,Front Collision,Total Loss,Fire,WV,10,1,?,1,2,YES,Suburu,2009,N
70,29,IN,100/300,1000,1425.79,0,FEMALE,MD,armed-forces,other-relative,62400,-52300,2015-01-04,Single Vehicle Collision,Front Collision,Minor Damage,Ambulance,NC,12,1,NO,0,3,?,Dodge,2009,N
233,41,OH,500/1000,2000,1615.14,0,FEMALE,Associate,tech-support,other-relative,67100,0,2015-01-20,Vehicle Theft,?,Minor Damage,None,NY,6,1,NO,0,1,?,Chevrolet,2011,N
122,33,IL,250/500,500,1236.5,0,MALE,PhD,other-service,husband,0,-48700,2015-02-12,Parked Car,?,Trivial Damage,None,NY,1,1,NO,0,1,NO,Nissan,2003,N
335,48,IL,500/1000,2000,1017.97,0,FEMALE,MD,machine-op-inspct,wife,59900,-34800,2015-02-19,Multi-vehicle Collision,Front Collision,Total Loss,Police,WV,21,3,NO,0,0,YES,BMW,2005,Y
257,40,IN,100/300,2000,1306.0,0,MALE,Associate,machine-op-inspct,husband,46100,-46900,2015-02-21,Multi-vehicle Collision,Front Collision,Major Damage,Ambulance,NY,3,3,YES,2,1,?,Ford,2008,Y
85,27,IL,500/1000,2000,1174.14,0,MALE,College,priv-house-serv,unmarried,50400,-61500,2015-02-02,Multi-vehicle Collision,Rear Collision,Minor Damage,Fire,NY,14,4,YES,0,0,NO,Toyota,2012,N
133,30,IN,500/1000,1000,1231.01,0,MALE,College,adm-clerical,husband,0,-31700,2015-02-01,Multi-vehicle Collision,Front Collision,Minor Damage,Fire,SC,19,3,NO,1,2,?,Dodge,2007,N
119,34,IL,250/500,500,1299.18,0,FEMALE,College,tech-support,wife,57100,0,2015-01-08,Single Vehicle Collision,Front Collision,Major Damage,Fire,OH,7,1,YES,2,1,YES,Honda,1998,Y
169,34,IN,100/300,500,1469.75,0,FEMALE,JD,sales,not-in-family,0,-57600,2015-01-16,Single Vehicle Collision,Rear Collision,Minor Damage,Fire,VA,0,1,?,0,0,YES,Volkswagen,2012,N
225,39,OH,250/500,500,1390.72,0,MALE,Masters,tech-support,other-relative,83900,-52100,2015-02-20,Parked Car,?,Trivial Damage,None,SC,6,1,YES,2,1,YES,Nissan,2011,N
84,32,IL,500/1000,500,1694.09,7000000,FEMALE,Associate,prof-specialty,husband,0,0,2015-01-30,Single Vehicle Collision,Rear Collision,Total Loss,Other,NY,0,1,YES,0,2,?,BMW,1995,Y
169,39,OH,100/300,2000,1140.15,0,MALE,High School,armed-forces,husband,0,-36800,2015-01-19,Multi-vehicle Collision,Rear Collision,Total Loss,Police,VA,9,3,YES,0,3,NO,Suburu,2015,N
124,32,IN,100/300,1000,1310.71,0,FEMALE,Masters,farming-fishing,wife,29300,0,2015-02-25,Single Vehicle Collision,Side Collision,Total Loss,Ambulance,NY,23,1,YES,0,1,NO,Toyota,2003,N
320,48,IL,250/500,2000,1730.49,7000000,MALE,College,transport-moving,not-in-family,46300,-41700,2015-01-24,Multi-vehicle Collision,Front Collision,Minor Damage,Fire,WV,13,3,NO,2,0,NO,Saab,1995,N
297,47,IN,250/500,500,1616.65,7000000,MALE,MD,adm-clerical,unmarried,0,-59500,2015-01-16,Multi-vehicle Collision,Side Collision,Total Loss,Fire,WV,0,3,?,0,3,YES,Jeep,1999,N
421,56,IN,100/300,500,1935.85,4000000,MALE,Masters,machine-op-inspct,own-child,49500,-81100,2015-01-12,Single Vehicle Collision,Rear Collision,Major Damage,Ambulance,NY,7,1,?,2,3,?,Mercedes,2004,Y
136,33,OH,250/500,1000,855.14,0,FEMALE,PhD,craft-repair,not-in-family,37900,0,2015-01-04,Single Vehicle Collision,Side Collision,Minor Damage,Fire,NC,23,1,YES,0,1,YES,Toyota,2015,N
46,24,OH,250/500,2000,1568.47,4000000,FEMALE,High School,armed-forces,unmarried,46800,0,2015-02-02,Single Vehicle Collision,Side Collision,Major Damage,Fire,NY,7,1,NO,2,0,?,Toyota,1999,N
34,24,IN,500/1000,2000,1550.53,0,FEMALE,MD,armed-forces,own-child,0,-27700,2015-02-01,Parked Car,?,Trivial Damage,None,VA,20,1,YES,0,1,?,Audi,1998,N
95,30,IL,250/500,2000,1370.92,0,MALE,College,transport-moving,unmarried,48900,0,2015-02-14,Single Vehicle Collision,Rear Collision,Minor Damage,Police,SC,22,1,YES,0,3,?,Accura,1999,N
140,36,IN,250/500,500,1363.59,0,FEMALE,JD,armed-forces,not-in-family,43200,0,2015-02-08,Multi-vehicle Collision,Rear Collision,Minor Damage,Other,NY,10,3,?,2,0,YES,Chevrolet,2000,N
200,34,IN,250/500,1000,828.42,3000000,FEMALE,College,prof-specialty,other-relative,0,0,2015-01-22,Single Vehicle Collision,Front Collision,Total Loss,Police,NY,10,1,?,2,2,NO,Chevrolet,2009,N
123,29,IN,250/500,500,1209.63,0,FEMALE,Masters,machine-op-inspct,not-in-family,64800,-44200,2015-01-14,Single Vehicle Collision,Rear Collision,Minor Damage,Ambulance,NC,17,1,YES,1,0,YES,Volkswagen,2014,Y
267,46,OH,250/500,2000,1111.17,0,MALE,MD,craft-repair,unmarried,35000,0,2015-02-03,Parked Car,?,Trivial Damage,None,WV,3,1,YES,2,3,YES,Toyota,1995,N
290,42,IN,500/1000,500,989.97,0,MALE,Masters,machine-op-inspct,own-child,32500,0,2015-01-20,Single Vehicle Collision,Rear Collision,Minor Damage,Ambulance,WV,10,1,NO,0,1,NO,Saab,2013,N
45,37,IN,250/500,1000,1114.23,0,MALE,College,prof-specialty,wife,0,0,2015-01-01,Single Vehicle Collision,Side Collision,Major Damage,Fire,SC,1,1,YES,0,1,YES,Nissan,2005,N
186,38,IN,250/500,2000,1347.31,0,FEMALE,JD,protective-serv,unmarried,80900,-111100,2015-02-02,Multi-vehicle Collision,Rear Collision,Minor Damage,Ambulance,NY,1,3,NO,2,3,?,Audi,1995,N
135,34,IL,250/500,2000,1687.53,0,FEMALE,JD,protective-serv,other-relative,0,-69600,2015-01-23,Single Vehicle Collision,Side Collision,Total Loss,Fire,NC,7,1,?,1,2,NO,Audi,2009,N
110,33,IN,250/500,1000,1183.48,0,MALE,Associate,other-service,husband,0,0,2015-01-26,Single Vehicle Collision,Rear Collision,Major Damage,Ambulance,VA,19,1,?,2,3,NO,Saab,2015,Y
259,43,IL,500/1000,2000,1537.13,0,FEMALE,PhD,handlers-cleaners,own-child,0,-58300,2015-01-02,Multi-vehicle Collision,Side Collision,Total Loss,Other,NY,3,3,NO,0,2,YES,Ford,2012,N
114,30,OH,250/500,1000,1173.25,0,FEMALE,Masters,protective-serv,husband,0,-34700,2015-02-25,Vehicle Theft,?,Minor Damage,None,WV,3,1,NO,0,3,YES,Chevrolet,2013,N
404,56,IN,250/500,1000,1361.16,4000000,FEMALE,Masters,transport-moving,not-in-family,0,-63700,2015-01-15,Single Vehicle Collision,Front Collision,Minor Damage,Ambulance,VA,23,1,NO,2,0,YES,Accura,2005,Y
282,48,OH,500/1000,2000,1422.56,7000000,FEMALE,MD,prof-specialty,husband,26900,-55300,2015-02-09,Vehicle Theft,?,Minor Damage,None,WV,7,1,?,1,2,NO,Accura,2013,N
57,25,IL,500/1000,2000,1143.06,0,FEMALE,Masters,tech-support,own-child,63100,-54100,2015-01-16,Multi-vehicle Collision,Front Collision,Total Loss,Ambulance,VA,0,3,NO,0,1,YES,Nissan,2010,N
215,38,IN,250/500,500,1405.71,0,FEMALE,PhD,craft-repair,unmarried,0,0,2015-02-01,Single Vehicle Collision,Rear Collision,Total Loss,Police,SC,10,1,?,0,1,NO,Volkswagen,2008,N
140,30,IL,100/300,500,1354.2,0,FEMALE,College,adm-clerical,wife,100500,0,2015-02-10,Multi-vehicle Collision,Side Collision,Minor Damage,Other,SC,4,4,?,0,0,?,Nissan,2006,N
250,42,IN,100/300,500,1055.6,0,MALE,High School,exec-managerial,husband,69500,-40700,2015-01-03,Single Vehicle Collision,Rear Collision,Major Damage,Other,SC,16,1,?,1,1,?,Ford,2009,Y
286,41,IL,250/500,1000,999.43,0,MALE,College,prof-specialty,wife,25800,0,2015-01-01,Vehicle Theft,?,Trivial Damage,Police,WV,3,1,YES,2,0,?,Chevrolet,2009,N
356,47,IN,250/500,2000,1155.97,0,MALE,High School,prof-specialty,husband,0,0,2015-02-23,Single Vehicle Collision,Side Collision,Minor Damage,Other,SC,5,1,YES,0,3,?,Dodge,2009,N
65,29,IL,250/500,1000,1726.91,0,MALE,High School,other-service,own-child,0,0,2015-01-28,Vehicle Theft,?,Trivial Damage,None,VA,14,1,?,0,0,?,Audi,1999,N
187,34,IN,500/1000,500,1232.57,0,FEMALE,PhD,machine-op-inspct,not-in-family,59500,0,2015-02-22,Multi-vehicle Collision,Side Collision,Minor Damage,Fire,NY,7,3,?,0,0,?,Nissan,2011,N
386,53,OH,250/500,500,1078.65,0,MALE,JD,craft-repair,not-in-family,36800,0,2015-01-03,Single Vehicle Collision,Front Collision,Minor Damage,Police,WV,16,1,?,2,3,YES,Honda,2006,N
197,41,OH,500/1000,1000,1324.78,0,FEMALE,PhD,prof-specialty,not-in-family,0,-64500,2015-01-10,Single Vehicle Collision,Front Collision,Major Damage,Police,NC,6,1,NO,2,2,YES,Volkswagen,1997,Y
166,37,IN,250/500,500,1518.54,0,FEMALE,MD,craft-repair,not-in-family,0,0,2015-01-25,Single Vehicle Collision,Rear Collision,Total Loss,Ambulance,PA,10,1,YES,1,1,NO,Ford,2001,N
293,49,IL,100/300,2000,1239.06,0,FEMALE,JD,transport-moving,husband,34900,0,2015-01-10,Single Vehicle Collision,Front Collision,Total Loss,Police,SC,19,1,?,1,1,?,Volkswagen,2002,N
179,32,OH,500/1000,2000,1246.68,0,FEMALE,PhD,priv-house-serv,own-child,0,0,2015-01-28,Single Vehicle Collision,Front Collision,Minor Damage,Fire,NY,10,1,?,0,1,?,Suburu,2006,N
76,24,OH,250/500,1000,1622.67,0,FEMALE,MD,priv-house-serv,husband,0,0,2015-02-18,Multi-vehicle Collision,Side Collision,Total Loss,Ambulance,WV,6,3,NO,1,1,?,Suburu,1997,N
105,28,OH,250/500,500,1082.36,0,FEMALE,Associate,prof-specialty,own-child,0,0,2015-01-24,Multi-vehicle Collision,Rear Collision,Major Damage,Fire,SC,12,3,NO,2,2,NO,Audi,1995,N
97,26,OH,250/500,1000,1270.55,0,MALE,Masters,protective-serv,unmarried,0,-72100,2015-01-20,Multi-vehicle Collision,Side Collision,Total Loss,Other,NC,10,3,YES,2,3,NO,Jeep,2006,Y
148,36,IL,500/1000,1000,1236.32,5000000,FEMALE,MD,adm-clerical,own-child,55100,0,2015-01-10,Single Vehicle Collision,Side Collision,Total Loss,Police,PA,0,1,NO,2,0,NO,Dodge,2009,N
77,26,IL,250/500,2000,785.82,0,MALE,JD,exec-managerial,other-relative,49700,0,2015-01-07,Multi-vehicle Collision,Rear Collision,Major Damage,Police,NY,12,3,YES,2,0,?,Audi,2009,Y
295,46,IN,250/500,500,1265.84,0,FEMALE,JD,prof-specialty,own-child,52200,-44500,2015-01-16,Vehicle Theft,?,Minor Damage,None,VA,10,1,YES,1,3,YES,Nissan,2007,N
126,28,IN,250/500,500,1508.9,0,FEMALE,JD,machine-op-inspct,other-relative,0,0,2015-01-01,Multi-vehicle Collision,Rear Collision,Total Loss,Police,WV,3,4,NO,0,1,?,Ford,2011,N
132,32,OH,250/500,2000,1106.84,0,MALE,PhD,other-service,wife,43100,-31900,2015-01-07,Vehicle Theft,?,Minor Damage,Police,SC,21,1,YES,1,1,YES,Suburu,2005,N
370,55,IN,500/1000,2000,1389.13,7000000,MALE,JD,other-service,wife,0,-53200,2015-02-17,Vehicle Theft,?,Minor Damage,None,NC,6,1,?,0,2,?,Mercedes,2015,N
257,43,IN,100/300,1000,974.84,0,FEMALE,JD,transport-moving,other-relative,52100,0,2015-02-26,Single Vehicle Collision,Rear Collision,Total Loss,Police,VA,0,1,NO,0,1,YES,Nissan,2006,N
9,24,IL,100/300,2000,1304.46,0,FEMALE,PhD,machine-op-inspct,other-relative,51700,-33300,2015-01-31,Vehicle Theft,?,Trivial Damage,None,NC,6,1,NO,0,3,YES,Audi,2001,Y
185,34,OH,250/500,500,1257.36,0,FEMALE,PhD,armed-forces,husband,0,0,2015-02-27,Multi-vehicle Collision,Side Collision,Major Damage,Fire,SC,20,3,YES,1,1,?,BMW,2000,Y
234,43,OH,250/500,500,1257.04,0,MALE,Associate,protective-serv,own-child,0,-48800,2015-03-01,Single Vehicle Collision,Rear Collision,Major Damage,Police,SC,4,1,NO,2,2,YES,Dodge,2011,N
253,44,OH,100/300,2000,719.52,0,FEMALE,High School,farming-fishing,own-child,45800,0,2015-02-13,Parked Car,?,Trivial Damage,None,SC,9,1,NO,0,3,?,Chevrolet,1998,N
233,39,OH,500/1000,2000,1524.18,0,MALE,JD,craft-repair,unmarried,0,0,2015-01-08,Multi-vehicle Collision,Rear Collision,Minor Damage,Fire,SC,20,3,?,1,0,YES,Saab,1999,N
274,44,IN,500/1000,500,1395.58,0,FEMALE,JD,tech-support,husband,0,0,2015-02-05,Vehicle Theft,?,Minor Damage,Police,WV,7,1,NO,2,1,?,BMW,2000,N
297,48,IL,500/1000,1000,1243.68,0,MALE,Masters,protective-serv,wife,0,-71400,2015-02-20,Multi-vehicle Collision,Front Collision,Major Damage,Other,NY,18,3,?,0,2,?,Toyota,2002,Y
273,47,OH,500/1000,1000,1189.04,0,FEMALE,Associate,prof-specialty,own-child,59600,0,2015-01-24,Multi-vehicle Collision,Side Collision,Minor Damage,Police,VA,0,3,NO,1,3,?,Jeep,2014,N
147,37,IN,500/1000,2000,1375.29,0,FEMALE,Masters,armed-forces,own-child,0,0,2015-01-31,Multi-vehicle Collision,Side Collision,Major Damage,Ambulance,SC,11,3,?,0,1,?,Ford,2015,Y
285,42,IN,100/300,500,1389.13,0,MALE,Associate,priv-house-serv,not-in-family,63100,-79400,2015-01-23,Single Vehicle Collision,Side Collision,Total Loss,Fire,VA,13,1,NO,0,3,?,Toyota,2005,N
289,43,OH,500/1000,1000,1387.51,0,FEMALE,Associate,sales,not-in-family,0,0,2015-01-11,Multi-vehicle Collision,Side Collision,Minor Damage,Fire,NY,19,3,YES,1,3,?,Jeep,2010,N
427,60,IN,100/300,1000,1178.61,7000000,MALE,MD,craft-repair,own-child,0,-54400,2015-02-20,Single Vehicle Collision,Side Collision,Major Damage,Ambulance,NY,23,1,YES,1,2,YES,Volkswagen,2004,Y
380,53,IL,250/500,2000,1166.62,6000000,MALE,Associate,priv-house-serv,wife,0,0,2015-02-24,Parked Car,?,Trivial Damage,Police,NC,23,1,NO,0,3,NO,Saab,2001,N
13,21,IN,100/300,1000,1556.31,0,MALE,Associate,prof-specialty,not-in-family,0,-75000,2015-01-19,Multi-vehicle Collision,Side Collision,Total Loss,Police,NY,19,3,YES,2,0,YES,Accura,2014,N
282,43,OH,250/500,500,1452.27,0,MALE,MD,farming-fishing,not-in-family,75800,0,2015-01-08,Single Vehicle Collision,Side Collision,Major Damage,Ambulance,SC,19,1,NO,1,2,NO,Audi,2007,Y
312,47,OH,500/1000,1000,1212.07,0,FEMALE,MD,exec-managerial,wife,66900,-51800,2015-03-01,Multi-vehicle Collision,Side Collision,Total Loss,Fire,NY,17,3,NO,2,3,NO,Mercedes,2000,N
266,46,OH,100/300,2000,1578.54,0,MALE,Associate,handlers-cleaners,husband,0,-41400,2015-01-21,Single Vehicle Collision,Front Collision,Minor Damage,Fire,WV,18,1,NO,1,3,YES,Nissan,1996,N
30,36,IN,500/1000,500,1488.26,0,FEMALE,College,machine-op-inspct,wife,0,-63500,2015-02-28,Multi-vehicle Collision,Side Collision,Total Loss,Police,WV,17,3,NO,2,2,?,Saab,2008,N
198,36,IN,250/500,1000,1096.39,0,MALE,High School,armed-forces,own-child,0,0,2015-01-26,Multi-vehicle Collision,Rear Collision,Total Loss,Fire,SC,11,3,?,1,3,YES,Audi,2015,N
290,45,OH,500/1000,2000,1215.36,0,MALE,Associate,tech-support,own-child,54400,0,2015-01-31,Multi-vehicle Collision,Side Collision,Minor Damage,Fire,WV,22,3,?,0,1,NO,Suburu,2012,N
260,46,OH,100/300,2000,1482.57,0,MALE,MD,priv-house-serv,husband,35000,0,2015-02-20,Single Vehicle Collision,Front Collision,Minor Damage,Fire,NY,7,1,NO,0,1,NO,Toyota,2005,N
233,43,OH,250/500,1000,954.18,0,FEMALE,College,tech-support,other-relative,0,0,2015-02-17,Multi-vehicle Collision,Side Collision,Minor Damage,Other,SC,17,3,?,2,3,YES,Nissan,2000,N
130,30,IL,500/1000,2000,1193.4,0,MALE,PhD,exec-managerial,own-child,0,-40800,2015-02-02,Multi-vehicle Collision,Side Collision,Total Loss,Other,SC,16,3,NO,2,3,?,Suburu,2005,N
230,42,IN,100/300,1000,1023.11,0,FEMALE,MD,adm-clerical,own-child,0,-45300,2015-02-06,Multi-vehicle Collision,Rear Collision,Minor Damage,Other,NY,13,3,NO,1,2,YES,Accura,1999,N
212,40,IL,500/1000,1000,1524.45,0,FEMALE,Masters,other-service,husband,73200,0,2015-02-11,Multi-vehicle Collision,Side Collision,Minor Damage,Other,NY,17,3,YES,0,2,YES,Nissan,2006,N
299,44,OH,500/1000,1000,1653.32,0,FEMALE,College,other-service,other-relative,0,-48800,2015-01-25,Single Vehicle Collision,Rear Collision,Minor Damage,Ambulance,WV,3,1,YES,2,0,?,Suburu,2009,N
91,26,IL,250/500,1000,1022.46,0,FEMALE,Associate,armed-forces,other-relative,52700,0,2015-02-23,Multi-vehicle Collision,Front Collision,Minor Damage,Other,SC,15,3,?,0,2,?,Jeep,1996,N
398,53,IL,100/300,2000,1396.43,0,FEMALE,Associate,priv-house-serv,unmarried,21500,0,2015-01-29,Single Vehicle Collision,Front Collision,Total Loss,Fire,WV,16,1,YES,2,1,?,Toyota,2000,N
218,43,IL,250/500,500,1521.55,0,FEMALE,Associate,priv-house-serv,other-relative,61100,-64500,2015-01-02,Single Vehicle Collision,Rear Collision,Major Damage,Fire,SC,18,1,?,1,3,YES,Dodge,2003,Y
152,33,IN,100/300,1000,1034.27,0,FEMALE,JD,armed-forces,husband,0,0,2015-02-06,Single Vehicle Collision,Front Collision,Minor Damage,Fire,NY,18,1,NO,1,0,NO,Accura,2014,N
212,39,OH,100/300,1000,1255.35,0,FEMALE,JD,protective-serv,not-in-family,60300,-58900,2015-02-14,Multi-vehicle Collision,Rear Collision,Total Loss,Ambulance,NY,22,2,NO,0,3,YES,Dodge,2008,N
242,44,IL,500/1000,2000,1396.89,6000000,FEMALE,College,priv-house-serv,other-relative,0,-61600,2015-02-04,Multi-vehicle Collision,Front Collision,Minor Damage,Other,SC,15,3,NO,1,2,YES,Suburu,1999,Y
80,27,OH,500/1000,500,795.31,0,MALE,JD,farming-fishing,husband,0,-51000,2015-02-12,Multi-vehicle Collision,Rear Collision,Major Damage,Police,OH,16,3,YES,1,3,?,Ford,2000,Y
260,43,IN,100/300,500,982.22,0,FEMALE,JD,exec-managerial,not-in-family,54500,-72100,2015-02-12,Single Vehicle Collision,Front Collision,Total Loss,Fire,NY,18,1,?,1,0,?,Honda,2011,N
133,34,IN,500/1000,500,1074.07,0,FEMALE,JD,prof-specialty,husband,70900,-61100,2015-01-28,Parked Car,?,Minor Damage,None,WV,8,1,NO,2,0,YES,Jeep,2013,N
290,45,OH,100/300,1000,1311.3,0,FEMALE,Associate,machine-op-inspct,wife,38500,0,2015-01-10,Multi-vehicle Collision,Side Collision,Major Damage,Ambulance,NY,23,3,YES,0,0,YES,Ford,2001,Y
322,49,IL,250/500,2000,1277.12,0,FEMALE,PhD,armed-forces,own-child,0,-46000,2015-01-19,Single Vehicle Collision,Rear Collision,Major Damage,Ambulance,WV,18,1,?,0,2,YES,Chevrolet,2007,N
228,39,IN,500/1000,500,1388.62,0,FEMALE,JD,sales,husband,35200,0,2015-01-19,Single Vehicle Collision,Side Collision,Minor Damage,Other,NC,10,1,YES,1,0,YES,Mercedes,1995,N
195,37,IL,100/300,1000,1406.52,8000000,MALE,MD,tech-support,unmarried,0,0,2015-01-28,Single Vehicle Collision,Side Collision,Major Damage,Ambulance,SC,12,1,NO,0,2,NO,Jeep,2002,Y
247,39,IN,100/300,500,1558.29,0,FEMALE,Masters,protective-serv,unmarried,0,-49300,2015-02-16,Vehicle Theft,?,Trivial Damage,Police,WV,5,1,YES,1,2,?,Saab,2000,N
405,57,IN,500/1000,1000,1132.47,4000000,MALE,MD,priv-house-serv,other-relative,46300,0,2015-01-08,Multi-vehicle Collision,Front Collision,Total Loss,Other,NY,21,3,?,2,3,?,Saab,2008,N
144,37,OH,250/500,2000,1896.91,0,FEMALE,PhD,handlers-cleaners,not-in-family,73700,0,2015-01-24,Multi-vehicle Collision,Rear Collision,Major Damage,Fire,SC,17,3,YES,1,3,NO,Chevrolet,2015,Y
338,47,IL,500/1000,500,1143.46,4000000,MALE,MD,priv-house-serv,other-relative,0,0,2015-02-18,Single Vehicle Collision,Front Collision,Total Loss,Other,NC,4,1,YES,2,1,?,Mercedes,2002,N
121,34,IN,500/1000,500,1285.42,0,MALE,MD,priv-house-serv,wife,0,0,2015-01-21,Single Vehicle Collision,Front Collision,Major Damage,Fire,VA,11,1,NO,1,1,NO,Dodge,2000,Y
398,55,OH,250/500,2000,1305.26,0,MALE,MD,farming-fishing,wife,66200,-49700,2015-01-08,Single Vehicle Collision,Rear Collision,Major Damage,Fire,VA,18,1,?,1,3,YES,BMW,1998,Y
9,30,IL,100/300,1000,1073.83,0,FEMALE,High School,machine-op-inspct,not-in-family,0,0,2015-02-02,Single Vehicle Collision,Rear Collision,Total Loss,Police,NY,12,1,?,0,0,NO,BMW,2011,N
115,31,OH,500/1000,1000,1051.67,0,FEMALE,Associate,exec-managerial,not-in-family,0,0,2015-03-01,Multi-vehicle Collision,Side Collision,Major Damage,Ambulance,WV,18,3,YES,0,3,NO,Audi,2005,Y
280,48,IL,250/500,1000,1387.35,0,MALE,JD,transport-moving,not-in-family,0,-72000,2015-02-04,Single Vehicle Collision,Front Collision,Minor Damage,Fire,WV,16,1,NO,2,2,?,BMW,1998,N
254,45,IL,250/500,500,1083.64,0,MALE,JD,other-service,husband,59800,0,2015-02-27,Multi-vehicle Collision,Rear Collision,Total Loss,Police,NC,19,3,YES,0,0,?,BMW,2004,N
141,30,IL,250/500,1000,1851.78,0,FEMALE,High School,craft-repair,other-relative,78800,0,2015-02-09,Single Vehicle Collision,Front Collision,Total Loss,Fire,SC,13,1,NO,1,0,YES,Audi,2002,N
441,55,IN,250/500,500,1270.29,4000000,MALE,College,armed-forces,husband,24000,-50500,2015-02-19,Parked Car,?,Minor Damage,None,VA,4,1,NO,0,0,NO,Honda,2002,N
381,55,OH,500/1000,500,1459.99,0,FEMALE,MD,other-service,wife,35900,0,2015-01-12,Single Vehicle Collision,Rear Collision,Major Damage,Fire,SC,8,1,YES,1,2,YES,Accura,2011,N
191,38,IL,100/300,2000,1253.44,0,FEMALE,Masters,craft-repair,not-in-family,0,0,2015-02-07,Multi-vehicle Collision,Side Collision,Major Damage,Ambulance,VA,19,3,NO,2,0,NO,Volkswagen,2007,N
145,34,IN,100/300,1000,1142.48,0,FEMALE,JD,priv-house-serv,other-relative,0,0,2015-01-13,Single Vehicle Collision,Side Collision,Total Loss,Ambulance,NC,18,1,YES,2,0,NO,Suburu,2012,N
479,60,IL,500/1000,1000,1188.45,0,FEMALE,MD,exec-managerial,other-relative,0,-44800,2015-01-18,Multi-vehicle Collision,Rear Collision,Total Loss,Other,SC,9,2,?,0,3,?,Saab,2006,N
215,35,IL,500/1000,1000,1125.4,0,MALE,Masters,adm-clerical,husband,40000,-43400,2015-01-15,Vehicle Theft,?,Trivial Damage,None,WV,6,1,?,2,1,NO,Jeep,2001,N
41,33,OH,250/500,500,1294.41,0,MALE,High School,transport-moving,husband,0,0,2015-02-23,Vehicle Theft,?,Minor Damage,None,NC,8,1,YES,0,0,?,Dodge,2011,N
45,31,IN,100/300,500,1459.5,0,MALE,MD,priv-house-serv,not-in-family,0,0,2015-02-17,Parked Car,?,Minor Damage,None,NY,6,1,?,1,3,?,Suburu,2000,N
156,38,IL,100/300,500,1367.99,0,MALE,High School,armed-forces,own-child,26500,0,2015-02-17,Multi-vehicle Collision,Front Collision,Major Damage,Fire,WV,23,3,?,0,3,?,Saab,1998,Y
246,45,IN,250/500,500,1594.37,0,MALE,Associate,exec-managerial,own-child,0,0,2015-01-18,Parked Car,?,Trivial Damage,None,SC,13,1,NO,0,3,YES,Saab,2008,N
178,39,IL,100/300,500,1035.99,0,FEMALE,JD,exec-managerial,own-child,0,0,2015-01-17,Multi-vehicle Collision,Front Collision,Minor Damage,Police,NY,3,3,NO,2,0,?,Jeep,2010,N
237,43,OH,250/500,500,911.53,0,FEMALE,PhD,sales,husband,53200,0,2015-02-25,Single Vehicle Collision,Rear Collision,Major Damage,Police,WV,23,1,NO,0,1,NO,Chevrolet,1998,N
127,34,OH,500/1000,500,1319.97,0,FEMALE,Associate,craft-repair,own-child,73700,0,2015-01-06,Vehicle Theft,?,Minor Damage,None,NC,8,1,YES,1,3,?,Saab,1998,N
1,33,OH,250/500,2000,1391.63,0,MALE,Associate,sales,husband,61200,0,2015-02-26,Single Vehicle Collision,Side Collision,Total Loss,Other,NY,23,1,YES,0,3,NO,Mercedes,2000,N
5,21,IN,250/500,500,915.41,5000000,FEMALE,High School,exec-managerial,own-child,0,0,2015-02-11,Single Vehicle Collision,Side Collision,Total Loss,Police,NY,23,1,YES,0,0,NO,Nissan,1998,N
64,28,IL,500/1000,1000,1468.82,0,MALE,JD,handlers-cleaners,other-relative,56800,-51800,2015-02-13,Multi-vehicle Collision,Side Collision,Minor Damage,Fire,SC,9,3,NO,2,1,NO,Honda,1997,N
142,30,IN,500/1000,500,1412.76,0,MALE,PhD,armed-forces,wife,66400,-63700,2015-01-10,Single Vehicle Collision,Side Collision,Minor Damage,Other,WV,22,1,YES,2,3,NO,Volkswagen,1996,N
97,27,OH,500/1000,500,1588.26,0,FEMALE,High School,tech-support,husband,56700,-49300,2015-01-24,Multi-vehicle Collision,Side Collision,Total Loss,Other,VA,22,3,YES,2,1,YES,Saab,2014,N
121,31,IN,100/300,1000,1140.91,0,MALE,Associate,adm-clerical,other-relative,51300,0,2015-02-15,Multi-vehicle Collision,Side Collision,Major Damage,Fire,VA,15,3,NO,1,2,?,Chevrolet,2002,Y
225,43,OH,100/300,1000,1517.54,0,MALE,JD,priv-house-serv,own-child,0,-20900,2015-01-09,Multi-vehicle Collision,Rear Collision,Major Damage,Police,SC,16,3,NO,2,0,YES,BMW,2011,N
425,53,OH,250/500,2000,912.29,0,FEMALE,High School,priv-house-serv,husband,42900,-39100,2015-01-31,Multi-vehicle Collision,Front Collision,Minor Damage,Fire,WV,17,3,?,1,2,?,Saab,2005,N
285,44,OH,250/500,2000,1144.3,0,MALE,MD,priv-house-serv,not-in-family,52600,0,2015-02-04,Vehicle Theft,?,Minor Damage,Police,WV,3,1,YES,1,0,?,Honda,2010,N
192,38,IN,500/1000,1000,1281.43,0,FEMALE,Masters,transport-moving,not-in-family,65100,-50300,2015-01-30,Multi-vehicle Collision,Rear Collision,Total Loss,Other,SC,10,3,?,0,2,NO,Jeep,2010,N
285,48,IL,100/300,2000,1101.85,0,FEMALE,College,sales,wife,46100,0,2015-02-27,Single Vehicle Collision,Side Collision,Minor Damage,Police,PA,9,1,NO,1,2,YES,Nissan,2012,N
98,26,IN,500/1000,2000,1082.1,0,MALE,JD,exec-managerial,other-relative,0,-30900,2015-02-05,Multi-vehicle Collision,Front Collision,Total Loss,Police,WV,13,2,?,0,1,YES,Jeep,2001,N
175,36,OH,500/1000,500,1185.44,0,MALE,Masters,exec-managerial,not-in-family,44900,-52500,2015-01-30,Multi-vehicle Collision,Rear Collision,Major Damage,Police,NC,15,3,YES,2,1,YES,Accura,2006,Y
259,45,IL,500/1000,2000,1175.07,0,MALE,MD,craft-repair,not-in-family,30100,0,2015-01-03,Single Vehicle Collision,Side Collision,Minor Damage,Fire,WV,23,1,?,1,1,NO,Honda,2011,N
140,36,OH,500/1000,2000,979.26,0,FEMALE,JD,transport-moving,own-child,0,-67000,2015-03-01,Multi-vehicle Collision,Front Collision,Major Damage,Fire,NY,2,4,YES,0,2,YES,Honda,1998,N
231,37,OH,250/500,500,920.81,0,FEMALE,High School,sales,wife,0,0,2015-02-13,Single Vehicle Collision,Rear Collision,Major Damage,Fire,SC,14,1,YES,2,0,?,Mercedes,1997,Y
186,38,OH,100/300,500,922.85,0,MALE,High School,adm-clerical,husband,70300,-70900,2015-02-25,Vehicle Theft,?,Trivial Damage,None,NY,7,1,?,1,1,YES,Honda,1999,N
229,41,OH,250/500,2000,1107.59,3000000,MALE,PhD,tech-support,not-in-family,65400,0,2015-01-23,Single Vehicle Collision,Side Collision,Major Damage,Other,NY,23,1,NO,1,3,NO,Mercedes,2009,N
180,36,IL,100/300,500,1272.46,0,MALE,College,prof-specialty,wife,0,0,2015-02-19,Multi-vehicle Collision,Front Collision,Minor Damage,Ambulance,NY,7,3,YES,2,1,?,Toyota,1998,N
188,33,IL,250/500,1000,1340.24,0,MALE,High School,protective-serv,own-child,0,-68800,2015-02-08,Multi-vehicle Collision,Rear Collision,Minor Damage,Police,NY,8,3,YES,1,0,?,Dodge,1995,Y
214,40,OH,100/300,1000,1648.0,0,MALE,JD,transport-moving,not-in-family,57700,-43500,2015-02-04,Single Vehicle Collision,Rear Collision,Total Loss,Other,WV,17,1,NO,1,0,YES,Accura,2000,N
178,38,IL,250/500,500,1381.14,0,FEMALE,College,other-service,wife,0,0,2015-02-22,Multi-vehicle Collision,Rear Collision,Minor Damage,Other,NY,10,3,NO,0,3,NO,BMW,2011,N
55,35,IL,500/1000,500,1198.44,8000000,MALE,MD,priv-house-serv,wife,0,0,2015-01-14,Vehicle Theft,?,Minor Damage,Police,WV,9,1,NO,0,3,NO,Nissan,1998,N
90,31,OH,250/500,2000,951.27,0,FEMALE,PhD,other-service,not-in-family,42100,0,2015-01-06,Single Vehicle Collision,Rear Collision,Total Loss,Other,SC,2,1,YES,1,0,YES,Accura,2007,N
135,30,IN,500/1000,2000,1341.24,0,FEMALE,MD,farming-fishing,wife,37100,-46500,2015-01-19,Multi-vehicle Collision,Rear Collision,Minor Damage,Ambulance,WV,18,3,NO,0,1,NO,Honda,2003,N
277,46,IL,250/500,2000,1177.57,0,FEMALE,Associate,adm-clerical,husband,0,-65500,2015-01-24,Vehicle Theft,?,Minor Damage,Police,VA,4,1,?,2,3,NO,Jeep,2010,N
211,38,IN,250/500,1000,1055.09,0,FEMALE,Masters,transport-moving,own-child,0,0,2015-01-27,Single Vehicle Collision,Front Collision,Total Loss,Fire,NY,12,1,?,0,3,YES,BMW,2005,Y
156,32,IL,250/500,500,1479.48,0,MALE,Masters,prof-specialty,unmarried,0,0,2015-01-13,Single Vehicle Collision,Front Collision,Major Damage,Other,NY,15,1,YES,1,3,YES,Dodge,2008,Y
84,30,IN,500/1000,2000,1827.38,0,MALE,Associate,priv-house-serv,other-relative,0,-15900,2015-01-15,Vehicle Theft,?,Trivial Damage,Police,VA,9,1,YES,1,3,?,Audi,1998,N
136,32,IN,100/300,500,1169.62,0,FEMALE,JD,sales,not-in-family,0,0,2015-02-04,Single Vehicle Collision,Side Collision,Major Damage,Police,SC,6,1,YES,0,0,NO,Toyota,2008,Y
310,48,IN,100/300,500,1516.34,0,FEMALE,JD,adm-clerical,unmarried,11000,0,2015-01-04,Multi-vehicle Collision,Rear Collision,Major Damage,Police,SC,11,4,YES,0,2,NO,Saab,1996,Y
123,34,OH,500/1000,2000,1270.21,0,FEMALE,College,sales,husband,16100,-61200,2015-01-14,Multi-vehicle Collision,Side Collision,Total Loss,Fire,PA,13,3,NO,1,1,?,Nissan,2000,N
243,44,IL,250/500,500,809.11,0,MALE,JD,craft-repair,other-relative,33200,0,2015-01-27,Multi-vehicle Collision,Side Collision,Minor Damage,Other,NC,4,3,?,2,1,YES,Honda,1996,N
36,37,IL,500/1000,1000,1115.81,0,FEMALE,Masters,machine-op-inspct,husband,0,-59800,2015-02-12,Multi-vehicle Collision,Side Collision,Minor Damage,Ambulance,NY,20,3,YES,1,3,?,Dodge,2008,N
146,31,OH,100/300,1000,1457.65,5000000,FEMALE,College,armed-forces,own-child,0,0,2015-02-03,Multi-vehicle Collision,Rear Collision,Major Damage,Ambulance,VA,0,3,NO,1,3,?,Toyota,2010,N
154,34,OH,100/300,1000,1041.36,0,FEMALE,JD,priv-house-serv,husband,53100,-43900,2015-01-26,Multi-vehicle Collision,Side Collision,Total Loss,Other,WV,18,4,?,2,3,YES,Toyota,2005,Y
204,40,OH,250/500,1000,1693.83,7000000,MALE,High School,protective-serv,other-relative,44000,-20800,2015-01-09,Single Vehicle Collision,Front Collision,Minor Damage,Police,NY,6,1,?,1,0,?,Honda,2003,N
458,59,IN,100/300,1000,1685.69,0,FEMALE,High School,protective-serv,wife,31400,0,2015-02-17,Single Vehicle Collision,Front Collision,Total Loss,Police,VA,23,1,?,2,2,YES,Jeep,1995,N
147,31,IN,250/500,500,1054.92,6000000,FEMALE,PhD,prof-specialty,own-child,51900,0,2015-01-16,Single Vehicle Collision,Front Collision,Major Damage,Other,NY,4,1,?,0,0,?,Toyota,2013,Y
279,45,IN,250/500,2000,1333.97,6000000,FEMALE,MD,other-service,unmarried,61100,-30700,2015-01-12,Multi-vehicle Collision,Rear Collision,Major Damage,Other,SC,21,3,?,1,0,?,Dodge,2011,Y
308,47,OH,100/300,1000,1013.61,6000000,FEMALE,Associate,craft-repair,own-child,45700,-41400,2015-01-03,Parked Car,?,Minor Damage,None,NY,7,1,?,1,1,YES,Suburu,2002,N
284,48,IL,500/1000,500,958.3,0,FEMALE,PhD,machine-op-inspct,husband,47900,0,2015-01-22,Multi-vehicle Collision,Side Collision,Major Damage,Fire,NY,19,3,?,0,0,?,Volkswagen,1998,N
108,31,IN,250/500,2000,1112.04,6000000,FEMALE,PhD,other-service,own-child,52800,-54300,2015-01-13,Parked Car,?,Minor Damage,None,SC,5,1,NO,1,3,NO,Volkswagen,1998,N
421,57,IN,250/500,2000,1206.26,0,FEMALE,Associate,armed-forces,own-child,69900,0,2015-01-31,Multi-vehicle Collision,Front Collision,Minor Damage,Police,NC,22,3,YES,0,0,NO,Audi,2015,N
266,42,IL,500/1000,1000,763.67,0,MALE,Associate,prof-specialty,own-child,12800,-49700,2015-02-04,Single Vehicle Collision,Side Collision,Total Loss,Police,SC,12,1,YES,1,3,YES,Jeep,2005,N
412,56,IL,250/500,500,1042.56,0,MALE,High School,handlers-cleaners,own-child,0,-66100,2015-01-20,Multi-vehicle Collision,Front Collision,Total Loss,Police,SC,19,3,NO,0,2,NO,Suburu,1997,N
31,32,IL,100/300,2000,1263.48,4000000,FEMALE,JD,other-service,wife,46800,-87300,2015-02-07,Single Vehicle Collision,Side Collision,Major Damage,Fire,WV,10,1,?,2,0,?,Audi,1997,Y
465,63,IL,250/500,500,1006.99,6000000,FEMALE,Masters,sales,own-child,0,0,2015-02-05,Single Vehicle Collision,Side Collision,Minor Damage,Other,WV,7,1,NO,0,3,?,Suburu,2015,N
126,31,OH,250/500,1000,1328.26,0,MALE,Masters,sales,not-in-family,42300,-45800,2015-01-02,Single Vehicle Collision,Front Collision,Total Loss,Police,WV,17,1,NO,1,1,NO,Suburu,2011,N
407,55,OH,100/300,1000,1250.08,5000000,FEMALE,PhD,tech-support,wife,0,-57700,2015-02-08,Multi-vehicle Collision,Side Collision,Total Loss,Police,WV,0,3,?,2,3,YES,Ford,2010,N
101,27,IL,500/1000,500,982.7,6000000,FEMALE,College,transport-moving,unmarried,30800,-43700,2015-01-13,Parked Car,?,Minor Damage,None,SC,9,1,NO,1,0,NO,Toyota,2001,N
187,37,IN,500/1000,1000,1412.06,5000000,FEMALE,Masters,protective-serv,not-in-family,60100,0,2015-01-16,Single Vehicle Collision,Side Collision,Total Loss,Ambulance,NC,21,1,?,0,3,?,Nissan,2000,N
252,46,IN,500/1000,2000,1066.7,0,FEMALE,JD,handlers-cleaners,own-child,0,0,2015-01-30,Multi-vehicle Collision,Front Collision,Total Loss,Other,VA,22,3,NO,0,2,NO,Audi,2014,N
229,43,IN,250/500,2000,1585.54,0,MALE,High School,protective-serv,not-in-family,42600,-44400,2015-02-26,Vehicle Theft,?,Minor Damage,None,WV,3,1,NO,1,0,YES,Volkswagen,2012,N
246,39,IN,250/500,1000,1416.08,0,FEMALE,JD,craft-repair,other-relative,0,-36600,2015-01-27,Single Vehicle Collision,Rear Collision,Minor Damage,Ambulance,WV,16,1,YES,0,3,?,Honda,2004,N
190,38,OH,250/500,500,1246.03,0,MALE,JD,craft-repair,unmarried,61900,-50000,2015-01-28,Single Vehicle Collision,Side Collision,Total Loss,Other,NY,14,1,YES,0,0,NO,Nissan,2013,N
95,32,IN,500/1000,2000,1356.64,0,MALE,Masters,machine-op-inspct,not-in-family,67800,-48600,2015-02-23,Multi-vehicle Collision,Side Collision,Total Loss,Police,SC,21,3,YES,0,3,YES,Toyota,2003,N
205,42,IL,100/300,2000,1387.7,4000000,FEMALE,High School,priv-house-serv,other-relative,0,0,2015-01-18,Single Vehicle Collision,Rear Collision,Minor Damage,Police,WV,19,1,NO,2,1,NO,Chevrolet,1995,N
41,25,OH,100/300,1000,1004.14,0,MALE,Masters,priv-house-serv,wife,35400,0,2015-02-15,Multi-vehicle Collision,Front Collision,Major Damage,Fire,NC,13,3,NO,1,3,NO,Dodge,1995,N
137,35,OH,500/1000,500,1107.07,0,FEMALE,High School,protective-serv,husband,0,-45300,2015-02-04,Vehicle Theft,?,Minor Damage,Police,VA,21,1,NO,0,0,YES,Saab,2008,N
194,34,IL,100/300,500,1429.96,0,FEMALE,JD,protective-serv,husband,67800,0,2015-01-12,Multi-vehicle Collision,Rear Collision,Minor Damage,Ambulance,NY,11,3,NO,1,2,YES,Toyota,2005,N
128,35,IN,250/500,1000,1074.99,0,FEMALE,Associate,adm-clerical,husband,0,-48800,2015-01-02,Vehicle Theft,?,Trivial Damage,Police,VA,16,1,?,2,0,?,Accura,2012,N
150,37,OH,500/1000,1000,1007.0,0,FEMALE,PhD,transport-moving,unmarried,30400,-89400,2015-01-27,Single Vehicle Collision,Rear Collision,Total Loss,Police,VA,9,1,NO,0,2,?,Chevrolet,2013,N
104,30,OH,100/300,500,1052.85,0,FEMALE,MD,protective-serv,other-relative,0,-70100,2015-02-09,Vehicle Theft,?,Minor Damage,Police,WV,8,1,NO,0,0,YES,BMW,2006,N
163,37,IN,500/1000,1000,1200.33,4000000,FEMALE,High School,craft-repair,own-child,0,-36400,2015-02-06,Vehicle Theft,?,Minor Damage,Police,WV,7,1,?,2,1,YES,Volkswagen,2008,Y
80,26,IL,100/300,1000,1343.0,0,MALE,Masters,handlers-cleaners,other-relative,64600,0,2015-01-03,Single Vehicle Collision,Front Collision,Minor Damage,Other,SC,12,1,?,0,0,NO,BMW,1995,N
65,29,OH,250/500,2000,1441.6,5000000,FEMALE,MD,sales,own-child,0,0,2015-01-12,Multi-vehicle Collision,Rear Collision,Minor Damage,Other,NC,21,3,YES,0,0,?,Jeep,1998,N
179,32,OH,100/300,1000,1433.42,6000000,FEMALE,Associate,protective-serv,own-child,53800,0,2015-01-22,Single Vehicle Collision,Rear Collision,Major Damage,Police,NC,4,1,YES,1,2,NO,Nissan,2014,Y
372,50,OH,500/1000,2000,1368.57,0,FEMALE,MD,tech-support,other-relative,0,0,2015-01-03,Multi-vehicle Collision,Side Collision,Major Damage,Police,NY,18,3,NO,2,2,YES,Accura,2003,N
398,55,OH,250/500,500,862.19,0,MALE,High School,adm-clerical,unmarried,69400,0,2015-02-23,Vehicle Theft,?,Trivial Damage,Police,SC,7,1,?,2,3,?,Accura,2012,N
213,35,OH,250/500,500,871.46,0,MALE,MD,tech-support,husband,58500,-77700,2015-01-22,Single Vehicle Collision,Side Collision,Total Loss,Fire,SC,13,1,YES,2,0,YES,Ford,2007,N
79,25,OH,500/1000,500,1863.04,0,FEMALE,Associate,priv-house-serv,not-in-family,53400,-35200,2015-02-13,Single Vehicle Collision,Front Collision,Total Loss,Fire,VA,0,1,NO,2,1,?,Mercedes,1995,N
232,44,OH,250/500,2000,1181.64,0,MALE,College,other-service,wife,25800,0,2015-02-08,Single Vehicle Collision,Rear Collision,Major Damage,Fire,NY,22,1,?,1,1,YES,Jeep,2002,Y
230,37,IL,500/1000,1000,1060.74,0,MALE,PhD,tech-support,own-child,0,-51500,2015-01-09,Single Vehicle Collision,Rear Collision,Major Damage,Ambulance,SC,15,1,YES,2,3,?,Suburu,1996,Y
234,41,IN,100/300,500,951.56,0,FEMALE,JD,transport-moving,wife,59400,-78600,2015-02-08,Multi-vehicle Collision,Side Collision,Major Damage,Police,SC,3,3,NO,2,1,?,Chevrolet,2007,Y
240,40,IN,100/300,500,1533.71,9000000,FEMALE,JD,protective-serv,own-child,0,-70900,2015-01-10,Multi-vehicle Collision,Rear Collision,Total Loss,Fire,VA,18,2,YES,0,2,?,Ford,2008,N
143,33,OH,500/1000,1000,1200.09,0,FEMALE,Associate,craft-repair,unmarried,38400,-5700,2015-01-26,Multi-vehicle Collision,Side Collision,Major Damage,Fire,WV,17,3,?,2,2,?,Accura,2002,N
266,42,IN,100/300,500,1093.83,4000000,MALE,Associate,adm-clerical,other-relative,0,-49600,2015-02-21,Multi-vehicle Collision,Side Collision,Major Damage,Ambulance,WV,18,3,?,1,1,NO,Suburu,2015,Y
89,32,IN,250/500,1000,988.93,0,FEMALE,High School,craft-repair,unmarried,27600,0,2015-01-23,Single Vehicle Collision,Front Collision,Total Loss,Other,NY,11,1,?,2,3,YES,Dodge,1999,N
229,37,IN,500/1000,1000,1331.94,0,FEMALE,Masters,farming-fishing,not-in-family,0,-55400,2015-02-05,Single Vehicle Collision,Rear Collision,Total Loss,Other,NY,17,1,NO,0,2,YES,Saab,2004,N
245,40,IL,500/1000,1000,1361.45,0,MALE,PhD,handlers-cleaners,unmarried,39300,0,2015-02-15,Single Vehicle Collision,Rear Collision,Minor Damage,Ambulance,OH,12,1,YES,0,2,YES,Suburu,1999,N
50,44,OH,250/500,2000,1188.51,0,MALE,College,handlers-cleaners,unmarried,0,-65800,2015-01-08,Multi-vehicle Collision,Front Collision,Total Loss,Police,NY,15,3,?,1,2,NO,Dodge,2008,N
230,43,IN,500/1000,2000,1101.83,0,MALE,High School,exec-managerial,other-relative,28900,0,2015-01-01,Multi-vehicle Collision,Front Collision,Minor Damage,Police,NY,0,3,?,0,3,YES,BMW,2011,Y
17,39,IL,250/500,1000,840.95,0,FEMALE,JD,adm-clerical,unmarried,32500,-80800,2015-02-26,Parked Car,?,Trivial Damage,Police,SC,9,1,?,2,1,?,Suburu,2002,N
163,36,IN,250/500,1000,1503.21,0,MALE,MD,other-service,husband,55700,-49900,2015-02-28,Single Vehicle Collision,Side Collision,Total Loss,Ambulance,WV,1,1,YES,2,1,NO,Toyota,2013,N
29,32,OH,100/300,1000,1722.5,0,MALE,High School,other-service,wife,0,-21500,2015-01-13,Single Vehicle Collision,Side Collision,Major Damage,Other,WV,22,1,?,0,2,?,Jeep,1995,N
232,42,IN,100/300,500,944.03,0,MALE,College,handlers-cleaners,not-in-family,0,-58400,2015-02-19,Single Vehicle Collision,Rear Collision,Minor Damage,Other,WV,11,1,YES,2,3,?,Toyota,2015,Y
235,39,IL,500/1000,2000,1453.61,4000000,MALE,JD,craft-repair,other-relative,0,0,2015-01-13,Single Vehicle Collision,Side Collision,Major Damage,Other,NC,10,1,?,0,3,?,Chevrolet,2012,Y
295,46,IN,100/300,500,1672.88,0,FEMALE,High School,armed-forces,wife,0,0,2015-02-17,Single Vehicle Collision,Rear Collision,Minor Damage,Fire,NY,5,1,YES,1,1,NO,Honda,1997,N
22,21,IN,250/500,1000,1248.05,0,FEMALE,High School,exec-managerial,husband,37500,-54000,2015-02-15,Multi-vehicle Collision,Rear Collision,Total Loss,Police,SC,3,3,YES,1,2,?,Chevrolet,2015,N
286,43,IL,100/300,500,1564.43,3000000,FEMALE,MD,prof-specialty,unmarried,77500,-32800,2015-01-31,Single Vehicle Collision,Rear Collision,Minor Damage,Fire,NY,18,1,?,2,2,YES,Jeep,2013,N
257,44,OH,100/300,1000,1280.88,0,MALE,MD,other-service,other-relative,59400,-32200,2015-02-06,Single Vehicle Collision,Rear Collision,Total Loss,Other,WV,21,1,NO,0,1,NO,Accura,2002,N
94,26,IN,100/300,500,722.66,0,MALE,MD,exec-managerial,husband,50300,0,2015-01-23,Multi-vehicle Collision,Front Collision,Major Damage,Fire,OH,6,3,YES,1,2,YES,Nissan,2010,N
124,28,OH,250/500,1000,1235.14,0,MALE,MD,exec-managerial,husband,0,-32100,2015-02-17,Multi-vehicle Collision,Side Collision,Total Loss,Other,OH,20,3,?,0,1,?,Volkswagen,2012,N
141,30,IN,500/1000,1000,1347.04,0,MALE,High School,sales,own-child,0,-82100,2015-01-22,Parked Car,?,Minor Damage,None,SC,6,1,?,1,2,YES,Honda,1996,N
3,38,OH,500/1000,1000,1310.8,0,FEMALE,Masters,craft-repair,unmarried,0,0,2015-02-22,Single Vehicle Collision,Front Collision,Minor Damage,Fire,NC,20,1,YES,0,1,?,Honda,2006,N
285,41,IL,100/300,1000,1436.79,0,FEMALE,PhD,prof-specialty,wife,70900,0,2015-01-24,Single Vehicle Collision,Rear Collision,Major Damage,Fire,SC,23,1,YES,2,3,?,Volkswagen,2015,N
130,34,OH,250/500,500,1383.49,3000000,FEMALE,Masters,armed-forces,other-relative,35100,0,2015-01-23,Multi-vehicle Collision,Side Collision,Minor Damage,Police,NC,4,3,?,2,3,YES,Suburu,1996,N
458,62,IL,500/1000,2000,1356.92,5000000,MALE,Associate,handlers-cleaners,wife,0,0,2015-02-26,Single Vehicle Collision,Rear Collision,Major Damage,Other,NY,2,1,?,0,1,YES,Audi,1998,N
456,60,OH,250/500,1000,766.19,0,FEMALE,Associate,sales,husband,0,0,2015-02-26,Parked Car,?,Minor Damage,Police,WV,6,1,?,0,3,?,Mercedes,2007,N
